doenca,doenca_nome,cod_mun6,municipio,uf,ano,casos
CHAGAS,Doença de Chagas Aguda,120020,Cruzeiro do Sul,AC,2006,0
CHAGAS,Doença de Chagas Aguda,120020,Cruzeiro do Sul,AC,2007,0
CHAGAS,Doença de Chagas Aguda,120020,Cruzeiro do Sul,AC,2008,0
CHAGAS,Doença de Chagas Aguda,120020,Cruzeiro do Sul,AC,2009,0
CHAGAS,Doença de Chagas Aguda,120020,Cruzeiro do Sul,AC,2010,0
CHAGAS,Doença de Chagas Aguda,120020,Cruzeiro do Sul,AC,2011,0
CHAGAS,Doença de Chagas Aguda,120020,Cruzeiro do Sul,AC,2012,0
CHAGAS,Doença de Chagas Aguda,120020,Cruzeiro do Sul,AC,2013,0
CHAGAS,Doença de Chagas Aguda,120020,Cruzeiro do Sul,AC,2014,1
CHAGAS,Doença de Chagas Aguda,120020,Cruzeiro do Sul,AC,2015,1
CHAGAS,Doença de Chagas Aguda,120020,Cruzeiro do Sul,AC,2016,4
CHAGAS,Doença de Chagas Aguda,120020,Cruzeiro do Sul,AC,2017,2
CHAGAS,Doença de Chagas Aguda,120020,Cruzeiro do Sul,AC,2018,6
CHAGAS,Doença de Chagas Aguda,120020,Cruzeiro do Sul,AC,2019,16
CHAGAS,Doença de Chagas Aguda,120020,Cruzeiro do Sul,AC,2020,0
CHAGAS,Doença de Chagas Aguda,120020,Cruzeiro do Sul,AC,2021,5
CHAGAS,Doença de Chagas Aguda,120020,Cruzeiro do Sul,AC,2022,6
CHAGAS,Doença de Chagas Aguda,120020,Cruzeiro do Sul,AC,2023,3
CHAGAS,Doença de Chagas Aguda,120020,Cruzeiro do Sul,AC,2024,17
CHAGAS,Doença de Chagas Aguda,120030,Feijo,AC,2006,0
CHAGAS,Doença de Chagas Aguda,120030,Feijo,AC,2007,0
CHAGAS,Doença de Chagas Aguda,120030,Feijo,AC,2008,0
CHAGAS,Doença de Chagas Aguda,120030,Feijo,AC,2009,1
CHAGAS,Doença de Chagas Aguda,120030,Feijo,AC,2010,5
CHAGAS,Doença de Chagas Aguda,120030,Feijo,AC,2011,0
CHAGAS,Doença de Chagas Aguda,120030,Feijo,AC,2012,0
CHAGAS,Doença de Chagas Aguda,120030,Feijo,AC,2013,1
CHAGAS,Doença de Chagas Aguda,120030,Feijo,AC,2014,0
CHAGAS,Doença de Chagas Aguda,120030,Feijo,AC,2015,0
CHAGAS,Doença de Chagas Aguda,120030,Feijo,AC,2016,18
CHAGAS,Doença de Chagas Aguda,120030,Feijo,AC,2017,0
CHAGAS,Doença de Chagas Aguda,120030,Feijo,AC,2018,1
CHAGAS,Doença de Chagas Aguda,120030,Feijo,AC,2019,1
CHAGAS,Doença de Chagas Aguda,120030,Feijo,AC,2020,0
CHAGAS,Doença de Chagas Aguda,120030,Feijo,AC,2021,0
CHAGAS,Doença de Chagas Aguda,120030,Feijo,AC,2022,1
CHAGAS,Doença de Chagas Aguda,120030,Feijo,AC,2023,0
CHAGAS,Doença de Chagas Aguda,120030,Feijo,AC,2024,0
CHAGAS,Doença de Chagas Aguda,120032,Jordao,AC,2006,0
CHAGAS,Doença de Chagas Aguda,120032,Jordao,AC,2007,0
CHAGAS,Doença de Chagas Aguda,120032,Jordao,AC,2008,0
CHAGAS,Doença de Chagas Aguda,120032,Jordao,AC,2009,0
CHAGAS,Doença de Chagas Aguda,120032,Jordao,AC,2010,0
CHAGAS,Doença de Chagas Aguda,120032,Jordao,AC,2011,0
CHAGAS,Doença de Chagas Aguda,120032,Jordao,AC,2012,0
CHAGAS,Doença de Chagas Aguda,120032,Jordao,AC,2013,0
CHAGAS,Doença de Chagas Aguda,120032,Jordao,AC,2014,0
CHAGAS,Doença de Chagas Aguda,120032,Jordao,AC,2015,2
CHAGAS,Doença de Chagas Aguda,120032,Jordao,AC,2016,0
CHAGAS,Doença de Chagas Aguda,120032,Jordao,AC,2017,0
CHAGAS,Doença de Chagas Aguda,120032,Jordao,AC,2018,0
CHAGAS,Doença de Chagas Aguda,120032,Jordao,AC,2019,0
CHAGAS,Doença de Chagas Aguda,120032,Jordao,AC,2020,0
CHAGAS,Doença de Chagas Aguda,120032,Jordao,AC,2021,0
CHAGAS,Doença de Chagas Aguda,120032,Jordao,AC,2022,0
CHAGAS,Doença de Chagas Aguda,120032,Jordao,AC,2023,0
CHAGAS,Doença de Chagas Aguda,120032,Jordao,AC,2024,0
CHAGAS,Doença de Chagas Aguda,120035,Marechal Thaumaturgo,AC,2006,0
CHAGAS,Doença de Chagas Aguda,120035,Marechal Thaumaturgo,AC,2007,0
CHAGAS,Doença de Chagas Aguda,120035,Marechal Thaumaturgo,AC,2008,0
CHAGAS,Doença de Chagas Aguda,120035,Marechal Thaumaturgo,AC,2009,0
CHAGAS,Doença de Chagas Aguda,120035,Marechal Thaumaturgo,AC,2010,0
CHAGAS,Doença de Chagas Aguda,120035,Marechal Thaumaturgo,AC,2011,0
CHAGAS,Doença de Chagas Aguda,120035,Marechal Thaumaturgo,AC,2012,0
CHAGAS,Doença de Chagas Aguda,120035,Marechal Thaumaturgo,AC,2013,0
CHAGAS,Doença de Chagas Aguda,120035,Marechal Thaumaturgo,AC,2014,0
CHAGAS,Doença de Chagas Aguda,120035,Marechal Thaumaturgo,AC,2015,0
CHAGAS,Doença de Chagas Aguda,120035,Marechal Thaumaturgo,AC,2016,0
CHAGAS,Doença de Chagas Aguda,120035,Marechal Thaumaturgo,AC,2017,0
CHAGAS,Doença de Chagas Aguda,120035,Marechal Thaumaturgo,AC,2018,0
CHAGAS,Doença de Chagas Aguda,120035,Marechal Thaumaturgo,AC,2019,4
CHAGAS,Doença de Chagas Aguda,120035,Marechal Thaumaturgo,AC,2020,0
CHAGAS,Doença de Chagas Aguda,120035,Marechal Thaumaturgo,AC,2021,0
CHAGAS,Doença de Chagas Aguda,120035,Marechal Thaumaturgo,AC,2022,1
CHAGAS,Doença de Chagas Aguda,120035,Marechal Thaumaturgo,AC,2023,0
CHAGAS,Doença de Chagas Aguda,120035,Marechal Thaumaturgo,AC,2024,0
CHAGAS,Doença de Chagas Aguda,120039,Porto Walter,AC,2006,0
CHAGAS,Doença de Chagas Aguda,120039,Porto Walter,AC,2007,0
CHAGAS,Doença de Chagas Aguda,120039,Porto Walter,AC,2008,0
CHAGAS,Doença de Chagas Aguda,120039,Porto Walter,AC,2009,0
CHAGAS,Doença de Chagas Aguda,120039,Porto Walter,AC,2010,0
CHAGAS,Doença de Chagas Aguda,120039,Porto Walter,AC,2011,0
CHAGAS,Doença de Chagas Aguda,120039,Porto Walter,AC,2012,0
CHAGAS,Doença de Chagas Aguda,120039,Porto Walter,AC,2013,0
CHAGAS,Doença de Chagas Aguda,120039,Porto Walter,AC,2014,0
CHAGAS,Doença de Chagas Aguda,120039,Porto Walter,AC,2015,0
CHAGAS,Doença de Chagas Aguda,120039,Porto Walter,AC,2016,0
CHAGAS,Doença de Chagas Aguda,120039,Porto Walter,AC,2017,0
CHAGAS,Doença de Chagas Aguda,120039,Porto Walter,AC,2018,0
CHAGAS,Doença de Chagas Aguda,120039,Porto Walter,AC,2019,0
CHAGAS,Doença de Chagas Aguda,120039,Porto Walter,AC,2020,0
CHAGAS,Doença de Chagas Aguda,120039,Porto Walter,AC,2021,0
CHAGAS,Doença de Chagas Aguda,120039,Porto Walter,AC,2022,0
CHAGAS,Doença de Chagas Aguda,120039,Porto Walter,AC,2023,1
CHAGAS,Doença de Chagas Aguda,120039,Porto Walter,AC,2024,0
CHAGAS,Doença de Chagas Aguda,120040,Rio Branco,AC,2006,0
CHAGAS,Doença de Chagas Aguda,120040,Rio Branco,AC,2007,0
CHAGAS,Doença de Chagas Aguda,120040,Rio Branco,AC,2008,0
CHAGAS,Doença de Chagas Aguda,120040,Rio Branco,AC,2009,0
CHAGAS,Doença de Chagas Aguda,120040,Rio Branco,AC,2010,0
CHAGAS,Doença de Chagas Aguda,120040,Rio Branco,AC,2011,0
CHAGAS,Doença de Chagas Aguda,120040,Rio Branco,AC,2012,0
CHAGAS,Doença de Chagas Aguda,120040,Rio Branco,AC,2013,0
CHAGAS,Doença de Chagas Aguda,120040,Rio Branco,AC,2014,1
CHAGAS,Doença de Chagas Aguda,120040,Rio Branco,AC,2015,0
CHAGAS,Doença de Chagas Aguda,120040,Rio Branco,AC,2016,0
CHAGAS,Doença de Chagas Aguda,120040,Rio Branco,AC,2017,0
CHAGAS,Doença de Chagas Aguda,120040,Rio Branco,AC,2018,0
CHAGAS,Doença de Chagas Aguda,120040,Rio Branco,AC,2019,0
CHAGAS,Doença de Chagas Aguda,120040,Rio Branco,AC,2020,1
CHAGAS,Doença de Chagas Aguda,120040,Rio Branco,AC,2021,0
CHAGAS,Doença de Chagas Aguda,120040,Rio Branco,AC,2022,0
CHAGAS,Doença de Chagas Aguda,120040,Rio Branco,AC,2023,0
CHAGAS,Doença de Chagas Aguda,120040,Rio Branco,AC,2024,0
CHAGAS,Doença de Chagas Aguda,120042,Rodrigues Alves,AC,2006,0
CHAGAS,Doença de Chagas Aguda,120042,Rodrigues Alves,AC,2007,0
CHAGAS,Doença de Chagas Aguda,120042,Rodrigues Alves,AC,2008,0
CHAGAS,Doença de Chagas Aguda,120042,Rodrigues Alves,AC,2009,0
CHAGAS,Doença de Chagas Aguda,120042,Rodrigues Alves,AC,2010,0
CHAGAS,Doença de Chagas Aguda,120042,Rodrigues Alves,AC,2011,0
CHAGAS,Doença de Chagas Aguda,120042,Rodrigues Alves,AC,2012,0
CHAGAS,Doença de Chagas Aguda,120042,Rodrigues Alves,AC,2013,0
CHAGAS,Doença de Chagas Aguda,120042,Rodrigues Alves,AC,2014,0
CHAGAS,Doença de Chagas Aguda,120042,Rodrigues Alves,AC,2015,1
CHAGAS,Doença de Chagas Aguda,120042,Rodrigues Alves,AC,2016,0
CHAGAS,Doença de Chagas Aguda,120042,Rodrigues Alves,AC,2017,0
CHAGAS,Doença de Chagas Aguda,120042,Rodrigues Alves,AC,2018,0
CHAGAS,Doença de Chagas Aguda,120042,Rodrigues Alves,AC,2019,0
CHAGAS,Doença de Chagas Aguda,120042,Rodrigues Alves,AC,2020,0
CHAGAS,Doença de Chagas Aguda,120042,Rodrigues Alves,AC,2021,0
CHAGAS,Doença de Chagas Aguda,120042,Rodrigues Alves,AC,2022,0
CHAGAS,Doença de Chagas Aguda,120042,Rodrigues Alves,AC,2023,0
CHAGAS,Doença de Chagas Aguda,120042,Rodrigues Alves,AC,2024,0
CHAGAS,Doença de Chagas Aguda,120060,Tarauaca,AC,2006,0
CHAGAS,Doença de Chagas Aguda,120060,Tarauaca,AC,2007,0
CHAGAS,Doença de Chagas Aguda,120060,Tarauaca,AC,2008,0
CHAGAS,Doença de Chagas Aguda,120060,Tarauaca,AC,2009,0
CHAGAS,Doença de Chagas Aguda,120060,Tarauaca,AC,2010,0
CHAGAS,Doença de Chagas Aguda,120060,Tarauaca,AC,2011,0
CHAGAS,Doença de Chagas Aguda,120060,Tarauaca,AC,2012,0
CHAGAS,Doença de Chagas Aguda,120060,Tarauaca,AC,2013,0
CHAGAS,Doença de Chagas Aguda,120060,Tarauaca,AC,2014,0
CHAGAS,Doença de Chagas Aguda,120060,Tarauaca,AC,2015,2
CHAGAS,Doença de Chagas Aguda,120060,Tarauaca,AC,2016,0
CHAGAS,Doença de Chagas Aguda,120060,Tarauaca,AC,2017,0
CHAGAS,Doença de Chagas Aguda,120060,Tarauaca,AC,2018,0
CHAGAS,Doença de Chagas Aguda,120060,Tarauaca,AC,2019,0
CHAGAS,Doença de Chagas Aguda,120060,Tarauaca,AC,2020,0
CHAGAS,Doença de Chagas Aguda,120060,Tarauaca,AC,2021,0
CHAGAS,Doença de Chagas Aguda,120060,Tarauaca,AC,2022,0
CHAGAS,Doença de Chagas Aguda,120060,Tarauaca,AC,2023,0
CHAGAS,Doença de Chagas Aguda,120060,Tarauaca,AC,2024,0
CHAGAS,Doença de Chagas Aguda,130002,Alvaraes,AM,2006,0
CHAGAS,Doença de Chagas Aguda,130002,Alvaraes,AM,2007,0
CHAGAS,Doença de Chagas Aguda,130002,Alvaraes,AM,2008,0
CHAGAS,Doença de Chagas Aguda,130002,Alvaraes,AM,2009,0
CHAGAS,Doença de Chagas Aguda,130002,Alvaraes,AM,2010,0
CHAGAS,Doença de Chagas Aguda,130002,Alvaraes,AM,2011,0
CHAGAS,Doença de Chagas Aguda,130002,Alvaraes,AM,2012,0
CHAGAS,Doença de Chagas Aguda,130002,Alvaraes,AM,2013,0
CHAGAS,Doença de Chagas Aguda,130002,Alvaraes,AM,2014,0
CHAGAS,Doença de Chagas Aguda,130002,Alvaraes,AM,2015,0
CHAGAS,Doença de Chagas Aguda,130002,Alvaraes,AM,2016,1
CHAGAS,Doença de Chagas Aguda,130002,Alvaraes,AM,2017,0
CHAGAS,Doença de Chagas Aguda,130002,Alvaraes,AM,2018,0
CHAGAS,Doença de Chagas Aguda,130002,Alvaraes,AM,2019,0
CHAGAS,Doença de Chagas Aguda,130002,Alvaraes,AM,2020,0
CHAGAS,Doença de Chagas Aguda,130002,Alvaraes,AM,2021,0
CHAGAS,Doença de Chagas Aguda,130002,Alvaraes,AM,2022,0
CHAGAS,Doença de Chagas Aguda,130002,Alvaraes,AM,2023,0
CHAGAS,Doença de Chagas Aguda,130002,Alvaraes,AM,2024,0
CHAGAS,Doença de Chagas Aguda,130006,Amatura,AM,2006,0
CHAGAS,Doença de Chagas Aguda,130006,Amatura,AM,2007,0
CHAGAS,Doença de Chagas Aguda,130006,Amatura,AM,2008,0
CHAGAS,Doença de Chagas Aguda,130006,Amatura,AM,2009,0
CHAGAS,Doença de Chagas Aguda,130006,Amatura,AM,2010,0
CHAGAS,Doença de Chagas Aguda,130006,Amatura,AM,2011,0
CHAGAS,Doença de Chagas Aguda,130006,Amatura,AM,2012,0
CHAGAS,Doença de Chagas Aguda,130006,Amatura,AM,2013,0
CHAGAS,Doença de Chagas Aguda,130006,Amatura,AM,2014,0
CHAGAS,Doença de Chagas Aguda,130006,Amatura,AM,2015,0
CHAGAS,Doença de Chagas Aguda,130006,Amatura,AM,2016,0
CHAGAS,Doença de Chagas Aguda,130006,Amatura,AM,2017,0
CHAGAS,Doença de Chagas Aguda,130006,Amatura,AM,2018,0
CHAGAS,Doença de Chagas Aguda,130006,Amatura,AM,2019,0
CHAGAS,Doença de Chagas Aguda,130006,Amatura,AM,2020,0
CHAGAS,Doença de Chagas Aguda,130006,Amatura,AM,2021,0
CHAGAS,Doença de Chagas Aguda,130006,Amatura,AM,2022,14
CHAGAS,Doença de Chagas Aguda,130006,Amatura,AM,2023,0
CHAGAS,Doença de Chagas Aguda,130006,Amatura,AM,2024,0
CHAGAS,Doença de Chagas Aguda,130008,Anama,AM,2006,0
CHAGAS,Doença de Chagas Aguda,130008,Anama,AM,2007,0
CHAGAS,Doença de Chagas Aguda,130008,Anama,AM,2008,0
CHAGAS,Doença de Chagas Aguda,130008,Anama,AM,2009,0
CHAGAS,Doença de Chagas Aguda,130008,Anama,AM,2010,0
CHAGAS,Doença de Chagas Aguda,130008,Anama,AM,2011,0
CHAGAS,Doença de Chagas Aguda,130008,Anama,AM,2012,1
CHAGAS,Doença de Chagas Aguda,130008,Anama,AM,2013,0
CHAGAS,Doença de Chagas Aguda,130008,Anama,AM,2014,0
CHAGAS,Doença de Chagas Aguda,130008,Anama,AM,2015,0
CHAGAS,Doença de Chagas Aguda,130008,Anama,AM,2016,0
CHAGAS,Doença de Chagas Aguda,130008,Anama,AM,2017,0
CHAGAS,Doença de Chagas Aguda,130008,Anama,AM,2018,0
CHAGAS,Doença de Chagas Aguda,130008,Anama,AM,2019,0
CHAGAS,Doença de Chagas Aguda,130008,Anama,AM,2020,0
CHAGAS,Doença de Chagas Aguda,130008,Anama,AM,2021,0
CHAGAS,Doença de Chagas Aguda,130008,Anama,AM,2022,0
CHAGAS,Doença de Chagas Aguda,130008,Anama,AM,2023,0
CHAGAS,Doença de Chagas Aguda,130008,Anama,AM,2024,0
CHAGAS,Doença de Chagas Aguda,130014,Apui,AM,2006,0
CHAGAS,Doença de Chagas Aguda,130014,Apui,AM,2007,0
CHAGAS,Doença de Chagas Aguda,130014,Apui,AM,2008,0
CHAGAS,Doença de Chagas Aguda,130014,Apui,AM,2009,1
CHAGAS,Doença de Chagas Aguda,130014,Apui,AM,2010,0
CHAGAS,Doença de Chagas Aguda,130014,Apui,AM,2011,0
CHAGAS,Doença de Chagas Aguda,130014,Apui,AM,2012,1
CHAGAS,Doença de Chagas Aguda,130014,Apui,AM,2013,0
CHAGAS,Doença de Chagas Aguda,130014,Apui,AM,2014,0
CHAGAS,Doença de Chagas Aguda,130014,Apui,AM,2015,0
CHAGAS,Doença de Chagas Aguda,130014,Apui,AM,2016,0
CHAGAS,Doença de Chagas Aguda,130014,Apui,AM,2017,0
CHAGAS,Doença de Chagas Aguda,130014,Apui,AM,2018,0
CHAGAS,Doença de Chagas Aguda,130014,Apui,AM,2019,0
CHAGAS,Doença de Chagas Aguda,130014,Apui,AM,2020,0
CHAGAS,Doença de Chagas Aguda,130014,Apui,AM,2021,0
CHAGAS,Doença de Chagas Aguda,130014,Apui,AM,2022,0
CHAGAS,Doença de Chagas Aguda,130014,Apui,AM,2023,3
CHAGAS,Doença de Chagas Aguda,130014,Apui,AM,2024,0
CHAGAS,Doença de Chagas Aguda,130030,Autazes,AM,2006,0
CHAGAS,Doença de Chagas Aguda,130030,Autazes,AM,2007,0
CHAGAS,Doença de Chagas Aguda,130030,Autazes,AM,2008,0
CHAGAS,Doença de Chagas Aguda,130030,Autazes,AM,2009,0
CHAGAS,Doença de Chagas Aguda,130030,Autazes,AM,2010,0
CHAGAS,Doença de Chagas Aguda,130030,Autazes,AM,2011,0
CHAGAS,Doença de Chagas Aguda,130030,Autazes,AM,2012,1
CHAGAS,Doença de Chagas Aguda,130030,Autazes,AM,2013,0
CHAGAS,Doença de Chagas Aguda,130030,Autazes,AM,2014,0
CHAGAS,Doença de Chagas Aguda,130030,Autazes,AM,2015,0
CHAGAS,Doença de Chagas Aguda,130030,Autazes,AM,2016,0
CHAGAS,Doença de Chagas Aguda,130030,Autazes,AM,2017,0
CHAGAS,Doença de Chagas Aguda,130030,Autazes,AM,2018,0
CHAGAS,Doença de Chagas Aguda,130030,Autazes,AM,2019,0
CHAGAS,Doença de Chagas Aguda,130030,Autazes,AM,2020,0
CHAGAS,Doença de Chagas Aguda,130030,Autazes,AM,2021,0
CHAGAS,Doença de Chagas Aguda,130030,Autazes,AM,2022,0
CHAGAS,Doença de Chagas Aguda,130030,Autazes,AM,2023,0
CHAGAS,Doença de Chagas Aguda,130030,Autazes,AM,2024,0
CHAGAS,Doença de Chagas Aguda,130040,Barcelos,AM,2006,0
CHAGAS,Doença de Chagas Aguda,130040,Barcelos,AM,2007,0
CHAGAS,Doença de Chagas Aguda,130040,Barcelos,AM,2008,0
CHAGAS,Doença de Chagas Aguda,130040,Barcelos,AM,2009,5
CHAGAS,Doença de Chagas Aguda,130040,Barcelos,AM,2010,2
CHAGAS,Doença de Chagas Aguda,130040,Barcelos,AM,2011,0
CHAGAS,Doença de Chagas Aguda,130040,Barcelos,AM,2012,0
CHAGAS,Doença de Chagas Aguda,130040,Barcelos,AM,2013,0
CHAGAS,Doença de Chagas Aguda,130040,Barcelos,AM,2014,2
CHAGAS,Doença de Chagas Aguda,130040,Barcelos,AM,2015,1
CHAGAS,Doença de Chagas Aguda,130040,Barcelos,AM,2016,0
CHAGAS,Doença de Chagas Aguda,130040,Barcelos,AM,2017,0
CHAGAS,Doença de Chagas Aguda,130040,Barcelos,AM,2018,0
CHAGAS,Doença de Chagas Aguda,130040,Barcelos,AM,2019,0
CHAGAS,Doença de Chagas Aguda,130040,Barcelos,AM,2020,6
CHAGAS,Doença de Chagas Aguda,130040,Barcelos,AM,2021,0
CHAGAS,Doença de Chagas Aguda,130040,Barcelos,AM,2022,6
CHAGAS,Doença de Chagas Aguda,130040,Barcelos,AM,2023,1
CHAGAS,Doença de Chagas Aguda,130040,Barcelos,AM,2024,1
CHAGAS,Doença de Chagas Aguda,130050,Barreirinha,AM,2006,0
CHAGAS,Doença de Chagas Aguda,130050,Barreirinha,AM,2007,0
CHAGAS,Doença de Chagas Aguda,130050,Barreirinha,AM,2008,0
CHAGAS,Doença de Chagas Aguda,130050,Barreirinha,AM,2009,0
CHAGAS,Doença de Chagas Aguda,130050,Barreirinha,AM,2010,0
CHAGAS,Doença de Chagas Aguda,130050,Barreirinha,AM,2011,0
CHAGAS,Doença de Chagas Aguda,130050,Barreirinha,AM,2012,0
CHAGAS,Doença de Chagas Aguda,130050,Barreirinha,AM,2013,0
CHAGAS,Doença de Chagas Aguda,130050,Barreirinha,AM,2014,0
CHAGAS,Doença de Chagas Aguda,130050,Barreirinha,AM,2015,0
CHAGAS,Doença de Chagas Aguda,130050,Barreirinha,AM,2016,0
CHAGAS,Doença de Chagas Aguda,130050,Barreirinha,AM,2017,0
CHAGAS,Doença de Chagas Aguda,130050,Barreirinha,AM,2018,0
CHAGAS,Doença de Chagas Aguda,130050,Barreirinha,AM,2019,6
CHAGAS,Doença de Chagas Aguda,130050,Barreirinha,AM,2020,0
CHAGAS,Doença de Chagas Aguda,130050,Barreirinha,AM,2021,1
CHAGAS,Doença de Chagas Aguda,130050,Barreirinha,AM,2022,0
CHAGAS,Doença de Chagas Aguda,130050,Barreirinha,AM,2023,0
CHAGAS,Doença de Chagas Aguda,130050,Barreirinha,AM,2024,0
CHAGAS,Doença de Chagas Aguda,130100,Carauari,AM,2006,0
CHAGAS,Doença de Chagas Aguda,130100,Carauari,AM,2007,0
CHAGAS,Doença de Chagas Aguda,130100,Carauari,AM,2008,0
CHAGAS,Doença de Chagas Aguda,130100,Carauari,AM,2009,0
CHAGAS,Doença de Chagas Aguda,130100,Carauari,AM,2010,12
CHAGAS,Doença de Chagas Aguda,130100,Carauari,AM,2011,0
CHAGAS,Doença de Chagas Aguda,130100,Carauari,AM,2012,0
CHAGAS,Doença de Chagas Aguda,130100,Carauari,AM,2013,1
CHAGAS,Doença de Chagas Aguda,130100,Carauari,AM,2014,10
CHAGAS,Doença de Chagas Aguda,130100,Carauari,AM,2015,1
CHAGAS,Doença de Chagas Aguda,130100,Carauari,AM,2016,0
CHAGAS,Doença de Chagas Aguda,130100,Carauari,AM,2017,0
CHAGAS,Doença de Chagas Aguda,130100,Carauari,AM,2018,3
CHAGAS,Doença de Chagas Aguda,130100,Carauari,AM,2019,0
CHAGAS,Doença de Chagas Aguda,130100,Carauari,AM,2020,0
CHAGAS,Doença de Chagas Aguda,130100,Carauari,AM,2021,1
CHAGAS,Doença de Chagas Aguda,130100,Carauari,AM,2022,0
CHAGAS,Doença de Chagas Aguda,130100,Carauari,AM,2023,0
CHAGAS,Doença de Chagas Aguda,130100,Carauari,AM,2024,0
CHAGAS,Doença de Chagas Aguda,130120,Coari,AM,2006,0
CHAGAS,Doença de Chagas Aguda,130120,Coari,AM,2007,25
CHAGAS,Doença de Chagas Aguda,130120,Coari,AM,2008,0
CHAGAS,Doença de Chagas Aguda,130120,Coari,AM,2009,1
CHAGAS,Doença de Chagas Aguda,130120,Coari,AM,2010,1
CHAGAS,Doença de Chagas Aguda,130120,Coari,AM,2011,0
CHAGAS,Doença de Chagas Aguda,130120,Coari,AM,2012,0
CHAGAS,Doença de Chagas Aguda,130120,Coari,AM,2013,0
CHAGAS,Doença de Chagas Aguda,130120,Coari,AM,2014,0
CHAGAS,Doença de Chagas Aguda,130120,Coari,AM,2015,2
CHAGAS,Doença de Chagas Aguda,130120,Coari,AM,2016,0
CHAGAS,Doença de Chagas Aguda,130120,Coari,AM,2017,1
CHAGAS,Doença de Chagas Aguda,130120,Coari,AM,2018,1
CHAGAS,Doença de Chagas Aguda,130120,Coari,AM,2019,0
CHAGAS,Doença de Chagas Aguda,130120,Coari,AM,2020,0
CHAGAS,Doença de Chagas Aguda,130120,Coari,AM,2021,1
CHAGAS,Doença de Chagas Aguda,130120,Coari,AM,2022,0
CHAGAS,Doença de Chagas Aguda,130120,Coari,AM,2023,0
CHAGAS,Doença de Chagas Aguda,130120,Coari,AM,2024,1
CHAGAS,Doença de Chagas Aguda,130140,Eirunepe,AM,2006,0
CHAGAS,Doença de Chagas Aguda,130140,Eirunepe,AM,2007,0
CHAGAS,Doença de Chagas Aguda,130140,Eirunepe,AM,2008,0
CHAGAS,Doença de Chagas Aguda,130140,Eirunepe,AM,2009,0
CHAGAS,Doença de Chagas Aguda,130140,Eirunepe,AM,2010,0
CHAGAS,Doença de Chagas Aguda,130140,Eirunepe,AM,2011,0
CHAGAS,Doença de Chagas Aguda,130140,Eirunepe,AM,2012,0
CHAGAS,Doença de Chagas Aguda,130140,Eirunepe,AM,2013,1
CHAGAS,Doença de Chagas Aguda,130140,Eirunepe,AM,2014,0
CHAGAS,Doença de Chagas Aguda,130140,Eirunepe,AM,2015,1
CHAGAS,Doença de Chagas Aguda,130140,Eirunepe,AM,2016,0
CHAGAS,Doença de Chagas Aguda,130140,Eirunepe,AM,2017,0
CHAGAS,Doença de Chagas Aguda,130140,Eirunepe,AM,2018,0
CHAGAS,Doença de Chagas Aguda,130140,Eirunepe,AM,2019,1
CHAGAS,Doença de Chagas Aguda,130140,Eirunepe,AM,2020,0
CHAGAS,Doença de Chagas Aguda,130140,Eirunepe,AM,2021,0
CHAGAS,Doença de Chagas Aguda,130140,Eirunepe,AM,2022,0
CHAGAS,Doença de Chagas Aguda,130140,Eirunepe,AM,2023,0
CHAGAS,Doença de Chagas Aguda,130140,Eirunepe,AM,2024,0
CHAGAS,Doença de Chagas Aguda,130160,Fonte Boa,AM,2006,0
CHAGAS,Doença de Chagas Aguda,130160,Fonte Boa,AM,2007,0
CHAGAS,Doença de Chagas Aguda,130160,Fonte Boa,AM,2008,0
CHAGAS,Doença de Chagas Aguda,130160,Fonte Boa,AM,2009,0
CHAGAS,Doença de Chagas Aguda,130160,Fonte Boa,AM,2010,0
CHAGAS,Doença de Chagas Aguda,130160,Fonte Boa,AM,2011,0
CHAGAS,Doença de Chagas Aguda,130160,Fonte Boa,AM,2012,0
CHAGAS,Doença de Chagas Aguda,130160,Fonte Boa,AM,2013,0
CHAGAS,Doença de Chagas Aguda,130160,Fonte Boa,AM,2014,0
CHAGAS,Doença de Chagas Aguda,130160,Fonte Boa,AM,2015,0
CHAGAS,Doença de Chagas Aguda,130160,Fonte Boa,AM,2016,0
CHAGAS,Doença de Chagas Aguda,130160,Fonte Boa,AM,2017,0
CHAGAS,Doença de Chagas Aguda,130160,Fonte Boa,AM,2018,1
CHAGAS,Doença de Chagas Aguda,130160,Fonte Boa,AM,2019,0
CHAGAS,Doença de Chagas Aguda,130160,Fonte Boa,AM,2020,0
CHAGAS,Doença de Chagas Aguda,130160,Fonte Boa,AM,2021,0
CHAGAS,Doença de Chagas Aguda,130160,Fonte Boa,AM,2022,0
CHAGAS,Doença de Chagas Aguda,130160,Fonte Boa,AM,2023,0
CHAGAS,Doença de Chagas Aguda,130160,Fonte Boa,AM,2024,0
CHAGAS,Doença de Chagas Aguda,130170,Humaita,AM,2006,0
CHAGAS,Doença de Chagas Aguda,130170,Humaita,AM,2007,0
CHAGAS,Doença de Chagas Aguda,130170,Humaita,AM,2008,0
CHAGAS,Doença de Chagas Aguda,130170,Humaita,AM,2009,0
CHAGAS,Doença de Chagas Aguda,130170,Humaita,AM,2010,0
CHAGAS,Doença de Chagas Aguda,130170,Humaita,AM,2011,0
CHAGAS,Doença de Chagas Aguda,130170,Humaita,AM,2012,0
CHAGAS,Doença de Chagas Aguda,130170,Humaita,AM,2013,0
CHAGAS,Doença de Chagas Aguda,130170,Humaita,AM,2014,0
CHAGAS,Doença de Chagas Aguda,130170,Humaita,AM,2015,0
CHAGAS,Doença de Chagas Aguda,130170,Humaita,AM,2016,0
CHAGAS,Doença de Chagas Aguda,130170,Humaita,AM,2017,0
CHAGAS,Doença de Chagas Aguda,130170,Humaita,AM,2018,1
CHAGAS,Doença de Chagas Aguda,130170,Humaita,AM,2019,0
CHAGAS,Doença de Chagas Aguda,130170,Humaita,AM,2020,0
CHAGAS,Doença de Chagas Aguda,130170,Humaita,AM,2021,0
CHAGAS,Doença de Chagas Aguda,130170,Humaita,AM,2022,0
CHAGAS,Doença de Chagas Aguda,130170,Humaita,AM,2023,1
CHAGAS,Doença de Chagas Aguda,130170,Humaita,AM,2024,0
CHAGAS,Doença de Chagas Aguda,130180,Ipixuna,AM,2006,0
CHAGAS,Doença de Chagas Aguda,130180,Ipixuna,AM,2007,0
CHAGAS,Doença de Chagas Aguda,130180,Ipixuna,AM,2008,0
CHAGAS,Doença de Chagas Aguda,130180,Ipixuna,AM,2009,0
CHAGAS,Doença de Chagas Aguda,130180,Ipixuna,AM,2010,0
CHAGAS,Doença de Chagas Aguda,130180,Ipixuna,AM,2011,0
CHAGAS,Doença de Chagas Aguda,130180,Ipixuna,AM,2012,0
CHAGAS,Doença de Chagas Aguda,130180,Ipixuna,AM,2013,0
CHAGAS,Doença de Chagas Aguda,130180,Ipixuna,AM,2014,0
CHAGAS,Doença de Chagas Aguda,130180,Ipixuna,AM,2015,0
CHAGAS,Doença de Chagas Aguda,130180,Ipixuna,AM,2016,0
CHAGAS,Doença de Chagas Aguda,130180,Ipixuna,AM,2017,0
CHAGAS,Doença de Chagas Aguda,130180,Ipixuna,AM,2018,0
CHAGAS,Doença de Chagas Aguda,130180,Ipixuna,AM,2019,0
CHAGAS,Doença de Chagas Aguda,130180,Ipixuna,AM,2020,0
CHAGAS,Doença de Chagas Aguda,130180,Ipixuna,AM,2021,3
CHAGAS,Doença de Chagas Aguda,130180,Ipixuna,AM,2022,0
CHAGAS,Doença de Chagas Aguda,130180,Ipixuna,AM,2023,0
CHAGAS,Doença de Chagas Aguda,130180,Ipixuna,AM,2024,0
CHAGAS,Doença de Chagas Aguda,130195,Itamarati,AM,2006,0
CHAGAS,Doença de Chagas Aguda,130195,Itamarati,AM,2007,0
CHAGAS,Doença de Chagas Aguda,130195,Itamarati,AM,2008,0
CHAGAS,Doença de Chagas Aguda,130195,Itamarati,AM,2009,0
CHAGAS,Doença de Chagas Aguda,130195,Itamarati,AM,2010,0
CHAGAS,Doença de Chagas Aguda,130195,Itamarati,AM,2011,0
CHAGAS,Doença de Chagas Aguda,130195,Itamarati,AM,2012,0
CHAGAS,Doença de Chagas Aguda,130195,Itamarati,AM,2013,0
CHAGAS,Doença de Chagas Aguda,130195,Itamarati,AM,2014,0
CHAGAS,Doença de Chagas Aguda,130195,Itamarati,AM,2015,0
CHAGAS,Doença de Chagas Aguda,130195,Itamarati,AM,2016,0
CHAGAS,Doença de Chagas Aguda,130195,Itamarati,AM,2017,0
CHAGAS,Doença de Chagas Aguda,130195,Itamarati,AM,2018,0
CHAGAS,Doença de Chagas Aguda,130195,Itamarati,AM,2019,0
CHAGAS,Doença de Chagas Aguda,130195,Itamarati,AM,2020,0
CHAGAS,Doença de Chagas Aguda,130195,Itamarati,AM,2021,0
CHAGAS,Doença de Chagas Aguda,130195,Itamarati,AM,2022,0
CHAGAS,Doença de Chagas Aguda,130195,Itamarati,AM,2023,6
CHAGAS,Doença de Chagas Aguda,130195,Itamarati,AM,2024,0
CHAGAS,Doença de Chagas Aguda,130220,Jurua,AM,2006,0
CHAGAS,Doença de Chagas Aguda,130220,Jurua,AM,2007,0
CHAGAS,Doença de Chagas Aguda,130220,Jurua,AM,2008,0
CHAGAS,Doença de Chagas Aguda,130220,Jurua,AM,2009,0
CHAGAS,Doença de Chagas Aguda,130220,Jurua,AM,2010,0
CHAGAS,Doença de Chagas Aguda,130220,Jurua,AM,2011,0
CHAGAS,Doença de Chagas Aguda,130220,Jurua,AM,2012,0
CHAGAS,Doença de Chagas Aguda,130220,Jurua,AM,2013,0
CHAGAS,Doença de Chagas Aguda,130220,Jurua,AM,2014,1
CHAGAS,Doença de Chagas Aguda,130220,Jurua,AM,2015,0
CHAGAS,Doença de Chagas Aguda,130220,Jurua,AM,2016,0
CHAGAS,Doença de Chagas Aguda,130220,Jurua,AM,2017,0
CHAGAS,Doença de Chagas Aguda,130220,Jurua,AM,2018,2
CHAGAS,Doença de Chagas Aguda,130220,Jurua,AM,2019,0
CHAGAS,Doença de Chagas Aguda,130220,Jurua,AM,2020,0
CHAGAS,Doença de Chagas Aguda,130220,Jurua,AM,2021,0
CHAGAS,Doença de Chagas Aguda,130220,Jurua,AM,2022,0
CHAGAS,Doença de Chagas Aguda,130220,Jurua,AM,2023,0
CHAGAS,Doença de Chagas Aguda,130220,Jurua,AM,2024,0
CHAGAS,Doença de Chagas Aguda,130230,Jutai,AM,2006,0
CHAGAS,Doença de Chagas Aguda,130230,Jutai,AM,2007,0
CHAGAS,Doença de Chagas Aguda,130230,Jutai,AM,2008,0
CHAGAS,Doença de Chagas Aguda,130230,Jutai,AM,2009,0
CHAGAS,Doença de Chagas Aguda,130230,Jutai,AM,2010,0
CHAGAS,Doença de Chagas Aguda,130230,Jutai,AM,2011,0
CHAGAS,Doença de Chagas Aguda,130230,Jutai,AM,2012,0
CHAGAS,Doença de Chagas Aguda,130230,Jutai,AM,2013,0
CHAGAS,Doença de Chagas Aguda,130230,Jutai,AM,2014,0
CHAGAS,Doença de Chagas Aguda,130230,Jutai,AM,2015,0
CHAGAS,Doença de Chagas Aguda,130230,Jutai,AM,2016,0
CHAGAS,Doença de Chagas Aguda,130230,Jutai,AM,2017,0
CHAGAS,Doença de Chagas Aguda,130230,Jutai,AM,2018,0
CHAGAS,Doença de Chagas Aguda,130230,Jutai,AM,2019,0
CHAGAS,Doença de Chagas Aguda,130230,Jutai,AM,2020,0
CHAGAS,Doença de Chagas Aguda,130230,Jutai,AM,2021,0
CHAGAS,Doença de Chagas Aguda,130230,Jutai,AM,2022,0
CHAGAS,Doença de Chagas Aguda,130230,Jutai,AM,2023,0
CHAGAS,Doença de Chagas Aguda,130230,Jutai,AM,2024,2
CHAGAS,Doença de Chagas Aguda,130240,Labrea,AM,2006,0
CHAGAS,Doença de Chagas Aguda,130240,Labrea,AM,2007,0
CHAGAS,Doença de Chagas Aguda,130240,Labrea,AM,2008,0
CHAGAS,Doença de Chagas Aguda,130240,Labrea,AM,2009,0
CHAGAS,Doença de Chagas Aguda,130240,Labrea,AM,2010,0
CHAGAS,Doença de Chagas Aguda,130240,Labrea,AM,2011,0
CHAGAS,Doença de Chagas Aguda,130240,Labrea,AM,2012,0
CHAGAS,Doença de Chagas Aguda,130240,Labrea,AM,2013,0
CHAGAS,Doença de Chagas Aguda,130240,Labrea,AM,2014,0
CHAGAS,Doença de Chagas Aguda,130240,Labrea,AM,2015,0
CHAGAS,Doença de Chagas Aguda,130240,Labrea,AM,2016,0
CHAGAS,Doença de Chagas Aguda,130240,Labrea,AM,2017,2
CHAGAS,Doença de Chagas Aguda,130240,Labrea,AM,2018,3
CHAGAS,Doença de Chagas Aguda,130240,Labrea,AM,2019,0
CHAGAS,Doença de Chagas Aguda,130240,Labrea,AM,2020,0
CHAGAS,Doença de Chagas Aguda,130240,Labrea,AM,2021,0
CHAGAS,Doença de Chagas Aguda,130240,Labrea,AM,2022,2
CHAGAS,Doença de Chagas Aguda,130240,Labrea,AM,2023,1
CHAGAS,Doença de Chagas Aguda,130240,Labrea,AM,2024,0
CHAGAS,Doença de Chagas Aguda,130260,Manaus,AM,2006,0
CHAGAS,Doença de Chagas Aguda,130260,Manaus,AM,2007,3
CHAGAS,Doença de Chagas Aguda,130260,Manaus,AM,2008,0
CHAGAS,Doença de Chagas Aguda,130260,Manaus,AM,2009,0
CHAGAS,Doença de Chagas Aguda,130260,Manaus,AM,2010,1
CHAGAS,Doença de Chagas Aguda,130260,Manaus,AM,2011,0
CHAGAS,Doença de Chagas Aguda,130260,Manaus,AM,2012,0
CHAGAS,Doença de Chagas Aguda,130260,Manaus,AM,2013,2
CHAGAS,Doença de Chagas Aguda,130260,Manaus,AM,2014,6
CHAGAS,Doença de Chagas Aguda,130260,Manaus,AM,2015,5
CHAGAS,Doença de Chagas Aguda,130260,Manaus,AM,2016,2
CHAGAS,Doença de Chagas Aguda,130260,Manaus,AM,2017,10
CHAGAS,Doença de Chagas Aguda,130260,Manaus,AM,2018,5
CHAGAS,Doença de Chagas Aguda,130260,Manaus,AM,2019,14
CHAGAS,Doença de Chagas Aguda,130260,Manaus,AM,2020,1
CHAGAS,Doença de Chagas Aguda,130260,Manaus,AM,2021,0
CHAGAS,Doença de Chagas Aguda,130260,Manaus,AM,2022,2
CHAGAS,Doença de Chagas Aguda,130260,Manaus,AM,2023,1
CHAGAS,Doença de Chagas Aguda,130260,Manaus,AM,2024,2
CHAGAS,Doença de Chagas Aguda,130280,Maraa,AM,2006,0
CHAGAS,Doença de Chagas Aguda,130280,Maraa,AM,2007,0
CHAGAS,Doença de Chagas Aguda,130280,Maraa,AM,2008,0
CHAGAS,Doença de Chagas Aguda,130280,Maraa,AM,2009,0
CHAGAS,Doença de Chagas Aguda,130280,Maraa,AM,2010,0
CHAGAS,Doença de Chagas Aguda,130280,Maraa,AM,2011,0
CHAGAS,Doença de Chagas Aguda,130280,Maraa,AM,2012,0
CHAGAS,Doença de Chagas Aguda,130280,Maraa,AM,2013,0
CHAGAS,Doença de Chagas Aguda,130280,Maraa,AM,2014,0
CHAGAS,Doença de Chagas Aguda,130280,Maraa,AM,2015,0
CHAGAS,Doença de Chagas Aguda,130280,Maraa,AM,2016,0
CHAGAS,Doença de Chagas Aguda,130280,Maraa,AM,2017,0
CHAGAS,Doença de Chagas Aguda,130280,Maraa,AM,2018,0
CHAGAS,Doença de Chagas Aguda,130280,Maraa,AM,2019,0
CHAGAS,Doença de Chagas Aguda,130280,Maraa,AM,2020,0
CHAGAS,Doença de Chagas Aguda,130280,Maraa,AM,2021,0
CHAGAS,Doença de Chagas Aguda,130280,Maraa,AM,2022,0
CHAGAS,Doença de Chagas Aguda,130280,Maraa,AM,2023,0
CHAGAS,Doença de Chagas Aguda,130280,Maraa,AM,2024,1
CHAGAS,Doença de Chagas Aguda,130310,Nova Olinda do Norte,AM,2006,0
CHAGAS,Doença de Chagas Aguda,130310,Nova Olinda do Norte,AM,2007,0
CHAGAS,Doença de Chagas Aguda,130310,Nova Olinda do Norte,AM,2008,0
CHAGAS,Doença de Chagas Aguda,130310,Nova Olinda do Norte,AM,2009,0
CHAGAS,Doença de Chagas Aguda,130310,Nova Olinda do Norte,AM,2010,0
CHAGAS,Doença de Chagas Aguda,130310,Nova Olinda do Norte,AM,2011,0
CHAGAS,Doença de Chagas Aguda,130310,Nova Olinda do Norte,AM,2012,0
CHAGAS,Doença de Chagas Aguda,130310,Nova Olinda do Norte,AM,2013,1
CHAGAS,Doença de Chagas Aguda,130310,Nova Olinda do Norte,AM,2014,0
CHAGAS,Doença de Chagas Aguda,130310,Nova Olinda do Norte,AM,2015,0
CHAGAS,Doença de Chagas Aguda,130310,Nova Olinda do Norte,AM,2016,0
CHAGAS,Doença de Chagas Aguda,130310,Nova Olinda do Norte,AM,2017,0
CHAGAS,Doença de Chagas Aguda,130310,Nova Olinda do Norte,AM,2018,0
CHAGAS,Doença de Chagas Aguda,130310,Nova Olinda do Norte,AM,2019,0
CHAGAS,Doença de Chagas Aguda,130310,Nova Olinda do Norte,AM,2020,0
CHAGAS,Doença de Chagas Aguda,130310,Nova Olinda do Norte,AM,2021,0
CHAGAS,Doença de Chagas Aguda,130310,Nova Olinda do Norte,AM,2022,0
CHAGAS,Doença de Chagas Aguda,130310,Nova Olinda do Norte,AM,2023,0
CHAGAS,Doença de Chagas Aguda,130310,Nova Olinda do Norte,AM,2024,0
CHAGAS,Doença de Chagas Aguda,130340,Parintins,AM,2006,0
CHAGAS,Doença de Chagas Aguda,130340,Parintins,AM,2007,0
CHAGAS,Doença de Chagas Aguda,130340,Parintins,AM,2008,0
CHAGAS,Doença de Chagas Aguda,130340,Parintins,AM,2009,0
CHAGAS,Doença de Chagas Aguda,130340,Parintins,AM,2010,0
CHAGAS,Doença de Chagas Aguda,130340,Parintins,AM,2011,0
CHAGAS,Doença de Chagas Aguda,130340,Parintins,AM,2012,0
CHAGAS,Doença de Chagas Aguda,130340,Parintins,AM,2013,0
CHAGAS,Doença de Chagas Aguda,130340,Parintins,AM,2014,0
CHAGAS,Doença de Chagas Aguda,130340,Parintins,AM,2015,0
CHAGAS,Doença de Chagas Aguda,130340,Parintins,AM,2016,0
CHAGAS,Doença de Chagas Aguda,130340,Parintins,AM,2017,0
CHAGAS,Doença de Chagas Aguda,130340,Parintins,AM,2018,0
CHAGAS,Doença de Chagas Aguda,130340,Parintins,AM,2019,1
CHAGAS,Doença de Chagas Aguda,130340,Parintins,AM,2020,0
CHAGAS,Doença de Chagas Aguda,130340,Parintins,AM,2021,0
CHAGAS,Doença de Chagas Aguda,130340,Parintins,AM,2022,0
CHAGAS,Doença de Chagas Aguda,130340,Parintins,AM,2023,0
CHAGAS,Doença de Chagas Aguda,130340,Parintins,AM,2024,0
CHAGAS,Doença de Chagas Aguda,130360,Santa Isabel do Rio Negro,AM,2006,0
CHAGAS,Doença de Chagas Aguda,130360,Santa Isabel do Rio Negro,AM,2007,0
CHAGAS,Doença de Chagas Aguda,130360,Santa Isabel do Rio Negro,AM,2008,0
CHAGAS,Doença de Chagas Aguda,130360,Santa Isabel do Rio Negro,AM,2009,9
CHAGAS,Doença de Chagas Aguda,130360,Santa Isabel do Rio Negro,AM,2010,7
CHAGAS,Doença de Chagas Aguda,130360,Santa Isabel do Rio Negro,AM,2011,0
CHAGAS,Doença de Chagas Aguda,130360,Santa Isabel do Rio Negro,AM,2012,0
CHAGAS,Doença de Chagas Aguda,130360,Santa Isabel do Rio Negro,AM,2013,0
CHAGAS,Doença de Chagas Aguda,130360,Santa Isabel do Rio Negro,AM,2014,0
CHAGAS,Doença de Chagas Aguda,130360,Santa Isabel do Rio Negro,AM,2015,0
CHAGAS,Doença de Chagas Aguda,130360,Santa Isabel do Rio Negro,AM,2016,0
CHAGAS,Doença de Chagas Aguda,130360,Santa Isabel do Rio Negro,AM,2017,0
CHAGAS,Doença de Chagas Aguda,130360,Santa Isabel do Rio Negro,AM,2018,0
CHAGAS,Doença de Chagas Aguda,130360,Santa Isabel do Rio Negro,AM,2019,0
CHAGAS,Doença de Chagas Aguda,130360,Santa Isabel do Rio Negro,AM,2020,0
CHAGAS,Doença de Chagas Aguda,130360,Santa Isabel do Rio Negro,AM,2021,1
CHAGAS,Doença de Chagas Aguda,130360,Santa Isabel do Rio Negro,AM,2022,0
CHAGAS,Doença de Chagas Aguda,130360,Santa Isabel do Rio Negro,AM,2023,0
CHAGAS,Doença de Chagas Aguda,130360,Santa Isabel do Rio Negro,AM,2024,0
CHAGAS,Doença de Chagas Aguda,130370,Santo Antonio do Ica,AM,2006,0
CHAGAS,Doença de Chagas Aguda,130370,Santo Antonio do Ica,AM,2007,0
CHAGAS,Doença de Chagas Aguda,130370,Santo Antonio do Ica,AM,2008,0
CHAGAS,Doença de Chagas Aguda,130370,Santo Antonio do Ica,AM,2009,0
CHAGAS,Doença de Chagas Aguda,130370,Santo Antonio do Ica,AM,2010,0
CHAGAS,Doença de Chagas Aguda,130370,Santo Antonio do Ica,AM,2011,0
CHAGAS,Doença de Chagas Aguda,130370,Santo Antonio do Ica,AM,2012,1
CHAGAS,Doença de Chagas Aguda,130370,Santo Antonio do Ica,AM,2013,0
CHAGAS,Doença de Chagas Aguda,130370,Santo Antonio do Ica,AM,2014,0
CHAGAS,Doença de Chagas Aguda,130370,Santo Antonio do Ica,AM,2015,0
CHAGAS,Doença de Chagas Aguda,130370,Santo Antonio do Ica,AM,2016,0
CHAGAS,Doença de Chagas Aguda,130370,Santo Antonio do Ica,AM,2017,0
CHAGAS,Doença de Chagas Aguda,130370,Santo Antonio do Ica,AM,2018,0
CHAGAS,Doença de Chagas Aguda,130370,Santo Antonio do Ica,AM,2019,0
CHAGAS,Doença de Chagas Aguda,130370,Santo Antonio do Ica,AM,2020,0
CHAGAS,Doença de Chagas Aguda,130370,Santo Antonio do Ica,AM,2021,0
CHAGAS,Doença de Chagas Aguda,130370,Santo Antonio do Ica,AM,2022,0
CHAGAS,Doença de Chagas Aguda,130370,Santo Antonio do Ica,AM,2023,0
CHAGAS,Doença de Chagas Aguda,130370,Santo Antonio do Ica,AM,2024,0
CHAGAS,Doença de Chagas Aguda,130390,Sao Paulo de Olivenca,AM,2006,0
CHAGAS,Doença de Chagas Aguda,130390,Sao Paulo de Olivenca,AM,2007,0
CHAGAS,Doença de Chagas Aguda,130390,Sao Paulo de Olivenca,AM,2008,0
CHAGAS,Doença de Chagas Aguda,130390,Sao Paulo de Olivenca,AM,2009,0
CHAGAS,Doença de Chagas Aguda,130390,Sao Paulo de Olivenca,AM,2010,0
CHAGAS,Doença de Chagas Aguda,130390,Sao Paulo de Olivenca,AM,2011,0
CHAGAS,Doença de Chagas Aguda,130390,Sao Paulo de Olivenca,AM,2012,0
CHAGAS,Doença de Chagas Aguda,130390,Sao Paulo de Olivenca,AM,2013,0
CHAGAS,Doença de Chagas Aguda,130390,Sao Paulo de Olivenca,AM,2014,0
CHAGAS,Doença de Chagas Aguda,130390,Sao Paulo de Olivenca,AM,2015,0
CHAGAS,Doença de Chagas Aguda,130390,Sao Paulo de Olivenca,AM,2016,0
CHAGAS,Doença de Chagas Aguda,130390,Sao Paulo de Olivenca,AM,2017,0
CHAGAS,Doença de Chagas Aguda,130390,Sao Paulo de Olivenca,AM,2018,0
CHAGAS,Doença de Chagas Aguda,130390,Sao Paulo de Olivenca,AM,2019,1
CHAGAS,Doença de Chagas Aguda,130390,Sao Paulo de Olivenca,AM,2020,0
CHAGAS,Doença de Chagas Aguda,130390,Sao Paulo de Olivenca,AM,2021,0
CHAGAS,Doença de Chagas Aguda,130390,Sao Paulo de Olivenca,AM,2022,0
CHAGAS,Doença de Chagas Aguda,130390,Sao Paulo de Olivenca,AM,2023,0
CHAGAS,Doença de Chagas Aguda,130390,Sao Paulo de Olivenca,AM,2024,0
CHAGAS,Doença de Chagas Aguda,130406,Tabatinga,AM,2006,0
CHAGAS,Doença de Chagas Aguda,130406,Tabatinga,AM,2007,0
CHAGAS,Doença de Chagas Aguda,130406,Tabatinga,AM,2008,0
CHAGAS,Doença de Chagas Aguda,130406,Tabatinga,AM,2009,0
CHAGAS,Doença de Chagas Aguda,130406,Tabatinga,AM,2010,0
CHAGAS,Doença de Chagas Aguda,130406,Tabatinga,AM,2011,0
CHAGAS,Doença de Chagas Aguda,130406,Tabatinga,AM,2012,1
CHAGAS,Doença de Chagas Aguda,130406,Tabatinga,AM,2013,0
CHAGAS,Doença de Chagas Aguda,130406,Tabatinga,AM,2014,0
CHAGAS,Doença de Chagas Aguda,130406,Tabatinga,AM,2015,0
CHAGAS,Doença de Chagas Aguda,130406,Tabatinga,AM,2016,0
CHAGAS,Doença de Chagas Aguda,130406,Tabatinga,AM,2017,0
CHAGAS,Doença de Chagas Aguda,130406,Tabatinga,AM,2018,0
CHAGAS,Doença de Chagas Aguda,130406,Tabatinga,AM,2019,0
CHAGAS,Doença de Chagas Aguda,130406,Tabatinga,AM,2020,0
CHAGAS,Doença de Chagas Aguda,130406,Tabatinga,AM,2021,0
CHAGAS,Doença de Chagas Aguda,130406,Tabatinga,AM,2022,0
CHAGAS,Doença de Chagas Aguda,130406,Tabatinga,AM,2023,0
CHAGAS,Doença de Chagas Aguda,130406,Tabatinga,AM,2024,0
CHAGAS,Doença de Chagas Aguda,130420,Tefe,AM,2006,0
CHAGAS,Doença de Chagas Aguda,130420,Tefe,AM,2007,0
CHAGAS,Doença de Chagas Aguda,130420,Tefe,AM,2008,0
CHAGAS,Doença de Chagas Aguda,130420,Tefe,AM,2009,0
CHAGAS,Doença de Chagas Aguda,130420,Tefe,AM,2010,0
CHAGAS,Doença de Chagas Aguda,130420,Tefe,AM,2011,0
CHAGAS,Doença de Chagas Aguda,130420,Tefe,AM,2012,0
CHAGAS,Doença de Chagas Aguda,130420,Tefe,AM,2013,0
CHAGAS,Doença de Chagas Aguda,130420,Tefe,AM,2014,0
CHAGAS,Doença de Chagas Aguda,130420,Tefe,AM,2015,0
CHAGAS,Doença de Chagas Aguda,130420,Tefe,AM,2016,0
CHAGAS,Doença de Chagas Aguda,130420,Tefe,AM,2017,1
CHAGAS,Doença de Chagas Aguda,130420,Tefe,AM,2018,0
CHAGAS,Doença de Chagas Aguda,130420,Tefe,AM,2019,0
CHAGAS,Doença de Chagas Aguda,130420,Tefe,AM,2020,0
CHAGAS,Doença de Chagas Aguda,130420,Tefe,AM,2021,0
CHAGAS,Doença de Chagas Aguda,130420,Tefe,AM,2022,0
CHAGAS,Doença de Chagas Aguda,130420,Tefe,AM,2023,1
CHAGAS,Doença de Chagas Aguda,130420,Tefe,AM,2024,0
CHAGAS,Doença de Chagas Aguda,130423,Tonantins,AM,2006,0
CHAGAS,Doença de Chagas Aguda,130423,Tonantins,AM,2007,0
CHAGAS,Doença de Chagas Aguda,130423,Tonantins,AM,2008,0
CHAGAS,Doença de Chagas Aguda,130423,Tonantins,AM,2009,0
CHAGAS,Doença de Chagas Aguda,130423,Tonantins,AM,2010,0
CHAGAS,Doença de Chagas Aguda,130423,Tonantins,AM,2011,0
CHAGAS,Doença de Chagas Aguda,130423,Tonantins,AM,2012,1
CHAGAS,Doença de Chagas Aguda,130423,Tonantins,AM,2013,0
CHAGAS,Doença de Chagas Aguda,130423,Tonantins,AM,2014,0
CHAGAS,Doença de Chagas Aguda,130423,Tonantins,AM,2015,0
CHAGAS,Doença de Chagas Aguda,130423,Tonantins,AM,2016,0
CHAGAS,Doença de Chagas Aguda,130423,Tonantins,AM,2017,0
CHAGAS,Doença de Chagas Aguda,130423,Tonantins,AM,2018,0
CHAGAS,Doença de Chagas Aguda,130423,Tonantins,AM,2019,0
CHAGAS,Doença de Chagas Aguda,130423,Tonantins,AM,2020,0
CHAGAS,Doença de Chagas Aguda,130423,Tonantins,AM,2021,0
CHAGAS,Doença de Chagas Aguda,130423,Tonantins,AM,2022,0
CHAGAS,Doença de Chagas Aguda,130423,Tonantins,AM,2023,0
CHAGAS,Doença de Chagas Aguda,130423,Tonantins,AM,2024,0
CHAGAS,Doença de Chagas Aguda,130426,Uarini,AM,2006,0
CHAGAS,Doença de Chagas Aguda,130426,Uarini,AM,2007,0
CHAGAS,Doença de Chagas Aguda,130426,Uarini,AM,2008,0
CHAGAS,Doença de Chagas Aguda,130426,Uarini,AM,2009,0
CHAGAS,Doença de Chagas Aguda,130426,Uarini,AM,2010,0
CHAGAS,Doença de Chagas Aguda,130426,Uarini,AM,2011,0
CHAGAS,Doença de Chagas Aguda,130426,Uarini,AM,2012,0
CHAGAS,Doença de Chagas Aguda,130426,Uarini,AM,2013,0
CHAGAS,Doença de Chagas Aguda,130426,Uarini,AM,2014,0
CHAGAS,Doença de Chagas Aguda,130426,Uarini,AM,2015,0
CHAGAS,Doença de Chagas Aguda,130426,Uarini,AM,2016,0
CHAGAS,Doença de Chagas Aguda,130426,Uarini,AM,2017,0
CHAGAS,Doença de Chagas Aguda,130426,Uarini,AM,2018,0
CHAGAS,Doença de Chagas Aguda,130426,Uarini,AM,2019,4
CHAGAS,Doença de Chagas Aguda,130426,Uarini,AM,2020,0
CHAGAS,Doença de Chagas Aguda,130426,Uarini,AM,2021,1
CHAGAS,Doença de Chagas Aguda,130426,Uarini,AM,2022,0
CHAGAS,Doença de Chagas Aguda,130426,Uarini,AM,2023,0
CHAGAS,Doença de Chagas Aguda,130426,Uarini,AM,2024,0
CHAGAS,Doença de Chagas Aguda,160025,Itaubal,AP,2006,0
CHAGAS,Doença de Chagas Aguda,160025,Itaubal,AP,2007,0
CHAGAS,Doença de Chagas Aguda,160025,Itaubal,AP,2008,0
CHAGAS,Doença de Chagas Aguda,160025,Itaubal,AP,2009,0
CHAGAS,Doença de Chagas Aguda,160025,Itaubal,AP,2010,0
CHAGAS,Doença de Chagas Aguda,160025,Itaubal,AP,2011,0
CHAGAS,Doença de Chagas Aguda,160025,Itaubal,AP,2012,0
CHAGAS,Doença de Chagas Aguda,160025,Itaubal,AP,2013,0
CHAGAS,Doença de Chagas Aguda,160025,Itaubal,AP,2014,0
CHAGAS,Doença de Chagas Aguda,160025,Itaubal,AP,2015,0
CHAGAS,Doença de Chagas Aguda,160025,Itaubal,AP,2016,0
CHAGAS,Doença de Chagas Aguda,160025,Itaubal,AP,2017,0
CHAGAS,Doença de Chagas Aguda,160025,Itaubal,AP,2018,0
CHAGAS,Doença de Chagas Aguda,160025,Itaubal,AP,2019,0
CHAGAS,Doença de Chagas Aguda,160025,Itaubal,AP,2020,0
CHAGAS,Doença de Chagas Aguda,160025,Itaubal,AP,2021,0
CHAGAS,Doença de Chagas Aguda,160025,Itaubal,AP,2022,0
CHAGAS,Doença de Chagas Aguda,160025,Itaubal,AP,2023,0
CHAGAS,Doença de Chagas Aguda,160025,Itaubal,AP,2024,1
CHAGAS,Doença de Chagas Aguda,160027,Laranjal do Jari,AP,2006,0
CHAGAS,Doença de Chagas Aguda,160027,Laranjal do Jari,AP,2007,0
CHAGAS,Doença de Chagas Aguda,160027,Laranjal do Jari,AP,2008,0
CHAGAS,Doença de Chagas Aguda,160027,Laranjal do Jari,AP,2009,0
CHAGAS,Doença de Chagas Aguda,160027,Laranjal do Jari,AP,2010,0
CHAGAS,Doença de Chagas Aguda,160027,Laranjal do Jari,AP,2011,0
CHAGAS,Doença de Chagas Aguda,160027,Laranjal do Jari,AP,2012,0
CHAGAS,Doença de Chagas Aguda,160027,Laranjal do Jari,AP,2013,0
CHAGAS,Doença de Chagas Aguda,160027,Laranjal do Jari,AP,2014,0
CHAGAS,Doença de Chagas Aguda,160027,Laranjal do Jari,AP,2015,0
CHAGAS,Doença de Chagas Aguda,160027,Laranjal do Jari,AP,2016,0
CHAGAS,Doença de Chagas Aguda,160027,Laranjal do Jari,AP,2017,0
CHAGAS,Doença de Chagas Aguda,160027,Laranjal do Jari,AP,2018,0
CHAGAS,Doença de Chagas Aguda,160027,Laranjal do Jari,AP,2019,0
CHAGAS,Doença de Chagas Aguda,160027,Laranjal do Jari,AP,2020,0
CHAGAS,Doença de Chagas Aguda,160027,Laranjal do Jari,AP,2021,0
CHAGAS,Doença de Chagas Aguda,160027,Laranjal do Jari,AP,2022,0
CHAGAS,Doença de Chagas Aguda,160027,Laranjal do Jari,AP,2023,1
CHAGAS,Doença de Chagas Aguda,160027,Laranjal do Jari,AP,2024,0
CHAGAS,Doença de Chagas Aguda,160030,Macapa,AP,2006,0
CHAGAS,Doença de Chagas Aguda,160030,Macapa,AP,2007,10
CHAGAS,Doença de Chagas Aguda,160030,Macapa,AP,2008,31
CHAGAS,Doença de Chagas Aguda,160030,Macapa,AP,2009,8
CHAGAS,Doença de Chagas Aguda,160030,Macapa,AP,2010,7
CHAGAS,Doença de Chagas Aguda,160030,Macapa,AP,2011,11
CHAGAS,Doença de Chagas Aguda,160030,Macapa,AP,2012,10
CHAGAS,Doença de Chagas Aguda,160030,Macapa,AP,2013,4
CHAGAS,Doença de Chagas Aguda,160030,Macapa,AP,2014,10
CHAGAS,Doença de Chagas Aguda,160030,Macapa,AP,2015,5
CHAGAS,Doença de Chagas Aguda,160030,Macapa,AP,2016,7
CHAGAS,Doença de Chagas Aguda,160030,Macapa,AP,2017,23
CHAGAS,Doença de Chagas Aguda,160030,Macapa,AP,2018,15
CHAGAS,Doença de Chagas Aguda,160030,Macapa,AP,2019,24
CHAGAS,Doença de Chagas Aguda,160030,Macapa,AP,2020,5
CHAGAS,Doença de Chagas Aguda,160030,Macapa,AP,2021,52
CHAGAS,Doença de Chagas Aguda,160030,Macapa,AP,2022,26
CHAGAS,Doença de Chagas Aguda,160030,Macapa,AP,2023,34
CHAGAS,Doença de Chagas Aguda,160030,Macapa,AP,2024,33
CHAGAS,Doença de Chagas Aguda,160040,Mazagao,AP,2006,0
CHAGAS,Doença de Chagas Aguda,160040,Mazagao,AP,2007,0
CHAGAS,Doença de Chagas Aguda,160040,Mazagao,AP,2008,0
CHAGAS,Doença de Chagas Aguda,160040,Mazagao,AP,2009,0
CHAGAS,Doença de Chagas Aguda,160040,Mazagao,AP,2010,0
CHAGAS,Doença de Chagas Aguda,160040,Mazagao,AP,2011,0
CHAGAS,Doença de Chagas Aguda,160040,Mazagao,AP,2012,0
CHAGAS,Doença de Chagas Aguda,160040,Mazagao,AP,2013,0
CHAGAS,Doença de Chagas Aguda,160040,Mazagao,AP,2014,0
CHAGAS,Doença de Chagas Aguda,160040,Mazagao,AP,2015,0
CHAGAS,Doença de Chagas Aguda,160040,Mazagao,AP,2016,0
CHAGAS,Doença de Chagas Aguda,160040,Mazagao,AP,2017,0
CHAGAS,Doença de Chagas Aguda,160040,Mazagao,AP,2018,0
CHAGAS,Doença de Chagas Aguda,160040,Mazagao,AP,2019,2
CHAGAS,Doença de Chagas Aguda,160040,Mazagao,AP,2020,0
CHAGAS,Doença de Chagas Aguda,160040,Mazagao,AP,2021,0
CHAGAS,Doença de Chagas Aguda,160040,Mazagao,AP,2022,1
CHAGAS,Doença de Chagas Aguda,160040,Mazagao,AP,2023,0
CHAGAS,Doença de Chagas Aguda,160040,Mazagao,AP,2024,0
CHAGAS,Doença de Chagas Aguda,160060,Santana,AP,2006,2
CHAGAS,Doença de Chagas Aguda,160060,Santana,AP,2007,2
CHAGAS,Doença de Chagas Aguda,160060,Santana,AP,2008,2
CHAGAS,Doença de Chagas Aguda,160060,Santana,AP,2009,0
CHAGAS,Doença de Chagas Aguda,160060,Santana,AP,2010,0
CHAGAS,Doença de Chagas Aguda,160060,Santana,AP,2011,3
CHAGAS,Doença de Chagas Aguda,160060,Santana,AP,2012,2
CHAGAS,Doença de Chagas Aguda,160060,Santana,AP,2013,6
CHAGAS,Doença de Chagas Aguda,160060,Santana,AP,2014,0
CHAGAS,Doença de Chagas Aguda,160060,Santana,AP,2015,3
CHAGAS,Doença de Chagas Aguda,160060,Santana,AP,2016,0
CHAGAS,Doença de Chagas Aguda,160060,Santana,AP,2017,0
CHAGAS,Doença de Chagas Aguda,160060,Santana,AP,2018,6
CHAGAS,Doença de Chagas Aguda,160060,Santana,AP,2019,8
CHAGAS,Doença de Chagas Aguda,160060,Santana,AP,2020,1
CHAGAS,Doença de Chagas Aguda,160060,Santana,AP,2021,7
CHAGAS,Doença de Chagas Aguda,160060,Santana,AP,2022,5
CHAGAS,Doença de Chagas Aguda,160060,Santana,AP,2023,12
CHAGAS,Doença de Chagas Aguda,160060,Santana,AP,2024,10
CHAGAS,Doença de Chagas Aguda,160070,Tartarugalzinho,AP,2006,0
CHAGAS,Doença de Chagas Aguda,160070,Tartarugalzinho,AP,2007,0
CHAGAS,Doença de Chagas Aguda,160070,Tartarugalzinho,AP,2008,0
CHAGAS,Doença de Chagas Aguda,160070,Tartarugalzinho,AP,2009,0
CHAGAS,Doença de Chagas Aguda,160070,Tartarugalzinho,AP,2010,0
CHAGAS,Doença de Chagas Aguda,160070,Tartarugalzinho,AP,2011,0
CHAGAS,Doença de Chagas Aguda,160070,Tartarugalzinho,AP,2012,0
CHAGAS,Doença de Chagas Aguda,160070,Tartarugalzinho,AP,2013,0
CHAGAS,Doença de Chagas Aguda,160070,Tartarugalzinho,AP,2014,0
CHAGAS,Doença de Chagas Aguda,160070,Tartarugalzinho,AP,2015,0
CHAGAS,Doença de Chagas Aguda,160070,Tartarugalzinho,AP,2016,0
CHAGAS,Doença de Chagas Aguda,160070,Tartarugalzinho,AP,2017,1
CHAGAS,Doença de Chagas Aguda,160070,Tartarugalzinho,AP,2018,0
CHAGAS,Doença de Chagas Aguda,160070,Tartarugalzinho,AP,2019,0
CHAGAS,Doença de Chagas Aguda,160070,Tartarugalzinho,AP,2020,0
CHAGAS,Doença de Chagas Aguda,160070,Tartarugalzinho,AP,2021,1
CHAGAS,Doença de Chagas Aguda,160070,Tartarugalzinho,AP,2022,0
CHAGAS,Doença de Chagas Aguda,160070,Tartarugalzinho,AP,2023,0
CHAGAS,Doença de Chagas Aguda,160070,Tartarugalzinho,AP,2024,0
CHAGAS,Doença de Chagas Aguda,291080,Feira de Santana,BA,2006,0
CHAGAS,Doença de Chagas Aguda,291080,Feira de Santana,BA,2007,0
CHAGAS,Doença de Chagas Aguda,291080,Feira de Santana,BA,2008,0
CHAGAS,Doença de Chagas Aguda,291080,Feira de Santana,BA,2009,0
CHAGAS,Doença de Chagas Aguda,291080,Feira de Santana,BA,2010,0
CHAGAS,Doença de Chagas Aguda,291080,Feira de Santana,BA,2011,0
CHAGAS,Doença de Chagas Aguda,291080,Feira de Santana,BA,2012,0
CHAGAS,Doença de Chagas Aguda,291080,Feira de Santana,BA,2013,0
CHAGAS,Doença de Chagas Aguda,291080,Feira de Santana,BA,2014,0
CHAGAS,Doença de Chagas Aguda,291080,Feira de Santana,BA,2015,0
CHAGAS,Doença de Chagas Aguda,291080,Feira de Santana,BA,2016,0
CHAGAS,Doença de Chagas Aguda,291080,Feira de Santana,BA,2017,0
CHAGAS,Doença de Chagas Aguda,291080,Feira de Santana,BA,2018,0
CHAGAS,Doença de Chagas Aguda,291080,Feira de Santana,BA,2019,0
CHAGAS,Doença de Chagas Aguda,291080,Feira de Santana,BA,2020,0
CHAGAS,Doença de Chagas Aguda,291080,Feira de Santana,BA,2021,0
CHAGAS,Doença de Chagas Aguda,291080,Feira de Santana,BA,2022,0
CHAGAS,Doença de Chagas Aguda,291080,Feira de Santana,BA,2023,0
CHAGAS,Doença de Chagas Aguda,291080,Feira de Santana,BA,2024,3
CHAGAS,Doença de Chagas Aguda,291400,Ipira,BA,2006,0
CHAGAS,Doença de Chagas Aguda,291400,Ipira,BA,2007,0
CHAGAS,Doença de Chagas Aguda,291400,Ipira,BA,2008,0
CHAGAS,Doença de Chagas Aguda,291400,Ipira,BA,2009,0
CHAGAS,Doença de Chagas Aguda,291400,Ipira,BA,2010,0
CHAGAS,Doença de Chagas Aguda,291400,Ipira,BA,2011,0
CHAGAS,Doença de Chagas Aguda,291400,Ipira,BA,2012,0
CHAGAS,Doença de Chagas Aguda,291400,Ipira,BA,2013,0
CHAGAS,Doença de Chagas Aguda,291400,Ipira,BA,2014,0
CHAGAS,Doença de Chagas Aguda,291400,Ipira,BA,2015,0
CHAGAS,Doença de Chagas Aguda,291400,Ipira,BA,2016,0
CHAGAS,Doença de Chagas Aguda,291400,Ipira,BA,2017,0
CHAGAS,Doença de Chagas Aguda,291400,Ipira,BA,2018,0
CHAGAS,Doença de Chagas Aguda,291400,Ipira,BA,2019,0
CHAGAS,Doença de Chagas Aguda,291400,Ipira,BA,2020,0
CHAGAS,Doença de Chagas Aguda,291400,Ipira,BA,2021,0
CHAGAS,Doença de Chagas Aguda,291400,Ipira,BA,2022,0
CHAGAS,Doença de Chagas Aguda,291400,Ipira,BA,2023,0
CHAGAS,Doença de Chagas Aguda,291400,Ipira,BA,2024,1
CHAGAS,Doença de Chagas Aguda,291915,Lapao,BA,2006,0
CHAGAS,Doença de Chagas Aguda,291915,Lapao,BA,2007,0
CHAGAS,Doença de Chagas Aguda,291915,Lapao,BA,2008,0
CHAGAS,Doença de Chagas Aguda,291915,Lapao,BA,2009,0
CHAGAS,Doença de Chagas Aguda,291915,Lapao,BA,2010,0
CHAGAS,Doença de Chagas Aguda,291915,Lapao,BA,2011,0
CHAGAS,Doença de Chagas Aguda,291915,Lapao,BA,2012,0
CHAGAS,Doença de Chagas Aguda,291915,Lapao,BA,2013,0
CHAGAS,Doença de Chagas Aguda,291915,Lapao,BA,2014,0
CHAGAS,Doença de Chagas Aguda,291915,Lapao,BA,2015,0
CHAGAS,Doença de Chagas Aguda,291915,Lapao,BA,2016,0
CHAGAS,Doença de Chagas Aguda,291915,Lapao,BA,2017,0
CHAGAS,Doença de Chagas Aguda,291915,Lapao,BA,2018,1
CHAGAS,Doença de Chagas Aguda,291915,Lapao,BA,2019,0
CHAGAS,Doença de Chagas Aguda,291915,Lapao,BA,2020,0
CHAGAS,Doença de Chagas Aguda,291915,Lapao,BA,2021,0
CHAGAS,Doença de Chagas Aguda,291915,Lapao,BA,2022,0
CHAGAS,Doença de Chagas Aguda,291915,Lapao,BA,2023,0
CHAGAS,Doença de Chagas Aguda,291915,Lapao,BA,2024,0
CHAGAS,Doença de Chagas Aguda,292740,Salvador,BA,2006,0
CHAGAS,Doença de Chagas Aguda,292740,Salvador,BA,2007,0
CHAGAS,Doença de Chagas Aguda,292740,Salvador,BA,2008,0
CHAGAS,Doença de Chagas Aguda,292740,Salvador,BA,2009,0
CHAGAS,Doença de Chagas Aguda,292740,Salvador,BA,2010,0
CHAGAS,Doença de Chagas Aguda,292740,Salvador,BA,2011,0
CHAGAS,Doença de Chagas Aguda,292740,Salvador,BA,2012,0
CHAGAS,Doença de Chagas Aguda,292740,Salvador,BA,2013,0
CHAGAS,Doença de Chagas Aguda,292740,Salvador,BA,2014,0
CHAGAS,Doença de Chagas Aguda,292740,Salvador,BA,2015,0
CHAGAS,Doença de Chagas Aguda,292740,Salvador,BA,2016,0
CHAGAS,Doença de Chagas Aguda,292740,Salvador,BA,2017,0
CHAGAS,Doença de Chagas Aguda,292740,Salvador,BA,2018,0
CHAGAS,Doença de Chagas Aguda,292740,Salvador,BA,2019,0
CHAGAS,Doença de Chagas Aguda,292740,Salvador,BA,2020,0
CHAGAS,Doença de Chagas Aguda,292740,Salvador,BA,2021,0
CHAGAS,Doença de Chagas Aguda,292740,Salvador,BA,2022,0
CHAGAS,Doença de Chagas Aguda,292740,Salvador,BA,2023,1
CHAGAS,Doença de Chagas Aguda,292740,Salvador,BA,2024,0
CHAGAS,Doença de Chagas Aguda,292880,Santo Estevao,BA,2006,0
CHAGAS,Doença de Chagas Aguda,292880,Santo Estevao,BA,2007,0
CHAGAS,Doença de Chagas Aguda,292880,Santo Estevao,BA,2008,0
CHAGAS,Doença de Chagas Aguda,292880,Santo Estevao,BA,2009,0
CHAGAS,Doença de Chagas Aguda,292880,Santo Estevao,BA,2010,0
CHAGAS,Doença de Chagas Aguda,292880,Santo Estevao,BA,2011,0
CHAGAS,Doença de Chagas Aguda,292880,Santo Estevao,BA,2012,0
CHAGAS,Doença de Chagas Aguda,292880,Santo Estevao,BA,2013,0
CHAGAS,Doença de Chagas Aguda,292880,Santo Estevao,BA,2014,0
CHAGAS,Doença de Chagas Aguda,292880,Santo Estevao,BA,2015,0
CHAGAS,Doença de Chagas Aguda,292880,Santo Estevao,BA,2016,0
CHAGAS,Doença de Chagas Aguda,292880,Santo Estevao,BA,2017,0
CHAGAS,Doença de Chagas Aguda,292880,Santo Estevao,BA,2018,0
CHAGAS,Doença de Chagas Aguda,292880,Santo Estevao,BA,2019,0
CHAGAS,Doença de Chagas Aguda,292880,Santo Estevao,BA,2020,0
CHAGAS,Doença de Chagas Aguda,292880,Santo Estevao,BA,2021,0
CHAGAS,Doença de Chagas Aguda,292880,Santo Estevao,BA,2022,0
CHAGAS,Doença de Chagas Aguda,292880,Santo Estevao,BA,2023,0
CHAGAS,Doença de Chagas Aguda,292880,Santo Estevao,BA,2024,2
CHAGAS,Doença de Chagas Aguda,293060,Serrolandia,BA,2006,0
CHAGAS,Doença de Chagas Aguda,293060,Serrolandia,BA,2007,0
CHAGAS,Doença de Chagas Aguda,293060,Serrolandia,BA,2008,0
CHAGAS,Doença de Chagas Aguda,293060,Serrolandia,BA,2009,0
CHAGAS,Doença de Chagas Aguda,293060,Serrolandia,BA,2010,0
CHAGAS,Doença de Chagas Aguda,293060,Serrolandia,BA,2011,0
CHAGAS,Doença de Chagas Aguda,293060,Serrolandia,BA,2012,0
CHAGAS,Doença de Chagas Aguda,293060,Serrolandia,BA,2013,0
CHAGAS,Doença de Chagas Aguda,293060,Serrolandia,BA,2014,0
CHAGAS,Doença de Chagas Aguda,293060,Serrolandia,BA,2015,0
CHAGAS,Doença de Chagas Aguda,293060,Serrolandia,BA,2016,0
CHAGAS,Doença de Chagas Aguda,293060,Serrolandia,BA,2017,0
CHAGAS,Doença de Chagas Aguda,293060,Serrolandia,BA,2018,0
CHAGAS,Doença de Chagas Aguda,293060,Serrolandia,BA,2019,0
CHAGAS,Doença de Chagas Aguda,293060,Serrolandia,BA,2020,0
CHAGAS,Doença de Chagas Aguda,293060,Serrolandia,BA,2021,0
CHAGAS,Doença de Chagas Aguda,293060,Serrolandia,BA,2022,4
CHAGAS,Doença de Chagas Aguda,293060,Serrolandia,BA,2023,0
CHAGAS,Doença de Chagas Aguda,293060,Serrolandia,BA,2024,0
CHAGAS,Doença de Chagas Aguda,230110,Aracati,CE,2006,0
CHAGAS,Doença de Chagas Aguda,230110,Aracati,CE,2007,0
CHAGAS,Doença de Chagas Aguda,230110,Aracati,CE,2008,0
CHAGAS,Doença de Chagas Aguda,230110,Aracati,CE,2009,0
CHAGAS,Doença de Chagas Aguda,230110,Aracati,CE,2010,0
CHAGAS,Doença de Chagas Aguda,230110,Aracati,CE,2011,0
CHAGAS,Doença de Chagas Aguda,230110,Aracati,CE,2012,0
CHAGAS,Doença de Chagas Aguda,230110,Aracati,CE,2013,0
CHAGAS,Doença de Chagas Aguda,230110,Aracati,CE,2014,0
CHAGAS,Doença de Chagas Aguda,230110,Aracati,CE,2015,0
CHAGAS,Doença de Chagas Aguda,230110,Aracati,CE,2016,0
CHAGAS,Doença de Chagas Aguda,230110,Aracati,CE,2017,0
CHAGAS,Doença de Chagas Aguda,230110,Aracati,CE,2018,0
CHAGAS,Doença de Chagas Aguda,230110,Aracati,CE,2019,0
CHAGAS,Doença de Chagas Aguda,230110,Aracati,CE,2020,0
CHAGAS,Doença de Chagas Aguda,230110,Aracati,CE,2021,0
CHAGAS,Doença de Chagas Aguda,230110,Aracati,CE,2022,0
CHAGAS,Doença de Chagas Aguda,230110,Aracati,CE,2023,0
CHAGAS,Doença de Chagas Aguda,230110,Aracati,CE,2024,1
CHAGAS,Doença de Chagas Aguda,230160,Assare,CE,2006,0
CHAGAS,Doença de Chagas Aguda,230160,Assare,CE,2007,0
CHAGAS,Doença de Chagas Aguda,230160,Assare,CE,2008,0
CHAGAS,Doença de Chagas Aguda,230160,Assare,CE,2009,0
CHAGAS,Doença de Chagas Aguda,230160,Assare,CE,2010,0
CHAGAS,Doença de Chagas Aguda,230160,Assare,CE,2011,0
CHAGAS,Doença de Chagas Aguda,230160,Assare,CE,2012,0
CHAGAS,Doença de Chagas Aguda,230160,Assare,CE,2013,0
CHAGAS,Doença de Chagas Aguda,230160,Assare,CE,2014,0
CHAGAS,Doença de Chagas Aguda,230160,Assare,CE,2015,0
CHAGAS,Doença de Chagas Aguda,230160,Assare,CE,2016,0
CHAGAS,Doença de Chagas Aguda,230160,Assare,CE,2017,0
CHAGAS,Doença de Chagas Aguda,230160,Assare,CE,2018,0
CHAGAS,Doença de Chagas Aguda,230160,Assare,CE,2019,0
CHAGAS,Doença de Chagas Aguda,230160,Assare,CE,2020,0
CHAGAS,Doença de Chagas Aguda,230160,Assare,CE,2021,0
CHAGAS,Doença de Chagas Aguda,230160,Assare,CE,2022,0
CHAGAS,Doença de Chagas Aguda,230160,Assare,CE,2023,0
CHAGAS,Doença de Chagas Aguda,230160,Assare,CE,2024,1
CHAGAS,Doença de Chagas Aguda,230210,Baturite,CE,2006,0
CHAGAS,Doença de Chagas Aguda,230210,Baturite,CE,2007,0
CHAGAS,Doença de Chagas Aguda,230210,Baturite,CE,2008,0
CHAGAS,Doença de Chagas Aguda,230210,Baturite,CE,2009,0
CHAGAS,Doença de Chagas Aguda,230210,Baturite,CE,2010,0
CHAGAS,Doença de Chagas Aguda,230210,Baturite,CE,2011,0
CHAGAS,Doença de Chagas Aguda,230210,Baturite,CE,2012,0
CHAGAS,Doença de Chagas Aguda,230210,Baturite,CE,2013,0
CHAGAS,Doença de Chagas Aguda,230210,Baturite,CE,2014,0
CHAGAS,Doença de Chagas Aguda,230210,Baturite,CE,2015,0
CHAGAS,Doença de Chagas Aguda,230210,Baturite,CE,2016,0
CHAGAS,Doença de Chagas Aguda,230210,Baturite,CE,2017,0
CHAGAS,Doença de Chagas Aguda,230210,Baturite,CE,2018,0
CHAGAS,Doença de Chagas Aguda,230210,Baturite,CE,2019,0
CHAGAS,Doença de Chagas Aguda,230210,Baturite,CE,2020,0
CHAGAS,Doença de Chagas Aguda,230210,Baturite,CE,2021,0
CHAGAS,Doença de Chagas Aguda,230210,Baturite,CE,2022,0
CHAGAS,Doença de Chagas Aguda,230210,Baturite,CE,2023,1
CHAGAS,Doença de Chagas Aguda,230210,Baturite,CE,2024,0
CHAGAS,Doença de Chagas Aguda,230440,Fortaleza,CE,2006,0
CHAGAS,Doença de Chagas Aguda,230440,Fortaleza,CE,2007,0
CHAGAS,Doença de Chagas Aguda,230440,Fortaleza,CE,2008,0
CHAGAS,Doença de Chagas Aguda,230440,Fortaleza,CE,2009,0
CHAGAS,Doença de Chagas Aguda,230440,Fortaleza,CE,2010,0
CHAGAS,Doença de Chagas Aguda,230440,Fortaleza,CE,2011,0
CHAGAS,Doença de Chagas Aguda,230440,Fortaleza,CE,2012,0
CHAGAS,Doença de Chagas Aguda,230440,Fortaleza,CE,2013,0
CHAGAS,Doença de Chagas Aguda,230440,Fortaleza,CE,2014,0
CHAGAS,Doença de Chagas Aguda,230440,Fortaleza,CE,2015,0
CHAGAS,Doença de Chagas Aguda,230440,Fortaleza,CE,2016,0
CHAGAS,Doença de Chagas Aguda,230440,Fortaleza,CE,2017,0
CHAGAS,Doença de Chagas Aguda,230440,Fortaleza,CE,2018,0
CHAGAS,Doença de Chagas Aguda,230440,Fortaleza,CE,2019,0
CHAGAS,Doença de Chagas Aguda,230440,Fortaleza,CE,2020,0
CHAGAS,Doença de Chagas Aguda,230440,Fortaleza,CE,2021,0
CHAGAS,Doença de Chagas Aguda,230440,Fortaleza,CE,2022,0
CHAGAS,Doença de Chagas Aguda,230440,Fortaleza,CE,2023,1
CHAGAS,Doença de Chagas Aguda,230440,Fortaleza,CE,2024,0
CHAGAS,Doença de Chagas Aguda,230533,Ibicuitinga,CE,2006,0
CHAGAS,Doença de Chagas Aguda,230533,Ibicuitinga,CE,2007,0
CHAGAS,Doença de Chagas Aguda,230533,Ibicuitinga,CE,2008,0
CHAGAS,Doença de Chagas Aguda,230533,Ibicuitinga,CE,2009,0
CHAGAS,Doença de Chagas Aguda,230533,Ibicuitinga,CE,2010,0
CHAGAS,Doença de Chagas Aguda,230533,Ibicuitinga,CE,2011,0
CHAGAS,Doença de Chagas Aguda,230533,Ibicuitinga,CE,2012,0
CHAGAS,Doença de Chagas Aguda,230533,Ibicuitinga,CE,2013,0
CHAGAS,Doença de Chagas Aguda,230533,Ibicuitinga,CE,2014,0
CHAGAS,Doença de Chagas Aguda,230533,Ibicuitinga,CE,2015,0
CHAGAS,Doença de Chagas Aguda,230533,Ibicuitinga,CE,2016,0
CHAGAS,Doença de Chagas Aguda,230533,Ibicuitinga,CE,2017,0
CHAGAS,Doença de Chagas Aguda,230533,Ibicuitinga,CE,2018,0
CHAGAS,Doença de Chagas Aguda,230533,Ibicuitinga,CE,2019,0
CHAGAS,Doença de Chagas Aguda,230533,Ibicuitinga,CE,2020,1
CHAGAS,Doença de Chagas Aguda,230533,Ibicuitinga,CE,2021,0
CHAGAS,Doença de Chagas Aguda,230533,Ibicuitinga,CE,2022,0
CHAGAS,Doença de Chagas Aguda,230533,Ibicuitinga,CE,2023,0
CHAGAS,Doença de Chagas Aguda,230533,Ibicuitinga,CE,2024,0
CHAGAS,Doença de Chagas Aguda,231210,Santana do Cariri,CE,2006,0
CHAGAS,Doença de Chagas Aguda,231210,Santana do Cariri,CE,2007,0
CHAGAS,Doença de Chagas Aguda,231210,Santana do Cariri,CE,2008,0
CHAGAS,Doença de Chagas Aguda,231210,Santana do Cariri,CE,2009,0
CHAGAS,Doença de Chagas Aguda,231210,Santana do Cariri,CE,2010,0
CHAGAS,Doença de Chagas Aguda,231210,Santana do Cariri,CE,2011,0
CHAGAS,Doença de Chagas Aguda,231210,Santana do Cariri,CE,2012,0
CHAGAS,Doença de Chagas Aguda,231210,Santana do Cariri,CE,2013,0
CHAGAS,Doença de Chagas Aguda,231210,Santana do Cariri,CE,2014,0
CHAGAS,Doença de Chagas Aguda,231210,Santana do Cariri,CE,2015,0
CHAGAS,Doença de Chagas Aguda,231210,Santana do Cariri,CE,2016,0
CHAGAS,Doença de Chagas Aguda,231210,Santana do Cariri,CE,2017,0
CHAGAS,Doença de Chagas Aguda,231210,Santana do Cariri,CE,2018,0
CHAGAS,Doença de Chagas Aguda,231210,Santana do Cariri,CE,2019,0
CHAGAS,Doença de Chagas Aguda,231210,Santana do Cariri,CE,2020,0
CHAGAS,Doença de Chagas Aguda,231210,Santana do Cariri,CE,2021,0
CHAGAS,Doença de Chagas Aguda,231210,Santana do Cariri,CE,2022,0
CHAGAS,Doença de Chagas Aguda,231210,Santana do Cariri,CE,2023,1
CHAGAS,Doença de Chagas Aguda,231210,Santana do Cariri,CE,2024,0
CHAGAS,Doença de Chagas Aguda,231240,Sao Goncalo do Amarante,CE,2006,0
CHAGAS,Doença de Chagas Aguda,231240,Sao Goncalo do Amarante,CE,2007,0
CHAGAS,Doença de Chagas Aguda,231240,Sao Goncalo do Amarante,CE,2008,0
CHAGAS,Doença de Chagas Aguda,231240,Sao Goncalo do Amarante,CE,2009,0
CHAGAS,Doença de Chagas Aguda,231240,Sao Goncalo do Amarante,CE,2010,0
CHAGAS,Doença de Chagas Aguda,231240,Sao Goncalo do Amarante,CE,2011,0
CHAGAS,Doença de Chagas Aguda,231240,Sao Goncalo do Amarante,CE,2012,0
CHAGAS,Doença de Chagas Aguda,231240,Sao Goncalo do Amarante,CE,2013,0
CHAGAS,Doença de Chagas Aguda,231240,Sao Goncalo do Amarante,CE,2014,0
CHAGAS,Doença de Chagas Aguda,231240,Sao Goncalo do Amarante,CE,2015,0
CHAGAS,Doença de Chagas Aguda,231240,Sao Goncalo do Amarante,CE,2016,0
CHAGAS,Doença de Chagas Aguda,231240,Sao Goncalo do Amarante,CE,2017,0
CHAGAS,Doença de Chagas Aguda,231240,Sao Goncalo do Amarante,CE,2018,0
CHAGAS,Doença de Chagas Aguda,231240,Sao Goncalo do Amarante,CE,2019,0
CHAGAS,Doença de Chagas Aguda,231240,Sao Goncalo do Amarante,CE,2020,0
CHAGAS,Doença de Chagas Aguda,231240,Sao Goncalo do Amarante,CE,2021,0
CHAGAS,Doença de Chagas Aguda,231240,Sao Goncalo do Amarante,CE,2022,0
CHAGAS,Doença de Chagas Aguda,231240,Sao Goncalo do Amarante,CE,2023,0
CHAGAS,Doença de Chagas Aguda,231240,Sao Goncalo do Amarante,CE,2024,1
CHAGAS,Doença de Chagas Aguda,231290,Sobral,CE,2006,0
CHAGAS,Doença de Chagas Aguda,231290,Sobral,CE,2007,0
CHAGAS,Doença de Chagas Aguda,231290,Sobral,CE,2008,1
CHAGAS,Doença de Chagas Aguda,231290,Sobral,CE,2009,0
CHAGAS,Doença de Chagas Aguda,231290,Sobral,CE,2010,0
CHAGAS,Doença de Chagas Aguda,231290,Sobral,CE,2011,0
CHAGAS,Doença de Chagas Aguda,231290,Sobral,CE,2012,0
CHAGAS,Doença de Chagas Aguda,231290,Sobral,CE,2013,0
CHAGAS,Doença de Chagas Aguda,231290,Sobral,CE,2014,0
CHAGAS,Doença de Chagas Aguda,231290,Sobral,CE,2015,0
CHAGAS,Doença de Chagas Aguda,231290,Sobral,CE,2016,0
CHAGAS,Doença de Chagas Aguda,231290,Sobral,CE,2017,0
CHAGAS,Doença de Chagas Aguda,231290,Sobral,CE,2018,0
CHAGAS,Doença de Chagas Aguda,231290,Sobral,CE,2019,0
CHAGAS,Doença de Chagas Aguda,231290,Sobral,CE,2020,0
CHAGAS,Doença de Chagas Aguda,231290,Sobral,CE,2021,0
CHAGAS,Doença de Chagas Aguda,231290,Sobral,CE,2022,0
CHAGAS,Doença de Chagas Aguda,231290,Sobral,CE,2023,0
CHAGAS,Doença de Chagas Aguda,231290,Sobral,CE,2024,0
CHAGAS,Doença de Chagas Aguda,530010,Brasilia,DF,2006,0
CHAGAS,Doença de Chagas Aguda,530010,Brasilia,DF,2007,0
CHAGAS,Doença de Chagas Aguda,530010,Brasilia,DF,2008,0
CHAGAS,Doença de Chagas Aguda,530010,Brasilia,DF,2009,0
CHAGAS,Doença de Chagas Aguda,530010,Brasilia,DF,2010,0
CHAGAS,Doença de Chagas Aguda,530010,Brasilia,DF,2011,0
CHAGAS,Doença de Chagas Aguda,530010,Brasilia,DF,2012,0
CHAGAS,Doença de Chagas Aguda,530010,Brasilia,DF,2013,0
CHAGAS,Doença de Chagas Aguda,530010,Brasilia,DF,2014,1
CHAGAS,Doença de Chagas Aguda,530010,Brasilia,DF,2015,0
CHAGAS,Doença de Chagas Aguda,530010,Brasilia,DF,2016,0
CHAGAS,Doença de Chagas Aguda,530010,Brasilia,DF,2017,1
CHAGAS,Doença de Chagas Aguda,530010,Brasilia,DF,2018,0
CHAGAS,Doença de Chagas Aguda,530010,Brasilia,DF,2019,0
CHAGAS,Doença de Chagas Aguda,530010,Brasilia,DF,2020,1
CHAGAS,Doença de Chagas Aguda,530010,Brasilia,DF,2021,1
CHAGAS,Doença de Chagas Aguda,530010,Brasilia,DF,2022,0
CHAGAS,Doença de Chagas Aguda,530010,Brasilia,DF,2023,0
CHAGAS,Doença de Chagas Aguda,530010,Brasilia,DF,2024,0
CHAGAS,Doença de Chagas Aguda,320130,Cariacica,ES,2006,0
CHAGAS,Doença de Chagas Aguda,320130,Cariacica,ES,2007,0
CHAGAS,Doença de Chagas Aguda,320130,Cariacica,ES,2008,0
CHAGAS,Doença de Chagas Aguda,320130,Cariacica,ES,2009,0
CHAGAS,Doença de Chagas Aguda,320130,Cariacica,ES,2010,0
CHAGAS,Doença de Chagas Aguda,320130,Cariacica,ES,2011,0
CHAGAS,Doença de Chagas Aguda,320130,Cariacica,ES,2012,0
CHAGAS,Doença de Chagas Aguda,320130,Cariacica,ES,2013,0
CHAGAS,Doença de Chagas Aguda,320130,Cariacica,ES,2014,0
CHAGAS,Doença de Chagas Aguda,320130,Cariacica,ES,2015,0
CHAGAS,Doença de Chagas Aguda,320130,Cariacica,ES,2016,0
CHAGAS,Doença de Chagas Aguda,320130,Cariacica,ES,2017,0
CHAGAS,Doença de Chagas Aguda,320130,Cariacica,ES,2018,0
CHAGAS,Doença de Chagas Aguda,320130,Cariacica,ES,2019,0
CHAGAS,Doença de Chagas Aguda,320130,Cariacica,ES,2020,0
CHAGAS,Doença de Chagas Aguda,320130,Cariacica,ES,2021,0
CHAGAS,Doença de Chagas Aguda,320130,Cariacica,ES,2022,0
CHAGAS,Doença de Chagas Aguda,320130,Cariacica,ES,2023,0
CHAGAS,Doença de Chagas Aguda,320130,Cariacica,ES,2024,1
CHAGAS,Doença de Chagas Aguda,320240,Guarapari,ES,2006,0
CHAGAS,Doença de Chagas Aguda,320240,Guarapari,ES,2007,0
CHAGAS,Doença de Chagas Aguda,320240,Guarapari,ES,2008,0
CHAGAS,Doença de Chagas Aguda,320240,Guarapari,ES,2009,0
CHAGAS,Doença de Chagas Aguda,320240,Guarapari,ES,2010,0
CHAGAS,Doença de Chagas Aguda,320240,Guarapari,ES,2011,0
CHAGAS,Doença de Chagas Aguda,320240,Guarapari,ES,2012,1
CHAGAS,Doença de Chagas Aguda,320240,Guarapari,ES,2013,0
CHAGAS,Doença de Chagas Aguda,320240,Guarapari,ES,2014,0
CHAGAS,Doença de Chagas Aguda,320240,Guarapari,ES,2015,0
CHAGAS,Doença de Chagas Aguda,320240,Guarapari,ES,2016,0
CHAGAS,Doença de Chagas Aguda,320240,Guarapari,ES,2017,0
CHAGAS,Doença de Chagas Aguda,320240,Guarapari,ES,2018,0
CHAGAS,Doença de Chagas Aguda,320240,Guarapari,ES,2019,0
CHAGAS,Doença de Chagas Aguda,320240,Guarapari,ES,2020,0
CHAGAS,Doença de Chagas Aguda,320240,Guarapari,ES,2021,0
CHAGAS,Doença de Chagas Aguda,320240,Guarapari,ES,2022,0
CHAGAS,Doença de Chagas Aguda,320240,Guarapari,ES,2023,0
CHAGAS,Doença de Chagas Aguda,320240,Guarapari,ES,2024,0
CHAGAS,Doença de Chagas Aguda,520170,Aragarcas,GO,2006,0
CHAGAS,Doença de Chagas Aguda,520170,Aragarcas,GO,2007,0
CHAGAS,Doença de Chagas Aguda,520170,Aragarcas,GO,2008,0
CHAGAS,Doença de Chagas Aguda,520170,Aragarcas,GO,2009,0
CHAGAS,Doença de Chagas Aguda,520170,Aragarcas,GO,2010,1
CHAGAS,Doença de Chagas Aguda,520170,Aragarcas,GO,2011,0
CHAGAS,Doença de Chagas Aguda,520170,Aragarcas,GO,2012,0
CHAGAS,Doença de Chagas Aguda,520170,Aragarcas,GO,2013,0
CHAGAS,Doença de Chagas Aguda,520170,Aragarcas,GO,2014,0
CHAGAS,Doença de Chagas Aguda,520170,Aragarcas,GO,2015,0
CHAGAS,Doença de Chagas Aguda,520170,Aragarcas,GO,2016,0
CHAGAS,Doença de Chagas Aguda,520170,Aragarcas,GO,2017,0
CHAGAS,Doença de Chagas Aguda,520170,Aragarcas,GO,2018,0
CHAGAS,Doença de Chagas Aguda,520170,Aragarcas,GO,2019,0
CHAGAS,Doença de Chagas Aguda,520170,Aragarcas,GO,2020,0
CHAGAS,Doença de Chagas Aguda,520170,Aragarcas,GO,2021,0
CHAGAS,Doença de Chagas Aguda,520170,Aragarcas,GO,2022,0
CHAGAS,Doença de Chagas Aguda,520170,Aragarcas,GO,2023,0
CHAGAS,Doença de Chagas Aguda,520170,Aragarcas,GO,2024,0
CHAGAS,Doença de Chagas Aguda,520530,Cavalcante,GO,2006,0
CHAGAS,Doença de Chagas Aguda,520530,Cavalcante,GO,2007,0
CHAGAS,Doença de Chagas Aguda,520530,Cavalcante,GO,2008,0
CHAGAS,Doença de Chagas Aguda,520530,Cavalcante,GO,2009,0
CHAGAS,Doença de Chagas Aguda,520530,Cavalcante,GO,2010,1
CHAGAS,Doença de Chagas Aguda,520530,Cavalcante,GO,2011,0
CHAGAS,Doença de Chagas Aguda,520530,Cavalcante,GO,2012,0
CHAGAS,Doença de Chagas Aguda,520530,Cavalcante,GO,2013,0
CHAGAS,Doença de Chagas Aguda,520530,Cavalcante,GO,2014,0
CHAGAS,Doença de Chagas Aguda,520530,Cavalcante,GO,2015,0
CHAGAS,Doença de Chagas Aguda,520530,Cavalcante,GO,2016,0
CHAGAS,Doença de Chagas Aguda,520530,Cavalcante,GO,2017,0
CHAGAS,Doença de Chagas Aguda,520530,Cavalcante,GO,2018,0
CHAGAS,Doença de Chagas Aguda,520530,Cavalcante,GO,2019,0
CHAGAS,Doença de Chagas Aguda,520530,Cavalcante,GO,2020,0
CHAGAS,Doença de Chagas Aguda,520530,Cavalcante,GO,2021,0
CHAGAS,Doença de Chagas Aguda,520530,Cavalcante,GO,2022,0
CHAGAS,Doença de Chagas Aguda,520530,Cavalcante,GO,2023,0
CHAGAS,Doença de Chagas Aguda,520530,Cavalcante,GO,2024,0
CHAGAS,Doença de Chagas Aguda,520870,Goiania,GO,2006,0
CHAGAS,Doença de Chagas Aguda,520870,Goiania,GO,2007,0
CHAGAS,Doença de Chagas Aguda,520870,Goiania,GO,2008,0
CHAGAS,Doença de Chagas Aguda,520870,Goiania,GO,2009,0
CHAGAS,Doença de Chagas Aguda,520870,Goiania,GO,2010,0
CHAGAS,Doença de Chagas Aguda,520870,Goiania,GO,2011,0
CHAGAS,Doença de Chagas Aguda,520870,Goiania,GO,2012,0
CHAGAS,Doença de Chagas Aguda,520870,Goiania,GO,2013,1
CHAGAS,Doença de Chagas Aguda,520870,Goiania,GO,2014,0
CHAGAS,Doença de Chagas Aguda,520870,Goiania,GO,2015,0
CHAGAS,Doença de Chagas Aguda,520870,Goiania,GO,2016,0
CHAGAS,Doença de Chagas Aguda,520870,Goiania,GO,2017,0
CHAGAS,Doença de Chagas Aguda,520870,Goiania,GO,2018,0
CHAGAS,Doença de Chagas Aguda,520870,Goiania,GO,2019,0
CHAGAS,Doença de Chagas Aguda,520870,Goiania,GO,2020,0
CHAGAS,Doença de Chagas Aguda,520870,Goiania,GO,2021,0
CHAGAS,Doença de Chagas Aguda,520870,Goiania,GO,2022,0
CHAGAS,Doença de Chagas Aguda,520870,Goiania,GO,2023,0
CHAGAS,Doença de Chagas Aguda,520870,Goiania,GO,2024,0
CHAGAS,Doença de Chagas Aguda,520940,Guarani de Goias,GO,2006,0
CHAGAS,Doença de Chagas Aguda,520940,Guarani de Goias,GO,2007,0
CHAGAS,Doença de Chagas Aguda,520940,Guarani de Goias,GO,2008,0
CHAGAS,Doença de Chagas Aguda,520940,Guarani de Goias,GO,2009,0
CHAGAS,Doença de Chagas Aguda,520940,Guarani de Goias,GO,2010,0
CHAGAS,Doença de Chagas Aguda,520940,Guarani de Goias,GO,2011,2
CHAGAS,Doença de Chagas Aguda,520940,Guarani de Goias,GO,2012,0
CHAGAS,Doença de Chagas Aguda,520940,Guarani de Goias,GO,2013,0
CHAGAS,Doença de Chagas Aguda,520940,Guarani de Goias,GO,2014,0
CHAGAS,Doença de Chagas Aguda,520940,Guarani de Goias,GO,2015,0
CHAGAS,Doença de Chagas Aguda,520940,Guarani de Goias,GO,2016,0
CHAGAS,Doença de Chagas Aguda,520940,Guarani de Goias,GO,2017,0
CHAGAS,Doença de Chagas Aguda,520940,Guarani de Goias,GO,2018,0
CHAGAS,Doença de Chagas Aguda,520940,Guarani de Goias,GO,2019,0
CHAGAS,Doença de Chagas Aguda,520940,Guarani de Goias,GO,2020,0
CHAGAS,Doença de Chagas Aguda,520940,Guarani de Goias,GO,2021,0
CHAGAS,Doença de Chagas Aguda,520940,Guarani de Goias,GO,2022,0
CHAGAS,Doença de Chagas Aguda,520940,Guarani de Goias,GO,2023,0
CHAGAS,Doença de Chagas Aguda,520940,Guarani de Goias,GO,2024,0
CHAGAS,Doença de Chagas Aguda,521830,Posse,GO,2006,0
CHAGAS,Doença de Chagas Aguda,521830,Posse,GO,2007,0
CHAGAS,Doença de Chagas Aguda,521830,Posse,GO,2008,0
CHAGAS,Doença de Chagas Aguda,521830,Posse,GO,2009,1
CHAGAS,Doença de Chagas Aguda,521830,Posse,GO,2010,3
CHAGAS,Doença de Chagas Aguda,521830,Posse,GO,2011,4
CHAGAS,Doença de Chagas Aguda,521830,Posse,GO,2012,0
CHAGAS,Doença de Chagas Aguda,521830,Posse,GO,2013,0
CHAGAS,Doença de Chagas Aguda,521830,Posse,GO,2014,0
CHAGAS,Doença de Chagas Aguda,521830,Posse,GO,2015,0
CHAGAS,Doença de Chagas Aguda,521830,Posse,GO,2016,0
CHAGAS,Doença de Chagas Aguda,521830,Posse,GO,2017,0
CHAGAS,Doença de Chagas Aguda,521830,Posse,GO,2018,0
CHAGAS,Doença de Chagas Aguda,521830,Posse,GO,2019,0
CHAGAS,Doença de Chagas Aguda,521830,Posse,GO,2020,0
CHAGAS,Doença de Chagas Aguda,521830,Posse,GO,2021,0
CHAGAS,Doença de Chagas Aguda,521830,Posse,GO,2022,0
CHAGAS,Doença de Chagas Aguda,521830,Posse,GO,2023,0
CHAGAS,Doença de Chagas Aguda,521830,Posse,GO,2024,0
CHAGAS,Doença de Chagas Aguda,522010,Sao Luis de Montes Belos,GO,2006,0
CHAGAS,Doença de Chagas Aguda,522010,Sao Luis de Montes Belos,GO,2007,0
CHAGAS,Doença de Chagas Aguda,522010,Sao Luis de Montes Belos,GO,2008,0
CHAGAS,Doença de Chagas Aguda,522010,Sao Luis de Montes Belos,GO,2009,0
CHAGAS,Doença de Chagas Aguda,522010,Sao Luis de Montes Belos,GO,2010,0
CHAGAS,Doença de Chagas Aguda,522010,Sao Luis de Montes Belos,GO,2011,1
CHAGAS,Doença de Chagas Aguda,522010,Sao Luis de Montes Belos,GO,2012,0
CHAGAS,Doença de Chagas Aguda,522010,Sao Luis de Montes Belos,GO,2013,0
CHAGAS,Doença de Chagas Aguda,522010,Sao Luis de Montes Belos,GO,2014,0
CHAGAS,Doença de Chagas Aguda,522010,Sao Luis de Montes Belos,GO,2015,0
CHAGAS,Doença de Chagas Aguda,522010,Sao Luis de Montes Belos,GO,2016,0
CHAGAS,Doença de Chagas Aguda,522010,Sao Luis de Montes Belos,GO,2017,0
CHAGAS,Doença de Chagas Aguda,522010,Sao Luis de Montes Belos,GO,2018,0
CHAGAS,Doença de Chagas Aguda,522010,Sao Luis de Montes Belos,GO,2019,0
CHAGAS,Doença de Chagas Aguda,522010,Sao Luis de Montes Belos,GO,2020,0
CHAGAS,Doença de Chagas Aguda,522010,Sao Luis de Montes Belos,GO,2021,0
CHAGAS,Doença de Chagas Aguda,522010,Sao Luis de Montes Belos,GO,2022,0
CHAGAS,Doença de Chagas Aguda,522010,Sao Luis de Montes Belos,GO,2023,0
CHAGAS,Doença de Chagas Aguda,522010,Sao Luis de Montes Belos,GO,2024,0
CHAGAS,Doença de Chagas Aguda,522045,Senador Canedo,GO,2006,0
CHAGAS,Doença de Chagas Aguda,522045,Senador Canedo,GO,2007,0
CHAGAS,Doença de Chagas Aguda,522045,Senador Canedo,GO,2008,0
CHAGAS,Doença de Chagas Aguda,522045,Senador Canedo,GO,2009,0
CHAGAS,Doença de Chagas Aguda,522045,Senador Canedo,GO,2010,1
CHAGAS,Doença de Chagas Aguda,522045,Senador Canedo,GO,2011,0
CHAGAS,Doença de Chagas Aguda,522045,Senador Canedo,GO,2012,0
CHAGAS,Doença de Chagas Aguda,522045,Senador Canedo,GO,2013,0
CHAGAS,Doença de Chagas Aguda,522045,Senador Canedo,GO,2014,0
CHAGAS,Doença de Chagas Aguda,522045,Senador Canedo,GO,2015,0
CHAGAS,Doença de Chagas Aguda,522045,Senador Canedo,GO,2016,0
CHAGAS,Doença de Chagas Aguda,522045,Senador Canedo,GO,2017,0
CHAGAS,Doença de Chagas Aguda,522045,Senador Canedo,GO,2018,0
CHAGAS,Doença de Chagas Aguda,522045,Senador Canedo,GO,2019,0
CHAGAS,Doença de Chagas Aguda,522045,Senador Canedo,GO,2020,0
CHAGAS,Doença de Chagas Aguda,522045,Senador Canedo,GO,2021,0
CHAGAS,Doença de Chagas Aguda,522045,Senador Canedo,GO,2022,0
CHAGAS,Doença de Chagas Aguda,522045,Senador Canedo,GO,2023,0
CHAGAS,Doença de Chagas Aguda,522045,Senador Canedo,GO,2024,0
CHAGAS,Doença de Chagas Aguda,522068,Simolandia,GO,2006,0
CHAGAS,Doença de Chagas Aguda,522068,Simolandia,GO,2007,0
CHAGAS,Doença de Chagas Aguda,522068,Simolandia,GO,2008,0
CHAGAS,Doença de Chagas Aguda,522068,Simolandia,GO,2009,0
CHAGAS,Doença de Chagas Aguda,522068,Simolandia,GO,2010,6
CHAGAS,Doença de Chagas Aguda,522068,Simolandia,GO,2011,1
CHAGAS,Doença de Chagas Aguda,522068,Simolandia,GO,2012,0
CHAGAS,Doença de Chagas Aguda,522068,Simolandia,GO,2013,0
CHAGAS,Doença de Chagas Aguda,522068,Simolandia,GO,2014,0
CHAGAS,Doença de Chagas Aguda,522068,Simolandia,GO,2015,0
CHAGAS,Doença de Chagas Aguda,522068,Simolandia,GO,2016,0
CHAGAS,Doença de Chagas Aguda,522068,Simolandia,GO,2017,0
CHAGAS,Doença de Chagas Aguda,522068,Simolandia,GO,2018,0
CHAGAS,Doença de Chagas Aguda,522068,Simolandia,GO,2019,0
CHAGAS,Doença de Chagas Aguda,522068,Simolandia,GO,2020,0
CHAGAS,Doença de Chagas Aguda,522068,Simolandia,GO,2021,0
CHAGAS,Doença de Chagas Aguda,522068,Simolandia,GO,2022,0
CHAGAS,Doença de Chagas Aguda,522068,Simolandia,GO,2023,0
CHAGAS,Doença de Chagas Aguda,522068,Simolandia,GO,2024,0
CHAGAS,Doença de Chagas Aguda,522170,Uruana,GO,2006,0
CHAGAS,Doença de Chagas Aguda,522170,Uruana,GO,2007,0
CHAGAS,Doença de Chagas Aguda,522170,Uruana,GO,2008,0
CHAGAS,Doença de Chagas Aguda,522170,Uruana,GO,2009,0
CHAGAS,Doença de Chagas Aguda,522170,Uruana,GO,2010,2
CHAGAS,Doença de Chagas Aguda,522170,Uruana,GO,2011,0
CHAGAS,Doença de Chagas Aguda,522170,Uruana,GO,2012,0
CHAGAS,Doença de Chagas Aguda,522170,Uruana,GO,2013,0
CHAGAS,Doença de Chagas Aguda,522170,Uruana,GO,2014,0
CHAGAS,Doença de Chagas Aguda,522170,Uruana,GO,2015,0
CHAGAS,Doença de Chagas Aguda,522170,Uruana,GO,2016,0
CHAGAS,Doença de Chagas Aguda,522170,Uruana,GO,2017,0
CHAGAS,Doença de Chagas Aguda,522170,Uruana,GO,2018,0
CHAGAS,Doença de Chagas Aguda,522170,Uruana,GO,2019,0
CHAGAS,Doença de Chagas Aguda,522170,Uruana,GO,2020,0
CHAGAS,Doença de Chagas Aguda,522170,Uruana,GO,2021,0
CHAGAS,Doença de Chagas Aguda,522170,Uruana,GO,2022,0
CHAGAS,Doença de Chagas Aguda,522170,Uruana,GO,2023,0
CHAGAS,Doença de Chagas Aguda,522170,Uruana,GO,2024,0
CHAGAS,Doença de Chagas Aguda,210130,Bacuri,MA,2006,0
CHAGAS,Doença de Chagas Aguda,210130,Bacuri,MA,2007,0
CHAGAS,Doença de Chagas Aguda,210130,Bacuri,MA,2008,0
CHAGAS,Doença de Chagas Aguda,210130,Bacuri,MA,2009,0
CHAGAS,Doença de Chagas Aguda,210130,Bacuri,MA,2010,0
CHAGAS,Doença de Chagas Aguda,210130,Bacuri,MA,2011,0
CHAGAS,Doença de Chagas Aguda,210130,Bacuri,MA,2012,0
CHAGAS,Doença de Chagas Aguda,210130,Bacuri,MA,2013,0
CHAGAS,Doença de Chagas Aguda,210130,Bacuri,MA,2014,0
CHAGAS,Doença de Chagas Aguda,210130,Bacuri,MA,2015,0
CHAGAS,Doença de Chagas Aguda,210130,Bacuri,MA,2016,0
CHAGAS,Doença de Chagas Aguda,210130,Bacuri,MA,2017,0
CHAGAS,Doença de Chagas Aguda,210130,Bacuri,MA,2018,0
CHAGAS,Doença de Chagas Aguda,210130,Bacuri,MA,2019,0
CHAGAS,Doença de Chagas Aguda,210130,Bacuri,MA,2020,0
CHAGAS,Doença de Chagas Aguda,210130,Bacuri,MA,2021,0
CHAGAS,Doença de Chagas Aguda,210130,Bacuri,MA,2022,1
CHAGAS,Doença de Chagas Aguda,210130,Bacuri,MA,2023,0
CHAGAS,Doença de Chagas Aguda,210130,Bacuri,MA,2024,0
CHAGAS,Doença de Chagas Aguda,210160,Barra do Corda,MA,2006,0
CHAGAS,Doença de Chagas Aguda,210160,Barra do Corda,MA,2007,0
CHAGAS,Doença de Chagas Aguda,210160,Barra do Corda,MA,2008,0
CHAGAS,Doença de Chagas Aguda,210160,Barra do Corda,MA,2009,0
CHAGAS,Doença de Chagas Aguda,210160,Barra do Corda,MA,2010,0
CHAGAS,Doença de Chagas Aguda,210160,Barra do Corda,MA,2011,3
CHAGAS,Doença de Chagas Aguda,210160,Barra do Corda,MA,2012,0
CHAGAS,Doença de Chagas Aguda,210160,Barra do Corda,MA,2013,0
CHAGAS,Doença de Chagas Aguda,210160,Barra do Corda,MA,2014,0
CHAGAS,Doença de Chagas Aguda,210160,Barra do Corda,MA,2015,0
CHAGAS,Doença de Chagas Aguda,210160,Barra do Corda,MA,2016,0
CHAGAS,Doença de Chagas Aguda,210160,Barra do Corda,MA,2017,0
CHAGAS,Doença de Chagas Aguda,210160,Barra do Corda,MA,2018,0
CHAGAS,Doença de Chagas Aguda,210160,Barra do Corda,MA,2019,0
CHAGAS,Doença de Chagas Aguda,210160,Barra do Corda,MA,2020,0
CHAGAS,Doença de Chagas Aguda,210160,Barra do Corda,MA,2021,0
CHAGAS,Doença de Chagas Aguda,210160,Barra do Corda,MA,2022,0
CHAGAS,Doença de Chagas Aguda,210160,Barra do Corda,MA,2023,0
CHAGAS,Doença de Chagas Aguda,210160,Barra do Corda,MA,2024,0
CHAGAS,Doença de Chagas Aguda,210190,Bequimao,MA,2006,0
CHAGAS,Doença de Chagas Aguda,210190,Bequimao,MA,2007,0
CHAGAS,Doença de Chagas Aguda,210190,Bequimao,MA,2008,0
CHAGAS,Doença de Chagas Aguda,210190,Bequimao,MA,2009,0
CHAGAS,Doença de Chagas Aguda,210190,Bequimao,MA,2010,0
CHAGAS,Doença de Chagas Aguda,210190,Bequimao,MA,2011,0
CHAGAS,Doença de Chagas Aguda,210190,Bequimao,MA,2012,0
CHAGAS,Doença de Chagas Aguda,210190,Bequimao,MA,2013,0
CHAGAS,Doença de Chagas Aguda,210190,Bequimao,MA,2014,0
CHAGAS,Doença de Chagas Aguda,210190,Bequimao,MA,2015,0
CHAGAS,Doença de Chagas Aguda,210190,Bequimao,MA,2016,0
CHAGAS,Doença de Chagas Aguda,210190,Bequimao,MA,2017,1
CHAGAS,Doença de Chagas Aguda,210190,Bequimao,MA,2018,0
CHAGAS,Doença de Chagas Aguda,210190,Bequimao,MA,2019,0
CHAGAS,Doença de Chagas Aguda,210190,Bequimao,MA,2020,0
CHAGAS,Doença de Chagas Aguda,210190,Bequimao,MA,2021,0
CHAGAS,Doença de Chagas Aguda,210190,Bequimao,MA,2022,0
CHAGAS,Doença de Chagas Aguda,210190,Bequimao,MA,2023,0
CHAGAS,Doença de Chagas Aguda,210190,Bequimao,MA,2024,0
CHAGAS,Doença de Chagas Aguda,210300,Caxias,MA,2006,0
CHAGAS,Doença de Chagas Aguda,210300,Caxias,MA,2007,0
CHAGAS,Doença de Chagas Aguda,210300,Caxias,MA,2008,0
CHAGAS,Doença de Chagas Aguda,210300,Caxias,MA,2009,0
CHAGAS,Doença de Chagas Aguda,210300,Caxias,MA,2010,0
CHAGAS,Doença de Chagas Aguda,210300,Caxias,MA,2011,1
CHAGAS,Doença de Chagas Aguda,210300,Caxias,MA,2012,0
CHAGAS,Doença de Chagas Aguda,210300,Caxias,MA,2013,0
CHAGAS,Doença de Chagas Aguda,210300,Caxias,MA,2014,1
CHAGAS,Doença de Chagas Aguda,210300,Caxias,MA,2015,0
CHAGAS,Doença de Chagas Aguda,210300,Caxias,MA,2016,0
CHAGAS,Doença de Chagas Aguda,210300,Caxias,MA,2017,0
CHAGAS,Doença de Chagas Aguda,210300,Caxias,MA,2018,0
CHAGAS,Doença de Chagas Aguda,210300,Caxias,MA,2019,0
CHAGAS,Doença de Chagas Aguda,210300,Caxias,MA,2020,0
CHAGAS,Doença de Chagas Aguda,210300,Caxias,MA,2021,0
CHAGAS,Doença de Chagas Aguda,210300,Caxias,MA,2022,0
CHAGAS,Doença de Chagas Aguda,210300,Caxias,MA,2023,0
CHAGAS,Doença de Chagas Aguda,210300,Caxias,MA,2024,0
CHAGAS,Doença de Chagas Aguda,210340,Coelho Neto,MA,2006,0
CHAGAS,Doença de Chagas Aguda,210340,Coelho Neto,MA,2007,0
CHAGAS,Doença de Chagas Aguda,210340,Coelho Neto,MA,2008,0
CHAGAS,Doença de Chagas Aguda,210340,Coelho Neto,MA,2009,1
CHAGAS,Doença de Chagas Aguda,210340,Coelho Neto,MA,2010,0
CHAGAS,Doença de Chagas Aguda,210340,Coelho Neto,MA,2011,0
CHAGAS,Doença de Chagas Aguda,210340,Coelho Neto,MA,2012,0
CHAGAS,Doença de Chagas Aguda,210340,Coelho Neto,MA,2013,0
CHAGAS,Doença de Chagas Aguda,210340,Coelho Neto,MA,2014,0
CHAGAS,Doença de Chagas Aguda,210340,Coelho Neto,MA,2015,0
CHAGAS,Doença de Chagas Aguda,210340,Coelho Neto,MA,2016,0
CHAGAS,Doença de Chagas Aguda,210340,Coelho Neto,MA,2017,0
CHAGAS,Doença de Chagas Aguda,210340,Coelho Neto,MA,2018,0
CHAGAS,Doença de Chagas Aguda,210340,Coelho Neto,MA,2019,0
CHAGAS,Doença de Chagas Aguda,210340,Coelho Neto,MA,2020,0
CHAGAS,Doença de Chagas Aguda,210340,Coelho Neto,MA,2021,0
CHAGAS,Doença de Chagas Aguda,210340,Coelho Neto,MA,2022,0
CHAGAS,Doença de Chagas Aguda,210340,Coelho Neto,MA,2023,0
CHAGAS,Doença de Chagas Aguda,210340,Coelho Neto,MA,2024,0
CHAGAS,Doença de Chagas Aguda,210510,Icatu,MA,2006,0
CHAGAS,Doença de Chagas Aguda,210510,Icatu,MA,2007,0
CHAGAS,Doença de Chagas Aguda,210510,Icatu,MA,2008,1
CHAGAS,Doença de Chagas Aguda,210510,Icatu,MA,2009,0
CHAGAS,Doença de Chagas Aguda,210510,Icatu,MA,2010,0
CHAGAS,Doença de Chagas Aguda,210510,Icatu,MA,2011,0
CHAGAS,Doença de Chagas Aguda,210510,Icatu,MA,2012,0
CHAGAS,Doença de Chagas Aguda,210510,Icatu,MA,2013,0
CHAGAS,Doença de Chagas Aguda,210510,Icatu,MA,2014,0
CHAGAS,Doença de Chagas Aguda,210510,Icatu,MA,2015,0
CHAGAS,Doença de Chagas Aguda,210510,Icatu,MA,2016,0
CHAGAS,Doença de Chagas Aguda,210510,Icatu,MA,2017,0
CHAGAS,Doença de Chagas Aguda,210510,Icatu,MA,2018,0
CHAGAS,Doença de Chagas Aguda,210510,Icatu,MA,2019,0
CHAGAS,Doença de Chagas Aguda,210510,Icatu,MA,2020,0
CHAGAS,Doença de Chagas Aguda,210510,Icatu,MA,2021,0
CHAGAS,Doença de Chagas Aguda,210510,Icatu,MA,2022,0
CHAGAS,Doença de Chagas Aguda,210510,Icatu,MA,2023,0
CHAGAS,Doença de Chagas Aguda,210510,Icatu,MA,2024,0
CHAGAS,Doença de Chagas Aguda,210530,Imperatriz,MA,2006,0
CHAGAS,Doença de Chagas Aguda,210530,Imperatriz,MA,2007,1
CHAGAS,Doença de Chagas Aguda,210530,Imperatriz,MA,2008,0
CHAGAS,Doença de Chagas Aguda,210530,Imperatriz,MA,2009,0
CHAGAS,Doença de Chagas Aguda,210530,Imperatriz,MA,2010,0
CHAGAS,Doença de Chagas Aguda,210530,Imperatriz,MA,2011,0
CHAGAS,Doença de Chagas Aguda,210530,Imperatriz,MA,2012,0
CHAGAS,Doença de Chagas Aguda,210530,Imperatriz,MA,2013,0
CHAGAS,Doença de Chagas Aguda,210530,Imperatriz,MA,2014,0
CHAGAS,Doença de Chagas Aguda,210530,Imperatriz,MA,2015,0
CHAGAS,Doença de Chagas Aguda,210530,Imperatriz,MA,2016,0
CHAGAS,Doença de Chagas Aguda,210530,Imperatriz,MA,2017,0
CHAGAS,Doença de Chagas Aguda,210530,Imperatriz,MA,2018,0
CHAGAS,Doença de Chagas Aguda,210530,Imperatriz,MA,2019,1
CHAGAS,Doença de Chagas Aguda,210530,Imperatriz,MA,2020,0
CHAGAS,Doença de Chagas Aguda,210530,Imperatriz,MA,2021,1
CHAGAS,Doença de Chagas Aguda,210530,Imperatriz,MA,2022,0
CHAGAS,Doença de Chagas Aguda,210530,Imperatriz,MA,2023,0
CHAGAS,Doença de Chagas Aguda,210530,Imperatriz,MA,2024,0
CHAGAS,Doença de Chagas Aguda,210825,Pedro do Rosario,MA,2006,0
CHAGAS,Doença de Chagas Aguda,210825,Pedro do Rosario,MA,2007,0
CHAGAS,Doença de Chagas Aguda,210825,Pedro do Rosario,MA,2008,0
CHAGAS,Doença de Chagas Aguda,210825,Pedro do Rosario,MA,2009,0
CHAGAS,Doença de Chagas Aguda,210825,Pedro do Rosario,MA,2010,0
CHAGAS,Doença de Chagas Aguda,210825,Pedro do Rosario,MA,2011,0
CHAGAS,Doença de Chagas Aguda,210825,Pedro do Rosario,MA,2012,0
CHAGAS,Doença de Chagas Aguda,210825,Pedro do Rosario,MA,2013,0
CHAGAS,Doença de Chagas Aguda,210825,Pedro do Rosario,MA,2014,0
CHAGAS,Doença de Chagas Aguda,210825,Pedro do Rosario,MA,2015,0
CHAGAS,Doença de Chagas Aguda,210825,Pedro do Rosario,MA,2016,0
CHAGAS,Doença de Chagas Aguda,210825,Pedro do Rosario,MA,2017,0
CHAGAS,Doença de Chagas Aguda,210825,Pedro do Rosario,MA,2018,20
CHAGAS,Doença de Chagas Aguda,210825,Pedro do Rosario,MA,2019,0
CHAGAS,Doença de Chagas Aguda,210825,Pedro do Rosario,MA,2020,0
CHAGAS,Doença de Chagas Aguda,210825,Pedro do Rosario,MA,2021,0
CHAGAS,Doença de Chagas Aguda,210825,Pedro do Rosario,MA,2022,0
CHAGAS,Doença de Chagas Aguda,210825,Pedro do Rosario,MA,2023,0
CHAGAS,Doença de Chagas Aguda,210825,Pedro do Rosario,MA,2024,0
CHAGAS,Doença de Chagas Aguda,210860,Pinheiro,MA,2006,0
CHAGAS,Doença de Chagas Aguda,210860,Pinheiro,MA,2007,1
CHAGAS,Doença de Chagas Aguda,210860,Pinheiro,MA,2008,0
CHAGAS,Doença de Chagas Aguda,210860,Pinheiro,MA,2009,0
CHAGAS,Doença de Chagas Aguda,210860,Pinheiro,MA,2010,0
CHAGAS,Doença de Chagas Aguda,210860,Pinheiro,MA,2011,0
CHAGAS,Doença de Chagas Aguda,210860,Pinheiro,MA,2012,0
CHAGAS,Doença de Chagas Aguda,210860,Pinheiro,MA,2013,0
CHAGAS,Doença de Chagas Aguda,210860,Pinheiro,MA,2014,0
CHAGAS,Doença de Chagas Aguda,210860,Pinheiro,MA,2015,0
CHAGAS,Doença de Chagas Aguda,210860,Pinheiro,MA,2016,0
CHAGAS,Doença de Chagas Aguda,210860,Pinheiro,MA,2017,0
CHAGAS,Doença de Chagas Aguda,210860,Pinheiro,MA,2018,3
CHAGAS,Doença de Chagas Aguda,210860,Pinheiro,MA,2019,1
CHAGAS,Doença de Chagas Aguda,210860,Pinheiro,MA,2020,0
CHAGAS,Doença de Chagas Aguda,210860,Pinheiro,MA,2021,1
CHAGAS,Doença de Chagas Aguda,210860,Pinheiro,MA,2022,0
CHAGAS,Doença de Chagas Aguda,210860,Pinheiro,MA,2023,0
CHAGAS,Doença de Chagas Aguda,210860,Pinheiro,MA,2024,0
CHAGAS,Doença de Chagas Aguda,210900,Porto Franco,MA,2006,0
CHAGAS,Doença de Chagas Aguda,210900,Porto Franco,MA,2007,0
CHAGAS,Doença de Chagas Aguda,210900,Porto Franco,MA,2008,0
CHAGAS,Doença de Chagas Aguda,210900,Porto Franco,MA,2009,0
CHAGAS,Doença de Chagas Aguda,210900,Porto Franco,MA,2010,0
CHAGAS,Doença de Chagas Aguda,210900,Porto Franco,MA,2011,1
CHAGAS,Doença de Chagas Aguda,210900,Porto Franco,MA,2012,0
CHAGAS,Doença de Chagas Aguda,210900,Porto Franco,MA,2013,0
CHAGAS,Doença de Chagas Aguda,210900,Porto Franco,MA,2014,0
CHAGAS,Doença de Chagas Aguda,210900,Porto Franco,MA,2015,0
CHAGAS,Doença de Chagas Aguda,210900,Porto Franco,MA,2016,0
CHAGAS,Doença de Chagas Aguda,210900,Porto Franco,MA,2017,0
CHAGAS,Doença de Chagas Aguda,210900,Porto Franco,MA,2018,0
CHAGAS,Doença de Chagas Aguda,210900,Porto Franco,MA,2019,0
CHAGAS,Doença de Chagas Aguda,210900,Porto Franco,MA,2020,0
CHAGAS,Doença de Chagas Aguda,210900,Porto Franco,MA,2021,0
CHAGAS,Doença de Chagas Aguda,210900,Porto Franco,MA,2022,0
CHAGAS,Doença de Chagas Aguda,210900,Porto Franco,MA,2023,0
CHAGAS,Doença de Chagas Aguda,210900,Porto Franco,MA,2024,0
CHAGAS,Doença de Chagas Aguda,210960,Rosario,MA,2006,0
CHAGAS,Doença de Chagas Aguda,210960,Rosario,MA,2007,0
CHAGAS,Doença de Chagas Aguda,210960,Rosario,MA,2008,0
CHAGAS,Doença de Chagas Aguda,210960,Rosario,MA,2009,1
CHAGAS,Doença de Chagas Aguda,210960,Rosario,MA,2010,0
CHAGAS,Doença de Chagas Aguda,210960,Rosario,MA,2011,0
CHAGAS,Doença de Chagas Aguda,210960,Rosario,MA,2012,0
CHAGAS,Doença de Chagas Aguda,210960,Rosario,MA,2013,0
CHAGAS,Doença de Chagas Aguda,210960,Rosario,MA,2014,0
CHAGAS,Doença de Chagas Aguda,210960,Rosario,MA,2015,0
CHAGAS,Doença de Chagas Aguda,210960,Rosario,MA,2016,0
CHAGAS,Doença de Chagas Aguda,210960,Rosario,MA,2017,0
CHAGAS,Doença de Chagas Aguda,210960,Rosario,MA,2018,0
CHAGAS,Doença de Chagas Aguda,210960,Rosario,MA,2019,0
CHAGAS,Doença de Chagas Aguda,210960,Rosario,MA,2020,0
CHAGAS,Doença de Chagas Aguda,210960,Rosario,MA,2021,0
CHAGAS,Doença de Chagas Aguda,210960,Rosario,MA,2022,0
CHAGAS,Doença de Chagas Aguda,210960,Rosario,MA,2023,0
CHAGAS,Doença de Chagas Aguda,210960,Rosario,MA,2024,0
CHAGAS,Doença de Chagas Aguda,211020,Santa Rita,MA,2006,0
CHAGAS,Doença de Chagas Aguda,211020,Santa Rita,MA,2007,0
CHAGAS,Doença de Chagas Aguda,211020,Santa Rita,MA,2008,0
CHAGAS,Doença de Chagas Aguda,211020,Santa Rita,MA,2009,0
CHAGAS,Doença de Chagas Aguda,211020,Santa Rita,MA,2010,0
CHAGAS,Doença de Chagas Aguda,211020,Santa Rita,MA,2011,0
CHAGAS,Doença de Chagas Aguda,211020,Santa Rita,MA,2012,0
CHAGAS,Doença de Chagas Aguda,211020,Santa Rita,MA,2013,0
CHAGAS,Doença de Chagas Aguda,211020,Santa Rita,MA,2014,0
CHAGAS,Doença de Chagas Aguda,211020,Santa Rita,MA,2015,0
CHAGAS,Doença de Chagas Aguda,211020,Santa Rita,MA,2016,0
CHAGAS,Doença de Chagas Aguda,211020,Santa Rita,MA,2017,0
CHAGAS,Doença de Chagas Aguda,211020,Santa Rita,MA,2018,1
CHAGAS,Doença de Chagas Aguda,211020,Santa Rita,MA,2019,0
CHAGAS,Doença de Chagas Aguda,211020,Santa Rita,MA,2020,0
CHAGAS,Doença de Chagas Aguda,211020,Santa Rita,MA,2021,0
CHAGAS,Doença de Chagas Aguda,211020,Santa Rita,MA,2022,0
CHAGAS,Doença de Chagas Aguda,211020,Santa Rita,MA,2023,0
CHAGAS,Doença de Chagas Aguda,211020,Santa Rita,MA,2024,0
CHAGAS,Doença de Chagas Aguda,211130,Sao Luis,MA,2006,0
CHAGAS,Doença de Chagas Aguda,211130,Sao Luis,MA,2007,0
CHAGAS,Doença de Chagas Aguda,211130,Sao Luis,MA,2008,2
CHAGAS,Doença de Chagas Aguda,211130,Sao Luis,MA,2009,0
CHAGAS,Doença de Chagas Aguda,211130,Sao Luis,MA,2010,0
CHAGAS,Doença de Chagas Aguda,211130,Sao Luis,MA,2011,0
CHAGAS,Doença de Chagas Aguda,211130,Sao Luis,MA,2012,0
CHAGAS,Doença de Chagas Aguda,211130,Sao Luis,MA,2013,0
CHAGAS,Doença de Chagas Aguda,211130,Sao Luis,MA,2014,0
CHAGAS,Doença de Chagas Aguda,211130,Sao Luis,MA,2015,0
CHAGAS,Doença de Chagas Aguda,211130,Sao Luis,MA,2016,0
CHAGAS,Doença de Chagas Aguda,211130,Sao Luis,MA,2017,0
CHAGAS,Doença de Chagas Aguda,211130,Sao Luis,MA,2018,0
CHAGAS,Doença de Chagas Aguda,211130,Sao Luis,MA,2019,0
CHAGAS,Doença de Chagas Aguda,211130,Sao Luis,MA,2020,0
CHAGAS,Doença de Chagas Aguda,211130,Sao Luis,MA,2021,0
CHAGAS,Doença de Chagas Aguda,211130,Sao Luis,MA,2022,0
CHAGAS,Doença de Chagas Aguda,211130,Sao Luis,MA,2023,0
CHAGAS,Doença de Chagas Aguda,211130,Sao Luis,MA,2024,1
CHAGAS,Doença de Chagas Aguda,211167,Sao Roberto,MA,2006,0
CHAGAS,Doença de Chagas Aguda,211167,Sao Roberto,MA,2007,0
CHAGAS,Doença de Chagas Aguda,211167,Sao Roberto,MA,2008,0
CHAGAS,Doença de Chagas Aguda,211167,Sao Roberto,MA,2009,0
CHAGAS,Doença de Chagas Aguda,211167,Sao Roberto,MA,2010,0
CHAGAS,Doença de Chagas Aguda,211167,Sao Roberto,MA,2011,5
CHAGAS,Doença de Chagas Aguda,211167,Sao Roberto,MA,2012,0
CHAGAS,Doença de Chagas Aguda,211167,Sao Roberto,MA,2013,0
CHAGAS,Doença de Chagas Aguda,211167,Sao Roberto,MA,2014,0
CHAGAS,Doença de Chagas Aguda,211167,Sao Roberto,MA,2015,0
CHAGAS,Doença de Chagas Aguda,211167,Sao Roberto,MA,2016,0
CHAGAS,Doença de Chagas Aguda,211167,Sao Roberto,MA,2017,0
CHAGAS,Doença de Chagas Aguda,211167,Sao Roberto,MA,2018,0
CHAGAS,Doença de Chagas Aguda,211167,Sao Roberto,MA,2019,0
CHAGAS,Doença de Chagas Aguda,211167,Sao Roberto,MA,2020,0
CHAGAS,Doença de Chagas Aguda,211167,Sao Roberto,MA,2021,0
CHAGAS,Doença de Chagas Aguda,211167,Sao Roberto,MA,2022,0
CHAGAS,Doença de Chagas Aguda,211167,Sao Roberto,MA,2023,0
CHAGAS,Doença de Chagas Aguda,211167,Sao Roberto,MA,2024,0
CHAGAS,Doença de Chagas Aguda,211170,Sao Vicente Ferrer,MA,2006,0
CHAGAS,Doença de Chagas Aguda,211170,Sao Vicente Ferrer,MA,2007,0
CHAGAS,Doença de Chagas Aguda,211170,Sao Vicente Ferrer,MA,2008,0
CHAGAS,Doença de Chagas Aguda,211170,Sao Vicente Ferrer,MA,2009,1
CHAGAS,Doença de Chagas Aguda,211170,Sao Vicente Ferrer,MA,2010,0
CHAGAS,Doença de Chagas Aguda,211170,Sao Vicente Ferrer,MA,2011,0
CHAGAS,Doença de Chagas Aguda,211170,Sao Vicente Ferrer,MA,2012,0
CHAGAS,Doença de Chagas Aguda,211170,Sao Vicente Ferrer,MA,2013,0
CHAGAS,Doença de Chagas Aguda,211170,Sao Vicente Ferrer,MA,2014,0
CHAGAS,Doença de Chagas Aguda,211170,Sao Vicente Ferrer,MA,2015,0
CHAGAS,Doença de Chagas Aguda,211170,Sao Vicente Ferrer,MA,2016,0
CHAGAS,Doença de Chagas Aguda,211170,Sao Vicente Ferrer,MA,2017,0
CHAGAS,Doença de Chagas Aguda,211170,Sao Vicente Ferrer,MA,2018,0
CHAGAS,Doença de Chagas Aguda,211170,Sao Vicente Ferrer,MA,2019,0
CHAGAS,Doença de Chagas Aguda,211170,Sao Vicente Ferrer,MA,2020,0
CHAGAS,Doença de Chagas Aguda,211170,Sao Vicente Ferrer,MA,2021,0
CHAGAS,Doença de Chagas Aguda,211170,Sao Vicente Ferrer,MA,2022,0
CHAGAS,Doença de Chagas Aguda,211170,Sao Vicente Ferrer,MA,2023,0
CHAGAS,Doença de Chagas Aguda,211170,Sao Vicente Ferrer,MA,2024,0
CHAGAS,Doença de Chagas Aguda,211240,Turiacu,MA,2006,0
CHAGAS,Doença de Chagas Aguda,211240,Turiacu,MA,2007,0
CHAGAS,Doença de Chagas Aguda,211240,Turiacu,MA,2008,2
CHAGAS,Doença de Chagas Aguda,211240,Turiacu,MA,2009,0
CHAGAS,Doença de Chagas Aguda,211240,Turiacu,MA,2010,0
CHAGAS,Doença de Chagas Aguda,211240,Turiacu,MA,2011,0
CHAGAS,Doença de Chagas Aguda,211240,Turiacu,MA,2012,0
CHAGAS,Doença de Chagas Aguda,211240,Turiacu,MA,2013,1
CHAGAS,Doença de Chagas Aguda,211240,Turiacu,MA,2014,0
CHAGAS,Doença de Chagas Aguda,211240,Turiacu,MA,2015,0
CHAGAS,Doença de Chagas Aguda,211240,Turiacu,MA,2016,1
CHAGAS,Doença de Chagas Aguda,211240,Turiacu,MA,2017,0
CHAGAS,Doença de Chagas Aguda,211240,Turiacu,MA,2018,0
CHAGAS,Doença de Chagas Aguda,211240,Turiacu,MA,2019,0
CHAGAS,Doença de Chagas Aguda,211240,Turiacu,MA,2020,0
CHAGAS,Doença de Chagas Aguda,211240,Turiacu,MA,2021,0
CHAGAS,Doença de Chagas Aguda,211240,Turiacu,MA,2022,0
CHAGAS,Doença de Chagas Aguda,211240,Turiacu,MA,2023,0
CHAGAS,Doença de Chagas Aguda,211240,Turiacu,MA,2024,0
CHAGAS,Doença de Chagas Aguda,211245,Turilandia,MA,2006,0
CHAGAS,Doença de Chagas Aguda,211245,Turilandia,MA,2007,0
CHAGAS,Doença de Chagas Aguda,211245,Turilandia,MA,2008,0
CHAGAS,Doença de Chagas Aguda,211245,Turilandia,MA,2009,0
CHAGAS,Doença de Chagas Aguda,211245,Turilandia,MA,2010,0
CHAGAS,Doença de Chagas Aguda,211245,Turilandia,MA,2011,0
CHAGAS,Doença de Chagas Aguda,211245,Turilandia,MA,2012,0
CHAGAS,Doença de Chagas Aguda,211245,Turilandia,MA,2013,0
CHAGAS,Doença de Chagas Aguda,211245,Turilandia,MA,2014,0
CHAGAS,Doença de Chagas Aguda,211245,Turilandia,MA,2015,10
CHAGAS,Doença de Chagas Aguda,211245,Turilandia,MA,2016,0
CHAGAS,Doença de Chagas Aguda,211245,Turilandia,MA,2017,0
CHAGAS,Doença de Chagas Aguda,211245,Turilandia,MA,2018,1
CHAGAS,Doença de Chagas Aguda,211245,Turilandia,MA,2019,0
CHAGAS,Doença de Chagas Aguda,211245,Turilandia,MA,2020,0
CHAGAS,Doença de Chagas Aguda,211245,Turilandia,MA,2021,0
CHAGAS,Doença de Chagas Aguda,211245,Turilandia,MA,2022,0
CHAGAS,Doença de Chagas Aguda,211245,Turilandia,MA,2023,0
CHAGAS,Doença de Chagas Aguda,211245,Turilandia,MA,2024,0
CHAGAS,Doença de Chagas Aguda,211250,Tutoia,MA,2006,0
CHAGAS,Doença de Chagas Aguda,211250,Tutoia,MA,2007,0
CHAGAS,Doença de Chagas Aguda,211250,Tutoia,MA,2008,0
CHAGAS,Doença de Chagas Aguda,211250,Tutoia,MA,2009,1
CHAGAS,Doença de Chagas Aguda,211250,Tutoia,MA,2010,0
CHAGAS,Doença de Chagas Aguda,211250,Tutoia,MA,2011,0
CHAGAS,Doença de Chagas Aguda,211250,Tutoia,MA,2012,0
CHAGAS,Doença de Chagas Aguda,211250,Tutoia,MA,2013,0
CHAGAS,Doença de Chagas Aguda,211250,Tutoia,MA,2014,0
CHAGAS,Doença de Chagas Aguda,211250,Tutoia,MA,2015,0
CHAGAS,Doença de Chagas Aguda,211250,Tutoia,MA,2016,0
CHAGAS,Doença de Chagas Aguda,211250,Tutoia,MA,2017,0
CHAGAS,Doença de Chagas Aguda,211250,Tutoia,MA,2018,0
CHAGAS,Doença de Chagas Aguda,211250,Tutoia,MA,2019,0
CHAGAS,Doença de Chagas Aguda,211250,Tutoia,MA,2020,0
CHAGAS,Doença de Chagas Aguda,211250,Tutoia,MA,2021,0
CHAGAS,Doença de Chagas Aguda,211250,Tutoia,MA,2022,0
CHAGAS,Doença de Chagas Aguda,211250,Tutoia,MA,2023,0
CHAGAS,Doença de Chagas Aguda,211250,Tutoia,MA,2024,0
CHAGAS,Doença de Chagas Aguda,211400,ze Doca,MA,2006,0
CHAGAS,Doença de Chagas Aguda,211400,ze Doca,MA,2007,0
CHAGAS,Doença de Chagas Aguda,211400,ze Doca,MA,2008,0
CHAGAS,Doença de Chagas Aguda,211400,ze Doca,MA,2009,1
CHAGAS,Doença de Chagas Aguda,211400,ze Doca,MA,2010,0
CHAGAS,Doença de Chagas Aguda,211400,ze Doca,MA,2011,0
CHAGAS,Doença de Chagas Aguda,211400,ze Doca,MA,2012,0
CHAGAS,Doença de Chagas Aguda,211400,ze Doca,MA,2013,0
CHAGAS,Doença de Chagas Aguda,211400,ze Doca,MA,2014,0
CHAGAS,Doença de Chagas Aguda,211400,ze Doca,MA,2015,0
CHAGAS,Doença de Chagas Aguda,211400,ze Doca,MA,2016,0
CHAGAS,Doença de Chagas Aguda,211400,ze Doca,MA,2017,0
CHAGAS,Doença de Chagas Aguda,211400,ze Doca,MA,2018,0
CHAGAS,Doença de Chagas Aguda,211400,ze Doca,MA,2019,0
CHAGAS,Doença de Chagas Aguda,211400,ze Doca,MA,2020,0
CHAGAS,Doença de Chagas Aguda,211400,ze Doca,MA,2021,0
CHAGAS,Doença de Chagas Aguda,211400,ze Doca,MA,2022,0
CHAGAS,Doença de Chagas Aguda,211400,ze Doca,MA,2023,0
CHAGAS,Doença de Chagas Aguda,211400,ze Doca,MA,2024,0
CHAGAS,Doença de Chagas Aguda,311920,Coroaci,MG,2006,0
CHAGAS,Doença de Chagas Aguda,311920,Coroaci,MG,2007,0
CHAGAS,Doença de Chagas Aguda,311920,Coroaci,MG,2008,0
CHAGAS,Doença de Chagas Aguda,311920,Coroaci,MG,2009,0
CHAGAS,Doença de Chagas Aguda,311920,Coroaci,MG,2010,0
CHAGAS,Doença de Chagas Aguda,311920,Coroaci,MG,2011,0
CHAGAS,Doença de Chagas Aguda,311920,Coroaci,MG,2012,0
CHAGAS,Doença de Chagas Aguda,311920,Coroaci,MG,2013,0
CHAGAS,Doença de Chagas Aguda,311920,Coroaci,MG,2014,0
CHAGAS,Doença de Chagas Aguda,311920,Coroaci,MG,2015,0
CHAGAS,Doença de Chagas Aguda,311920,Coroaci,MG,2016,0
CHAGAS,Doença de Chagas Aguda,311920,Coroaci,MG,2017,0
CHAGAS,Doença de Chagas Aguda,311920,Coroaci,MG,2018,0
CHAGAS,Doença de Chagas Aguda,311920,Coroaci,MG,2019,0
CHAGAS,Doença de Chagas Aguda,311920,Coroaci,MG,2020,1
CHAGAS,Doença de Chagas Aguda,311920,Coroaci,MG,2021,0
CHAGAS,Doença de Chagas Aguda,311920,Coroaci,MG,2022,0
CHAGAS,Doença de Chagas Aguda,311920,Coroaci,MG,2023,0
CHAGAS,Doença de Chagas Aguda,311920,Coroaci,MG,2024,0
CHAGAS,Doença de Chagas Aguda,314085,Matias Cardoso,MG,2006,0
CHAGAS,Doença de Chagas Aguda,314085,Matias Cardoso,MG,2007,0
CHAGAS,Doença de Chagas Aguda,314085,Matias Cardoso,MG,2008,0
CHAGAS,Doença de Chagas Aguda,314085,Matias Cardoso,MG,2009,0
CHAGAS,Doença de Chagas Aguda,314085,Matias Cardoso,MG,2010,0
CHAGAS,Doença de Chagas Aguda,314085,Matias Cardoso,MG,2011,0
CHAGAS,Doença de Chagas Aguda,314085,Matias Cardoso,MG,2012,0
CHAGAS,Doença de Chagas Aguda,314085,Matias Cardoso,MG,2013,0
CHAGAS,Doença de Chagas Aguda,314085,Matias Cardoso,MG,2014,0
CHAGAS,Doença de Chagas Aguda,314085,Matias Cardoso,MG,2015,0
CHAGAS,Doença de Chagas Aguda,314085,Matias Cardoso,MG,2016,0
CHAGAS,Doença de Chagas Aguda,314085,Matias Cardoso,MG,2017,0
CHAGAS,Doença de Chagas Aguda,314085,Matias Cardoso,MG,2018,0
CHAGAS,Doença de Chagas Aguda,314085,Matias Cardoso,MG,2019,0
CHAGAS,Doença de Chagas Aguda,314085,Matias Cardoso,MG,2020,0
CHAGAS,Doença de Chagas Aguda,314085,Matias Cardoso,MG,2021,0
CHAGAS,Doença de Chagas Aguda,314085,Matias Cardoso,MG,2022,1
CHAGAS,Doença de Chagas Aguda,314085,Matias Cardoso,MG,2023,0
CHAGAS,Doença de Chagas Aguda,314085,Matias Cardoso,MG,2024,0
CHAGAS,Doença de Chagas Aguda,500110,Aquidauana,MS,2006,0
CHAGAS,Doença de Chagas Aguda,500110,Aquidauana,MS,2007,0
CHAGAS,Doença de Chagas Aguda,500110,Aquidauana,MS,2008,0
CHAGAS,Doença de Chagas Aguda,500110,Aquidauana,MS,2009,0
CHAGAS,Doença de Chagas Aguda,500110,Aquidauana,MS,2010,0
CHAGAS,Doença de Chagas Aguda,500110,Aquidauana,MS,2011,0
CHAGAS,Doença de Chagas Aguda,500110,Aquidauana,MS,2012,0
CHAGAS,Doença de Chagas Aguda,500110,Aquidauana,MS,2013,0
CHAGAS,Doença de Chagas Aguda,500110,Aquidauana,MS,2014,0
CHAGAS,Doença de Chagas Aguda,500110,Aquidauana,MS,2015,0
CHAGAS,Doença de Chagas Aguda,500110,Aquidauana,MS,2016,0
CHAGAS,Doença de Chagas Aguda,500110,Aquidauana,MS,2017,0
CHAGAS,Doença de Chagas Aguda,500110,Aquidauana,MS,2018,0
CHAGAS,Doença de Chagas Aguda,500110,Aquidauana,MS,2019,0
CHAGAS,Doença de Chagas Aguda,500110,Aquidauana,MS,2020,0
CHAGAS,Doença de Chagas Aguda,500110,Aquidauana,MS,2021,0
CHAGAS,Doença de Chagas Aguda,500110,Aquidauana,MS,2022,1
CHAGAS,Doença de Chagas Aguda,500110,Aquidauana,MS,2023,0
CHAGAS,Doença de Chagas Aguda,500110,Aquidauana,MS,2024,0
CHAGAS,Doença de Chagas Aguda,500150,Bandeirantes,MS,2006,0
CHAGAS,Doença de Chagas Aguda,500150,Bandeirantes,MS,2007,0
CHAGAS,Doença de Chagas Aguda,500150,Bandeirantes,MS,2008,0
CHAGAS,Doença de Chagas Aguda,500150,Bandeirantes,MS,2009,0
CHAGAS,Doença de Chagas Aguda,500150,Bandeirantes,MS,2010,0
CHAGAS,Doença de Chagas Aguda,500150,Bandeirantes,MS,2011,0
CHAGAS,Doença de Chagas Aguda,500150,Bandeirantes,MS,2012,0
CHAGAS,Doença de Chagas Aguda,500150,Bandeirantes,MS,2013,0
CHAGAS,Doença de Chagas Aguda,500150,Bandeirantes,MS,2014,0
CHAGAS,Doença de Chagas Aguda,500150,Bandeirantes,MS,2015,0
CHAGAS,Doença de Chagas Aguda,500150,Bandeirantes,MS,2016,0
CHAGAS,Doença de Chagas Aguda,500150,Bandeirantes,MS,2017,0
CHAGAS,Doença de Chagas Aguda,500150,Bandeirantes,MS,2018,0
CHAGAS,Doença de Chagas Aguda,500150,Bandeirantes,MS,2019,0
CHAGAS,Doença de Chagas Aguda,500150,Bandeirantes,MS,2020,0
CHAGAS,Doença de Chagas Aguda,500150,Bandeirantes,MS,2021,0
CHAGAS,Doença de Chagas Aguda,500150,Bandeirantes,MS,2022,0
CHAGAS,Doença de Chagas Aguda,500150,Bandeirantes,MS,2023,1
CHAGAS,Doença de Chagas Aguda,500150,Bandeirantes,MS,2024,0
CHAGAS,Doença de Chagas Aguda,500240,Caarapo,MS,2006,0
CHAGAS,Doença de Chagas Aguda,500240,Caarapo,MS,2007,0
CHAGAS,Doença de Chagas Aguda,500240,Caarapo,MS,2008,0
CHAGAS,Doença de Chagas Aguda,500240,Caarapo,MS,2009,0
CHAGAS,Doença de Chagas Aguda,500240,Caarapo,MS,2010,0
CHAGAS,Doença de Chagas Aguda,500240,Caarapo,MS,2011,0
CHAGAS,Doença de Chagas Aguda,500240,Caarapo,MS,2012,0
CHAGAS,Doença de Chagas Aguda,500240,Caarapo,MS,2013,0
CHAGAS,Doença de Chagas Aguda,500240,Caarapo,MS,2014,0
CHAGAS,Doença de Chagas Aguda,500240,Caarapo,MS,2015,0
CHAGAS,Doença de Chagas Aguda,500240,Caarapo,MS,2016,0
CHAGAS,Doença de Chagas Aguda,500240,Caarapo,MS,2017,0
CHAGAS,Doença de Chagas Aguda,500240,Caarapo,MS,2018,0
CHAGAS,Doença de Chagas Aguda,500240,Caarapo,MS,2019,0
CHAGAS,Doença de Chagas Aguda,500240,Caarapo,MS,2020,0
CHAGAS,Doença de Chagas Aguda,500240,Caarapo,MS,2021,0
CHAGAS,Doença de Chagas Aguda,500240,Caarapo,MS,2022,1
CHAGAS,Doença de Chagas Aguda,500240,Caarapo,MS,2023,0
CHAGAS,Doença de Chagas Aguda,500240,Caarapo,MS,2024,0
CHAGAS,Doença de Chagas Aguda,500660,Ponta Pora,MS,2006,0
CHAGAS,Doença de Chagas Aguda,500660,Ponta Pora,MS,2007,0
CHAGAS,Doença de Chagas Aguda,500660,Ponta Pora,MS,2008,0
CHAGAS,Doença de Chagas Aguda,500660,Ponta Pora,MS,2009,1
CHAGAS,Doença de Chagas Aguda,500660,Ponta Pora,MS,2010,0
CHAGAS,Doença de Chagas Aguda,500660,Ponta Pora,MS,2011,0
CHAGAS,Doença de Chagas Aguda,500660,Ponta Pora,MS,2012,0
CHAGAS,Doença de Chagas Aguda,500660,Ponta Pora,MS,2013,0
CHAGAS,Doença de Chagas Aguda,500660,Ponta Pora,MS,2014,0
CHAGAS,Doença de Chagas Aguda,500660,Ponta Pora,MS,2015,0
CHAGAS,Doença de Chagas Aguda,500660,Ponta Pora,MS,2016,0
CHAGAS,Doença de Chagas Aguda,500660,Ponta Pora,MS,2017,0
CHAGAS,Doença de Chagas Aguda,500660,Ponta Pora,MS,2018,0
CHAGAS,Doença de Chagas Aguda,500660,Ponta Pora,MS,2019,0
CHAGAS,Doença de Chagas Aguda,500660,Ponta Pora,MS,2020,0
CHAGAS,Doença de Chagas Aguda,500660,Ponta Pora,MS,2021,0
CHAGAS,Doença de Chagas Aguda,500660,Ponta Pora,MS,2022,1
CHAGAS,Doença de Chagas Aguda,500660,Ponta Pora,MS,2023,0
CHAGAS,Doença de Chagas Aguda,500660,Ponta Pora,MS,2024,0
CHAGAS,Doença de Chagas Aguda,510343,Curvelandia,MT,2006,0
CHAGAS,Doença de Chagas Aguda,510343,Curvelandia,MT,2007,0
CHAGAS,Doença de Chagas Aguda,510343,Curvelandia,MT,2008,0
CHAGAS,Doença de Chagas Aguda,510343,Curvelandia,MT,2009,0
CHAGAS,Doença de Chagas Aguda,510343,Curvelandia,MT,2010,0
CHAGAS,Doença de Chagas Aguda,510343,Curvelandia,MT,2011,0
CHAGAS,Doença de Chagas Aguda,510343,Curvelandia,MT,2012,0
CHAGAS,Doença de Chagas Aguda,510343,Curvelandia,MT,2013,0
CHAGAS,Doença de Chagas Aguda,510343,Curvelandia,MT,2014,0
CHAGAS,Doença de Chagas Aguda,510343,Curvelandia,MT,2015,0
CHAGAS,Doença de Chagas Aguda,510343,Curvelandia,MT,2016,0
CHAGAS,Doença de Chagas Aguda,510343,Curvelandia,MT,2017,1
CHAGAS,Doença de Chagas Aguda,510343,Curvelandia,MT,2018,0
CHAGAS,Doença de Chagas Aguda,510343,Curvelandia,MT,2019,0
CHAGAS,Doença de Chagas Aguda,510343,Curvelandia,MT,2020,0
CHAGAS,Doença de Chagas Aguda,510343,Curvelandia,MT,2021,0
CHAGAS,Doença de Chagas Aguda,510343,Curvelandia,MT,2022,0
CHAGAS,Doença de Chagas Aguda,510343,Curvelandia,MT,2023,0
CHAGAS,Doença de Chagas Aguda,510343,Curvelandia,MT,2024,0
CHAGAS,Doença de Chagas Aguda,510345,Denise,MT,2006,0
CHAGAS,Doença de Chagas Aguda,510345,Denise,MT,2007,0
CHAGAS,Doença de Chagas Aguda,510345,Denise,MT,2008,0
CHAGAS,Doença de Chagas Aguda,510345,Denise,MT,2009,0
CHAGAS,Doença de Chagas Aguda,510345,Denise,MT,2010,0
CHAGAS,Doença de Chagas Aguda,510345,Denise,MT,2011,0
CHAGAS,Doença de Chagas Aguda,510345,Denise,MT,2012,0
CHAGAS,Doença de Chagas Aguda,510345,Denise,MT,2013,0
CHAGAS,Doença de Chagas Aguda,510345,Denise,MT,2014,0
CHAGAS,Doença de Chagas Aguda,510345,Denise,MT,2015,0
CHAGAS,Doença de Chagas Aguda,510345,Denise,MT,2016,0
CHAGAS,Doença de Chagas Aguda,510345,Denise,MT,2017,0
CHAGAS,Doença de Chagas Aguda,510345,Denise,MT,2018,0
CHAGAS,Doença de Chagas Aguda,510345,Denise,MT,2019,0
CHAGAS,Doença de Chagas Aguda,510345,Denise,MT,2020,0
CHAGAS,Doença de Chagas Aguda,510345,Denise,MT,2021,1
CHAGAS,Doença de Chagas Aguda,510345,Denise,MT,2022,0
CHAGAS,Doença de Chagas Aguda,510345,Denise,MT,2023,0
CHAGAS,Doença de Chagas Aguda,510345,Denise,MT,2024,0
CHAGAS,Doença de Chagas Aguda,510515,Juina,MT,2006,0
CHAGAS,Doença de Chagas Aguda,510515,Juina,MT,2007,1
CHAGAS,Doença de Chagas Aguda,510515,Juina,MT,2008,0
CHAGAS,Doença de Chagas Aguda,510515,Juina,MT,2009,0
CHAGAS,Doença de Chagas Aguda,510515,Juina,MT,2010,0
CHAGAS,Doença de Chagas Aguda,510515,Juina,MT,2011,0
CHAGAS,Doença de Chagas Aguda,510515,Juina,MT,2012,0
CHAGAS,Doença de Chagas Aguda,510515,Juina,MT,2013,0
CHAGAS,Doença de Chagas Aguda,510515,Juina,MT,2014,0
CHAGAS,Doença de Chagas Aguda,510515,Juina,MT,2015,0
CHAGAS,Doença de Chagas Aguda,510515,Juina,MT,2016,0
CHAGAS,Doença de Chagas Aguda,510515,Juina,MT,2017,0
CHAGAS,Doença de Chagas Aguda,510515,Juina,MT,2018,0
CHAGAS,Doença de Chagas Aguda,510515,Juina,MT,2019,0
CHAGAS,Doença de Chagas Aguda,510515,Juina,MT,2020,0
CHAGAS,Doença de Chagas Aguda,510515,Juina,MT,2021,0
CHAGAS,Doença de Chagas Aguda,510515,Juina,MT,2022,0
CHAGAS,Doença de Chagas Aguda,510515,Juina,MT,2023,0
CHAGAS,Doença de Chagas Aguda,510515,Juina,MT,2024,0
CHAGAS,Doença de Chagas Aguda,510625,Nova Xavantina,MT,2006,0
CHAGAS,Doença de Chagas Aguda,510625,Nova Xavantina,MT,2007,0
CHAGAS,Doença de Chagas Aguda,510625,Nova Xavantina,MT,2008,0
CHAGAS,Doença de Chagas Aguda,510625,Nova Xavantina,MT,2009,0
CHAGAS,Doença de Chagas Aguda,510625,Nova Xavantina,MT,2010,0
CHAGAS,Doença de Chagas Aguda,510625,Nova Xavantina,MT,2011,0
CHAGAS,Doença de Chagas Aguda,510625,Nova Xavantina,MT,2012,0
CHAGAS,Doença de Chagas Aguda,510625,Nova Xavantina,MT,2013,0
CHAGAS,Doença de Chagas Aguda,510625,Nova Xavantina,MT,2014,0
CHAGAS,Doença de Chagas Aguda,510625,Nova Xavantina,MT,2015,0
CHAGAS,Doença de Chagas Aguda,510625,Nova Xavantina,MT,2016,0
CHAGAS,Doença de Chagas Aguda,510625,Nova Xavantina,MT,2017,0
CHAGAS,Doença de Chagas Aguda,510625,Nova Xavantina,MT,2018,0
CHAGAS,Doença de Chagas Aguda,510625,Nova Xavantina,MT,2019,1
CHAGAS,Doença de Chagas Aguda,510625,Nova Xavantina,MT,2020,0
CHAGAS,Doença de Chagas Aguda,510625,Nova Xavantina,MT,2021,0
CHAGAS,Doença de Chagas Aguda,510625,Nova Xavantina,MT,2022,0
CHAGAS,Doença de Chagas Aguda,510625,Nova Xavantina,MT,2023,0
CHAGAS,Doença de Chagas Aguda,510625,Nova Xavantina,MT,2024,0
CHAGAS,Doença de Chagas Aguda,510729,Sao Jose do Povo,MT,2006,0
CHAGAS,Doença de Chagas Aguda,510729,Sao Jose do Povo,MT,2007,0
CHAGAS,Doença de Chagas Aguda,510729,Sao Jose do Povo,MT,2008,0
CHAGAS,Doença de Chagas Aguda,510729,Sao Jose do Povo,MT,2009,0
CHAGAS,Doença de Chagas Aguda,510729,Sao Jose do Povo,MT,2010,0
CHAGAS,Doença de Chagas Aguda,510729,Sao Jose do Povo,MT,2011,0
CHAGAS,Doença de Chagas Aguda,510729,Sao Jose do Povo,MT,2012,0
CHAGAS,Doença de Chagas Aguda,510729,Sao Jose do Povo,MT,2013,0
CHAGAS,Doença de Chagas Aguda,510729,Sao Jose do Povo,MT,2014,0
CHAGAS,Doença de Chagas Aguda,510729,Sao Jose do Povo,MT,2015,0
CHAGAS,Doença de Chagas Aguda,510729,Sao Jose do Povo,MT,2016,0
CHAGAS,Doença de Chagas Aguda,510729,Sao Jose do Povo,MT,2017,0
CHAGAS,Doença de Chagas Aguda,510729,Sao Jose do Povo,MT,2018,0
CHAGAS,Doença de Chagas Aguda,510729,Sao Jose do Povo,MT,2019,1
CHAGAS,Doença de Chagas Aguda,510729,Sao Jose do Povo,MT,2020,0
CHAGAS,Doença de Chagas Aguda,510729,Sao Jose do Povo,MT,2021,0
CHAGAS,Doença de Chagas Aguda,510729,Sao Jose do Povo,MT,2022,0
CHAGAS,Doença de Chagas Aguda,510729,Sao Jose do Povo,MT,2023,0
CHAGAS,Doença de Chagas Aguda,510729,Sao Jose do Povo,MT,2024,0
CHAGAS,Doença de Chagas Aguda,510790,Sinop,MT,2006,0
CHAGAS,Doença de Chagas Aguda,510790,Sinop,MT,2007,0
CHAGAS,Doença de Chagas Aguda,510790,Sinop,MT,2008,0
CHAGAS,Doença de Chagas Aguda,510790,Sinop,MT,2009,0
CHAGAS,Doença de Chagas Aguda,510790,Sinop,MT,2010,0
CHAGAS,Doença de Chagas Aguda,510790,Sinop,MT,2011,0
CHAGAS,Doença de Chagas Aguda,510790,Sinop,MT,2012,0
CHAGAS,Doença de Chagas Aguda,510790,Sinop,MT,2013,0
CHAGAS,Doença de Chagas Aguda,510790,Sinop,MT,2014,0
CHAGAS,Doença de Chagas Aguda,510790,Sinop,MT,2015,0
CHAGAS,Doença de Chagas Aguda,510790,Sinop,MT,2016,0
CHAGAS,Doença de Chagas Aguda,510790,Sinop,MT,2017,1
CHAGAS,Doença de Chagas Aguda,510790,Sinop,MT,2018,0
CHAGAS,Doença de Chagas Aguda,510790,Sinop,MT,2019,0
CHAGAS,Doença de Chagas Aguda,510790,Sinop,MT,2020,0
CHAGAS,Doença de Chagas Aguda,510790,Sinop,MT,2021,0
CHAGAS,Doença de Chagas Aguda,510790,Sinop,MT,2022,0
CHAGAS,Doença de Chagas Aguda,510790,Sinop,MT,2023,0
CHAGAS,Doença de Chagas Aguda,510790,Sinop,MT,2024,2
CHAGAS,Doença de Chagas Aguda,510860,Vila Rica,MT,2006,0
CHAGAS,Doença de Chagas Aguda,510860,Vila Rica,MT,2007,0
CHAGAS,Doença de Chagas Aguda,510860,Vila Rica,MT,2008,0
CHAGAS,Doença de Chagas Aguda,510860,Vila Rica,MT,2009,0
CHAGAS,Doença de Chagas Aguda,510860,Vila Rica,MT,2010,0
CHAGAS,Doença de Chagas Aguda,510860,Vila Rica,MT,2011,0
CHAGAS,Doença de Chagas Aguda,510860,Vila Rica,MT,2012,0
CHAGAS,Doença de Chagas Aguda,510860,Vila Rica,MT,2013,0
CHAGAS,Doença de Chagas Aguda,510860,Vila Rica,MT,2014,0
CHAGAS,Doença de Chagas Aguda,510860,Vila Rica,MT,2015,0
CHAGAS,Doença de Chagas Aguda,510860,Vila Rica,MT,2016,0
CHAGAS,Doença de Chagas Aguda,510860,Vila Rica,MT,2017,0
CHAGAS,Doença de Chagas Aguda,510860,Vila Rica,MT,2018,0
CHAGAS,Doença de Chagas Aguda,510860,Vila Rica,MT,2019,1
CHAGAS,Doença de Chagas Aguda,510860,Vila Rica,MT,2020,0
CHAGAS,Doença de Chagas Aguda,510860,Vila Rica,MT,2021,0
CHAGAS,Doença de Chagas Aguda,510860,Vila Rica,MT,2022,0
CHAGAS,Doença de Chagas Aguda,510860,Vila Rica,MT,2023,0
CHAGAS,Doença de Chagas Aguda,510860,Vila Rica,MT,2024,0
CHAGAS,Doença de Chagas Aguda,150010,Abaetetuba,PA,2006,0
CHAGAS,Doença de Chagas Aguda,150010,Abaetetuba,PA,2007,4
CHAGAS,Doença de Chagas Aguda,150010,Abaetetuba,PA,2008,9
CHAGAS,Doença de Chagas Aguda,150010,Abaetetuba,PA,2009,51
CHAGAS,Doença de Chagas Aguda,150010,Abaetetuba,PA,2010,16
CHAGAS,Doença de Chagas Aguda,150010,Abaetetuba,PA,2011,10
CHAGAS,Doença de Chagas Aguda,150010,Abaetetuba,PA,2012,64
CHAGAS,Doença de Chagas Aguda,150010,Abaetetuba,PA,2013,16
CHAGAS,Doença de Chagas Aguda,150010,Abaetetuba,PA,2014,32
CHAGAS,Doença de Chagas Aguda,150010,Abaetetuba,PA,2015,23
CHAGAS,Doença de Chagas Aguda,150010,Abaetetuba,PA,2016,33
CHAGAS,Doença de Chagas Aguda,150010,Abaetetuba,PA,2017,34
CHAGAS,Doença de Chagas Aguda,150010,Abaetetuba,PA,2018,17
CHAGAS,Doença de Chagas Aguda,150010,Abaetetuba,PA,2019,53
CHAGAS,Doença de Chagas Aguda,150010,Abaetetuba,PA,2020,15
CHAGAS,Doença de Chagas Aguda,150010,Abaetetuba,PA,2021,35
CHAGAS,Doença de Chagas Aguda,150010,Abaetetuba,PA,2022,69
CHAGAS,Doença de Chagas Aguda,150010,Abaetetuba,PA,2023,50
CHAGAS,Doença de Chagas Aguda,150010,Abaetetuba,PA,2024,54
CHAGAS,Doença de Chagas Aguda,150020,Acara,PA,2006,0
CHAGAS,Doença de Chagas Aguda,150020,Acara,PA,2007,0
CHAGAS,Doença de Chagas Aguda,150020,Acara,PA,2008,0
CHAGAS,Doença de Chagas Aguda,150020,Acara,PA,2009,0
CHAGAS,Doença de Chagas Aguda,150020,Acara,PA,2010,0
CHAGAS,Doença de Chagas Aguda,150020,Acara,PA,2011,0
CHAGAS,Doença de Chagas Aguda,150020,Acara,PA,2012,0
CHAGAS,Doença de Chagas Aguda,150020,Acara,PA,2013,0
CHAGAS,Doença de Chagas Aguda,150020,Acara,PA,2014,0
CHAGAS,Doença de Chagas Aguda,150020,Acara,PA,2015,0
CHAGAS,Doença de Chagas Aguda,150020,Acara,PA,2016,0
CHAGAS,Doença de Chagas Aguda,150020,Acara,PA,2017,0
CHAGAS,Doença de Chagas Aguda,150020,Acara,PA,2018,1
CHAGAS,Doença de Chagas Aguda,150020,Acara,PA,2019,0
CHAGAS,Doença de Chagas Aguda,150020,Acara,PA,2020,0
CHAGAS,Doença de Chagas Aguda,150020,Acara,PA,2021,2
CHAGAS,Doença de Chagas Aguda,150020,Acara,PA,2022,5
CHAGAS,Doença de Chagas Aguda,150020,Acara,PA,2023,0
CHAGAS,Doença de Chagas Aguda,150020,Acara,PA,2024,9
CHAGAS,Doença de Chagas Aguda,150030,Afua,PA,2006,0
CHAGAS,Doença de Chagas Aguda,150030,Afua,PA,2007,0
CHAGAS,Doença de Chagas Aguda,150030,Afua,PA,2008,0
CHAGAS,Doença de Chagas Aguda,150030,Afua,PA,2009,1
CHAGAS,Doença de Chagas Aguda,150030,Afua,PA,2010,0
CHAGAS,Doença de Chagas Aguda,150030,Afua,PA,2011,0
CHAGAS,Doença de Chagas Aguda,150030,Afua,PA,2012,0
CHAGAS,Doença de Chagas Aguda,150030,Afua,PA,2013,1
CHAGAS,Doença de Chagas Aguda,150030,Afua,PA,2014,1
CHAGAS,Doença de Chagas Aguda,150030,Afua,PA,2015,5
CHAGAS,Doença de Chagas Aguda,150030,Afua,PA,2016,0
CHAGAS,Doença de Chagas Aguda,150030,Afua,PA,2017,1
CHAGAS,Doença de Chagas Aguda,150030,Afua,PA,2018,2
CHAGAS,Doença de Chagas Aguda,150030,Afua,PA,2019,2
CHAGAS,Doença de Chagas Aguda,150030,Afua,PA,2020,2
CHAGAS,Doença de Chagas Aguda,150030,Afua,PA,2021,3
CHAGAS,Doença de Chagas Aguda,150030,Afua,PA,2022,3
CHAGAS,Doença de Chagas Aguda,150030,Afua,PA,2023,17
CHAGAS,Doença de Chagas Aguda,150030,Afua,PA,2024,3
CHAGAS,Doença de Chagas Aguda,150034,Agua Azul do Norte,PA,2006,0
CHAGAS,Doença de Chagas Aguda,150034,Agua Azul do Norte,PA,2007,0
CHAGAS,Doença de Chagas Aguda,150034,Agua Azul do Norte,PA,2008,0
CHAGAS,Doença de Chagas Aguda,150034,Agua Azul do Norte,PA,2009,0
CHAGAS,Doença de Chagas Aguda,150034,Agua Azul do Norte,PA,2010,0
CHAGAS,Doença de Chagas Aguda,150034,Agua Azul do Norte,PA,2011,0
CHAGAS,Doença de Chagas Aguda,150034,Agua Azul do Norte,PA,2012,0
CHAGAS,Doença de Chagas Aguda,150034,Agua Azul do Norte,PA,2013,0
CHAGAS,Doença de Chagas Aguda,150034,Agua Azul do Norte,PA,2014,0
CHAGAS,Doença de Chagas Aguda,150034,Agua Azul do Norte,PA,2015,1
CHAGAS,Doença de Chagas Aguda,150034,Agua Azul do Norte,PA,2016,0
CHAGAS,Doença de Chagas Aguda,150034,Agua Azul do Norte,PA,2017,0
CHAGAS,Doença de Chagas Aguda,150034,Agua Azul do Norte,PA,2018,0
CHAGAS,Doença de Chagas Aguda,150034,Agua Azul do Norte,PA,2019,0
CHAGAS,Doença de Chagas Aguda,150034,Agua Azul do Norte,PA,2020,0
CHAGAS,Doença de Chagas Aguda,150034,Agua Azul do Norte,PA,2021,0
CHAGAS,Doença de Chagas Aguda,150034,Agua Azul do Norte,PA,2022,0
CHAGAS,Doença de Chagas Aguda,150034,Agua Azul do Norte,PA,2023,0
CHAGAS,Doença de Chagas Aguda,150034,Agua Azul do Norte,PA,2024,0
CHAGAS,Doença de Chagas Aguda,150040,Alenquer,PA,2006,0
CHAGAS,Doença de Chagas Aguda,150040,Alenquer,PA,2007,0
CHAGAS,Doença de Chagas Aguda,150040,Alenquer,PA,2008,0
CHAGAS,Doença de Chagas Aguda,150040,Alenquer,PA,2009,0
CHAGAS,Doença de Chagas Aguda,150040,Alenquer,PA,2010,0
CHAGAS,Doença de Chagas Aguda,150040,Alenquer,PA,2011,0
CHAGAS,Doença de Chagas Aguda,150040,Alenquer,PA,2012,0
CHAGAS,Doença de Chagas Aguda,150040,Alenquer,PA,2013,0
CHAGAS,Doença de Chagas Aguda,150040,Alenquer,PA,2014,0
CHAGAS,Doença de Chagas Aguda,150040,Alenquer,PA,2015,1
CHAGAS,Doença de Chagas Aguda,150040,Alenquer,PA,2016,1
CHAGAS,Doença de Chagas Aguda,150040,Alenquer,PA,2017,1
CHAGAS,Doença de Chagas Aguda,150040,Alenquer,PA,2018,0
CHAGAS,Doença de Chagas Aguda,150040,Alenquer,PA,2019,0
CHAGAS,Doença de Chagas Aguda,150040,Alenquer,PA,2020,0
CHAGAS,Doença de Chagas Aguda,150040,Alenquer,PA,2021,0
CHAGAS,Doença de Chagas Aguda,150040,Alenquer,PA,2022,0
CHAGAS,Doença de Chagas Aguda,150040,Alenquer,PA,2023,0
CHAGAS,Doença de Chagas Aguda,150040,Alenquer,PA,2024,0
CHAGAS,Doença de Chagas Aguda,150060,Altamira,PA,2006,0
CHAGAS,Doença de Chagas Aguda,150060,Altamira,PA,2007,0
CHAGAS,Doença de Chagas Aguda,150060,Altamira,PA,2008,0
CHAGAS,Doença de Chagas Aguda,150060,Altamira,PA,2009,0
CHAGAS,Doença de Chagas Aguda,150060,Altamira,PA,2010,4
CHAGAS,Doença de Chagas Aguda,150060,Altamira,PA,2011,0
CHAGAS,Doença de Chagas Aguda,150060,Altamira,PA,2012,0
CHAGAS,Doença de Chagas Aguda,150060,Altamira,PA,2013,0
CHAGAS,Doença de Chagas Aguda,150060,Altamira,PA,2014,0
CHAGAS,Doença de Chagas Aguda,150060,Altamira,PA,2015,1
CHAGAS,Doença de Chagas Aguda,150060,Altamira,PA,2016,0
CHAGAS,Doença de Chagas Aguda,150060,Altamira,PA,2017,0
CHAGAS,Doença de Chagas Aguda,150060,Altamira,PA,2018,0
CHAGAS,Doença de Chagas Aguda,150060,Altamira,PA,2019,0
CHAGAS,Doença de Chagas Aguda,150060,Altamira,PA,2020,0
CHAGAS,Doença de Chagas Aguda,150060,Altamira,PA,2021,2
CHAGAS,Doença de Chagas Aguda,150060,Altamira,PA,2022,0
CHAGAS,Doença de Chagas Aguda,150060,Altamira,PA,2023,1
CHAGAS,Doença de Chagas Aguda,150060,Altamira,PA,2024,1
CHAGAS,Doença de Chagas Aguda,150070,Anajas,PA,2006,0
CHAGAS,Doença de Chagas Aguda,150070,Anajas,PA,2007,0
CHAGAS,Doença de Chagas Aguda,150070,Anajas,PA,2008,5
CHAGAS,Doença de Chagas Aguda,150070,Anajas,PA,2009,0
CHAGAS,Doença de Chagas Aguda,150070,Anajas,PA,2010,2
CHAGAS,Doença de Chagas Aguda,150070,Anajas,PA,2011,1
CHAGAS,Doença de Chagas Aguda,150070,Anajas,PA,2012,5
CHAGAS,Doença de Chagas Aguda,150070,Anajas,PA,2013,5
CHAGAS,Doença de Chagas Aguda,150070,Anajas,PA,2014,3
CHAGAS,Doença de Chagas Aguda,150070,Anajas,PA,2015,10
CHAGAS,Doença de Chagas Aguda,150070,Anajas,PA,2016,1
CHAGAS,Doença de Chagas Aguda,150070,Anajas,PA,2017,1
CHAGAS,Doença de Chagas Aguda,150070,Anajas,PA,2018,0
CHAGAS,Doença de Chagas Aguda,150070,Anajas,PA,2019,2
CHAGAS,Doença de Chagas Aguda,150070,Anajas,PA,2020,13
CHAGAS,Doença de Chagas Aguda,150070,Anajas,PA,2021,11
CHAGAS,Doença de Chagas Aguda,150070,Anajas,PA,2022,4
CHAGAS,Doença de Chagas Aguda,150070,Anajas,PA,2023,16
CHAGAS,Doença de Chagas Aguda,150070,Anajas,PA,2024,3
CHAGAS,Doença de Chagas Aguda,150080,Ananindeua,PA,2006,0
CHAGAS,Doença de Chagas Aguda,150080,Ananindeua,PA,2007,0
CHAGAS,Doença de Chagas Aguda,150080,Ananindeua,PA,2008,0
CHAGAS,Doença de Chagas Aguda,150080,Ananindeua,PA,2009,0
CHAGAS,Doença de Chagas Aguda,150080,Ananindeua,PA,2010,1
CHAGAS,Doença de Chagas Aguda,150080,Ananindeua,PA,2011,3
CHAGAS,Doença de Chagas Aguda,150080,Ananindeua,PA,2012,1
CHAGAS,Doença de Chagas Aguda,150080,Ananindeua,PA,2013,47
CHAGAS,Doença de Chagas Aguda,150080,Ananindeua,PA,2014,47
CHAGAS,Doença de Chagas Aguda,150080,Ananindeua,PA,2015,70
CHAGAS,Doença de Chagas Aguda,150080,Ananindeua,PA,2016,80
CHAGAS,Doença de Chagas Aguda,150080,Ananindeua,PA,2017,78
CHAGAS,Doença de Chagas Aguda,150080,Ananindeua,PA,2018,76
CHAGAS,Doença de Chagas Aguda,150080,Ananindeua,PA,2019,46
CHAGAS,Doença de Chagas Aguda,150080,Ananindeua,PA,2020,15
CHAGAS,Doença de Chagas Aguda,150080,Ananindeua,PA,2021,23
CHAGAS,Doença de Chagas Aguda,150080,Ananindeua,PA,2022,64
CHAGAS,Doença de Chagas Aguda,150080,Ananindeua,PA,2023,54
CHAGAS,Doença de Chagas Aguda,150080,Ananindeua,PA,2024,45
CHAGAS,Doença de Chagas Aguda,150085,Anapu,PA,2006,0
CHAGAS,Doença de Chagas Aguda,150085,Anapu,PA,2007,0
CHAGAS,Doença de Chagas Aguda,150085,Anapu,PA,2008,0
CHAGAS,Doença de Chagas Aguda,150085,Anapu,PA,2009,0
CHAGAS,Doença de Chagas Aguda,150085,Anapu,PA,2010,1
CHAGAS,Doença de Chagas Aguda,150085,Anapu,PA,2011,0
CHAGAS,Doença de Chagas Aguda,150085,Anapu,PA,2012,0
CHAGAS,Doença de Chagas Aguda,150085,Anapu,PA,2013,0
CHAGAS,Doença de Chagas Aguda,150085,Anapu,PA,2014,0
CHAGAS,Doença de Chagas Aguda,150085,Anapu,PA,2015,0
CHAGAS,Doença de Chagas Aguda,150085,Anapu,PA,2016,0
CHAGAS,Doença de Chagas Aguda,150085,Anapu,PA,2017,0
CHAGAS,Doença de Chagas Aguda,150085,Anapu,PA,2018,0
CHAGAS,Doença de Chagas Aguda,150085,Anapu,PA,2019,0
CHAGAS,Doença de Chagas Aguda,150085,Anapu,PA,2020,0
CHAGAS,Doença de Chagas Aguda,150085,Anapu,PA,2021,0
CHAGAS,Doença de Chagas Aguda,150085,Anapu,PA,2022,0
CHAGAS,Doença de Chagas Aguda,150085,Anapu,PA,2023,0
CHAGAS,Doença de Chagas Aguda,150085,Anapu,PA,2024,0
CHAGAS,Doença de Chagas Aguda,150090,Augusto Correa,PA,2006,0
CHAGAS,Doença de Chagas Aguda,150090,Augusto Correa,PA,2007,0
CHAGAS,Doença de Chagas Aguda,150090,Augusto Correa,PA,2008,0
CHAGAS,Doença de Chagas Aguda,150090,Augusto Correa,PA,2009,0
CHAGAS,Doença de Chagas Aguda,150090,Augusto Correa,PA,2010,0
CHAGAS,Doença de Chagas Aguda,150090,Augusto Correa,PA,2011,0
CHAGAS,Doença de Chagas Aguda,150090,Augusto Correa,PA,2012,0
CHAGAS,Doença de Chagas Aguda,150090,Augusto Correa,PA,2013,0
CHAGAS,Doença de Chagas Aguda,150090,Augusto Correa,PA,2014,0
CHAGAS,Doença de Chagas Aguda,150090,Augusto Correa,PA,2015,1
CHAGAS,Doença de Chagas Aguda,150090,Augusto Correa,PA,2016,0
CHAGAS,Doença de Chagas Aguda,150090,Augusto Correa,PA,2017,2
CHAGAS,Doença de Chagas Aguda,150090,Augusto Correa,PA,2018,0
CHAGAS,Doença de Chagas Aguda,150090,Augusto Correa,PA,2019,0
CHAGAS,Doença de Chagas Aguda,150090,Augusto Correa,PA,2020,0
CHAGAS,Doença de Chagas Aguda,150090,Augusto Correa,PA,2021,1
CHAGAS,Doença de Chagas Aguda,150090,Augusto Correa,PA,2022,0
CHAGAS,Doença de Chagas Aguda,150090,Augusto Correa,PA,2023,0
CHAGAS,Doença de Chagas Aguda,150090,Augusto Correa,PA,2024,0
CHAGAS,Doença de Chagas Aguda,150095,Aurora do Para,PA,2006,0
CHAGAS,Doença de Chagas Aguda,150095,Aurora do Para,PA,2007,0
CHAGAS,Doença de Chagas Aguda,150095,Aurora do Para,PA,2008,0
CHAGAS,Doença de Chagas Aguda,150095,Aurora do Para,PA,2009,0
CHAGAS,Doença de Chagas Aguda,150095,Aurora do Para,PA,2010,0
CHAGAS,Doença de Chagas Aguda,150095,Aurora do Para,PA,2011,0
CHAGAS,Doença de Chagas Aguda,150095,Aurora do Para,PA,2012,0
CHAGAS,Doença de Chagas Aguda,150095,Aurora do Para,PA,2013,0
CHAGAS,Doença de Chagas Aguda,150095,Aurora do Para,PA,2014,1
CHAGAS,Doença de Chagas Aguda,150095,Aurora do Para,PA,2015,0
CHAGAS,Doença de Chagas Aguda,150095,Aurora do Para,PA,2016,0
CHAGAS,Doença de Chagas Aguda,150095,Aurora do Para,PA,2017,2
CHAGAS,Doença de Chagas Aguda,150095,Aurora do Para,PA,2018,1
CHAGAS,Doença de Chagas Aguda,150095,Aurora do Para,PA,2019,0
CHAGAS,Doença de Chagas Aguda,150095,Aurora do Para,PA,2020,1
CHAGAS,Doença de Chagas Aguda,150095,Aurora do Para,PA,2021,0
CHAGAS,Doença de Chagas Aguda,150095,Aurora do Para,PA,2022,5
CHAGAS,Doença de Chagas Aguda,150095,Aurora do Para,PA,2023,0
CHAGAS,Doença de Chagas Aguda,150095,Aurora do Para,PA,2024,0
CHAGAS,Doença de Chagas Aguda,150110,Bagre,PA,2006,0
CHAGAS,Doença de Chagas Aguda,150110,Bagre,PA,2007,0
CHAGAS,Doença de Chagas Aguda,150110,Bagre,PA,2008,0
CHAGAS,Doença de Chagas Aguda,150110,Bagre,PA,2009,0
CHAGAS,Doença de Chagas Aguda,150110,Bagre,PA,2010,0
CHAGAS,Doença de Chagas Aguda,150110,Bagre,PA,2011,0
CHAGAS,Doença de Chagas Aguda,150110,Bagre,PA,2012,0
CHAGAS,Doença de Chagas Aguda,150110,Bagre,PA,2013,0
CHAGAS,Doença de Chagas Aguda,150110,Bagre,PA,2014,0
CHAGAS,Doença de Chagas Aguda,150110,Bagre,PA,2015,1
CHAGAS,Doença de Chagas Aguda,150110,Bagre,PA,2016,41
CHAGAS,Doença de Chagas Aguda,150110,Bagre,PA,2017,2
CHAGAS,Doença de Chagas Aguda,150110,Bagre,PA,2018,0
CHAGAS,Doença de Chagas Aguda,150110,Bagre,PA,2019,0
CHAGAS,Doença de Chagas Aguda,150110,Bagre,PA,2020,6
CHAGAS,Doença de Chagas Aguda,150110,Bagre,PA,2021,13
CHAGAS,Doença de Chagas Aguda,150110,Bagre,PA,2022,19
CHAGAS,Doença de Chagas Aguda,150110,Bagre,PA,2023,25
CHAGAS,Doença de Chagas Aguda,150110,Bagre,PA,2024,29
CHAGAS,Doença de Chagas Aguda,150120,Baiao,PA,2006,0
CHAGAS,Doença de Chagas Aguda,150120,Baiao,PA,2007,0
CHAGAS,Doença de Chagas Aguda,150120,Baiao,PA,2008,0
CHAGAS,Doença de Chagas Aguda,150120,Baiao,PA,2009,1
CHAGAS,Doença de Chagas Aguda,150120,Baiao,PA,2010,0
CHAGAS,Doença de Chagas Aguda,150120,Baiao,PA,2011,0
CHAGAS,Doença de Chagas Aguda,150120,Baiao,PA,2012,0
CHAGAS,Doença de Chagas Aguda,150120,Baiao,PA,2013,0
CHAGAS,Doença de Chagas Aguda,150120,Baiao,PA,2014,0
CHAGAS,Doença de Chagas Aguda,150120,Baiao,PA,2015,0
CHAGAS,Doença de Chagas Aguda,150120,Baiao,PA,2016,0
CHAGAS,Doença de Chagas Aguda,150120,Baiao,PA,2017,0
CHAGAS,Doença de Chagas Aguda,150120,Baiao,PA,2018,1
CHAGAS,Doença de Chagas Aguda,150120,Baiao,PA,2019,0
CHAGAS,Doença de Chagas Aguda,150120,Baiao,PA,2020,0
CHAGAS,Doença de Chagas Aguda,150120,Baiao,PA,2021,1
CHAGAS,Doença de Chagas Aguda,150120,Baiao,PA,2022,1
CHAGAS,Doença de Chagas Aguda,150120,Baiao,PA,2023,1
CHAGAS,Doença de Chagas Aguda,150120,Baiao,PA,2024,2
CHAGAS,Doença de Chagas Aguda,150130,Barcarena,PA,2006,0
CHAGAS,Doença de Chagas Aguda,150130,Barcarena,PA,2007,13
CHAGAS,Doença de Chagas Aguda,150130,Barcarena,PA,2008,2
CHAGAS,Doença de Chagas Aguda,150130,Barcarena,PA,2009,2
CHAGAS,Doença de Chagas Aguda,150130,Barcarena,PA,2010,3
CHAGAS,Doença de Chagas Aguda,150130,Barcarena,PA,2011,3
CHAGAS,Doença de Chagas Aguda,150130,Barcarena,PA,2012,7
CHAGAS,Doença de Chagas Aguda,150130,Barcarena,PA,2013,8
CHAGAS,Doença de Chagas Aguda,150130,Barcarena,PA,2014,19
CHAGAS,Doença de Chagas Aguda,150130,Barcarena,PA,2015,11
CHAGAS,Doença de Chagas Aguda,150130,Barcarena,PA,2016,12
CHAGAS,Doença de Chagas Aguda,150130,Barcarena,PA,2017,14
CHAGAS,Doença de Chagas Aguda,150130,Barcarena,PA,2018,28
CHAGAS,Doença de Chagas Aguda,150130,Barcarena,PA,2019,1
CHAGAS,Doença de Chagas Aguda,150130,Barcarena,PA,2020,12
CHAGAS,Doença de Chagas Aguda,150130,Barcarena,PA,2021,2
CHAGAS,Doença de Chagas Aguda,150130,Barcarena,PA,2022,8
CHAGAS,Doença de Chagas Aguda,150130,Barcarena,PA,2023,4
CHAGAS,Doença de Chagas Aguda,150130,Barcarena,PA,2024,29
CHAGAS,Doença de Chagas Aguda,150140,Belem,PA,2006,0
CHAGAS,Doença de Chagas Aguda,150140,Belem,PA,2007,32
CHAGAS,Doença de Chagas Aguda,150140,Belem,PA,2008,30
CHAGAS,Doença de Chagas Aguda,150140,Belem,PA,2009,77
CHAGAS,Doença de Chagas Aguda,150140,Belem,PA,2010,23
CHAGAS,Doença de Chagas Aguda,150140,Belem,PA,2011,70
CHAGAS,Doença de Chagas Aguda,150140,Belem,PA,2012,52
CHAGAS,Doença de Chagas Aguda,150140,Belem,PA,2013,17
CHAGAS,Doença de Chagas Aguda,150140,Belem,PA,2014,10
CHAGAS,Doença de Chagas Aguda,150140,Belem,PA,2015,13
CHAGAS,Doença de Chagas Aguda,150140,Belem,PA,2016,20
CHAGAS,Doença de Chagas Aguda,150140,Belem,PA,2017,25
CHAGAS,Doença de Chagas Aguda,150140,Belem,PA,2018,28
CHAGAS,Doença de Chagas Aguda,150140,Belem,PA,2019,23
CHAGAS,Doença de Chagas Aguda,150140,Belem,PA,2020,11
CHAGAS,Doença de Chagas Aguda,150140,Belem,PA,2021,18
CHAGAS,Doença de Chagas Aguda,150140,Belem,PA,2022,17
CHAGAS,Doença de Chagas Aguda,150140,Belem,PA,2023,34
CHAGAS,Doença de Chagas Aguda,150140,Belem,PA,2024,29
CHAGAS,Doença de Chagas Aguda,150150,Benevides,PA,2006,0
CHAGAS,Doença de Chagas Aguda,150150,Benevides,PA,2007,0
CHAGAS,Doença de Chagas Aguda,150150,Benevides,PA,2008,0
CHAGAS,Doença de Chagas Aguda,150150,Benevides,PA,2009,0
CHAGAS,Doença de Chagas Aguda,150150,Benevides,PA,2010,0
CHAGAS,Doença de Chagas Aguda,150150,Benevides,PA,2011,0
CHAGAS,Doença de Chagas Aguda,150150,Benevides,PA,2012,0
CHAGAS,Doença de Chagas Aguda,150150,Benevides,PA,2013,0
CHAGAS,Doença de Chagas Aguda,150150,Benevides,PA,2014,0
CHAGAS,Doença de Chagas Aguda,150150,Benevides,PA,2015,0
CHAGAS,Doença de Chagas Aguda,150150,Benevides,PA,2016,1
CHAGAS,Doença de Chagas Aguda,150150,Benevides,PA,2017,1
CHAGAS,Doença de Chagas Aguda,150150,Benevides,PA,2018,5
CHAGAS,Doença de Chagas Aguda,150150,Benevides,PA,2019,1
CHAGAS,Doença de Chagas Aguda,150150,Benevides,PA,2020,0
CHAGAS,Doença de Chagas Aguda,150150,Benevides,PA,2021,0
CHAGAS,Doença de Chagas Aguda,150150,Benevides,PA,2022,0
CHAGAS,Doença de Chagas Aguda,150150,Benevides,PA,2023,0
CHAGAS,Doença de Chagas Aguda,150150,Benevides,PA,2024,0
CHAGAS,Doença de Chagas Aguda,150170,Braganca,PA,2006,0
CHAGAS,Doença de Chagas Aguda,150170,Braganca,PA,2007,0
CHAGAS,Doença de Chagas Aguda,150170,Braganca,PA,2008,0
CHAGAS,Doença de Chagas Aguda,150170,Braganca,PA,2009,0
CHAGAS,Doença de Chagas Aguda,150170,Braganca,PA,2010,0
CHAGAS,Doença de Chagas Aguda,150170,Braganca,PA,2011,0
CHAGAS,Doença de Chagas Aguda,150170,Braganca,PA,2012,11
CHAGAS,Doença de Chagas Aguda,150170,Braganca,PA,2013,2
CHAGAS,Doença de Chagas Aguda,150170,Braganca,PA,2014,3
CHAGAS,Doença de Chagas Aguda,150170,Braganca,PA,2015,2
CHAGAS,Doença de Chagas Aguda,150170,Braganca,PA,2016,1
CHAGAS,Doença de Chagas Aguda,150170,Braganca,PA,2017,2
CHAGAS,Doença de Chagas Aguda,150170,Braganca,PA,2018,2
CHAGAS,Doença de Chagas Aguda,150170,Braganca,PA,2019,0
CHAGAS,Doença de Chagas Aguda,150170,Braganca,PA,2020,0
CHAGAS,Doença de Chagas Aguda,150170,Braganca,PA,2021,1
CHAGAS,Doença de Chagas Aguda,150170,Braganca,PA,2022,0
CHAGAS,Doença de Chagas Aguda,150170,Braganca,PA,2023,1
CHAGAS,Doença de Chagas Aguda,150170,Braganca,PA,2024,0
CHAGAS,Doença de Chagas Aguda,150180,Breves,PA,2006,0
CHAGAS,Doença de Chagas Aguda,150180,Breves,PA,2007,18
CHAGAS,Doença de Chagas Aguda,150180,Breves,PA,2008,7
CHAGAS,Doença de Chagas Aguda,150180,Breves,PA,2009,30
CHAGAS,Doença de Chagas Aguda,150180,Breves,PA,2010,4
CHAGAS,Doença de Chagas Aguda,150180,Breves,PA,2011,9
CHAGAS,Doença de Chagas Aguda,150180,Breves,PA,2012,6
CHAGAS,Doença de Chagas Aguda,150180,Breves,PA,2013,9
CHAGAS,Doença de Chagas Aguda,150180,Breves,PA,2014,10
CHAGAS,Doença de Chagas Aguda,150180,Breves,PA,2015,63
CHAGAS,Doença de Chagas Aguda,150180,Breves,PA,2016,52
CHAGAS,Doença de Chagas Aguda,150180,Breves,PA,2017,37
CHAGAS,Doença de Chagas Aguda,150180,Breves,PA,2018,25
CHAGAS,Doença de Chagas Aguda,150180,Breves,PA,2019,38
CHAGAS,Doença de Chagas Aguda,150180,Breves,PA,2020,21
CHAGAS,Doença de Chagas Aguda,150180,Breves,PA,2021,29
CHAGAS,Doença de Chagas Aguda,150180,Breves,PA,2022,26
CHAGAS,Doença de Chagas Aguda,150180,Breves,PA,2023,33
CHAGAS,Doença de Chagas Aguda,150180,Breves,PA,2024,45
CHAGAS,Doença de Chagas Aguda,150190,Bujaru,PA,2006,0
CHAGAS,Doença de Chagas Aguda,150190,Bujaru,PA,2007,0
CHAGAS,Doença de Chagas Aguda,150190,Bujaru,PA,2008,0
CHAGAS,Doença de Chagas Aguda,150190,Bujaru,PA,2009,0
CHAGAS,Doença de Chagas Aguda,150190,Bujaru,PA,2010,0
CHAGAS,Doença de Chagas Aguda,150190,Bujaru,PA,2011,0
CHAGAS,Doença de Chagas Aguda,150190,Bujaru,PA,2012,0
CHAGAS,Doença de Chagas Aguda,150190,Bujaru,PA,2013,0
CHAGAS,Doença de Chagas Aguda,150190,Bujaru,PA,2014,0
CHAGAS,Doença de Chagas Aguda,150190,Bujaru,PA,2015,0
CHAGAS,Doença de Chagas Aguda,150190,Bujaru,PA,2016,1
CHAGAS,Doença de Chagas Aguda,150190,Bujaru,PA,2017,1
CHAGAS,Doença de Chagas Aguda,150190,Bujaru,PA,2018,0
CHAGAS,Doença de Chagas Aguda,150190,Bujaru,PA,2019,0
CHAGAS,Doença de Chagas Aguda,150190,Bujaru,PA,2020,0
CHAGAS,Doença de Chagas Aguda,150190,Bujaru,PA,2021,0
CHAGAS,Doença de Chagas Aguda,150190,Bujaru,PA,2022,0
CHAGAS,Doença de Chagas Aguda,150190,Bujaru,PA,2023,1
CHAGAS,Doença de Chagas Aguda,150190,Bujaru,PA,2024,0
CHAGAS,Doença de Chagas Aguda,150195,Cachoeira do Piria,PA,2006,0
CHAGAS,Doença de Chagas Aguda,150195,Cachoeira do Piria,PA,2007,0
CHAGAS,Doença de Chagas Aguda,150195,Cachoeira do Piria,PA,2008,1
CHAGAS,Doença de Chagas Aguda,150195,Cachoeira do Piria,PA,2009,0
CHAGAS,Doença de Chagas Aguda,150195,Cachoeira do Piria,PA,2010,0
CHAGAS,Doença de Chagas Aguda,150195,Cachoeira do Piria,PA,2011,0
CHAGAS,Doença de Chagas Aguda,150195,Cachoeira do Piria,PA,2012,0
CHAGAS,Doença de Chagas Aguda,150195,Cachoeira do Piria,PA,2013,0
CHAGAS,Doença de Chagas Aguda,150195,Cachoeira do Piria,PA,2014,0
CHAGAS,Doença de Chagas Aguda,150195,Cachoeira do Piria,PA,2015,0
CHAGAS,Doença de Chagas Aguda,150195,Cachoeira do Piria,PA,2016,0
CHAGAS,Doença de Chagas Aguda,150195,Cachoeira do Piria,PA,2017,0
CHAGAS,Doença de Chagas Aguda,150195,Cachoeira do Piria,PA,2018,0
CHAGAS,Doença de Chagas Aguda,150195,Cachoeira do Piria,PA,2019,0
CHAGAS,Doença de Chagas Aguda,150195,Cachoeira do Piria,PA,2020,0
CHAGAS,Doença de Chagas Aguda,150195,Cachoeira do Piria,PA,2021,1
CHAGAS,Doença de Chagas Aguda,150195,Cachoeira do Piria,PA,2022,0
CHAGAS,Doença de Chagas Aguda,150195,Cachoeira do Piria,PA,2023,0
CHAGAS,Doença de Chagas Aguda,150195,Cachoeira do Piria,PA,2024,0
CHAGAS,Doença de Chagas Aguda,150200,Cachoeira do Arari,PA,2006,0
CHAGAS,Doença de Chagas Aguda,150200,Cachoeira do Arari,PA,2007,0
CHAGAS,Doença de Chagas Aguda,150200,Cachoeira do Arari,PA,2008,0
CHAGAS,Doença de Chagas Aguda,150200,Cachoeira do Arari,PA,2009,0
CHAGAS,Doença de Chagas Aguda,150200,Cachoeira do Arari,PA,2010,0
CHAGAS,Doença de Chagas Aguda,150200,Cachoeira do Arari,PA,2011,0
CHAGAS,Doença de Chagas Aguda,150200,Cachoeira do Arari,PA,2012,0
CHAGAS,Doença de Chagas Aguda,150200,Cachoeira do Arari,PA,2013,0
CHAGAS,Doença de Chagas Aguda,150200,Cachoeira do Arari,PA,2014,1
CHAGAS,Doença de Chagas Aguda,150200,Cachoeira do Arari,PA,2015,0
CHAGAS,Doença de Chagas Aguda,150200,Cachoeira do Arari,PA,2016,0
CHAGAS,Doença de Chagas Aguda,150200,Cachoeira do Arari,PA,2017,0
CHAGAS,Doença de Chagas Aguda,150200,Cachoeira do Arari,PA,2018,0
CHAGAS,Doença de Chagas Aguda,150200,Cachoeira do Arari,PA,2019,0
CHAGAS,Doença de Chagas Aguda,150200,Cachoeira do Arari,PA,2020,0
CHAGAS,Doença de Chagas Aguda,150200,Cachoeira do Arari,PA,2021,0
CHAGAS,Doença de Chagas Aguda,150200,Cachoeira do Arari,PA,2022,0
CHAGAS,Doença de Chagas Aguda,150200,Cachoeira do Arari,PA,2023,1
CHAGAS,Doença de Chagas Aguda,150200,Cachoeira do Arari,PA,2024,0
CHAGAS,Doença de Chagas Aguda,150210,Cameta,PA,2006,0
CHAGAS,Doença de Chagas Aguda,150210,Cameta,PA,2007,3
CHAGAS,Doença de Chagas Aguda,150210,Cameta,PA,2008,3
CHAGAS,Doença de Chagas Aguda,150210,Cameta,PA,2009,0
CHAGAS,Doença de Chagas Aguda,150210,Cameta,PA,2010,4
CHAGAS,Doença de Chagas Aguda,150210,Cameta,PA,2011,1
CHAGAS,Doença de Chagas Aguda,150210,Cameta,PA,2012,8
CHAGAS,Doença de Chagas Aguda,150210,Cameta,PA,2013,4
CHAGAS,Doença de Chagas Aguda,150210,Cameta,PA,2014,3
CHAGAS,Doença de Chagas Aguda,150210,Cameta,PA,2015,13
CHAGAS,Doença de Chagas Aguda,150210,Cameta,PA,2016,13
CHAGAS,Doença de Chagas Aguda,150210,Cameta,PA,2017,16
CHAGAS,Doença de Chagas Aguda,150210,Cameta,PA,2018,21
CHAGAS,Doença de Chagas Aguda,150210,Cameta,PA,2019,39
CHAGAS,Doença de Chagas Aguda,150210,Cameta,PA,2020,5
CHAGAS,Doença de Chagas Aguda,150210,Cameta,PA,2021,27
CHAGAS,Doença de Chagas Aguda,150210,Cameta,PA,2022,24
CHAGAS,Doença de Chagas Aguda,150210,Cameta,PA,2023,74
CHAGAS,Doença de Chagas Aguda,150210,Cameta,PA,2024,42
CHAGAS,Doença de Chagas Aguda,150220,Capanema,PA,2006,0
CHAGAS,Doença de Chagas Aguda,150220,Capanema,PA,2007,2
CHAGAS,Doença de Chagas Aguda,150220,Capanema,PA,2008,0
CHAGAS,Doença de Chagas Aguda,150220,Capanema,PA,2009,2
CHAGAS,Doença de Chagas Aguda,150220,Capanema,PA,2010,0
CHAGAS,Doença de Chagas Aguda,150220,Capanema,PA,2011,0
CHAGAS,Doença de Chagas Aguda,150220,Capanema,PA,2012,0
CHAGAS,Doença de Chagas Aguda,150220,Capanema,PA,2013,2
CHAGAS,Doença de Chagas Aguda,150220,Capanema,PA,2014,0
CHAGAS,Doença de Chagas Aguda,150220,Capanema,PA,2015,0
CHAGAS,Doença de Chagas Aguda,150220,Capanema,PA,2016,0
CHAGAS,Doença de Chagas Aguda,150220,Capanema,PA,2017,0
CHAGAS,Doença de Chagas Aguda,150220,Capanema,PA,2018,0
CHAGAS,Doença de Chagas Aguda,150220,Capanema,PA,2019,0
CHAGAS,Doença de Chagas Aguda,150220,Capanema,PA,2020,1
CHAGAS,Doença de Chagas Aguda,150220,Capanema,PA,2021,0
CHAGAS,Doença de Chagas Aguda,150220,Capanema,PA,2022,0
CHAGAS,Doença de Chagas Aguda,150220,Capanema,PA,2023,0
CHAGAS,Doença de Chagas Aguda,150220,Capanema,PA,2024,0
CHAGAS,Doença de Chagas Aguda,150230,Capitao Poco,PA,2006,0
CHAGAS,Doença de Chagas Aguda,150230,Capitao Poco,PA,2007,0
CHAGAS,Doença de Chagas Aguda,150230,Capitao Poco,PA,2008,0
CHAGAS,Doença de Chagas Aguda,150230,Capitao Poco,PA,2009,0
CHAGAS,Doença de Chagas Aguda,150230,Capitao Poco,PA,2010,0
CHAGAS,Doença de Chagas Aguda,150230,Capitao Poco,PA,2011,0
CHAGAS,Doença de Chagas Aguda,150230,Capitao Poco,PA,2012,3
CHAGAS,Doença de Chagas Aguda,150230,Capitao Poco,PA,2013,0
CHAGAS,Doença de Chagas Aguda,150230,Capitao Poco,PA,2014,0
CHAGAS,Doença de Chagas Aguda,150230,Capitao Poco,PA,2015,1
CHAGAS,Doença de Chagas Aguda,150230,Capitao Poco,PA,2016,0
CHAGAS,Doença de Chagas Aguda,150230,Capitao Poco,PA,2017,0
CHAGAS,Doença de Chagas Aguda,150230,Capitao Poco,PA,2018,0
CHAGAS,Doença de Chagas Aguda,150230,Capitao Poco,PA,2019,0
CHAGAS,Doença de Chagas Aguda,150230,Capitao Poco,PA,2020,0
CHAGAS,Doença de Chagas Aguda,150230,Capitao Poco,PA,2021,1
CHAGAS,Doença de Chagas Aguda,150230,Capitao Poco,PA,2022,0
CHAGAS,Doença de Chagas Aguda,150230,Capitao Poco,PA,2023,1
CHAGAS,Doença de Chagas Aguda,150230,Capitao Poco,PA,2024,0
CHAGAS,Doença de Chagas Aguda,150240,Castanhal,PA,2006,0
CHAGAS,Doença de Chagas Aguda,150240,Castanhal,PA,2007,15
CHAGAS,Doença de Chagas Aguda,150240,Castanhal,PA,2008,0
CHAGAS,Doença de Chagas Aguda,150240,Castanhal,PA,2009,3
CHAGAS,Doença de Chagas Aguda,150240,Castanhal,PA,2010,1
CHAGAS,Doença de Chagas Aguda,150240,Castanhal,PA,2011,1
CHAGAS,Doença de Chagas Aguda,150240,Castanhal,PA,2012,0
CHAGAS,Doença de Chagas Aguda,150240,Castanhal,PA,2013,1
CHAGAS,Doença de Chagas Aguda,150240,Castanhal,PA,2014,1
CHAGAS,Doença de Chagas Aguda,150240,Castanhal,PA,2015,1
CHAGAS,Doença de Chagas Aguda,150240,Castanhal,PA,2016,0
CHAGAS,Doença de Chagas Aguda,150240,Castanhal,PA,2017,3
CHAGAS,Doença de Chagas Aguda,150240,Castanhal,PA,2018,0
CHAGAS,Doença de Chagas Aguda,150240,Castanhal,PA,2019,0
CHAGAS,Doença de Chagas Aguda,150240,Castanhal,PA,2020,2
CHAGAS,Doença de Chagas Aguda,150240,Castanhal,PA,2021,0
CHAGAS,Doença de Chagas Aguda,150240,Castanhal,PA,2022,1
CHAGAS,Doença de Chagas Aguda,150240,Castanhal,PA,2023,6
CHAGAS,Doença de Chagas Aguda,150240,Castanhal,PA,2024,3
CHAGAS,Doença de Chagas Aguda,150260,Colares,PA,2006,0
CHAGAS,Doença de Chagas Aguda,150260,Colares,PA,2007,0
CHAGAS,Doença de Chagas Aguda,150260,Colares,PA,2008,0
CHAGAS,Doença de Chagas Aguda,150260,Colares,PA,2009,0
CHAGAS,Doença de Chagas Aguda,150260,Colares,PA,2010,0
CHAGAS,Doença de Chagas Aguda,150260,Colares,PA,2011,0
CHAGAS,Doença de Chagas Aguda,150260,Colares,PA,2012,0
CHAGAS,Doença de Chagas Aguda,150260,Colares,PA,2013,0
CHAGAS,Doença de Chagas Aguda,150260,Colares,PA,2014,0
CHAGAS,Doença de Chagas Aguda,150260,Colares,PA,2015,0
CHAGAS,Doença de Chagas Aguda,150260,Colares,PA,2016,0
CHAGAS,Doença de Chagas Aguda,150260,Colares,PA,2017,0
CHAGAS,Doença de Chagas Aguda,150260,Colares,PA,2018,0
CHAGAS,Doença de Chagas Aguda,150260,Colares,PA,2019,0
CHAGAS,Doença de Chagas Aguda,150260,Colares,PA,2020,0
CHAGAS,Doença de Chagas Aguda,150260,Colares,PA,2021,0
CHAGAS,Doença de Chagas Aguda,150260,Colares,PA,2022,1
CHAGAS,Doença de Chagas Aguda,150260,Colares,PA,2023,0
CHAGAS,Doença de Chagas Aguda,150260,Colares,PA,2024,0
CHAGAS,Doença de Chagas Aguda,150270,Conceicao do Araguaia,PA,2006,0
CHAGAS,Doença de Chagas Aguda,150270,Conceicao do Araguaia,PA,2007,0
CHAGAS,Doença de Chagas Aguda,150270,Conceicao do Araguaia,PA,2008,0
CHAGAS,Doença de Chagas Aguda,150270,Conceicao do Araguaia,PA,2009,0
CHAGAS,Doença de Chagas Aguda,150270,Conceicao do Araguaia,PA,2010,5
CHAGAS,Doença de Chagas Aguda,150270,Conceicao do Araguaia,PA,2011,0
CHAGAS,Doença de Chagas Aguda,150270,Conceicao do Araguaia,PA,2012,0
CHAGAS,Doença de Chagas Aguda,150270,Conceicao do Araguaia,PA,2013,0
CHAGAS,Doença de Chagas Aguda,150270,Conceicao do Araguaia,PA,2014,0
CHAGAS,Doença de Chagas Aguda,150270,Conceicao do Araguaia,PA,2015,0
CHAGAS,Doença de Chagas Aguda,150270,Conceicao do Araguaia,PA,2016,0
CHAGAS,Doença de Chagas Aguda,150270,Conceicao do Araguaia,PA,2017,0
CHAGAS,Doença de Chagas Aguda,150270,Conceicao do Araguaia,PA,2018,0
CHAGAS,Doença de Chagas Aguda,150270,Conceicao do Araguaia,PA,2019,0
CHAGAS,Doença de Chagas Aguda,150270,Conceicao do Araguaia,PA,2020,0
CHAGAS,Doença de Chagas Aguda,150270,Conceicao do Araguaia,PA,2021,0
CHAGAS,Doença de Chagas Aguda,150270,Conceicao do Araguaia,PA,2022,0
CHAGAS,Doença de Chagas Aguda,150270,Conceicao do Araguaia,PA,2023,0
CHAGAS,Doença de Chagas Aguda,150270,Conceicao do Araguaia,PA,2024,0
CHAGAS,Doença de Chagas Aguda,150275,Concordia do Para,PA,2006,0
CHAGAS,Doença de Chagas Aguda,150275,Concordia do Para,PA,2007,0
CHAGAS,Doença de Chagas Aguda,150275,Concordia do Para,PA,2008,1
CHAGAS,Doença de Chagas Aguda,150275,Concordia do Para,PA,2009,0
CHAGAS,Doença de Chagas Aguda,150275,Concordia do Para,PA,2010,0
CHAGAS,Doença de Chagas Aguda,150275,Concordia do Para,PA,2011,0
CHAGAS,Doença de Chagas Aguda,150275,Concordia do Para,PA,2012,1
CHAGAS,Doença de Chagas Aguda,150275,Concordia do Para,PA,2013,0
CHAGAS,Doença de Chagas Aguda,150275,Concordia do Para,PA,2014,0
CHAGAS,Doença de Chagas Aguda,150275,Concordia do Para,PA,2015,0
CHAGAS,Doença de Chagas Aguda,150275,Concordia do Para,PA,2016,0
CHAGAS,Doença de Chagas Aguda,150275,Concordia do Para,PA,2017,0
CHAGAS,Doença de Chagas Aguda,150275,Concordia do Para,PA,2018,0
CHAGAS,Doença de Chagas Aguda,150275,Concordia do Para,PA,2019,0
CHAGAS,Doença de Chagas Aguda,150275,Concordia do Para,PA,2020,0
CHAGAS,Doença de Chagas Aguda,150275,Concordia do Para,PA,2021,0
CHAGAS,Doença de Chagas Aguda,150275,Concordia do Para,PA,2022,1
CHAGAS,Doença de Chagas Aguda,150275,Concordia do Para,PA,2023,0
CHAGAS,Doença de Chagas Aguda,150275,Concordia do Para,PA,2024,0
CHAGAS,Doença de Chagas Aguda,150280,Curralinho,PA,2006,0
CHAGAS,Doença de Chagas Aguda,150280,Curralinho,PA,2007,8
CHAGAS,Doença de Chagas Aguda,150280,Curralinho,PA,2008,1
CHAGAS,Doença de Chagas Aguda,150280,Curralinho,PA,2009,9
CHAGAS,Doença de Chagas Aguda,150280,Curralinho,PA,2010,0
CHAGAS,Doença de Chagas Aguda,150280,Curralinho,PA,2011,2
CHAGAS,Doença de Chagas Aguda,150280,Curralinho,PA,2012,0
CHAGAS,Doença de Chagas Aguda,150280,Curralinho,PA,2013,0
CHAGAS,Doença de Chagas Aguda,150280,Curralinho,PA,2014,11
CHAGAS,Doença de Chagas Aguda,150280,Curralinho,PA,2015,1
CHAGAS,Doença de Chagas Aguda,150280,Curralinho,PA,2016,4
CHAGAS,Doença de Chagas Aguda,150280,Curralinho,PA,2017,8
CHAGAS,Doença de Chagas Aguda,150280,Curralinho,PA,2018,13
CHAGAS,Doença de Chagas Aguda,150280,Curralinho,PA,2019,12
CHAGAS,Doença de Chagas Aguda,150280,Curralinho,PA,2020,2
CHAGAS,Doença de Chagas Aguda,150280,Curralinho,PA,2021,22
CHAGAS,Doença de Chagas Aguda,150280,Curralinho,PA,2022,9
CHAGAS,Doença de Chagas Aguda,150280,Curralinho,PA,2023,39
CHAGAS,Doença de Chagas Aguda,150280,Curralinho,PA,2024,43
CHAGAS,Doença de Chagas Aguda,150285,Curua,PA,2006,0
CHAGAS,Doença de Chagas Aguda,150285,Curua,PA,2007,0
CHAGAS,Doença de Chagas Aguda,150285,Curua,PA,2008,0
CHAGAS,Doença de Chagas Aguda,150285,Curua,PA,2009,0
CHAGAS,Doença de Chagas Aguda,150285,Curua,PA,2010,0
CHAGAS,Doença de Chagas Aguda,150285,Curua,PA,2011,0
CHAGAS,Doença de Chagas Aguda,150285,Curua,PA,2012,0
CHAGAS,Doença de Chagas Aguda,150285,Curua,PA,2013,0
CHAGAS,Doença de Chagas Aguda,150285,Curua,PA,2014,0
CHAGAS,Doença de Chagas Aguda,150285,Curua,PA,2015,0
CHAGAS,Doença de Chagas Aguda,150285,Curua,PA,2016,0
CHAGAS,Doença de Chagas Aguda,150285,Curua,PA,2017,0
CHAGAS,Doença de Chagas Aguda,150285,Curua,PA,2018,2
CHAGAS,Doença de Chagas Aguda,150285,Curua,PA,2019,0
CHAGAS,Doença de Chagas Aguda,150285,Curua,PA,2020,0
CHAGAS,Doença de Chagas Aguda,150285,Curua,PA,2021,0
CHAGAS,Doença de Chagas Aguda,150285,Curua,PA,2022,0
CHAGAS,Doença de Chagas Aguda,150285,Curua,PA,2023,0
CHAGAS,Doença de Chagas Aguda,150285,Curua,PA,2024,0
CHAGAS,Doença de Chagas Aguda,150290,Curuca,PA,2006,0
CHAGAS,Doença de Chagas Aguda,150290,Curuca,PA,2007,0
CHAGAS,Doença de Chagas Aguda,150290,Curuca,PA,2008,0
CHAGAS,Doença de Chagas Aguda,150290,Curuca,PA,2009,0
CHAGAS,Doença de Chagas Aguda,150290,Curuca,PA,2010,0
CHAGAS,Doença de Chagas Aguda,150290,Curuca,PA,2011,0
CHAGAS,Doença de Chagas Aguda,150290,Curuca,PA,2012,0
CHAGAS,Doença de Chagas Aguda,150290,Curuca,PA,2013,0
CHAGAS,Doença de Chagas Aguda,150290,Curuca,PA,2014,1
CHAGAS,Doença de Chagas Aguda,150290,Curuca,PA,2015,0
CHAGAS,Doença de Chagas Aguda,150290,Curuca,PA,2016,0
CHAGAS,Doença de Chagas Aguda,150290,Curuca,PA,2017,0
CHAGAS,Doença de Chagas Aguda,150290,Curuca,PA,2018,0
CHAGAS,Doença de Chagas Aguda,150290,Curuca,PA,2019,0
CHAGAS,Doença de Chagas Aguda,150290,Curuca,PA,2020,0
CHAGAS,Doença de Chagas Aguda,150290,Curuca,PA,2021,0
CHAGAS,Doença de Chagas Aguda,150290,Curuca,PA,2022,1
CHAGAS,Doença de Chagas Aguda,150290,Curuca,PA,2023,1
CHAGAS,Doença de Chagas Aguda,150290,Curuca,PA,2024,0
CHAGAS,Doença de Chagas Aguda,150307,Garrafao do Norte,PA,2006,0
CHAGAS,Doença de Chagas Aguda,150307,Garrafao do Norte,PA,2007,0
CHAGAS,Doença de Chagas Aguda,150307,Garrafao do Norte,PA,2008,0
CHAGAS,Doença de Chagas Aguda,150307,Garrafao do Norte,PA,2009,1
CHAGAS,Doença de Chagas Aguda,150307,Garrafao do Norte,PA,2010,0
CHAGAS,Doença de Chagas Aguda,150307,Garrafao do Norte,PA,2011,0
CHAGAS,Doença de Chagas Aguda,150307,Garrafao do Norte,PA,2012,0
CHAGAS,Doença de Chagas Aguda,150307,Garrafao do Norte,PA,2013,0
CHAGAS,Doença de Chagas Aguda,150307,Garrafao do Norte,PA,2014,0
CHAGAS,Doença de Chagas Aguda,150307,Garrafao do Norte,PA,2015,1
CHAGAS,Doença de Chagas Aguda,150307,Garrafao do Norte,PA,2016,0
CHAGAS,Doença de Chagas Aguda,150307,Garrafao do Norte,PA,2017,0
CHAGAS,Doença de Chagas Aguda,150307,Garrafao do Norte,PA,2018,1
CHAGAS,Doença de Chagas Aguda,150307,Garrafao do Norte,PA,2019,0
CHAGAS,Doença de Chagas Aguda,150307,Garrafao do Norte,PA,2020,0
CHAGAS,Doença de Chagas Aguda,150307,Garrafao do Norte,PA,2021,0
CHAGAS,Doença de Chagas Aguda,150307,Garrafao do Norte,PA,2022,0
CHAGAS,Doença de Chagas Aguda,150307,Garrafao do Norte,PA,2023,0
CHAGAS,Doença de Chagas Aguda,150307,Garrafao do Norte,PA,2024,0
CHAGAS,Doença de Chagas Aguda,150309,Goianesia do Para,PA,2006,0
CHAGAS,Doença de Chagas Aguda,150309,Goianesia do Para,PA,2007,0
CHAGAS,Doença de Chagas Aguda,150309,Goianesia do Para,PA,2008,0
CHAGAS,Doença de Chagas Aguda,150309,Goianesia do Para,PA,2009,0
CHAGAS,Doença de Chagas Aguda,150309,Goianesia do Para,PA,2010,0
CHAGAS,Doença de Chagas Aguda,150309,Goianesia do Para,PA,2011,0
CHAGAS,Doença de Chagas Aguda,150309,Goianesia do Para,PA,2012,0
CHAGAS,Doença de Chagas Aguda,150309,Goianesia do Para,PA,2013,0
CHAGAS,Doença de Chagas Aguda,150309,Goianesia do Para,PA,2014,0
CHAGAS,Doença de Chagas Aguda,150309,Goianesia do Para,PA,2015,0
CHAGAS,Doença de Chagas Aguda,150309,Goianesia do Para,PA,2016,0
CHAGAS,Doença de Chagas Aguda,150309,Goianesia do Para,PA,2017,0
CHAGAS,Doença de Chagas Aguda,150309,Goianesia do Para,PA,2018,0
CHAGAS,Doença de Chagas Aguda,150309,Goianesia do Para,PA,2019,0
CHAGAS,Doença de Chagas Aguda,150309,Goianesia do Para,PA,2020,0
CHAGAS,Doença de Chagas Aguda,150309,Goianesia do Para,PA,2021,2
CHAGAS,Doença de Chagas Aguda,150309,Goianesia do Para,PA,2022,0
CHAGAS,Doença de Chagas Aguda,150309,Goianesia do Para,PA,2023,0
CHAGAS,Doença de Chagas Aguda,150309,Goianesia do Para,PA,2024,0
CHAGAS,Doença de Chagas Aguda,150310,Gurupa,PA,2006,0
CHAGAS,Doença de Chagas Aguda,150310,Gurupa,PA,2007,0
CHAGAS,Doença de Chagas Aguda,150310,Gurupa,PA,2008,0
CHAGAS,Doença de Chagas Aguda,150310,Gurupa,PA,2009,0
CHAGAS,Doença de Chagas Aguda,150310,Gurupa,PA,2010,0
CHAGAS,Doença de Chagas Aguda,150310,Gurupa,PA,2011,0
CHAGAS,Doença de Chagas Aguda,150310,Gurupa,PA,2012,0
CHAGAS,Doença de Chagas Aguda,150310,Gurupa,PA,2013,0
CHAGAS,Doença de Chagas Aguda,150310,Gurupa,PA,2014,0
CHAGAS,Doença de Chagas Aguda,150310,Gurupa,PA,2015,0
CHAGAS,Doença de Chagas Aguda,150310,Gurupa,PA,2016,0
CHAGAS,Doença de Chagas Aguda,150310,Gurupa,PA,2017,0
CHAGAS,Doença de Chagas Aguda,150310,Gurupa,PA,2018,0
CHAGAS,Doença de Chagas Aguda,150310,Gurupa,PA,2019,5
CHAGAS,Doença de Chagas Aguda,150310,Gurupa,PA,2020,0
CHAGAS,Doença de Chagas Aguda,150310,Gurupa,PA,2021,0
CHAGAS,Doença de Chagas Aguda,150310,Gurupa,PA,2022,0
CHAGAS,Doença de Chagas Aguda,150310,Gurupa,PA,2023,0
CHAGAS,Doença de Chagas Aguda,150310,Gurupa,PA,2024,0
CHAGAS,Doença de Chagas Aguda,150320,Igarape-acu,PA,2006,0
CHAGAS,Doença de Chagas Aguda,150320,Igarape-acu,PA,2007,0
CHAGAS,Doença de Chagas Aguda,150320,Igarape-acu,PA,2008,0
CHAGAS,Doença de Chagas Aguda,150320,Igarape-acu,PA,2009,0
CHAGAS,Doença de Chagas Aguda,150320,Igarape-acu,PA,2010,0
CHAGAS,Doença de Chagas Aguda,150320,Igarape-acu,PA,2011,0
CHAGAS,Doença de Chagas Aguda,150320,Igarape-acu,PA,2012,0
CHAGAS,Doença de Chagas Aguda,150320,Igarape-acu,PA,2013,0
CHAGAS,Doença de Chagas Aguda,150320,Igarape-acu,PA,2014,0
CHAGAS,Doença de Chagas Aguda,150320,Igarape-acu,PA,2015,0
CHAGAS,Doença de Chagas Aguda,150320,Igarape-acu,PA,2016,0
CHAGAS,Doença de Chagas Aguda,150320,Igarape-acu,PA,2017,0
CHAGAS,Doença de Chagas Aguda,150320,Igarape-acu,PA,2018,0
CHAGAS,Doença de Chagas Aguda,150320,Igarape-acu,PA,2019,1
CHAGAS,Doença de Chagas Aguda,150320,Igarape-acu,PA,2020,0
CHAGAS,Doença de Chagas Aguda,150320,Igarape-acu,PA,2021,0
CHAGAS,Doença de Chagas Aguda,150320,Igarape-acu,PA,2022,0
CHAGAS,Doença de Chagas Aguda,150320,Igarape-acu,PA,2023,0
CHAGAS,Doença de Chagas Aguda,150320,Igarape-acu,PA,2024,0
CHAGAS,Doença de Chagas Aguda,150330,Igarape-miri,PA,2006,0
CHAGAS,Doença de Chagas Aguda,150330,Igarape-miri,PA,2007,1
CHAGAS,Doença de Chagas Aguda,150330,Igarape-miri,PA,2008,0
CHAGAS,Doença de Chagas Aguda,150330,Igarape-miri,PA,2009,1
CHAGAS,Doença de Chagas Aguda,150330,Igarape-miri,PA,2010,7
CHAGAS,Doença de Chagas Aguda,150330,Igarape-miri,PA,2011,8
CHAGAS,Doença de Chagas Aguda,150330,Igarape-miri,PA,2012,7
CHAGAS,Doença de Chagas Aguda,150330,Igarape-miri,PA,2013,3
CHAGAS,Doença de Chagas Aguda,150330,Igarape-miri,PA,2014,3
CHAGAS,Doença de Chagas Aguda,150330,Igarape-miri,PA,2015,15
CHAGAS,Doença de Chagas Aguda,150330,Igarape-miri,PA,2016,16
CHAGAS,Doença de Chagas Aguda,150330,Igarape-miri,PA,2017,12
CHAGAS,Doença de Chagas Aguda,150330,Igarape-miri,PA,2018,1
CHAGAS,Doença de Chagas Aguda,150330,Igarape-miri,PA,2019,2
CHAGAS,Doença de Chagas Aguda,150330,Igarape-miri,PA,2020,5
CHAGAS,Doença de Chagas Aguda,150330,Igarape-miri,PA,2021,5
CHAGAS,Doença de Chagas Aguda,150330,Igarape-miri,PA,2022,6
CHAGAS,Doença de Chagas Aguda,150330,Igarape-miri,PA,2023,4
CHAGAS,Doença de Chagas Aguda,150330,Igarape-miri,PA,2024,2
CHAGAS,Doença de Chagas Aguda,150340,Inhangapi,PA,2006,0
CHAGAS,Doença de Chagas Aguda,150340,Inhangapi,PA,2007,0
CHAGAS,Doença de Chagas Aguda,150340,Inhangapi,PA,2008,0
CHAGAS,Doença de Chagas Aguda,150340,Inhangapi,PA,2009,0
CHAGAS,Doença de Chagas Aguda,150340,Inhangapi,PA,2010,0
CHAGAS,Doença de Chagas Aguda,150340,Inhangapi,PA,2011,0
CHAGAS,Doença de Chagas Aguda,150340,Inhangapi,PA,2012,0
CHAGAS,Doença de Chagas Aguda,150340,Inhangapi,PA,2013,0
CHAGAS,Doença de Chagas Aguda,150340,Inhangapi,PA,2014,0
CHAGAS,Doença de Chagas Aguda,150340,Inhangapi,PA,2015,0
CHAGAS,Doença de Chagas Aguda,150340,Inhangapi,PA,2016,0
CHAGAS,Doença de Chagas Aguda,150340,Inhangapi,PA,2017,0
CHAGAS,Doença de Chagas Aguda,150340,Inhangapi,PA,2018,0
CHAGAS,Doença de Chagas Aguda,150340,Inhangapi,PA,2019,0
CHAGAS,Doença de Chagas Aguda,150340,Inhangapi,PA,2020,0
CHAGAS,Doença de Chagas Aguda,150340,Inhangapi,PA,2021,0
CHAGAS,Doença de Chagas Aguda,150340,Inhangapi,PA,2022,0
CHAGAS,Doença de Chagas Aguda,150340,Inhangapi,PA,2023,0
CHAGAS,Doença de Chagas Aguda,150340,Inhangapi,PA,2024,4
CHAGAS,Doença de Chagas Aguda,150345,Ipixuna do Para,PA,2006,0
CHAGAS,Doença de Chagas Aguda,150345,Ipixuna do Para,PA,2007,0
CHAGAS,Doença de Chagas Aguda,150345,Ipixuna do Para,PA,2008,0
CHAGAS,Doença de Chagas Aguda,150345,Ipixuna do Para,PA,2009,0
CHAGAS,Doença de Chagas Aguda,150345,Ipixuna do Para,PA,2010,0
CHAGAS,Doença de Chagas Aguda,150345,Ipixuna do Para,PA,2011,0
CHAGAS,Doença de Chagas Aguda,150345,Ipixuna do Para,PA,2012,0
CHAGAS,Doença de Chagas Aguda,150345,Ipixuna do Para,PA,2013,0
CHAGAS,Doença de Chagas Aguda,150345,Ipixuna do Para,PA,2014,0
CHAGAS,Doença de Chagas Aguda,150345,Ipixuna do Para,PA,2015,0
CHAGAS,Doença de Chagas Aguda,150345,Ipixuna do Para,PA,2016,0
CHAGAS,Doença de Chagas Aguda,150345,Ipixuna do Para,PA,2017,0
CHAGAS,Doença de Chagas Aguda,150345,Ipixuna do Para,PA,2018,0
CHAGAS,Doença de Chagas Aguda,150345,Ipixuna do Para,PA,2019,1
CHAGAS,Doença de Chagas Aguda,150345,Ipixuna do Para,PA,2020,0
CHAGAS,Doença de Chagas Aguda,150345,Ipixuna do Para,PA,2021,0
CHAGAS,Doença de Chagas Aguda,150345,Ipixuna do Para,PA,2022,0
CHAGAS,Doença de Chagas Aguda,150345,Ipixuna do Para,PA,2023,0
CHAGAS,Doença de Chagas Aguda,150345,Ipixuna do Para,PA,2024,0
CHAGAS,Doença de Chagas Aguda,150350,Irituia,PA,2006,0
CHAGAS,Doença de Chagas Aguda,150350,Irituia,PA,2007,0
CHAGAS,Doença de Chagas Aguda,150350,Irituia,PA,2008,0
CHAGAS,Doença de Chagas Aguda,150350,Irituia,PA,2009,0
CHAGAS,Doença de Chagas Aguda,150350,Irituia,PA,2010,0
CHAGAS,Doença de Chagas Aguda,150350,Irituia,PA,2011,1
CHAGAS,Doença de Chagas Aguda,150350,Irituia,PA,2012,4
CHAGAS,Doença de Chagas Aguda,150350,Irituia,PA,2013,2
CHAGAS,Doença de Chagas Aguda,150350,Irituia,PA,2014,2
CHAGAS,Doença de Chagas Aguda,150350,Irituia,PA,2015,0
CHAGAS,Doença de Chagas Aguda,150350,Irituia,PA,2016,0
CHAGAS,Doença de Chagas Aguda,150350,Irituia,PA,2017,1
CHAGAS,Doença de Chagas Aguda,150350,Irituia,PA,2018,0
CHAGAS,Doença de Chagas Aguda,150350,Irituia,PA,2019,0
CHAGAS,Doença de Chagas Aguda,150350,Irituia,PA,2020,0
CHAGAS,Doença de Chagas Aguda,150350,Irituia,PA,2021,0
CHAGAS,Doença de Chagas Aguda,150350,Irituia,PA,2022,0
CHAGAS,Doença de Chagas Aguda,150350,Irituia,PA,2023,3
CHAGAS,Doença de Chagas Aguda,150350,Irituia,PA,2024,0
CHAGAS,Doença de Chagas Aguda,150375,Jacareacanga,PA,2006,0
CHAGAS,Doença de Chagas Aguda,150375,Jacareacanga,PA,2007,0
CHAGAS,Doença de Chagas Aguda,150375,Jacareacanga,PA,2008,0
CHAGAS,Doença de Chagas Aguda,150375,Jacareacanga,PA,2009,0
CHAGAS,Doença de Chagas Aguda,150375,Jacareacanga,PA,2010,0
CHAGAS,Doença de Chagas Aguda,150375,Jacareacanga,PA,2011,0
CHAGAS,Doença de Chagas Aguda,150375,Jacareacanga,PA,2012,0
CHAGAS,Doença de Chagas Aguda,150375,Jacareacanga,PA,2013,0
CHAGAS,Doença de Chagas Aguda,150375,Jacareacanga,PA,2014,0
CHAGAS,Doença de Chagas Aguda,150375,Jacareacanga,PA,2015,0
CHAGAS,Doença de Chagas Aguda,150375,Jacareacanga,PA,2016,0
CHAGAS,Doença de Chagas Aguda,150375,Jacareacanga,PA,2017,1
CHAGAS,Doença de Chagas Aguda,150375,Jacareacanga,PA,2018,0
CHAGAS,Doença de Chagas Aguda,150375,Jacareacanga,PA,2019,0
CHAGAS,Doença de Chagas Aguda,150375,Jacareacanga,PA,2020,0
CHAGAS,Doença de Chagas Aguda,150375,Jacareacanga,PA,2021,0
CHAGAS,Doença de Chagas Aguda,150375,Jacareacanga,PA,2022,0
CHAGAS,Doença de Chagas Aguda,150375,Jacareacanga,PA,2023,0
CHAGAS,Doença de Chagas Aguda,150375,Jacareacanga,PA,2024,0
CHAGAS,Doença de Chagas Aguda,150390,Juruti,PA,2006,0
CHAGAS,Doença de Chagas Aguda,150390,Juruti,PA,2007,0
CHAGAS,Doença de Chagas Aguda,150390,Juruti,PA,2008,0
CHAGAS,Doença de Chagas Aguda,150390,Juruti,PA,2009,0
CHAGAS,Doença de Chagas Aguda,150390,Juruti,PA,2010,0
CHAGAS,Doença de Chagas Aguda,150390,Juruti,PA,2011,0
CHAGAS,Doença de Chagas Aguda,150390,Juruti,PA,2012,0
CHAGAS,Doença de Chagas Aguda,150390,Juruti,PA,2013,0
CHAGAS,Doença de Chagas Aguda,150390,Juruti,PA,2014,1
CHAGAS,Doença de Chagas Aguda,150390,Juruti,PA,2015,0
CHAGAS,Doença de Chagas Aguda,150390,Juruti,PA,2016,1
CHAGAS,Doença de Chagas Aguda,150390,Juruti,PA,2017,1
CHAGAS,Doença de Chagas Aguda,150390,Juruti,PA,2018,0
CHAGAS,Doença de Chagas Aguda,150390,Juruti,PA,2019,0
CHAGAS,Doença de Chagas Aguda,150390,Juruti,PA,2020,1
CHAGAS,Doença de Chagas Aguda,150390,Juruti,PA,2021,0
CHAGAS,Doença de Chagas Aguda,150390,Juruti,PA,2022,0
CHAGAS,Doença de Chagas Aguda,150390,Juruti,PA,2023,0
CHAGAS,Doença de Chagas Aguda,150390,Juruti,PA,2024,6
CHAGAS,Doença de Chagas Aguda,150400,Limoeiro do Ajuru,PA,2006,0
CHAGAS,Doença de Chagas Aguda,150400,Limoeiro do Ajuru,PA,2007,0
CHAGAS,Doença de Chagas Aguda,150400,Limoeiro do Ajuru,PA,2008,0
CHAGAS,Doença de Chagas Aguda,150400,Limoeiro do Ajuru,PA,2009,0
CHAGAS,Doença de Chagas Aguda,150400,Limoeiro do Ajuru,PA,2010,0
CHAGAS,Doença de Chagas Aguda,150400,Limoeiro do Ajuru,PA,2011,0
CHAGAS,Doença de Chagas Aguda,150400,Limoeiro do Ajuru,PA,2012,0
CHAGAS,Doença de Chagas Aguda,150400,Limoeiro do Ajuru,PA,2013,3
CHAGAS,Doença de Chagas Aguda,150400,Limoeiro do Ajuru,PA,2014,2
CHAGAS,Doença de Chagas Aguda,150400,Limoeiro do Ajuru,PA,2015,2
CHAGAS,Doença de Chagas Aguda,150400,Limoeiro do Ajuru,PA,2016,15
CHAGAS,Doença de Chagas Aguda,150400,Limoeiro do Ajuru,PA,2017,0
CHAGAS,Doença de Chagas Aguda,150400,Limoeiro do Ajuru,PA,2018,7
CHAGAS,Doença de Chagas Aguda,150400,Limoeiro do Ajuru,PA,2019,3
CHAGAS,Doença de Chagas Aguda,150400,Limoeiro do Ajuru,PA,2020,0
CHAGAS,Doença de Chagas Aguda,150400,Limoeiro do Ajuru,PA,2021,8
CHAGAS,Doença de Chagas Aguda,150400,Limoeiro do Ajuru,PA,2022,1
CHAGAS,Doença de Chagas Aguda,150400,Limoeiro do Ajuru,PA,2023,3
CHAGAS,Doença de Chagas Aguda,150400,Limoeiro do Ajuru,PA,2024,12
CHAGAS,Doença de Chagas Aguda,150405,Mae do Rio,PA,2006,0
CHAGAS,Doença de Chagas Aguda,150405,Mae do Rio,PA,2007,0
CHAGAS,Doença de Chagas Aguda,150405,Mae do Rio,PA,2008,0
CHAGAS,Doença de Chagas Aguda,150405,Mae do Rio,PA,2009,0
CHAGAS,Doença de Chagas Aguda,150405,Mae do Rio,PA,2010,0
CHAGAS,Doença de Chagas Aguda,150405,Mae do Rio,PA,2011,0
CHAGAS,Doença de Chagas Aguda,150405,Mae do Rio,PA,2012,0
CHAGAS,Doença de Chagas Aguda,150405,Mae do Rio,PA,2013,0
CHAGAS,Doença de Chagas Aguda,150405,Mae do Rio,PA,2014,0
CHAGAS,Doença de Chagas Aguda,150405,Mae do Rio,PA,2015,0
CHAGAS,Doença de Chagas Aguda,150405,Mae do Rio,PA,2016,0
CHAGAS,Doença de Chagas Aguda,150405,Mae do Rio,PA,2017,0
CHAGAS,Doença de Chagas Aguda,150405,Mae do Rio,PA,2018,0
CHAGAS,Doença de Chagas Aguda,150405,Mae do Rio,PA,2019,0
CHAGAS,Doença de Chagas Aguda,150405,Mae do Rio,PA,2020,0
CHAGAS,Doença de Chagas Aguda,150405,Mae do Rio,PA,2021,0
CHAGAS,Doença de Chagas Aguda,150405,Mae do Rio,PA,2022,0
CHAGAS,Doença de Chagas Aguda,150405,Mae do Rio,PA,2023,1
CHAGAS,Doença de Chagas Aguda,150405,Mae do Rio,PA,2024,0
CHAGAS,Doença de Chagas Aguda,150410,Magalhaes Barata,PA,2006,0
CHAGAS,Doença de Chagas Aguda,150410,Magalhaes Barata,PA,2007,0
CHAGAS,Doença de Chagas Aguda,150410,Magalhaes Barata,PA,2008,0
CHAGAS,Doença de Chagas Aguda,150410,Magalhaes Barata,PA,2009,0
CHAGAS,Doença de Chagas Aguda,150410,Magalhaes Barata,PA,2010,0
CHAGAS,Doença de Chagas Aguda,150410,Magalhaes Barata,PA,2011,0
CHAGAS,Doença de Chagas Aguda,150410,Magalhaes Barata,PA,2012,0
CHAGAS,Doença de Chagas Aguda,150410,Magalhaes Barata,PA,2013,0
CHAGAS,Doença de Chagas Aguda,150410,Magalhaes Barata,PA,2014,0
CHAGAS,Doença de Chagas Aguda,150410,Magalhaes Barata,PA,2015,0
CHAGAS,Doença de Chagas Aguda,150410,Magalhaes Barata,PA,2016,0
CHAGAS,Doença de Chagas Aguda,150410,Magalhaes Barata,PA,2017,1
CHAGAS,Doença de Chagas Aguda,150410,Magalhaes Barata,PA,2018,0
CHAGAS,Doença de Chagas Aguda,150410,Magalhaes Barata,PA,2019,0
CHAGAS,Doença de Chagas Aguda,150410,Magalhaes Barata,PA,2020,0
CHAGAS,Doença de Chagas Aguda,150410,Magalhaes Barata,PA,2021,0
CHAGAS,Doença de Chagas Aguda,150410,Magalhaes Barata,PA,2022,0
CHAGAS,Doença de Chagas Aguda,150410,Magalhaes Barata,PA,2023,0
CHAGAS,Doença de Chagas Aguda,150410,Magalhaes Barata,PA,2024,0
CHAGAS,Doença de Chagas Aguda,150442,Marituba,PA,2006,0
CHAGAS,Doença de Chagas Aguda,150442,Marituba,PA,2007,0
CHAGAS,Doença de Chagas Aguda,150442,Marituba,PA,2008,0
CHAGAS,Doença de Chagas Aguda,150442,Marituba,PA,2009,0
CHAGAS,Doença de Chagas Aguda,150442,Marituba,PA,2010,0
CHAGAS,Doença de Chagas Aguda,150442,Marituba,PA,2011,0
CHAGAS,Doença de Chagas Aguda,150442,Marituba,PA,2012,1
CHAGAS,Doença de Chagas Aguda,150442,Marituba,PA,2013,0
CHAGAS,Doença de Chagas Aguda,150442,Marituba,PA,2014,1
CHAGAS,Doença de Chagas Aguda,150442,Marituba,PA,2015,0
CHAGAS,Doença de Chagas Aguda,150442,Marituba,PA,2016,0
CHAGAS,Doença de Chagas Aguda,150442,Marituba,PA,2017,0
CHAGAS,Doença de Chagas Aguda,150442,Marituba,PA,2018,1
CHAGAS,Doença de Chagas Aguda,150442,Marituba,PA,2019,0
CHAGAS,Doença de Chagas Aguda,150442,Marituba,PA,2020,0
CHAGAS,Doença de Chagas Aguda,150442,Marituba,PA,2021,0
CHAGAS,Doença de Chagas Aguda,150442,Marituba,PA,2022,0
CHAGAS,Doença de Chagas Aguda,150442,Marituba,PA,2023,2
CHAGAS,Doença de Chagas Aguda,150442,Marituba,PA,2024,1
CHAGAS,Doença de Chagas Aguda,150450,Melgaco,PA,2006,0
CHAGAS,Doença de Chagas Aguda,150450,Melgaco,PA,2007,0
CHAGAS,Doença de Chagas Aguda,150450,Melgaco,PA,2008,0
CHAGAS,Doença de Chagas Aguda,150450,Melgaco,PA,2009,0
CHAGAS,Doença de Chagas Aguda,150450,Melgaco,PA,2010,0
CHAGAS,Doença de Chagas Aguda,150450,Melgaco,PA,2011,2
CHAGAS,Doença de Chagas Aguda,150450,Melgaco,PA,2012,0
CHAGAS,Doença de Chagas Aguda,150450,Melgaco,PA,2013,0
CHAGAS,Doença de Chagas Aguda,150450,Melgaco,PA,2014,1
CHAGAS,Doença de Chagas Aguda,150450,Melgaco,PA,2015,0
CHAGAS,Doença de Chagas Aguda,150450,Melgaco,PA,2016,0
CHAGAS,Doença de Chagas Aguda,150450,Melgaco,PA,2017,1
CHAGAS,Doença de Chagas Aguda,150450,Melgaco,PA,2018,5
CHAGAS,Doença de Chagas Aguda,150450,Melgaco,PA,2019,0
CHAGAS,Doença de Chagas Aguda,150450,Melgaco,PA,2020,5
CHAGAS,Doença de Chagas Aguda,150450,Melgaco,PA,2021,1
CHAGAS,Doença de Chagas Aguda,150450,Melgaco,PA,2022,0
CHAGAS,Doença de Chagas Aguda,150450,Melgaco,PA,2023,10
CHAGAS,Doença de Chagas Aguda,150450,Melgaco,PA,2024,7
CHAGAS,Doença de Chagas Aguda,150460,Mocajuba,PA,2006,0
CHAGAS,Doença de Chagas Aguda,150460,Mocajuba,PA,2007,0
CHAGAS,Doença de Chagas Aguda,150460,Mocajuba,PA,2008,0
CHAGAS,Doença de Chagas Aguda,150460,Mocajuba,PA,2009,0
CHAGAS,Doença de Chagas Aguda,150460,Mocajuba,PA,2010,0
CHAGAS,Doença de Chagas Aguda,150460,Mocajuba,PA,2011,0
CHAGAS,Doença de Chagas Aguda,150460,Mocajuba,PA,2012,1
CHAGAS,Doença de Chagas Aguda,150460,Mocajuba,PA,2013,0
CHAGAS,Doença de Chagas Aguda,150460,Mocajuba,PA,2014,0
CHAGAS,Doença de Chagas Aguda,150460,Mocajuba,PA,2015,1
CHAGAS,Doença de Chagas Aguda,150460,Mocajuba,PA,2016,0
CHAGAS,Doença de Chagas Aguda,150460,Mocajuba,PA,2017,1
CHAGAS,Doença de Chagas Aguda,150460,Mocajuba,PA,2018,0
CHAGAS,Doença de Chagas Aguda,150460,Mocajuba,PA,2019,1
CHAGAS,Doença de Chagas Aguda,150460,Mocajuba,PA,2020,1
CHAGAS,Doença de Chagas Aguda,150460,Mocajuba,PA,2021,0
CHAGAS,Doença de Chagas Aguda,150460,Mocajuba,PA,2022,0
CHAGAS,Doença de Chagas Aguda,150460,Mocajuba,PA,2023,0
CHAGAS,Doença de Chagas Aguda,150460,Mocajuba,PA,2024,1
CHAGAS,Doença de Chagas Aguda,150470,Moju,PA,2006,0
CHAGAS,Doença de Chagas Aguda,150470,Moju,PA,2007,9
CHAGAS,Doença de Chagas Aguda,150470,Moju,PA,2008,0
CHAGAS,Doença de Chagas Aguda,150470,Moju,PA,2009,0
CHAGAS,Doença de Chagas Aguda,150470,Moju,PA,2010,2
CHAGAS,Doença de Chagas Aguda,150470,Moju,PA,2011,4
CHAGAS,Doença de Chagas Aguda,150470,Moju,PA,2012,0
CHAGAS,Doença de Chagas Aguda,150470,Moju,PA,2013,2
CHAGAS,Doença de Chagas Aguda,150470,Moju,PA,2014,6
CHAGAS,Doença de Chagas Aguda,150470,Moju,PA,2015,1
CHAGAS,Doença de Chagas Aguda,150470,Moju,PA,2016,4
CHAGAS,Doença de Chagas Aguda,150470,Moju,PA,2017,0
CHAGAS,Doença de Chagas Aguda,150470,Moju,PA,2018,1
CHAGAS,Doença de Chagas Aguda,150470,Moju,PA,2019,0
CHAGAS,Doença de Chagas Aguda,150470,Moju,PA,2020,5
CHAGAS,Doença de Chagas Aguda,150470,Moju,PA,2021,4
CHAGAS,Doença de Chagas Aguda,150470,Moju,PA,2022,0
CHAGAS,Doença de Chagas Aguda,150470,Moju,PA,2023,1
CHAGAS,Doença de Chagas Aguda,150470,Moju,PA,2024,2
CHAGAS,Doença de Chagas Aguda,150475,Mojui Dos Campos,PA,2006,0
CHAGAS,Doença de Chagas Aguda,150475,Mojui Dos Campos,PA,2007,0
CHAGAS,Doença de Chagas Aguda,150475,Mojui Dos Campos,PA,2008,0
CHAGAS,Doença de Chagas Aguda,150475,Mojui Dos Campos,PA,2009,0
CHAGAS,Doença de Chagas Aguda,150475,Mojui Dos Campos,PA,2010,0
CHAGAS,Doença de Chagas Aguda,150475,Mojui Dos Campos,PA,2011,0
CHAGAS,Doença de Chagas Aguda,150475,Mojui Dos Campos,PA,2012,0
CHAGAS,Doença de Chagas Aguda,150475,Mojui Dos Campos,PA,2013,0
CHAGAS,Doença de Chagas Aguda,150475,Mojui Dos Campos,PA,2014,0
CHAGAS,Doença de Chagas Aguda,150475,Mojui Dos Campos,PA,2015,0
CHAGAS,Doença de Chagas Aguda,150475,Mojui Dos Campos,PA,2016,0
CHAGAS,Doença de Chagas Aguda,150475,Mojui Dos Campos,PA,2017,0
CHAGAS,Doença de Chagas Aguda,150475,Mojui Dos Campos,PA,2018,0
CHAGAS,Doença de Chagas Aguda,150475,Mojui Dos Campos,PA,2019,0
CHAGAS,Doença de Chagas Aguda,150475,Mojui Dos Campos,PA,2020,0
CHAGAS,Doença de Chagas Aguda,150475,Mojui Dos Campos,PA,2021,0
CHAGAS,Doença de Chagas Aguda,150475,Mojui Dos Campos,PA,2022,1
CHAGAS,Doença de Chagas Aguda,150475,Mojui Dos Campos,PA,2023,0
CHAGAS,Doença de Chagas Aguda,150475,Mojui Dos Campos,PA,2024,0
CHAGAS,Doença de Chagas Aguda,150480,Monte Alegre,PA,2006,0
CHAGAS,Doença de Chagas Aguda,150480,Monte Alegre,PA,2007,0
CHAGAS,Doença de Chagas Aguda,150480,Monte Alegre,PA,2008,0
CHAGAS,Doença de Chagas Aguda,150480,Monte Alegre,PA,2009,0
CHAGAS,Doença de Chagas Aguda,150480,Monte Alegre,PA,2010,0
CHAGAS,Doença de Chagas Aguda,150480,Monte Alegre,PA,2011,0
CHAGAS,Doença de Chagas Aguda,150480,Monte Alegre,PA,2012,0
CHAGAS,Doença de Chagas Aguda,150480,Monte Alegre,PA,2013,0
CHAGAS,Doença de Chagas Aguda,150480,Monte Alegre,PA,2014,0
CHAGAS,Doença de Chagas Aguda,150480,Monte Alegre,PA,2015,0
CHAGAS,Doença de Chagas Aguda,150480,Monte Alegre,PA,2016,0
CHAGAS,Doença de Chagas Aguda,150480,Monte Alegre,PA,2017,0
CHAGAS,Doença de Chagas Aguda,150480,Monte Alegre,PA,2018,0
CHAGAS,Doença de Chagas Aguda,150480,Monte Alegre,PA,2019,0
CHAGAS,Doença de Chagas Aguda,150480,Monte Alegre,PA,2020,0
CHAGAS,Doença de Chagas Aguda,150480,Monte Alegre,PA,2021,0
CHAGAS,Doença de Chagas Aguda,150480,Monte Alegre,PA,2022,5
CHAGAS,Doença de Chagas Aguda,150480,Monte Alegre,PA,2023,0
CHAGAS,Doença de Chagas Aguda,150480,Monte Alegre,PA,2024,0
CHAGAS,Doença de Chagas Aguda,150490,Muana,PA,2006,0
CHAGAS,Doença de Chagas Aguda,150490,Muana,PA,2007,0
CHAGAS,Doença de Chagas Aguda,150490,Muana,PA,2008,1
CHAGAS,Doença de Chagas Aguda,150490,Muana,PA,2009,1
CHAGAS,Doença de Chagas Aguda,150490,Muana,PA,2010,0
CHAGAS,Doença de Chagas Aguda,150490,Muana,PA,2011,0
CHAGAS,Doença de Chagas Aguda,150490,Muana,PA,2012,3
CHAGAS,Doença de Chagas Aguda,150490,Muana,PA,2013,0
CHAGAS,Doença de Chagas Aguda,150490,Muana,PA,2014,8
CHAGAS,Doença de Chagas Aguda,150490,Muana,PA,2015,2
CHAGAS,Doença de Chagas Aguda,150490,Muana,PA,2016,3
CHAGAS,Doença de Chagas Aguda,150490,Muana,PA,2017,10
CHAGAS,Doença de Chagas Aguda,150490,Muana,PA,2018,13
CHAGAS,Doença de Chagas Aguda,150490,Muana,PA,2019,3
CHAGAS,Doença de Chagas Aguda,150490,Muana,PA,2020,5
CHAGAS,Doença de Chagas Aguda,150490,Muana,PA,2021,9
CHAGAS,Doença de Chagas Aguda,150490,Muana,PA,2022,5
CHAGAS,Doença de Chagas Aguda,150490,Muana,PA,2023,22
CHAGAS,Doença de Chagas Aguda,150490,Muana,PA,2024,9
CHAGAS,Doença de Chagas Aguda,150497,Nova Ipixuna,PA,2006,0
CHAGAS,Doença de Chagas Aguda,150497,Nova Ipixuna,PA,2007,0
CHAGAS,Doença de Chagas Aguda,150497,Nova Ipixuna,PA,2008,1
CHAGAS,Doença de Chagas Aguda,150497,Nova Ipixuna,PA,2009,0
CHAGAS,Doença de Chagas Aguda,150497,Nova Ipixuna,PA,2010,0
CHAGAS,Doença de Chagas Aguda,150497,Nova Ipixuna,PA,2011,0
CHAGAS,Doença de Chagas Aguda,150497,Nova Ipixuna,PA,2012,0
CHAGAS,Doença de Chagas Aguda,150497,Nova Ipixuna,PA,2013,0
CHAGAS,Doença de Chagas Aguda,150497,Nova Ipixuna,PA,2014,0
CHAGAS,Doença de Chagas Aguda,150497,Nova Ipixuna,PA,2015,0
CHAGAS,Doença de Chagas Aguda,150497,Nova Ipixuna,PA,2016,0
CHAGAS,Doença de Chagas Aguda,150497,Nova Ipixuna,PA,2017,0
CHAGAS,Doença de Chagas Aguda,150497,Nova Ipixuna,PA,2018,0
CHAGAS,Doença de Chagas Aguda,150497,Nova Ipixuna,PA,2019,0
CHAGAS,Doença de Chagas Aguda,150497,Nova Ipixuna,PA,2020,0
CHAGAS,Doença de Chagas Aguda,150497,Nova Ipixuna,PA,2021,0
CHAGAS,Doença de Chagas Aguda,150497,Nova Ipixuna,PA,2022,0
CHAGAS,Doença de Chagas Aguda,150497,Nova Ipixuna,PA,2023,0
CHAGAS,Doença de Chagas Aguda,150497,Nova Ipixuna,PA,2024,0
CHAGAS,Doença de Chagas Aguda,150520,Oeiras do Para,PA,2006,0
CHAGAS,Doença de Chagas Aguda,150520,Oeiras do Para,PA,2007,0
CHAGAS,Doença de Chagas Aguda,150520,Oeiras do Para,PA,2008,0
CHAGAS,Doença de Chagas Aguda,150520,Oeiras do Para,PA,2009,0
CHAGAS,Doença de Chagas Aguda,150520,Oeiras do Para,PA,2010,0
CHAGAS,Doença de Chagas Aguda,150520,Oeiras do Para,PA,2011,0
CHAGAS,Doença de Chagas Aguda,150520,Oeiras do Para,PA,2012,0
CHAGAS,Doença de Chagas Aguda,150520,Oeiras do Para,PA,2013,1
CHAGAS,Doença de Chagas Aguda,150520,Oeiras do Para,PA,2014,1
CHAGAS,Doença de Chagas Aguda,150520,Oeiras do Para,PA,2015,0
CHAGAS,Doença de Chagas Aguda,150520,Oeiras do Para,PA,2016,1
CHAGAS,Doença de Chagas Aguda,150520,Oeiras do Para,PA,2017,3
CHAGAS,Doença de Chagas Aguda,150520,Oeiras do Para,PA,2018,7
CHAGAS,Doença de Chagas Aguda,150520,Oeiras do Para,PA,2019,1
CHAGAS,Doença de Chagas Aguda,150520,Oeiras do Para,PA,2020,7
CHAGAS,Doença de Chagas Aguda,150520,Oeiras do Para,PA,2021,12
CHAGAS,Doença de Chagas Aguda,150520,Oeiras do Para,PA,2022,7
CHAGAS,Doença de Chagas Aguda,150520,Oeiras do Para,PA,2023,14
CHAGAS,Doença de Chagas Aguda,150520,Oeiras do Para,PA,2024,26
CHAGAS,Doença de Chagas Aguda,150530,Oriximina,PA,2006,0
CHAGAS,Doença de Chagas Aguda,150530,Oriximina,PA,2007,0
CHAGAS,Doença de Chagas Aguda,150530,Oriximina,PA,2008,0
CHAGAS,Doença de Chagas Aguda,150530,Oriximina,PA,2009,0
CHAGAS,Doença de Chagas Aguda,150530,Oriximina,PA,2010,0
CHAGAS,Doença de Chagas Aguda,150530,Oriximina,PA,2011,0
CHAGAS,Doença de Chagas Aguda,150530,Oriximina,PA,2012,0
CHAGAS,Doença de Chagas Aguda,150530,Oriximina,PA,2013,0
CHAGAS,Doença de Chagas Aguda,150530,Oriximina,PA,2014,0
CHAGAS,Doença de Chagas Aguda,150530,Oriximina,PA,2015,0
CHAGAS,Doença de Chagas Aguda,150530,Oriximina,PA,2016,0
CHAGAS,Doença de Chagas Aguda,150530,Oriximina,PA,2017,1
CHAGAS,Doença de Chagas Aguda,150530,Oriximina,PA,2018,0
CHAGAS,Doença de Chagas Aguda,150530,Oriximina,PA,2019,0
CHAGAS,Doença de Chagas Aguda,150530,Oriximina,PA,2020,0
CHAGAS,Doença de Chagas Aguda,150530,Oriximina,PA,2021,0
CHAGAS,Doença de Chagas Aguda,150530,Oriximina,PA,2022,0
CHAGAS,Doença de Chagas Aguda,150530,Oriximina,PA,2023,0
CHAGAS,Doença de Chagas Aguda,150530,Oriximina,PA,2024,0
CHAGAS,Doença de Chagas Aguda,150550,Paragominas,PA,2006,0
CHAGAS,Doença de Chagas Aguda,150550,Paragominas,PA,2007,0
CHAGAS,Doença de Chagas Aguda,150550,Paragominas,PA,2008,0
CHAGAS,Doença de Chagas Aguda,150550,Paragominas,PA,2009,1
CHAGAS,Doença de Chagas Aguda,150550,Paragominas,PA,2010,0
CHAGAS,Doença de Chagas Aguda,150550,Paragominas,PA,2011,0
CHAGAS,Doença de Chagas Aguda,150550,Paragominas,PA,2012,0
CHAGAS,Doença de Chagas Aguda,150550,Paragominas,PA,2013,0
CHAGAS,Doença de Chagas Aguda,150550,Paragominas,PA,2014,0
CHAGAS,Doença de Chagas Aguda,150550,Paragominas,PA,2015,0
CHAGAS,Doença de Chagas Aguda,150550,Paragominas,PA,2016,0
CHAGAS,Doença de Chagas Aguda,150550,Paragominas,PA,2017,4
CHAGAS,Doença de Chagas Aguda,150550,Paragominas,PA,2018,0
CHAGAS,Doença de Chagas Aguda,150550,Paragominas,PA,2019,0
CHAGAS,Doença de Chagas Aguda,150550,Paragominas,PA,2020,0
CHAGAS,Doença de Chagas Aguda,150550,Paragominas,PA,2021,0
CHAGAS,Doença de Chagas Aguda,150550,Paragominas,PA,2022,0
CHAGAS,Doença de Chagas Aguda,150550,Paragominas,PA,2023,0
CHAGAS,Doença de Chagas Aguda,150550,Paragominas,PA,2024,0
CHAGAS,Doença de Chagas Aguda,150565,Placas,PA,2006,0
CHAGAS,Doença de Chagas Aguda,150565,Placas,PA,2007,0
CHAGAS,Doença de Chagas Aguda,150565,Placas,PA,2008,0
CHAGAS,Doença de Chagas Aguda,150565,Placas,PA,2009,0
CHAGAS,Doença de Chagas Aguda,150565,Placas,PA,2010,0
CHAGAS,Doença de Chagas Aguda,150565,Placas,PA,2011,0
CHAGAS,Doença de Chagas Aguda,150565,Placas,PA,2012,0
CHAGAS,Doença de Chagas Aguda,150565,Placas,PA,2013,0
CHAGAS,Doença de Chagas Aguda,150565,Placas,PA,2014,0
CHAGAS,Doença de Chagas Aguda,150565,Placas,PA,2015,0
CHAGAS,Doença de Chagas Aguda,150565,Placas,PA,2016,0
CHAGAS,Doença de Chagas Aguda,150565,Placas,PA,2017,0
CHAGAS,Doença de Chagas Aguda,150565,Placas,PA,2018,0
CHAGAS,Doença de Chagas Aguda,150565,Placas,PA,2019,0
CHAGAS,Doença de Chagas Aguda,150565,Placas,PA,2020,0
CHAGAS,Doença de Chagas Aguda,150565,Placas,PA,2021,0
CHAGAS,Doença de Chagas Aguda,150565,Placas,PA,2022,0
CHAGAS,Doença de Chagas Aguda,150565,Placas,PA,2023,1
CHAGAS,Doença de Chagas Aguda,150565,Placas,PA,2024,0
CHAGAS,Doença de Chagas Aguda,150570,Ponta de Pedras,PA,2006,0
CHAGAS,Doença de Chagas Aguda,150570,Ponta de Pedras,PA,2007,0
CHAGAS,Doença de Chagas Aguda,150570,Ponta de Pedras,PA,2008,0
CHAGAS,Doença de Chagas Aguda,150570,Ponta de Pedras,PA,2009,2
CHAGAS,Doença de Chagas Aguda,150570,Ponta de Pedras,PA,2010,0
CHAGAS,Doença de Chagas Aguda,150570,Ponta de Pedras,PA,2011,0
CHAGAS,Doença de Chagas Aguda,150570,Ponta de Pedras,PA,2012,1
CHAGAS,Doença de Chagas Aguda,150570,Ponta de Pedras,PA,2013,0
CHAGAS,Doença de Chagas Aguda,150570,Ponta de Pedras,PA,2014,1
CHAGAS,Doença de Chagas Aguda,150570,Ponta de Pedras,PA,2015,0
CHAGAS,Doença de Chagas Aguda,150570,Ponta de Pedras,PA,2016,2
CHAGAS,Doença de Chagas Aguda,150570,Ponta de Pedras,PA,2017,0
CHAGAS,Doença de Chagas Aguda,150570,Ponta de Pedras,PA,2018,1
CHAGAS,Doença de Chagas Aguda,150570,Ponta de Pedras,PA,2019,0
CHAGAS,Doença de Chagas Aguda,150570,Ponta de Pedras,PA,2020,0
CHAGAS,Doença de Chagas Aguda,150570,Ponta de Pedras,PA,2021,1
CHAGAS,Doença de Chagas Aguda,150570,Ponta de Pedras,PA,2022,4
CHAGAS,Doença de Chagas Aguda,150570,Ponta de Pedras,PA,2023,9
CHAGAS,Doença de Chagas Aguda,150570,Ponta de Pedras,PA,2024,5
CHAGAS,Doença de Chagas Aguda,150580,Portel,PA,2006,0
CHAGAS,Doença de Chagas Aguda,150580,Portel,PA,2007,0
CHAGAS,Doença de Chagas Aguda,150580,Portel,PA,2008,0
CHAGAS,Doença de Chagas Aguda,150580,Portel,PA,2009,7
CHAGAS,Doença de Chagas Aguda,150580,Portel,PA,2010,0
CHAGAS,Doença de Chagas Aguda,150580,Portel,PA,2011,0
CHAGAS,Doença de Chagas Aguda,150580,Portel,PA,2012,0
CHAGAS,Doença de Chagas Aguda,150580,Portel,PA,2013,0
CHAGAS,Doença de Chagas Aguda,150580,Portel,PA,2014,0
CHAGAS,Doença de Chagas Aguda,150580,Portel,PA,2015,0
CHAGAS,Doença de Chagas Aguda,150580,Portel,PA,2016,1
CHAGAS,Doença de Chagas Aguda,150580,Portel,PA,2017,1
CHAGAS,Doença de Chagas Aguda,150580,Portel,PA,2018,1
CHAGAS,Doença de Chagas Aguda,150580,Portel,PA,2019,2
CHAGAS,Doença de Chagas Aguda,150580,Portel,PA,2020,1
CHAGAS,Doença de Chagas Aguda,150580,Portel,PA,2021,0
CHAGAS,Doença de Chagas Aguda,150580,Portel,PA,2022,0
CHAGAS,Doença de Chagas Aguda,150580,Portel,PA,2023,3
CHAGAS,Doença de Chagas Aguda,150580,Portel,PA,2024,0
CHAGAS,Doença de Chagas Aguda,150590,Porto de Moz,PA,2006,0
CHAGAS,Doença de Chagas Aguda,150590,Porto de Moz,PA,2007,0
CHAGAS,Doença de Chagas Aguda,150590,Porto de Moz,PA,2008,1
CHAGAS,Doença de Chagas Aguda,150590,Porto de Moz,PA,2009,1
CHAGAS,Doença de Chagas Aguda,150590,Porto de Moz,PA,2010,0
CHAGAS,Doença de Chagas Aguda,150590,Porto de Moz,PA,2011,0
CHAGAS,Doença de Chagas Aguda,150590,Porto de Moz,PA,2012,0
CHAGAS,Doença de Chagas Aguda,150590,Porto de Moz,PA,2013,0
CHAGAS,Doença de Chagas Aguda,150590,Porto de Moz,PA,2014,0
CHAGAS,Doença de Chagas Aguda,150590,Porto de Moz,PA,2015,0
CHAGAS,Doença de Chagas Aguda,150590,Porto de Moz,PA,2016,0
CHAGAS,Doença de Chagas Aguda,150590,Porto de Moz,PA,2017,0
CHAGAS,Doença de Chagas Aguda,150590,Porto de Moz,PA,2018,0
CHAGAS,Doença de Chagas Aguda,150590,Porto de Moz,PA,2019,2
CHAGAS,Doença de Chagas Aguda,150590,Porto de Moz,PA,2020,0
CHAGAS,Doença de Chagas Aguda,150590,Porto de Moz,PA,2021,0
CHAGAS,Doença de Chagas Aguda,150590,Porto de Moz,PA,2022,0
CHAGAS,Doença de Chagas Aguda,150590,Porto de Moz,PA,2023,0
CHAGAS,Doença de Chagas Aguda,150590,Porto de Moz,PA,2024,0
CHAGAS,Doença de Chagas Aguda,150600,Prainha,PA,2006,0
CHAGAS,Doença de Chagas Aguda,150600,Prainha,PA,2007,0
CHAGAS,Doença de Chagas Aguda,150600,Prainha,PA,2008,0
CHAGAS,Doença de Chagas Aguda,150600,Prainha,PA,2009,0
CHAGAS,Doença de Chagas Aguda,150600,Prainha,PA,2010,0
CHAGAS,Doença de Chagas Aguda,150600,Prainha,PA,2011,0
CHAGAS,Doença de Chagas Aguda,150600,Prainha,PA,2012,0
CHAGAS,Doença de Chagas Aguda,150600,Prainha,PA,2013,0
CHAGAS,Doença de Chagas Aguda,150600,Prainha,PA,2014,0
CHAGAS,Doença de Chagas Aguda,150600,Prainha,PA,2015,0
CHAGAS,Doença de Chagas Aguda,150600,Prainha,PA,2016,0
CHAGAS,Doença de Chagas Aguda,150600,Prainha,PA,2017,0
CHAGAS,Doença de Chagas Aguda,150600,Prainha,PA,2018,1
CHAGAS,Doença de Chagas Aguda,150600,Prainha,PA,2019,0
CHAGAS,Doença de Chagas Aguda,150600,Prainha,PA,2020,0
CHAGAS,Doença de Chagas Aguda,150600,Prainha,PA,2021,0
CHAGAS,Doença de Chagas Aguda,150600,Prainha,PA,2022,0
CHAGAS,Doença de Chagas Aguda,150600,Prainha,PA,2023,0
CHAGAS,Doença de Chagas Aguda,150600,Prainha,PA,2024,0
CHAGAS,Doença de Chagas Aguda,150611,Quatipuru,PA,2006,0
CHAGAS,Doença de Chagas Aguda,150611,Quatipuru,PA,2007,0
CHAGAS,Doença de Chagas Aguda,150611,Quatipuru,PA,2008,0
CHAGAS,Doença de Chagas Aguda,150611,Quatipuru,PA,2009,0
CHAGAS,Doença de Chagas Aguda,150611,Quatipuru,PA,2010,0
CHAGAS,Doença de Chagas Aguda,150611,Quatipuru,PA,2011,0
CHAGAS,Doença de Chagas Aguda,150611,Quatipuru,PA,2012,0
CHAGAS,Doença de Chagas Aguda,150611,Quatipuru,PA,2013,0
CHAGAS,Doença de Chagas Aguda,150611,Quatipuru,PA,2014,0
CHAGAS,Doença de Chagas Aguda,150611,Quatipuru,PA,2015,0
CHAGAS,Doença de Chagas Aguda,150611,Quatipuru,PA,2016,0
CHAGAS,Doença de Chagas Aguda,150611,Quatipuru,PA,2017,0
CHAGAS,Doença de Chagas Aguda,150611,Quatipuru,PA,2018,0
CHAGAS,Doença de Chagas Aguda,150611,Quatipuru,PA,2019,0
CHAGAS,Doença de Chagas Aguda,150611,Quatipuru,PA,2020,0
CHAGAS,Doença de Chagas Aguda,150611,Quatipuru,PA,2021,0
CHAGAS,Doença de Chagas Aguda,150611,Quatipuru,PA,2022,0
CHAGAS,Doença de Chagas Aguda,150611,Quatipuru,PA,2023,1
CHAGAS,Doença de Chagas Aguda,150611,Quatipuru,PA,2024,0
CHAGAS,Doença de Chagas Aguda,150613,Redencao,PA,2006,0
CHAGAS,Doença de Chagas Aguda,150613,Redencao,PA,2007,0
CHAGAS,Doença de Chagas Aguda,150613,Redencao,PA,2008,0
CHAGAS,Doença de Chagas Aguda,150613,Redencao,PA,2009,1
CHAGAS,Doença de Chagas Aguda,150613,Redencao,PA,2010,1
CHAGAS,Doença de Chagas Aguda,150613,Redencao,PA,2011,1
CHAGAS,Doença de Chagas Aguda,150613,Redencao,PA,2012,0
CHAGAS,Doença de Chagas Aguda,150613,Redencao,PA,2013,0
CHAGAS,Doença de Chagas Aguda,150613,Redencao,PA,2014,0
CHAGAS,Doença de Chagas Aguda,150613,Redencao,PA,2015,0
CHAGAS,Doença de Chagas Aguda,150613,Redencao,PA,2016,0
CHAGAS,Doença de Chagas Aguda,150613,Redencao,PA,2017,0
CHAGAS,Doença de Chagas Aguda,150613,Redencao,PA,2018,0
CHAGAS,Doença de Chagas Aguda,150613,Redencao,PA,2019,0
CHAGAS,Doença de Chagas Aguda,150613,Redencao,PA,2020,0
CHAGAS,Doença de Chagas Aguda,150613,Redencao,PA,2021,0
CHAGAS,Doença de Chagas Aguda,150613,Redencao,PA,2022,0
CHAGAS,Doença de Chagas Aguda,150613,Redencao,PA,2023,0
CHAGAS,Doença de Chagas Aguda,150613,Redencao,PA,2024,0
CHAGAS,Doença de Chagas Aguda,150620,Salinopolis,PA,2006,0
CHAGAS,Doença de Chagas Aguda,150620,Salinopolis,PA,2007,0
CHAGAS,Doença de Chagas Aguda,150620,Salinopolis,PA,2008,0
CHAGAS,Doença de Chagas Aguda,150620,Salinopolis,PA,2009,0
CHAGAS,Doença de Chagas Aguda,150620,Salinopolis,PA,2010,0
CHAGAS,Doença de Chagas Aguda,150620,Salinopolis,PA,2011,0
CHAGAS,Doença de Chagas Aguda,150620,Salinopolis,PA,2012,0
CHAGAS,Doença de Chagas Aguda,150620,Salinopolis,PA,2013,0
CHAGAS,Doença de Chagas Aguda,150620,Salinopolis,PA,2014,1
CHAGAS,Doença de Chagas Aguda,150620,Salinopolis,PA,2015,0
CHAGAS,Doença de Chagas Aguda,150620,Salinopolis,PA,2016,0
CHAGAS,Doença de Chagas Aguda,150620,Salinopolis,PA,2017,0
CHAGAS,Doença de Chagas Aguda,150620,Salinopolis,PA,2018,0
CHAGAS,Doença de Chagas Aguda,150620,Salinopolis,PA,2019,1
CHAGAS,Doença de Chagas Aguda,150620,Salinopolis,PA,2020,0
CHAGAS,Doença de Chagas Aguda,150620,Salinopolis,PA,2021,0
CHAGAS,Doença de Chagas Aguda,150620,Salinopolis,PA,2022,0
CHAGAS,Doença de Chagas Aguda,150620,Salinopolis,PA,2023,0
CHAGAS,Doença de Chagas Aguda,150620,Salinopolis,PA,2024,0
CHAGAS,Doença de Chagas Aguda,150630,Salvaterra,PA,2006,0
CHAGAS,Doença de Chagas Aguda,150630,Salvaterra,PA,2007,0
CHAGAS,Doença de Chagas Aguda,150630,Salvaterra,PA,2008,0
CHAGAS,Doença de Chagas Aguda,150630,Salvaterra,PA,2009,1
CHAGAS,Doença de Chagas Aguda,150630,Salvaterra,PA,2010,0
CHAGAS,Doença de Chagas Aguda,150630,Salvaterra,PA,2011,0
CHAGAS,Doença de Chagas Aguda,150630,Salvaterra,PA,2012,0
CHAGAS,Doença de Chagas Aguda,150630,Salvaterra,PA,2013,0
CHAGAS,Doença de Chagas Aguda,150630,Salvaterra,PA,2014,0
CHAGAS,Doença de Chagas Aguda,150630,Salvaterra,PA,2015,0
CHAGAS,Doença de Chagas Aguda,150630,Salvaterra,PA,2016,0
CHAGAS,Doença de Chagas Aguda,150630,Salvaterra,PA,2017,0
CHAGAS,Doença de Chagas Aguda,150630,Salvaterra,PA,2018,0
CHAGAS,Doença de Chagas Aguda,150630,Salvaterra,PA,2019,0
CHAGAS,Doença de Chagas Aguda,150630,Salvaterra,PA,2020,1
CHAGAS,Doença de Chagas Aguda,150630,Salvaterra,PA,2021,1
CHAGAS,Doença de Chagas Aguda,150630,Salvaterra,PA,2022,0
CHAGAS,Doença de Chagas Aguda,150630,Salvaterra,PA,2023,0
CHAGAS,Doença de Chagas Aguda,150630,Salvaterra,PA,2024,1
CHAGAS,Doença de Chagas Aguda,150650,Santa Izabel do Para,PA,2006,0
CHAGAS,Doença de Chagas Aguda,150650,Santa Izabel do Para,PA,2007,5
CHAGAS,Doença de Chagas Aguda,150650,Santa Izabel do Para,PA,2008,0
CHAGAS,Doença de Chagas Aguda,150650,Santa Izabel do Para,PA,2009,0
CHAGAS,Doença de Chagas Aguda,150650,Santa Izabel do Para,PA,2010,0
CHAGAS,Doença de Chagas Aguda,150650,Santa Izabel do Para,PA,2011,0
CHAGAS,Doença de Chagas Aguda,150650,Santa Izabel do Para,PA,2012,0
CHAGAS,Doença de Chagas Aguda,150650,Santa Izabel do Para,PA,2013,0
CHAGAS,Doença de Chagas Aguda,150650,Santa Izabel do Para,PA,2014,1
CHAGAS,Doença de Chagas Aguda,150650,Santa Izabel do Para,PA,2015,0
CHAGAS,Doença de Chagas Aguda,150650,Santa Izabel do Para,PA,2016,0
CHAGAS,Doença de Chagas Aguda,150650,Santa Izabel do Para,PA,2017,0
CHAGAS,Doença de Chagas Aguda,150650,Santa Izabel do Para,PA,2018,0
CHAGAS,Doença de Chagas Aguda,150650,Santa Izabel do Para,PA,2019,0
CHAGAS,Doença de Chagas Aguda,150650,Santa Izabel do Para,PA,2020,1
CHAGAS,Doença de Chagas Aguda,150650,Santa Izabel do Para,PA,2021,0
CHAGAS,Doença de Chagas Aguda,150650,Santa Izabel do Para,PA,2022,0
CHAGAS,Doença de Chagas Aguda,150650,Santa Izabel do Para,PA,2023,1
CHAGAS,Doença de Chagas Aguda,150650,Santa Izabel do Para,PA,2024,0
CHAGAS,Doença de Chagas Aguda,150680,Santarem,PA,2006,0
CHAGAS,Doença de Chagas Aguda,150680,Santarem,PA,2007,0
CHAGAS,Doença de Chagas Aguda,150680,Santarem,PA,2008,0
CHAGAS,Doença de Chagas Aguda,150680,Santarem,PA,2009,0
CHAGAS,Doença de Chagas Aguda,150680,Santarem,PA,2010,0
CHAGAS,Doença de Chagas Aguda,150680,Santarem,PA,2011,0
CHAGAS,Doença de Chagas Aguda,150680,Santarem,PA,2012,0
CHAGAS,Doença de Chagas Aguda,150680,Santarem,PA,2013,0
CHAGAS,Doença de Chagas Aguda,150680,Santarem,PA,2014,0
CHAGAS,Doença de Chagas Aguda,150680,Santarem,PA,2015,0
CHAGAS,Doença de Chagas Aguda,150680,Santarem,PA,2016,9
CHAGAS,Doença de Chagas Aguda,150680,Santarem,PA,2017,14
CHAGAS,Doença de Chagas Aguda,150680,Santarem,PA,2018,1
CHAGAS,Doença de Chagas Aguda,150680,Santarem,PA,2019,2
CHAGAS,Doença de Chagas Aguda,150680,Santarem,PA,2020,2
CHAGAS,Doença de Chagas Aguda,150680,Santarem,PA,2021,0
CHAGAS,Doença de Chagas Aguda,150680,Santarem,PA,2022,2
CHAGAS,Doença de Chagas Aguda,150680,Santarem,PA,2023,3
CHAGAS,Doença de Chagas Aguda,150680,Santarem,PA,2024,4
CHAGAS,Doença de Chagas Aguda,150720,Sao Domingos do Capim,PA,2006,0
CHAGAS,Doença de Chagas Aguda,150720,Sao Domingos do Capim,PA,2007,1
CHAGAS,Doença de Chagas Aguda,150720,Sao Domingos do Capim,PA,2008,1
CHAGAS,Doença de Chagas Aguda,150720,Sao Domingos do Capim,PA,2009,0
CHAGAS,Doença de Chagas Aguda,150720,Sao Domingos do Capim,PA,2010,0
CHAGAS,Doença de Chagas Aguda,150720,Sao Domingos do Capim,PA,2011,0
CHAGAS,Doença de Chagas Aguda,150720,Sao Domingos do Capim,PA,2012,0
CHAGAS,Doença de Chagas Aguda,150720,Sao Domingos do Capim,PA,2013,3
CHAGAS,Doença de Chagas Aguda,150720,Sao Domingos do Capim,PA,2014,0
CHAGAS,Doença de Chagas Aguda,150720,Sao Domingos do Capim,PA,2015,0
CHAGAS,Doença de Chagas Aguda,150720,Sao Domingos do Capim,PA,2016,0
CHAGAS,Doença de Chagas Aguda,150720,Sao Domingos do Capim,PA,2017,8
CHAGAS,Doença de Chagas Aguda,150720,Sao Domingos do Capim,PA,2018,1
CHAGAS,Doença de Chagas Aguda,150720,Sao Domingos do Capim,PA,2019,2
CHAGAS,Doença de Chagas Aguda,150720,Sao Domingos do Capim,PA,2020,0
CHAGAS,Doença de Chagas Aguda,150720,Sao Domingos do Capim,PA,2021,3
CHAGAS,Doença de Chagas Aguda,150720,Sao Domingos do Capim,PA,2022,10
CHAGAS,Doença de Chagas Aguda,150720,Sao Domingos do Capim,PA,2023,0
CHAGAS,Doença de Chagas Aguda,150720,Sao Domingos do Capim,PA,2024,0
CHAGAS,Doença de Chagas Aguda,150747,Sao Joao de Pirabas,PA,2006,0
CHAGAS,Doença de Chagas Aguda,150747,Sao Joao de Pirabas,PA,2007,2
CHAGAS,Doença de Chagas Aguda,150747,Sao Joao de Pirabas,PA,2008,0
CHAGAS,Doença de Chagas Aguda,150747,Sao Joao de Pirabas,PA,2009,0
CHAGAS,Doença de Chagas Aguda,150747,Sao Joao de Pirabas,PA,2010,0
CHAGAS,Doença de Chagas Aguda,150747,Sao Joao de Pirabas,PA,2011,0
CHAGAS,Doença de Chagas Aguda,150747,Sao Joao de Pirabas,PA,2012,0
CHAGAS,Doença de Chagas Aguda,150747,Sao Joao de Pirabas,PA,2013,1
CHAGAS,Doença de Chagas Aguda,150747,Sao Joao de Pirabas,PA,2014,0
CHAGAS,Doença de Chagas Aguda,150747,Sao Joao de Pirabas,PA,2015,0
CHAGAS,Doença de Chagas Aguda,150747,Sao Joao de Pirabas,PA,2016,0
CHAGAS,Doença de Chagas Aguda,150747,Sao Joao de Pirabas,PA,2017,0
CHAGAS,Doença de Chagas Aguda,150747,Sao Joao de Pirabas,PA,2018,0
CHAGAS,Doença de Chagas Aguda,150747,Sao Joao de Pirabas,PA,2019,0
CHAGAS,Doença de Chagas Aguda,150747,Sao Joao de Pirabas,PA,2020,0
CHAGAS,Doença de Chagas Aguda,150747,Sao Joao de Pirabas,PA,2021,0
CHAGAS,Doença de Chagas Aguda,150747,Sao Joao de Pirabas,PA,2022,0
CHAGAS,Doença de Chagas Aguda,150747,Sao Joao de Pirabas,PA,2023,0
CHAGAS,Doença de Chagas Aguda,150747,Sao Joao de Pirabas,PA,2024,0
CHAGAS,Doença de Chagas Aguda,150760,Sao Miguel do Guama,PA,2006,0
CHAGAS,Doença de Chagas Aguda,150760,Sao Miguel do Guama,PA,2007,0
CHAGAS,Doença de Chagas Aguda,150760,Sao Miguel do Guama,PA,2008,0
CHAGAS,Doença de Chagas Aguda,150760,Sao Miguel do Guama,PA,2009,0
CHAGAS,Doença de Chagas Aguda,150760,Sao Miguel do Guama,PA,2010,2
CHAGAS,Doença de Chagas Aguda,150760,Sao Miguel do Guama,PA,2011,0
CHAGAS,Doença de Chagas Aguda,150760,Sao Miguel do Guama,PA,2012,0
CHAGAS,Doença de Chagas Aguda,150760,Sao Miguel do Guama,PA,2013,2
CHAGAS,Doença de Chagas Aguda,150760,Sao Miguel do Guama,PA,2014,0
CHAGAS,Doença de Chagas Aguda,150760,Sao Miguel do Guama,PA,2015,0
CHAGAS,Doença de Chagas Aguda,150760,Sao Miguel do Guama,PA,2016,0
CHAGAS,Doença de Chagas Aguda,150760,Sao Miguel do Guama,PA,2017,0
CHAGAS,Doença de Chagas Aguda,150760,Sao Miguel do Guama,PA,2018,4
CHAGAS,Doença de Chagas Aguda,150760,Sao Miguel do Guama,PA,2019,0
CHAGAS,Doença de Chagas Aguda,150760,Sao Miguel do Guama,PA,2020,1
CHAGAS,Doença de Chagas Aguda,150760,Sao Miguel do Guama,PA,2021,0
CHAGAS,Doença de Chagas Aguda,150760,Sao Miguel do Guama,PA,2022,3
CHAGAS,Doença de Chagas Aguda,150760,Sao Miguel do Guama,PA,2023,0
CHAGAS,Doença de Chagas Aguda,150760,Sao Miguel do Guama,PA,2024,0
CHAGAS,Doença de Chagas Aguda,150770,Sao Sebastiao da Boa Vista,PA,2006,0
CHAGAS,Doença de Chagas Aguda,150770,Sao Sebastiao da Boa Vista,PA,2007,0
CHAGAS,Doença de Chagas Aguda,150770,Sao Sebastiao da Boa Vista,PA,2008,0
CHAGAS,Doença de Chagas Aguda,150770,Sao Sebastiao da Boa Vista,PA,2009,2
CHAGAS,Doença de Chagas Aguda,150770,Sao Sebastiao da Boa Vista,PA,2010,0
CHAGAS,Doença de Chagas Aguda,150770,Sao Sebastiao da Boa Vista,PA,2011,0
CHAGAS,Doença de Chagas Aguda,150770,Sao Sebastiao da Boa Vista,PA,2012,0
CHAGAS,Doença de Chagas Aguda,150770,Sao Sebastiao da Boa Vista,PA,2013,0
CHAGAS,Doença de Chagas Aguda,150770,Sao Sebastiao da Boa Vista,PA,2014,0
CHAGAS,Doença de Chagas Aguda,150770,Sao Sebastiao da Boa Vista,PA,2015,1
CHAGAS,Doença de Chagas Aguda,150770,Sao Sebastiao da Boa Vista,PA,2016,7
CHAGAS,Doença de Chagas Aguda,150770,Sao Sebastiao da Boa Vista,PA,2017,4
CHAGAS,Doença de Chagas Aguda,150770,Sao Sebastiao da Boa Vista,PA,2018,19
CHAGAS,Doença de Chagas Aguda,150770,Sao Sebastiao da Boa Vista,PA,2019,9
CHAGAS,Doença de Chagas Aguda,150770,Sao Sebastiao da Boa Vista,PA,2020,5
CHAGAS,Doença de Chagas Aguda,150770,Sao Sebastiao da Boa Vista,PA,2021,6
CHAGAS,Doença de Chagas Aguda,150770,Sao Sebastiao da Boa Vista,PA,2022,19
CHAGAS,Doença de Chagas Aguda,150770,Sao Sebastiao da Boa Vista,PA,2023,19
CHAGAS,Doença de Chagas Aguda,150770,Sao Sebastiao da Boa Vista,PA,2024,14
CHAGAS,Doença de Chagas Aguda,150795,Tailandia,PA,2006,0
CHAGAS,Doença de Chagas Aguda,150795,Tailandia,PA,2007,0
CHAGAS,Doença de Chagas Aguda,150795,Tailandia,PA,2008,0
CHAGAS,Doença de Chagas Aguda,150795,Tailandia,PA,2009,0
CHAGAS,Doença de Chagas Aguda,150795,Tailandia,PA,2010,0
CHAGAS,Doença de Chagas Aguda,150795,Tailandia,PA,2011,0
CHAGAS,Doença de Chagas Aguda,150795,Tailandia,PA,2012,0
CHAGAS,Doença de Chagas Aguda,150795,Tailandia,PA,2013,1
CHAGAS,Doença de Chagas Aguda,150795,Tailandia,PA,2014,0
CHAGAS,Doença de Chagas Aguda,150795,Tailandia,PA,2015,0
CHAGAS,Doença de Chagas Aguda,150795,Tailandia,PA,2016,0
CHAGAS,Doença de Chagas Aguda,150795,Tailandia,PA,2017,0
CHAGAS,Doença de Chagas Aguda,150795,Tailandia,PA,2018,1
CHAGAS,Doença de Chagas Aguda,150795,Tailandia,PA,2019,2
CHAGAS,Doença de Chagas Aguda,150795,Tailandia,PA,2020,0
CHAGAS,Doença de Chagas Aguda,150795,Tailandia,PA,2021,0
CHAGAS,Doença de Chagas Aguda,150795,Tailandia,PA,2022,0
CHAGAS,Doença de Chagas Aguda,150795,Tailandia,PA,2023,0
CHAGAS,Doença de Chagas Aguda,150795,Tailandia,PA,2024,1
CHAGAS,Doença de Chagas Aguda,150800,Tome-acu,PA,2006,0
CHAGAS,Doença de Chagas Aguda,150800,Tome-acu,PA,2007,0
CHAGAS,Doença de Chagas Aguda,150800,Tome-acu,PA,2008,0
CHAGAS,Doença de Chagas Aguda,150800,Tome-acu,PA,2009,0
CHAGAS,Doença de Chagas Aguda,150800,Tome-acu,PA,2010,0
CHAGAS,Doença de Chagas Aguda,150800,Tome-acu,PA,2011,0
CHAGAS,Doença de Chagas Aguda,150800,Tome-acu,PA,2012,0
CHAGAS,Doença de Chagas Aguda,150800,Tome-acu,PA,2013,0
CHAGAS,Doença de Chagas Aguda,150800,Tome-acu,PA,2014,0
CHAGAS,Doença de Chagas Aguda,150800,Tome-acu,PA,2015,0
CHAGAS,Doença de Chagas Aguda,150800,Tome-acu,PA,2016,0
CHAGAS,Doença de Chagas Aguda,150800,Tome-acu,PA,2017,0
CHAGAS,Doença de Chagas Aguda,150800,Tome-acu,PA,2018,1
CHAGAS,Doença de Chagas Aguda,150800,Tome-acu,PA,2019,0
CHAGAS,Doença de Chagas Aguda,150800,Tome-acu,PA,2020,0
CHAGAS,Doença de Chagas Aguda,150800,Tome-acu,PA,2021,0
CHAGAS,Doença de Chagas Aguda,150800,Tome-acu,PA,2022,1
CHAGAS,Doença de Chagas Aguda,150800,Tome-acu,PA,2023,1
CHAGAS,Doença de Chagas Aguda,150800,Tome-acu,PA,2024,0
CHAGAS,Doença de Chagas Aguda,150803,Tracuateua,PA,2006,0
CHAGAS,Doença de Chagas Aguda,150803,Tracuateua,PA,2007,0
CHAGAS,Doença de Chagas Aguda,150803,Tracuateua,PA,2008,0
CHAGAS,Doença de Chagas Aguda,150803,Tracuateua,PA,2009,0
CHAGAS,Doença de Chagas Aguda,150803,Tracuateua,PA,2010,0
CHAGAS,Doença de Chagas Aguda,150803,Tracuateua,PA,2011,0
CHAGAS,Doença de Chagas Aguda,150803,Tracuateua,PA,2012,0
CHAGAS,Doença de Chagas Aguda,150803,Tracuateua,PA,2013,0
CHAGAS,Doença de Chagas Aguda,150803,Tracuateua,PA,2014,0
CHAGAS,Doença de Chagas Aguda,150803,Tracuateua,PA,2015,0
CHAGAS,Doença de Chagas Aguda,150803,Tracuateua,PA,2016,0
CHAGAS,Doença de Chagas Aguda,150803,Tracuateua,PA,2017,0
CHAGAS,Doença de Chagas Aguda,150803,Tracuateua,PA,2018,1
CHAGAS,Doença de Chagas Aguda,150803,Tracuateua,PA,2019,0
CHAGAS,Doença de Chagas Aguda,150803,Tracuateua,PA,2020,0
CHAGAS,Doença de Chagas Aguda,150803,Tracuateua,PA,2021,0
CHAGAS,Doença de Chagas Aguda,150803,Tracuateua,PA,2022,0
CHAGAS,Doença de Chagas Aguda,150803,Tracuateua,PA,2023,0
CHAGAS,Doença de Chagas Aguda,150803,Tracuateua,PA,2024,0
CHAGAS,Doença de Chagas Aguda,150808,Tucuma,PA,2006,0
CHAGAS,Doença de Chagas Aguda,150808,Tucuma,PA,2007,0
CHAGAS,Doença de Chagas Aguda,150808,Tucuma,PA,2008,0
CHAGAS,Doença de Chagas Aguda,150808,Tucuma,PA,2009,0
CHAGAS,Doença de Chagas Aguda,150808,Tucuma,PA,2010,0
CHAGAS,Doença de Chagas Aguda,150808,Tucuma,PA,2011,0
CHAGAS,Doença de Chagas Aguda,150808,Tucuma,PA,2012,1
CHAGAS,Doença de Chagas Aguda,150808,Tucuma,PA,2013,0
CHAGAS,Doença de Chagas Aguda,150808,Tucuma,PA,2014,0
CHAGAS,Doença de Chagas Aguda,150808,Tucuma,PA,2015,0
CHAGAS,Doença de Chagas Aguda,150808,Tucuma,PA,2016,0
CHAGAS,Doença de Chagas Aguda,150808,Tucuma,PA,2017,0
CHAGAS,Doença de Chagas Aguda,150808,Tucuma,PA,2018,0
CHAGAS,Doença de Chagas Aguda,150808,Tucuma,PA,2019,0
CHAGAS,Doença de Chagas Aguda,150808,Tucuma,PA,2020,0
CHAGAS,Doença de Chagas Aguda,150808,Tucuma,PA,2021,0
CHAGAS,Doença de Chagas Aguda,150808,Tucuma,PA,2022,0
CHAGAS,Doença de Chagas Aguda,150808,Tucuma,PA,2023,0
CHAGAS,Doença de Chagas Aguda,150808,Tucuma,PA,2024,0
CHAGAS,Doença de Chagas Aguda,150810,Tucurui,PA,2006,0
CHAGAS,Doença de Chagas Aguda,150810,Tucurui,PA,2007,0
CHAGAS,Doença de Chagas Aguda,150810,Tucurui,PA,2008,0
CHAGAS,Doença de Chagas Aguda,150810,Tucurui,PA,2009,0
CHAGAS,Doença de Chagas Aguda,150810,Tucurui,PA,2010,0
CHAGAS,Doença de Chagas Aguda,150810,Tucurui,PA,2011,0
CHAGAS,Doença de Chagas Aguda,150810,Tucurui,PA,2012,1
CHAGAS,Doença de Chagas Aguda,150810,Tucurui,PA,2013,0
CHAGAS,Doença de Chagas Aguda,150810,Tucurui,PA,2014,0
CHAGAS,Doença de Chagas Aguda,150810,Tucurui,PA,2015,0
CHAGAS,Doença de Chagas Aguda,150810,Tucurui,PA,2016,2
CHAGAS,Doença de Chagas Aguda,150810,Tucurui,PA,2017,1
CHAGAS,Doença de Chagas Aguda,150810,Tucurui,PA,2018,4
CHAGAS,Doença de Chagas Aguda,150810,Tucurui,PA,2019,3
CHAGAS,Doença de Chagas Aguda,150810,Tucurui,PA,2020,1
CHAGAS,Doença de Chagas Aguda,150810,Tucurui,PA,2021,5
CHAGAS,Doença de Chagas Aguda,150810,Tucurui,PA,2022,0
CHAGAS,Doença de Chagas Aguda,150810,Tucurui,PA,2023,0
CHAGAS,Doença de Chagas Aguda,150810,Tucurui,PA,2024,0
CHAGAS,Doença de Chagas Aguda,150812,Ulianopolis,PA,2006,0
CHAGAS,Doença de Chagas Aguda,150812,Ulianopolis,PA,2007,0
CHAGAS,Doença de Chagas Aguda,150812,Ulianopolis,PA,2008,0
CHAGAS,Doença de Chagas Aguda,150812,Ulianopolis,PA,2009,0
CHAGAS,Doença de Chagas Aguda,150812,Ulianopolis,PA,2010,0
CHAGAS,Doença de Chagas Aguda,150812,Ulianopolis,PA,2011,0
CHAGAS,Doença de Chagas Aguda,150812,Ulianopolis,PA,2012,0
CHAGAS,Doença de Chagas Aguda,150812,Ulianopolis,PA,2013,0
CHAGAS,Doença de Chagas Aguda,150812,Ulianopolis,PA,2014,0
CHAGAS,Doença de Chagas Aguda,150812,Ulianopolis,PA,2015,0
CHAGAS,Doença de Chagas Aguda,150812,Ulianopolis,PA,2016,0
CHAGAS,Doença de Chagas Aguda,150812,Ulianopolis,PA,2017,0
CHAGAS,Doença de Chagas Aguda,150812,Ulianopolis,PA,2018,0
CHAGAS,Doença de Chagas Aguda,150812,Ulianopolis,PA,2019,0
CHAGAS,Doença de Chagas Aguda,150812,Ulianopolis,PA,2020,0
CHAGAS,Doença de Chagas Aguda,150812,Ulianopolis,PA,2021,0
CHAGAS,Doença de Chagas Aguda,150812,Ulianopolis,PA,2022,1
CHAGAS,Doença de Chagas Aguda,150812,Ulianopolis,PA,2023,0
CHAGAS,Doença de Chagas Aguda,150812,Ulianopolis,PA,2024,0
CHAGAS,Doença de Chagas Aguda,150815,Uruara,PA,2006,0
CHAGAS,Doença de Chagas Aguda,150815,Uruara,PA,2007,0
CHAGAS,Doença de Chagas Aguda,150815,Uruara,PA,2008,0
CHAGAS,Doença de Chagas Aguda,150815,Uruara,PA,2009,0
CHAGAS,Doença de Chagas Aguda,150815,Uruara,PA,2010,0
CHAGAS,Doença de Chagas Aguda,150815,Uruara,PA,2011,0
CHAGAS,Doença de Chagas Aguda,150815,Uruara,PA,2012,0
CHAGAS,Doença de Chagas Aguda,150815,Uruara,PA,2013,0
CHAGAS,Doença de Chagas Aguda,150815,Uruara,PA,2014,0
CHAGAS,Doença de Chagas Aguda,150815,Uruara,PA,2015,0
CHAGAS,Doença de Chagas Aguda,150815,Uruara,PA,2016,0
CHAGAS,Doença de Chagas Aguda,150815,Uruara,PA,2017,0
CHAGAS,Doença de Chagas Aguda,150815,Uruara,PA,2018,0
CHAGAS,Doença de Chagas Aguda,150815,Uruara,PA,2019,0
CHAGAS,Doença de Chagas Aguda,150815,Uruara,PA,2020,0
CHAGAS,Doença de Chagas Aguda,150815,Uruara,PA,2021,0
CHAGAS,Doença de Chagas Aguda,150815,Uruara,PA,2022,0
CHAGAS,Doença de Chagas Aguda,150815,Uruara,PA,2023,0
CHAGAS,Doença de Chagas Aguda,150815,Uruara,PA,2024,1
CHAGAS,Doença de Chagas Aguda,150835,Vitoria do Xingu,PA,2006,0
CHAGAS,Doença de Chagas Aguda,150835,Vitoria do Xingu,PA,2007,0
CHAGAS,Doença de Chagas Aguda,150835,Vitoria do Xingu,PA,2008,0
CHAGAS,Doença de Chagas Aguda,150835,Vitoria do Xingu,PA,2009,0
CHAGAS,Doença de Chagas Aguda,150835,Vitoria do Xingu,PA,2010,0
CHAGAS,Doença de Chagas Aguda,150835,Vitoria do Xingu,PA,2011,0
CHAGAS,Doença de Chagas Aguda,150835,Vitoria do Xingu,PA,2012,0
CHAGAS,Doença de Chagas Aguda,150835,Vitoria do Xingu,PA,2013,0
CHAGAS,Doença de Chagas Aguda,150835,Vitoria do Xingu,PA,2014,0
CHAGAS,Doença de Chagas Aguda,150835,Vitoria do Xingu,PA,2015,0
CHAGAS,Doença de Chagas Aguda,150835,Vitoria do Xingu,PA,2016,0
CHAGAS,Doença de Chagas Aguda,150835,Vitoria do Xingu,PA,2017,0
CHAGAS,Doença de Chagas Aguda,150835,Vitoria do Xingu,PA,2018,0
CHAGAS,Doença de Chagas Aguda,150835,Vitoria do Xingu,PA,2019,0
CHAGAS,Doença de Chagas Aguda,150835,Vitoria do Xingu,PA,2020,0
CHAGAS,Doença de Chagas Aguda,150835,Vitoria do Xingu,PA,2021,1
CHAGAS,Doença de Chagas Aguda,150835,Vitoria do Xingu,PA,2022,0
CHAGAS,Doença de Chagas Aguda,150835,Vitoria do Xingu,PA,2023,0
CHAGAS,Doença de Chagas Aguda,150835,Vitoria do Xingu,PA,2024,0
CHAGAS,Doença de Chagas Aguda,250135,Assuncao,PB,2006,0
CHAGAS,Doença de Chagas Aguda,250135,Assuncao,PB,2007,0
CHAGAS,Doença de Chagas Aguda,250135,Assuncao,PB,2008,0
CHAGAS,Doença de Chagas Aguda,250135,Assuncao,PB,2009,0
CHAGAS,Doença de Chagas Aguda,250135,Assuncao,PB,2010,0
CHAGAS,Doença de Chagas Aguda,250135,Assuncao,PB,2011,0
CHAGAS,Doença de Chagas Aguda,250135,Assuncao,PB,2012,0
CHAGAS,Doença de Chagas Aguda,250135,Assuncao,PB,2013,0
CHAGAS,Doença de Chagas Aguda,250135,Assuncao,PB,2014,0
CHAGAS,Doença de Chagas Aguda,250135,Assuncao,PB,2015,0
CHAGAS,Doença de Chagas Aguda,250135,Assuncao,PB,2016,0
CHAGAS,Doença de Chagas Aguda,250135,Assuncao,PB,2017,0
CHAGAS,Doença de Chagas Aguda,250135,Assuncao,PB,2018,0
CHAGAS,Doença de Chagas Aguda,250135,Assuncao,PB,2019,0
CHAGAS,Doença de Chagas Aguda,250135,Assuncao,PB,2020,0
CHAGAS,Doença de Chagas Aguda,250135,Assuncao,PB,2021,0
CHAGAS,Doença de Chagas Aguda,250135,Assuncao,PB,2022,1
CHAGAS,Doença de Chagas Aguda,250135,Assuncao,PB,2023,0
CHAGAS,Doença de Chagas Aguda,250135,Assuncao,PB,2024,0
CHAGAS,Doença de Chagas Aguda,250290,Brejo Dos Santos,PB,2006,0
CHAGAS,Doença de Chagas Aguda,250290,Brejo Dos Santos,PB,2007,0
CHAGAS,Doença de Chagas Aguda,250290,Brejo Dos Santos,PB,2008,0
CHAGAS,Doença de Chagas Aguda,250290,Brejo Dos Santos,PB,2009,0
CHAGAS,Doença de Chagas Aguda,250290,Brejo Dos Santos,PB,2010,0
CHAGAS,Doença de Chagas Aguda,250290,Brejo Dos Santos,PB,2011,0
CHAGAS,Doença de Chagas Aguda,250290,Brejo Dos Santos,PB,2012,0
CHAGAS,Doença de Chagas Aguda,250290,Brejo Dos Santos,PB,2013,0
CHAGAS,Doença de Chagas Aguda,250290,Brejo Dos Santos,PB,2014,0
CHAGAS,Doença de Chagas Aguda,250290,Brejo Dos Santos,PB,2015,0
CHAGAS,Doença de Chagas Aguda,250290,Brejo Dos Santos,PB,2016,0
CHAGAS,Doença de Chagas Aguda,250290,Brejo Dos Santos,PB,2017,0
CHAGAS,Doença de Chagas Aguda,250290,Brejo Dos Santos,PB,2018,1
CHAGAS,Doença de Chagas Aguda,250290,Brejo Dos Santos,PB,2019,0
CHAGAS,Doença de Chagas Aguda,250290,Brejo Dos Santos,PB,2020,0
CHAGAS,Doença de Chagas Aguda,250290,Brejo Dos Santos,PB,2021,0
CHAGAS,Doença de Chagas Aguda,250290,Brejo Dos Santos,PB,2022,0
CHAGAS,Doença de Chagas Aguda,250290,Brejo Dos Santos,PB,2023,0
CHAGAS,Doença de Chagas Aguda,250290,Brejo Dos Santos,PB,2024,0
CHAGAS,Doença de Chagas Aguda,250370,Cajazeiras,PB,2006,0
CHAGAS,Doença de Chagas Aguda,250370,Cajazeiras,PB,2007,0
CHAGAS,Doença de Chagas Aguda,250370,Cajazeiras,PB,2008,0
CHAGAS,Doença de Chagas Aguda,250370,Cajazeiras,PB,2009,0
CHAGAS,Doença de Chagas Aguda,250370,Cajazeiras,PB,2010,0
CHAGAS,Doença de Chagas Aguda,250370,Cajazeiras,PB,2011,0
CHAGAS,Doença de Chagas Aguda,250370,Cajazeiras,PB,2012,0
CHAGAS,Doença de Chagas Aguda,250370,Cajazeiras,PB,2013,0
CHAGAS,Doença de Chagas Aguda,250370,Cajazeiras,PB,2014,0
CHAGAS,Doença de Chagas Aguda,250370,Cajazeiras,PB,2015,0
CHAGAS,Doença de Chagas Aguda,250370,Cajazeiras,PB,2016,0
CHAGAS,Doença de Chagas Aguda,250370,Cajazeiras,PB,2017,0
CHAGAS,Doença de Chagas Aguda,250370,Cajazeiras,PB,2018,0
CHAGAS,Doença de Chagas Aguda,250370,Cajazeiras,PB,2019,0
CHAGAS,Doença de Chagas Aguda,250370,Cajazeiras,PB,2020,0
CHAGAS,Doença de Chagas Aguda,250370,Cajazeiras,PB,2021,0
CHAGAS,Doença de Chagas Aguda,250370,Cajazeiras,PB,2022,1
CHAGAS,Doença de Chagas Aguda,250370,Cajazeiras,PB,2023,0
CHAGAS,Doença de Chagas Aguda,250370,Cajazeiras,PB,2024,0
CHAGAS,Doença de Chagas Aguda,250400,Campina Grande,PB,2006,0
CHAGAS,Doença de Chagas Aguda,250400,Campina Grande,PB,2007,0
CHAGAS,Doença de Chagas Aguda,250400,Campina Grande,PB,2008,0
CHAGAS,Doença de Chagas Aguda,250400,Campina Grande,PB,2009,0
CHAGAS,Doença de Chagas Aguda,250400,Campina Grande,PB,2010,0
CHAGAS,Doença de Chagas Aguda,250400,Campina Grande,PB,2011,0
CHAGAS,Doença de Chagas Aguda,250400,Campina Grande,PB,2012,0
CHAGAS,Doença de Chagas Aguda,250400,Campina Grande,PB,2013,0
CHAGAS,Doença de Chagas Aguda,250400,Campina Grande,PB,2014,0
CHAGAS,Doença de Chagas Aguda,250400,Campina Grande,PB,2015,0
CHAGAS,Doença de Chagas Aguda,250400,Campina Grande,PB,2016,0
CHAGAS,Doença de Chagas Aguda,250400,Campina Grande,PB,2017,0
CHAGAS,Doença de Chagas Aguda,250400,Campina Grande,PB,2018,1
CHAGAS,Doença de Chagas Aguda,250400,Campina Grande,PB,2019,0
CHAGAS,Doença de Chagas Aguda,250400,Campina Grande,PB,2020,0
CHAGAS,Doença de Chagas Aguda,250400,Campina Grande,PB,2021,2
CHAGAS,Doença de Chagas Aguda,250400,Campina Grande,PB,2022,2
CHAGAS,Doença de Chagas Aguda,250400,Campina Grande,PB,2023,0
CHAGAS,Doença de Chagas Aguda,250400,Campina Grande,PB,2024,0
CHAGAS,Doença de Chagas Aguda,250430,Catole do Rocha,PB,2006,0
CHAGAS,Doença de Chagas Aguda,250430,Catole do Rocha,PB,2007,0
CHAGAS,Doença de Chagas Aguda,250430,Catole do Rocha,PB,2008,0
CHAGAS,Doença de Chagas Aguda,250430,Catole do Rocha,PB,2009,0
CHAGAS,Doença de Chagas Aguda,250430,Catole do Rocha,PB,2010,0
CHAGAS,Doença de Chagas Aguda,250430,Catole do Rocha,PB,2011,0
CHAGAS,Doença de Chagas Aguda,250430,Catole do Rocha,PB,2012,0
CHAGAS,Doença de Chagas Aguda,250430,Catole do Rocha,PB,2013,0
CHAGAS,Doença de Chagas Aguda,250430,Catole do Rocha,PB,2014,0
CHAGAS,Doença de Chagas Aguda,250430,Catole do Rocha,PB,2015,0
CHAGAS,Doença de Chagas Aguda,250430,Catole do Rocha,PB,2016,0
CHAGAS,Doença de Chagas Aguda,250430,Catole do Rocha,PB,2017,0
CHAGAS,Doença de Chagas Aguda,250430,Catole do Rocha,PB,2018,0
CHAGAS,Doença de Chagas Aguda,250430,Catole do Rocha,PB,2019,0
CHAGAS,Doença de Chagas Aguda,250430,Catole do Rocha,PB,2020,0
CHAGAS,Doença de Chagas Aguda,250430,Catole do Rocha,PB,2021,0
CHAGAS,Doença de Chagas Aguda,250430,Catole do Rocha,PB,2022,1
CHAGAS,Doença de Chagas Aguda,250430,Catole do Rocha,PB,2023,0
CHAGAS,Doença de Chagas Aguda,250430,Catole do Rocha,PB,2024,0
CHAGAS,Doença de Chagas Aguda,250600,Esperanca,PB,2006,0
CHAGAS,Doença de Chagas Aguda,250600,Esperanca,PB,2007,0
CHAGAS,Doença de Chagas Aguda,250600,Esperanca,PB,2008,0
CHAGAS,Doença de Chagas Aguda,250600,Esperanca,PB,2009,0
CHAGAS,Doença de Chagas Aguda,250600,Esperanca,PB,2010,0
CHAGAS,Doença de Chagas Aguda,250600,Esperanca,PB,2011,0
CHAGAS,Doença de Chagas Aguda,250600,Esperanca,PB,2012,0
CHAGAS,Doença de Chagas Aguda,250600,Esperanca,PB,2013,0
CHAGAS,Doença de Chagas Aguda,250600,Esperanca,PB,2014,0
CHAGAS,Doença de Chagas Aguda,250600,Esperanca,PB,2015,0
CHAGAS,Doença de Chagas Aguda,250600,Esperanca,PB,2016,0
CHAGAS,Doença de Chagas Aguda,250600,Esperanca,PB,2017,0
CHAGAS,Doença de Chagas Aguda,250600,Esperanca,PB,2018,0
CHAGAS,Doença de Chagas Aguda,250600,Esperanca,PB,2019,0
CHAGAS,Doença de Chagas Aguda,250600,Esperanca,PB,2020,0
CHAGAS,Doença de Chagas Aguda,250600,Esperanca,PB,2021,0
CHAGAS,Doença de Chagas Aguda,250600,Esperanca,PB,2022,0
CHAGAS,Doença de Chagas Aguda,250600,Esperanca,PB,2023,1
CHAGAS,Doença de Chagas Aguda,250600,Esperanca,PB,2024,0
CHAGAS,Doença de Chagas Aguda,250700,Itaporanga,PB,2006,0
CHAGAS,Doença de Chagas Aguda,250700,Itaporanga,PB,2007,0
CHAGAS,Doença de Chagas Aguda,250700,Itaporanga,PB,2008,0
CHAGAS,Doença de Chagas Aguda,250700,Itaporanga,PB,2009,0
CHAGAS,Doença de Chagas Aguda,250700,Itaporanga,PB,2010,0
CHAGAS,Doença de Chagas Aguda,250700,Itaporanga,PB,2011,0
CHAGAS,Doença de Chagas Aguda,250700,Itaporanga,PB,2012,0
CHAGAS,Doença de Chagas Aguda,250700,Itaporanga,PB,2013,0
CHAGAS,Doença de Chagas Aguda,250700,Itaporanga,PB,2014,0
CHAGAS,Doença de Chagas Aguda,250700,Itaporanga,PB,2015,0
CHAGAS,Doença de Chagas Aguda,250700,Itaporanga,PB,2016,0
CHAGAS,Doença de Chagas Aguda,250700,Itaporanga,PB,2017,0
CHAGAS,Doença de Chagas Aguda,250700,Itaporanga,PB,2018,0
CHAGAS,Doença de Chagas Aguda,250700,Itaporanga,PB,2019,0
CHAGAS,Doença de Chagas Aguda,250700,Itaporanga,PB,2020,0
CHAGAS,Doença de Chagas Aguda,250700,Itaporanga,PB,2021,0
CHAGAS,Doença de Chagas Aguda,250700,Itaporanga,PB,2022,0
CHAGAS,Doença de Chagas Aguda,250700,Itaporanga,PB,2023,1
CHAGAS,Doença de Chagas Aguda,250700,Itaporanga,PB,2024,0
CHAGAS,Doença de Chagas Aguda,251080,Patos,PB,2006,0
CHAGAS,Doença de Chagas Aguda,251080,Patos,PB,2007,0
CHAGAS,Doença de Chagas Aguda,251080,Patos,PB,2008,0
CHAGAS,Doença de Chagas Aguda,251080,Patos,PB,2009,0
CHAGAS,Doença de Chagas Aguda,251080,Patos,PB,2010,0
CHAGAS,Doença de Chagas Aguda,251080,Patos,PB,2011,0
CHAGAS,Doença de Chagas Aguda,251080,Patos,PB,2012,0
CHAGAS,Doença de Chagas Aguda,251080,Patos,PB,2013,0
CHAGAS,Doença de Chagas Aguda,251080,Patos,PB,2014,0
CHAGAS,Doença de Chagas Aguda,251080,Patos,PB,2015,0
CHAGAS,Doença de Chagas Aguda,251080,Patos,PB,2016,0
CHAGAS,Doença de Chagas Aguda,251080,Patos,PB,2017,0
CHAGAS,Doença de Chagas Aguda,251080,Patos,PB,2018,0
CHAGAS,Doença de Chagas Aguda,251080,Patos,PB,2019,0
CHAGAS,Doença de Chagas Aguda,251080,Patos,PB,2020,0
CHAGAS,Doença de Chagas Aguda,251080,Patos,PB,2021,0
CHAGAS,Doença de Chagas Aguda,251080,Patos,PB,2022,0
CHAGAS,Doença de Chagas Aguda,251080,Patos,PB,2023,1
CHAGAS,Doença de Chagas Aguda,251080,Patos,PB,2024,0
CHAGAS,Doença de Chagas Aguda,251200,Pocinhos,PB,2006,0
CHAGAS,Doença de Chagas Aguda,251200,Pocinhos,PB,2007,0
CHAGAS,Doença de Chagas Aguda,251200,Pocinhos,PB,2008,0
CHAGAS,Doença de Chagas Aguda,251200,Pocinhos,PB,2009,0
CHAGAS,Doença de Chagas Aguda,251200,Pocinhos,PB,2010,0
CHAGAS,Doença de Chagas Aguda,251200,Pocinhos,PB,2011,0
CHAGAS,Doença de Chagas Aguda,251200,Pocinhos,PB,2012,0
CHAGAS,Doença de Chagas Aguda,251200,Pocinhos,PB,2013,0
CHAGAS,Doença de Chagas Aguda,251200,Pocinhos,PB,2014,0
CHAGAS,Doença de Chagas Aguda,251200,Pocinhos,PB,2015,0
CHAGAS,Doença de Chagas Aguda,251200,Pocinhos,PB,2016,0
CHAGAS,Doença de Chagas Aguda,251200,Pocinhos,PB,2017,0
CHAGAS,Doença de Chagas Aguda,251200,Pocinhos,PB,2018,0
CHAGAS,Doença de Chagas Aguda,251200,Pocinhos,PB,2019,0
CHAGAS,Doença de Chagas Aguda,251200,Pocinhos,PB,2020,0
CHAGAS,Doença de Chagas Aguda,251200,Pocinhos,PB,2021,0
CHAGAS,Doença de Chagas Aguda,251200,Pocinhos,PB,2022,1
CHAGAS,Doença de Chagas Aguda,251200,Pocinhos,PB,2023,0
CHAGAS,Doença de Chagas Aguda,251200,Pocinhos,PB,2024,0
CHAGAS,Doença de Chagas Aguda,251210,Pombal,PB,2006,0
CHAGAS,Doença de Chagas Aguda,251210,Pombal,PB,2007,0
CHAGAS,Doença de Chagas Aguda,251210,Pombal,PB,2008,0
CHAGAS,Doença de Chagas Aguda,251210,Pombal,PB,2009,0
CHAGAS,Doença de Chagas Aguda,251210,Pombal,PB,2010,0
CHAGAS,Doença de Chagas Aguda,251210,Pombal,PB,2011,0
CHAGAS,Doença de Chagas Aguda,251210,Pombal,PB,2012,0
CHAGAS,Doença de Chagas Aguda,251210,Pombal,PB,2013,0
CHAGAS,Doença de Chagas Aguda,251210,Pombal,PB,2014,0
CHAGAS,Doença de Chagas Aguda,251210,Pombal,PB,2015,0
CHAGAS,Doença de Chagas Aguda,251210,Pombal,PB,2016,0
CHAGAS,Doença de Chagas Aguda,251210,Pombal,PB,2017,0
CHAGAS,Doença de Chagas Aguda,251210,Pombal,PB,2018,0
CHAGAS,Doença de Chagas Aguda,251210,Pombal,PB,2019,0
CHAGAS,Doença de Chagas Aguda,251210,Pombal,PB,2020,0
CHAGAS,Doença de Chagas Aguda,251210,Pombal,PB,2021,0
CHAGAS,Doença de Chagas Aguda,251210,Pombal,PB,2022,0
CHAGAS,Doença de Chagas Aguda,251210,Pombal,PB,2023,0
CHAGAS,Doença de Chagas Aguda,251210,Pombal,PB,2024,1
CHAGAS,Doença de Chagas Aguda,251370,Santa Rita,PB,2006,0
CHAGAS,Doença de Chagas Aguda,251370,Santa Rita,PB,2007,0
CHAGAS,Doença de Chagas Aguda,251370,Santa Rita,PB,2008,0
CHAGAS,Doença de Chagas Aguda,251370,Santa Rita,PB,2009,0
CHAGAS,Doença de Chagas Aguda,251370,Santa Rita,PB,2010,0
CHAGAS,Doença de Chagas Aguda,251370,Santa Rita,PB,2011,0
CHAGAS,Doença de Chagas Aguda,251370,Santa Rita,PB,2012,0
CHAGAS,Doença de Chagas Aguda,251370,Santa Rita,PB,2013,0
CHAGAS,Doença de Chagas Aguda,251370,Santa Rita,PB,2014,0
CHAGAS,Doença de Chagas Aguda,251370,Santa Rita,PB,2015,0
CHAGAS,Doença de Chagas Aguda,251370,Santa Rita,PB,2016,0
CHAGAS,Doença de Chagas Aguda,251370,Santa Rita,PB,2017,0
CHAGAS,Doença de Chagas Aguda,251370,Santa Rita,PB,2018,0
CHAGAS,Doença de Chagas Aguda,251370,Santa Rita,PB,2019,0
CHAGAS,Doença de Chagas Aguda,251370,Santa Rita,PB,2020,0
CHAGAS,Doença de Chagas Aguda,251370,Santa Rita,PB,2021,0
CHAGAS,Doença de Chagas Aguda,251370,Santa Rita,PB,2022,0
CHAGAS,Doença de Chagas Aguda,251370,Santa Rita,PB,2023,1
CHAGAS,Doença de Chagas Aguda,251370,Santa Rita,PB,2024,0
CHAGAS,Doença de Chagas Aguda,251385,Santo Andre,PB,2006,0
CHAGAS,Doença de Chagas Aguda,251385,Santo Andre,PB,2007,0
CHAGAS,Doença de Chagas Aguda,251385,Santo Andre,PB,2008,0
CHAGAS,Doença de Chagas Aguda,251385,Santo Andre,PB,2009,0
CHAGAS,Doença de Chagas Aguda,251385,Santo Andre,PB,2010,0
CHAGAS,Doença de Chagas Aguda,251385,Santo Andre,PB,2011,0
CHAGAS,Doença de Chagas Aguda,251385,Santo Andre,PB,2012,0
CHAGAS,Doença de Chagas Aguda,251385,Santo Andre,PB,2013,0
CHAGAS,Doença de Chagas Aguda,251385,Santo Andre,PB,2014,0
CHAGAS,Doença de Chagas Aguda,251385,Santo Andre,PB,2015,0
CHAGAS,Doença de Chagas Aguda,251385,Santo Andre,PB,2016,0
CHAGAS,Doença de Chagas Aguda,251385,Santo Andre,PB,2017,0
CHAGAS,Doença de Chagas Aguda,251385,Santo Andre,PB,2018,0
CHAGAS,Doença de Chagas Aguda,251385,Santo Andre,PB,2019,0
CHAGAS,Doença de Chagas Aguda,251385,Santo Andre,PB,2020,0
CHAGAS,Doença de Chagas Aguda,251385,Santo Andre,PB,2021,1
CHAGAS,Doença de Chagas Aguda,251385,Santo Andre,PB,2022,0
CHAGAS,Doença de Chagas Aguda,251385,Santo Andre,PB,2023,0
CHAGAS,Doença de Chagas Aguda,251385,Santo Andre,PB,2024,0
CHAGAS,Doença de Chagas Aguda,251392,Sao Bentinho,PB,2006,0
CHAGAS,Doença de Chagas Aguda,251392,Sao Bentinho,PB,2007,0
CHAGAS,Doença de Chagas Aguda,251392,Sao Bentinho,PB,2008,0
CHAGAS,Doença de Chagas Aguda,251392,Sao Bentinho,PB,2009,0
CHAGAS,Doença de Chagas Aguda,251392,Sao Bentinho,PB,2010,0
CHAGAS,Doença de Chagas Aguda,251392,Sao Bentinho,PB,2011,0
CHAGAS,Doença de Chagas Aguda,251392,Sao Bentinho,PB,2012,0
CHAGAS,Doença de Chagas Aguda,251392,Sao Bentinho,PB,2013,0
CHAGAS,Doença de Chagas Aguda,251392,Sao Bentinho,PB,2014,0
CHAGAS,Doença de Chagas Aguda,251392,Sao Bentinho,PB,2015,0
CHAGAS,Doença de Chagas Aguda,251392,Sao Bentinho,PB,2016,0
CHAGAS,Doença de Chagas Aguda,251392,Sao Bentinho,PB,2017,0
CHAGAS,Doença de Chagas Aguda,251392,Sao Bentinho,PB,2018,0
CHAGAS,Doença de Chagas Aguda,251392,Sao Bentinho,PB,2019,0
CHAGAS,Doença de Chagas Aguda,251392,Sao Bentinho,PB,2020,0
CHAGAS,Doença de Chagas Aguda,251392,Sao Bentinho,PB,2021,0
CHAGAS,Doença de Chagas Aguda,251392,Sao Bentinho,PB,2022,1
CHAGAS,Doença de Chagas Aguda,251392,Sao Bentinho,PB,2023,0
CHAGAS,Doença de Chagas Aguda,251392,Sao Bentinho,PB,2024,0
CHAGAS,Doença de Chagas Aguda,251620,Sousa,PB,2006,0
CHAGAS,Doença de Chagas Aguda,251620,Sousa,PB,2007,0
CHAGAS,Doença de Chagas Aguda,251620,Sousa,PB,2008,0
CHAGAS,Doença de Chagas Aguda,251620,Sousa,PB,2009,0
CHAGAS,Doença de Chagas Aguda,251620,Sousa,PB,2010,0
CHAGAS,Doença de Chagas Aguda,251620,Sousa,PB,2011,0
CHAGAS,Doença de Chagas Aguda,251620,Sousa,PB,2012,0
CHAGAS,Doença de Chagas Aguda,251620,Sousa,PB,2013,0
CHAGAS,Doença de Chagas Aguda,251620,Sousa,PB,2014,0
CHAGAS,Doença de Chagas Aguda,251620,Sousa,PB,2015,0
CHAGAS,Doença de Chagas Aguda,251620,Sousa,PB,2016,0
CHAGAS,Doença de Chagas Aguda,251620,Sousa,PB,2017,0
CHAGAS,Doença de Chagas Aguda,251620,Sousa,PB,2018,0
CHAGAS,Doença de Chagas Aguda,251620,Sousa,PB,2019,0
CHAGAS,Doença de Chagas Aguda,251620,Sousa,PB,2020,0
CHAGAS,Doença de Chagas Aguda,251620,Sousa,PB,2021,0
CHAGAS,Doença de Chagas Aguda,251620,Sousa,PB,2022,1
CHAGAS,Doença de Chagas Aguda,251620,Sousa,PB,2023,0
CHAGAS,Doença de Chagas Aguda,251620,Sousa,PB,2024,0
CHAGAS,Doença de Chagas Aguda,251630,Sume,PB,2006,0
CHAGAS,Doença de Chagas Aguda,251630,Sume,PB,2007,0
CHAGAS,Doença de Chagas Aguda,251630,Sume,PB,2008,0
CHAGAS,Doença de Chagas Aguda,251630,Sume,PB,2009,0
CHAGAS,Doença de Chagas Aguda,251630,Sume,PB,2010,0
CHAGAS,Doença de Chagas Aguda,251630,Sume,PB,2011,0
CHAGAS,Doença de Chagas Aguda,251630,Sume,PB,2012,0
CHAGAS,Doença de Chagas Aguda,251630,Sume,PB,2013,0
CHAGAS,Doença de Chagas Aguda,251630,Sume,PB,2014,0
CHAGAS,Doença de Chagas Aguda,251630,Sume,PB,2015,0
CHAGAS,Doença de Chagas Aguda,251630,Sume,PB,2016,0
CHAGAS,Doença de Chagas Aguda,251630,Sume,PB,2017,0
CHAGAS,Doença de Chagas Aguda,251630,Sume,PB,2018,1
CHAGAS,Doença de Chagas Aguda,251630,Sume,PB,2019,0
CHAGAS,Doença de Chagas Aguda,251630,Sume,PB,2020,0
CHAGAS,Doença de Chagas Aguda,251630,Sume,PB,2021,0
CHAGAS,Doença de Chagas Aguda,251630,Sume,PB,2022,1
CHAGAS,Doença de Chagas Aguda,251630,Sume,PB,2023,0
CHAGAS,Doença de Chagas Aguda,251630,Sume,PB,2024,0
CHAGAS,Doença de Chagas Aguda,260120,Arcoverde,PE,2006,0
CHAGAS,Doença de Chagas Aguda,260120,Arcoverde,PE,2007,0
CHAGAS,Doença de Chagas Aguda,260120,Arcoverde,PE,2008,0
CHAGAS,Doença de Chagas Aguda,260120,Arcoverde,PE,2009,0
CHAGAS,Doença de Chagas Aguda,260120,Arcoverde,PE,2010,0
CHAGAS,Doença de Chagas Aguda,260120,Arcoverde,PE,2011,0
CHAGAS,Doença de Chagas Aguda,260120,Arcoverde,PE,2012,0
CHAGAS,Doença de Chagas Aguda,260120,Arcoverde,PE,2013,0
CHAGAS,Doença de Chagas Aguda,260120,Arcoverde,PE,2014,0
CHAGAS,Doença de Chagas Aguda,260120,Arcoverde,PE,2015,0
CHAGAS,Doença de Chagas Aguda,260120,Arcoverde,PE,2016,0
CHAGAS,Doença de Chagas Aguda,260120,Arcoverde,PE,2017,0
CHAGAS,Doença de Chagas Aguda,260120,Arcoverde,PE,2018,0
CHAGAS,Doença de Chagas Aguda,260120,Arcoverde,PE,2019,4
CHAGAS,Doença de Chagas Aguda,260120,Arcoverde,PE,2020,0
CHAGAS,Doença de Chagas Aguda,260120,Arcoverde,PE,2021,0
CHAGAS,Doença de Chagas Aguda,260120,Arcoverde,PE,2022,0
CHAGAS,Doença de Chagas Aguda,260120,Arcoverde,PE,2023,0
CHAGAS,Doença de Chagas Aguda,260120,Arcoverde,PE,2024,0
CHAGAS,Doença de Chagas Aguda,260660,Ibimirim,PE,2006,0
CHAGAS,Doença de Chagas Aguda,260660,Ibimirim,PE,2007,0
CHAGAS,Doença de Chagas Aguda,260660,Ibimirim,PE,2008,0
CHAGAS,Doença de Chagas Aguda,260660,Ibimirim,PE,2009,1
CHAGAS,Doença de Chagas Aguda,260660,Ibimirim,PE,2010,0
CHAGAS,Doença de Chagas Aguda,260660,Ibimirim,PE,2011,0
CHAGAS,Doença de Chagas Aguda,260660,Ibimirim,PE,2012,0
CHAGAS,Doença de Chagas Aguda,260660,Ibimirim,PE,2013,0
CHAGAS,Doença de Chagas Aguda,260660,Ibimirim,PE,2014,0
CHAGAS,Doença de Chagas Aguda,260660,Ibimirim,PE,2015,0
CHAGAS,Doença de Chagas Aguda,260660,Ibimirim,PE,2016,0
CHAGAS,Doença de Chagas Aguda,260660,Ibimirim,PE,2017,0
CHAGAS,Doença de Chagas Aguda,260660,Ibimirim,PE,2018,0
CHAGAS,Doença de Chagas Aguda,260660,Ibimirim,PE,2019,0
CHAGAS,Doença de Chagas Aguda,260660,Ibimirim,PE,2020,0
CHAGAS,Doença de Chagas Aguda,260660,Ibimirim,PE,2021,0
CHAGAS,Doença de Chagas Aguda,260660,Ibimirim,PE,2022,0
CHAGAS,Doença de Chagas Aguda,260660,Ibimirim,PE,2023,0
CHAGAS,Doença de Chagas Aguda,260660,Ibimirim,PE,2024,0
CHAGAS,Doença de Chagas Aguda,260800,Jatauba,PE,2006,0
CHAGAS,Doença de Chagas Aguda,260800,Jatauba,PE,2007,0
CHAGAS,Doença de Chagas Aguda,260800,Jatauba,PE,2008,0
CHAGAS,Doença de Chagas Aguda,260800,Jatauba,PE,2009,0
CHAGAS,Doença de Chagas Aguda,260800,Jatauba,PE,2010,0
CHAGAS,Doença de Chagas Aguda,260800,Jatauba,PE,2011,0
CHAGAS,Doença de Chagas Aguda,260800,Jatauba,PE,2012,0
CHAGAS,Doença de Chagas Aguda,260800,Jatauba,PE,2013,0
CHAGAS,Doença de Chagas Aguda,260800,Jatauba,PE,2014,0
CHAGAS,Doença de Chagas Aguda,260800,Jatauba,PE,2015,0
CHAGAS,Doença de Chagas Aguda,260800,Jatauba,PE,2016,0
CHAGAS,Doença de Chagas Aguda,260800,Jatauba,PE,2017,0
CHAGAS,Doença de Chagas Aguda,260800,Jatauba,PE,2018,0
CHAGAS,Doença de Chagas Aguda,260800,Jatauba,PE,2019,0
CHAGAS,Doença de Chagas Aguda,260800,Jatauba,PE,2020,0
CHAGAS,Doença de Chagas Aguda,260800,Jatauba,PE,2021,0
CHAGAS,Doença de Chagas Aguda,260800,Jatauba,PE,2022,0
CHAGAS,Doença de Chagas Aguda,260800,Jatauba,PE,2023,0
CHAGAS,Doença de Chagas Aguda,260800,Jatauba,PE,2024,1
CHAGAS,Doença de Chagas Aguda,261130,Pombos,PE,2006,0
CHAGAS,Doença de Chagas Aguda,261130,Pombos,PE,2007,0
CHAGAS,Doença de Chagas Aguda,261130,Pombos,PE,2008,0
CHAGAS,Doença de Chagas Aguda,261130,Pombos,PE,2009,0
CHAGAS,Doença de Chagas Aguda,261130,Pombos,PE,2010,1
CHAGAS,Doença de Chagas Aguda,261130,Pombos,PE,2011,1
CHAGAS,Doença de Chagas Aguda,261130,Pombos,PE,2012,0
CHAGAS,Doença de Chagas Aguda,261130,Pombos,PE,2013,0
CHAGAS,Doença de Chagas Aguda,261130,Pombos,PE,2014,0
CHAGAS,Doença de Chagas Aguda,261130,Pombos,PE,2015,0
CHAGAS,Doença de Chagas Aguda,261130,Pombos,PE,2016,0
CHAGAS,Doença de Chagas Aguda,261130,Pombos,PE,2017,0
CHAGAS,Doença de Chagas Aguda,261130,Pombos,PE,2018,0
CHAGAS,Doença de Chagas Aguda,261130,Pombos,PE,2019,0
CHAGAS,Doença de Chagas Aguda,261130,Pombos,PE,2020,0
CHAGAS,Doença de Chagas Aguda,261130,Pombos,PE,2021,0
CHAGAS,Doença de Chagas Aguda,261130,Pombos,PE,2022,0
CHAGAS,Doença de Chagas Aguda,261130,Pombos,PE,2023,0
CHAGAS,Doença de Chagas Aguda,261130,Pombos,PE,2024,0
CHAGAS,Doença de Chagas Aguda,261160,Recife,PE,2006,0
CHAGAS,Doença de Chagas Aguda,261160,Recife,PE,2007,0
CHAGAS,Doença de Chagas Aguda,261160,Recife,PE,2008,0
CHAGAS,Doença de Chagas Aguda,261160,Recife,PE,2009,0
CHAGAS,Doença de Chagas Aguda,261160,Recife,PE,2010,0
CHAGAS,Doença de Chagas Aguda,261160,Recife,PE,2011,0
CHAGAS,Doença de Chagas Aguda,261160,Recife,PE,2012,0
CHAGAS,Doença de Chagas Aguda,261160,Recife,PE,2013,0
CHAGAS,Doença de Chagas Aguda,261160,Recife,PE,2014,0
CHAGAS,Doença de Chagas Aguda,261160,Recife,PE,2015,0
CHAGAS,Doença de Chagas Aguda,261160,Recife,PE,2016,0
CHAGAS,Doença de Chagas Aguda,261160,Recife,PE,2017,0
CHAGAS,Doença de Chagas Aguda,261160,Recife,PE,2018,0
CHAGAS,Doença de Chagas Aguda,261160,Recife,PE,2019,24
CHAGAS,Doença de Chagas Aguda,261160,Recife,PE,2020,0
CHAGAS,Doença de Chagas Aguda,261160,Recife,PE,2021,0
CHAGAS,Doença de Chagas Aguda,261160,Recife,PE,2022,0
CHAGAS,Doença de Chagas Aguda,261160,Recife,PE,2023,0
CHAGAS,Doença de Chagas Aguda,261160,Recife,PE,2024,0
CHAGAS,Doença de Chagas Aguda,261170,Riacho Das Almas,PE,2006,0
CHAGAS,Doença de Chagas Aguda,261170,Riacho Das Almas,PE,2007,0
CHAGAS,Doença de Chagas Aguda,261170,Riacho Das Almas,PE,2008,0
CHAGAS,Doença de Chagas Aguda,261170,Riacho Das Almas,PE,2009,1
CHAGAS,Doença de Chagas Aguda,261170,Riacho Das Almas,PE,2010,0
CHAGAS,Doença de Chagas Aguda,261170,Riacho Das Almas,PE,2011,0
CHAGAS,Doença de Chagas Aguda,261170,Riacho Das Almas,PE,2012,0
CHAGAS,Doença de Chagas Aguda,261170,Riacho Das Almas,PE,2013,0
CHAGAS,Doença de Chagas Aguda,261170,Riacho Das Almas,PE,2014,0
CHAGAS,Doença de Chagas Aguda,261170,Riacho Das Almas,PE,2015,0
CHAGAS,Doença de Chagas Aguda,261170,Riacho Das Almas,PE,2016,0
CHAGAS,Doença de Chagas Aguda,261170,Riacho Das Almas,PE,2017,0
CHAGAS,Doença de Chagas Aguda,261170,Riacho Das Almas,PE,2018,0
CHAGAS,Doença de Chagas Aguda,261170,Riacho Das Almas,PE,2019,0
CHAGAS,Doença de Chagas Aguda,261170,Riacho Das Almas,PE,2020,0
CHAGAS,Doença de Chagas Aguda,261170,Riacho Das Almas,PE,2021,0
CHAGAS,Doença de Chagas Aguda,261170,Riacho Das Almas,PE,2022,0
CHAGAS,Doença de Chagas Aguda,261170,Riacho Das Almas,PE,2023,0
CHAGAS,Doença de Chagas Aguda,261170,Riacho Das Almas,PE,2024,0
CHAGAS,Doença de Chagas Aguda,261220,Salgueiro,PE,2006,0
CHAGAS,Doença de Chagas Aguda,261220,Salgueiro,PE,2007,0
CHAGAS,Doença de Chagas Aguda,261220,Salgueiro,PE,2008,0
CHAGAS,Doença de Chagas Aguda,261220,Salgueiro,PE,2009,0
CHAGAS,Doença de Chagas Aguda,261220,Salgueiro,PE,2010,8
CHAGAS,Doença de Chagas Aguda,261220,Salgueiro,PE,2011,1
CHAGAS,Doença de Chagas Aguda,261220,Salgueiro,PE,2012,0
CHAGAS,Doença de Chagas Aguda,261220,Salgueiro,PE,2013,0
CHAGAS,Doença de Chagas Aguda,261220,Salgueiro,PE,2014,0
CHAGAS,Doença de Chagas Aguda,261220,Salgueiro,PE,2015,0
CHAGAS,Doença de Chagas Aguda,261220,Salgueiro,PE,2016,0
CHAGAS,Doença de Chagas Aguda,261220,Salgueiro,PE,2017,0
CHAGAS,Doença de Chagas Aguda,261220,Salgueiro,PE,2018,0
CHAGAS,Doença de Chagas Aguda,261220,Salgueiro,PE,2019,0
CHAGAS,Doença de Chagas Aguda,261220,Salgueiro,PE,2020,0
CHAGAS,Doença de Chagas Aguda,261220,Salgueiro,PE,2021,0
CHAGAS,Doença de Chagas Aguda,261220,Salgueiro,PE,2022,0
CHAGAS,Doença de Chagas Aguda,261220,Salgueiro,PE,2023,0
CHAGAS,Doença de Chagas Aguda,261220,Salgueiro,PE,2024,0
CHAGAS,Doença de Chagas Aguda,261600,Venturosa,PE,2006,0
CHAGAS,Doença de Chagas Aguda,261600,Venturosa,PE,2007,0
CHAGAS,Doença de Chagas Aguda,261600,Venturosa,PE,2008,0
CHAGAS,Doença de Chagas Aguda,261600,Venturosa,PE,2009,0
CHAGAS,Doença de Chagas Aguda,261600,Venturosa,PE,2010,0
CHAGAS,Doença de Chagas Aguda,261600,Venturosa,PE,2011,0
CHAGAS,Doença de Chagas Aguda,261600,Venturosa,PE,2012,0
CHAGAS,Doença de Chagas Aguda,261600,Venturosa,PE,2013,0
CHAGAS,Doença de Chagas Aguda,261600,Venturosa,PE,2014,0
CHAGAS,Doença de Chagas Aguda,261600,Venturosa,PE,2015,0
CHAGAS,Doença de Chagas Aguda,261600,Venturosa,PE,2016,0
CHAGAS,Doença de Chagas Aguda,261600,Venturosa,PE,2017,0
CHAGAS,Doença de Chagas Aguda,261600,Venturosa,PE,2018,0
CHAGAS,Doença de Chagas Aguda,261600,Venturosa,PE,2019,1
CHAGAS,Doença de Chagas Aguda,261600,Venturosa,PE,2020,0
CHAGAS,Doença de Chagas Aguda,261600,Venturosa,PE,2021,0
CHAGAS,Doença de Chagas Aguda,261600,Venturosa,PE,2022,0
CHAGAS,Doença de Chagas Aguda,261600,Venturosa,PE,2023,0
CHAGAS,Doença de Chagas Aguda,261600,Venturosa,PE,2024,0
CHAGAS,Doença de Chagas Aguda,261620,Vertentes,PE,2006,0
CHAGAS,Doença de Chagas Aguda,261620,Vertentes,PE,2007,0
CHAGAS,Doença de Chagas Aguda,261620,Vertentes,PE,2008,0
CHAGAS,Doença de Chagas Aguda,261620,Vertentes,PE,2009,0
CHAGAS,Doença de Chagas Aguda,261620,Vertentes,PE,2010,0
CHAGAS,Doença de Chagas Aguda,261620,Vertentes,PE,2011,1
CHAGAS,Doença de Chagas Aguda,261620,Vertentes,PE,2012,0
CHAGAS,Doença de Chagas Aguda,261620,Vertentes,PE,2013,0
CHAGAS,Doença de Chagas Aguda,261620,Vertentes,PE,2014,0
CHAGAS,Doença de Chagas Aguda,261620,Vertentes,PE,2015,0
CHAGAS,Doença de Chagas Aguda,261620,Vertentes,PE,2016,0
CHAGAS,Doença de Chagas Aguda,261620,Vertentes,PE,2017,0
CHAGAS,Doença de Chagas Aguda,261620,Vertentes,PE,2018,0
CHAGAS,Doença de Chagas Aguda,261620,Vertentes,PE,2019,0
CHAGAS,Doença de Chagas Aguda,261620,Vertentes,PE,2020,0
CHAGAS,Doença de Chagas Aguda,261620,Vertentes,PE,2021,0
CHAGAS,Doença de Chagas Aguda,261620,Vertentes,PE,2022,0
CHAGAS,Doença de Chagas Aguda,261620,Vertentes,PE,2023,0
CHAGAS,Doença de Chagas Aguda,261620,Vertentes,PE,2024,0
CHAGAS,Doença de Chagas Aguda,220345,Dom Inocencio,PI,2006,0
CHAGAS,Doença de Chagas Aguda,220345,Dom Inocencio,PI,2007,0
CHAGAS,Doença de Chagas Aguda,220345,Dom Inocencio,PI,2008,0
CHAGAS,Doença de Chagas Aguda,220345,Dom Inocencio,PI,2009,0
CHAGAS,Doença de Chagas Aguda,220345,Dom Inocencio,PI,2010,0
CHAGAS,Doença de Chagas Aguda,220345,Dom Inocencio,PI,2011,0
CHAGAS,Doença de Chagas Aguda,220345,Dom Inocencio,PI,2012,0
CHAGAS,Doença de Chagas Aguda,220345,Dom Inocencio,PI,2013,0
CHAGAS,Doença de Chagas Aguda,220345,Dom Inocencio,PI,2014,0
CHAGAS,Doença de Chagas Aguda,220345,Dom Inocencio,PI,2015,0
CHAGAS,Doença de Chagas Aguda,220345,Dom Inocencio,PI,2016,0
CHAGAS,Doença de Chagas Aguda,220345,Dom Inocencio,PI,2017,0
CHAGAS,Doença de Chagas Aguda,220345,Dom Inocencio,PI,2018,0
CHAGAS,Doença de Chagas Aguda,220345,Dom Inocencio,PI,2019,0
CHAGAS,Doença de Chagas Aguda,220345,Dom Inocencio,PI,2020,0
CHAGAS,Doença de Chagas Aguda,220345,Dom Inocencio,PI,2021,0
CHAGAS,Doença de Chagas Aguda,220345,Dom Inocencio,PI,2022,0
CHAGAS,Doença de Chagas Aguda,220345,Dom Inocencio,PI,2023,1
CHAGAS,Doença de Chagas Aguda,220345,Dom Inocencio,PI,2024,0
CHAGAS,Doença de Chagas Aguda,220460,Hugo Napoleao,PI,2006,1
CHAGAS,Doença de Chagas Aguda,220460,Hugo Napoleao,PI,2007,0
CHAGAS,Doença de Chagas Aguda,220460,Hugo Napoleao,PI,2008,0
CHAGAS,Doença de Chagas Aguda,220460,Hugo Napoleao,PI,2009,0
CHAGAS,Doença de Chagas Aguda,220460,Hugo Napoleao,PI,2010,0
CHAGAS,Doença de Chagas Aguda,220460,Hugo Napoleao,PI,2011,0
CHAGAS,Doença de Chagas Aguda,220460,Hugo Napoleao,PI,2012,0
CHAGAS,Doença de Chagas Aguda,220460,Hugo Napoleao,PI,2013,0
CHAGAS,Doença de Chagas Aguda,220460,Hugo Napoleao,PI,2014,0
CHAGAS,Doença de Chagas Aguda,220460,Hugo Napoleao,PI,2015,0
CHAGAS,Doença de Chagas Aguda,220460,Hugo Napoleao,PI,2016,0
CHAGAS,Doença de Chagas Aguda,220460,Hugo Napoleao,PI,2017,0
CHAGAS,Doença de Chagas Aguda,220460,Hugo Napoleao,PI,2018,0
CHAGAS,Doença de Chagas Aguda,220460,Hugo Napoleao,PI,2019,0
CHAGAS,Doença de Chagas Aguda,220460,Hugo Napoleao,PI,2020,0
CHAGAS,Doença de Chagas Aguda,220460,Hugo Napoleao,PI,2021,0
CHAGAS,Doença de Chagas Aguda,220460,Hugo Napoleao,PI,2022,0
CHAGAS,Doença de Chagas Aguda,220460,Hugo Napoleao,PI,2023,0
CHAGAS,Doença de Chagas Aguda,220460,Hugo Napoleao,PI,2024,0
CHAGAS,Doença de Chagas Aguda,220700,Oeiras,PI,2006,0
CHAGAS,Doença de Chagas Aguda,220700,Oeiras,PI,2007,0
CHAGAS,Doença de Chagas Aguda,220700,Oeiras,PI,2008,0
CHAGAS,Doença de Chagas Aguda,220700,Oeiras,PI,2009,0
CHAGAS,Doença de Chagas Aguda,220700,Oeiras,PI,2010,0
CHAGAS,Doença de Chagas Aguda,220700,Oeiras,PI,2011,0
CHAGAS,Doença de Chagas Aguda,220700,Oeiras,PI,2012,0
CHAGAS,Doença de Chagas Aguda,220700,Oeiras,PI,2013,0
CHAGAS,Doença de Chagas Aguda,220700,Oeiras,PI,2014,0
CHAGAS,Doença de Chagas Aguda,220700,Oeiras,PI,2015,0
CHAGAS,Doença de Chagas Aguda,220700,Oeiras,PI,2016,0
CHAGAS,Doença de Chagas Aguda,220700,Oeiras,PI,2017,0
CHAGAS,Doença de Chagas Aguda,220700,Oeiras,PI,2018,0
CHAGAS,Doença de Chagas Aguda,220700,Oeiras,PI,2019,0
CHAGAS,Doença de Chagas Aguda,220700,Oeiras,PI,2020,0
CHAGAS,Doença de Chagas Aguda,220700,Oeiras,PI,2021,3
CHAGAS,Doença de Chagas Aguda,220700,Oeiras,PI,2022,0
CHAGAS,Doença de Chagas Aguda,220700,Oeiras,PI,2023,0
CHAGAS,Doença de Chagas Aguda,220700,Oeiras,PI,2024,0
CHAGAS,Doença de Chagas Aguda,220790,Pedro ii,PI,2006,0
CHAGAS,Doença de Chagas Aguda,220790,Pedro ii,PI,2007,0
CHAGAS,Doença de Chagas Aguda,220790,Pedro ii,PI,2008,0
CHAGAS,Doença de Chagas Aguda,220790,Pedro ii,PI,2009,0
CHAGAS,Doença de Chagas Aguda,220790,Pedro ii,PI,2010,0
CHAGAS,Doença de Chagas Aguda,220790,Pedro ii,PI,2011,0
CHAGAS,Doença de Chagas Aguda,220790,Pedro ii,PI,2012,0
CHAGAS,Doença de Chagas Aguda,220790,Pedro ii,PI,2013,0
CHAGAS,Doença de Chagas Aguda,220790,Pedro ii,PI,2014,0
CHAGAS,Doença de Chagas Aguda,220790,Pedro ii,PI,2015,0
CHAGAS,Doença de Chagas Aguda,220790,Pedro ii,PI,2016,0
CHAGAS,Doença de Chagas Aguda,220790,Pedro ii,PI,2017,0
CHAGAS,Doença de Chagas Aguda,220790,Pedro ii,PI,2018,0
CHAGAS,Doença de Chagas Aguda,220790,Pedro ii,PI,2019,0
CHAGAS,Doença de Chagas Aguda,220790,Pedro ii,PI,2020,0
CHAGAS,Doença de Chagas Aguda,220790,Pedro ii,PI,2021,0
CHAGAS,Doença de Chagas Aguda,220790,Pedro ii,PI,2022,1
CHAGAS,Doença de Chagas Aguda,220790,Pedro ii,PI,2023,0
CHAGAS,Doença de Chagas Aguda,220790,Pedro ii,PI,2024,0
CHAGAS,Doença de Chagas Aguda,221000,Sao Joao do Piaui,PI,2006,0
CHAGAS,Doença de Chagas Aguda,221000,Sao Joao do Piaui,PI,2007,0
CHAGAS,Doença de Chagas Aguda,221000,Sao Joao do Piaui,PI,2008,0
CHAGAS,Doença de Chagas Aguda,221000,Sao Joao do Piaui,PI,2009,0
CHAGAS,Doença de Chagas Aguda,221000,Sao Joao do Piaui,PI,2010,0
CHAGAS,Doença de Chagas Aguda,221000,Sao Joao do Piaui,PI,2011,1
CHAGAS,Doença de Chagas Aguda,221000,Sao Joao do Piaui,PI,2012,0
CHAGAS,Doença de Chagas Aguda,221000,Sao Joao do Piaui,PI,2013,0
CHAGAS,Doença de Chagas Aguda,221000,Sao Joao do Piaui,PI,2014,0
CHAGAS,Doença de Chagas Aguda,221000,Sao Joao do Piaui,PI,2015,0
CHAGAS,Doença de Chagas Aguda,221000,Sao Joao do Piaui,PI,2016,0
CHAGAS,Doença de Chagas Aguda,221000,Sao Joao do Piaui,PI,2017,0
CHAGAS,Doença de Chagas Aguda,221000,Sao Joao do Piaui,PI,2018,0
CHAGAS,Doença de Chagas Aguda,221000,Sao Joao do Piaui,PI,2019,0
CHAGAS,Doença de Chagas Aguda,221000,Sao Joao do Piaui,PI,2020,0
CHAGAS,Doença de Chagas Aguda,221000,Sao Joao do Piaui,PI,2021,0
CHAGAS,Doença de Chagas Aguda,221000,Sao Joao do Piaui,PI,2022,0
CHAGAS,Doença de Chagas Aguda,221000,Sao Joao do Piaui,PI,2023,0
CHAGAS,Doença de Chagas Aguda,221000,Sao Joao do Piaui,PI,2024,0
CHAGAS,Doença de Chagas Aguda,221100,Teresina,PI,2006,0
CHAGAS,Doença de Chagas Aguda,221100,Teresina,PI,2007,1
CHAGAS,Doença de Chagas Aguda,221100,Teresina,PI,2008,1
CHAGAS,Doença de Chagas Aguda,221100,Teresina,PI,2009,0
CHAGAS,Doença de Chagas Aguda,221100,Teresina,PI,2010,0
CHAGAS,Doença de Chagas Aguda,221100,Teresina,PI,2011,0
CHAGAS,Doença de Chagas Aguda,221100,Teresina,PI,2012,0
CHAGAS,Doença de Chagas Aguda,221100,Teresina,PI,2013,0
CHAGAS,Doença de Chagas Aguda,221100,Teresina,PI,2014,0
CHAGAS,Doença de Chagas Aguda,221100,Teresina,PI,2015,0
CHAGAS,Doença de Chagas Aguda,221100,Teresina,PI,2016,0
CHAGAS,Doença de Chagas Aguda,221100,Teresina,PI,2017,0
CHAGAS,Doença de Chagas Aguda,221100,Teresina,PI,2018,0
CHAGAS,Doença de Chagas Aguda,221100,Teresina,PI,2019,1
CHAGAS,Doença de Chagas Aguda,221100,Teresina,PI,2020,0
CHAGAS,Doença de Chagas Aguda,221100,Teresina,PI,2021,0
CHAGAS,Doença de Chagas Aguda,221100,Teresina,PI,2022,0
CHAGAS,Doença de Chagas Aguda,221100,Teresina,PI,2023,0
CHAGAS,Doença de Chagas Aguda,221100,Teresina,PI,2024,1
CHAGAS,Doença de Chagas Aguda,411200,Jaguariaiva,PR,2006,0
CHAGAS,Doença de Chagas Aguda,411200,Jaguariaiva,PR,2007,0
CHAGAS,Doença de Chagas Aguda,411200,Jaguariaiva,PR,2008,0
CHAGAS,Doença de Chagas Aguda,411200,Jaguariaiva,PR,2009,0
CHAGAS,Doença de Chagas Aguda,411200,Jaguariaiva,PR,2010,0
CHAGAS,Doença de Chagas Aguda,411200,Jaguariaiva,PR,2011,0
CHAGAS,Doença de Chagas Aguda,411200,Jaguariaiva,PR,2012,0
CHAGAS,Doença de Chagas Aguda,411200,Jaguariaiva,PR,2013,0
CHAGAS,Doença de Chagas Aguda,411200,Jaguariaiva,PR,2014,0
CHAGAS,Doença de Chagas Aguda,411200,Jaguariaiva,PR,2015,0
CHAGAS,Doença de Chagas Aguda,411200,Jaguariaiva,PR,2016,0
CHAGAS,Doença de Chagas Aguda,411200,Jaguariaiva,PR,2017,0
CHAGAS,Doença de Chagas Aguda,411200,Jaguariaiva,PR,2018,0
CHAGAS,Doença de Chagas Aguda,411200,Jaguariaiva,PR,2019,0
CHAGAS,Doença de Chagas Aguda,411200,Jaguariaiva,PR,2020,0
CHAGAS,Doença de Chagas Aguda,411200,Jaguariaiva,PR,2021,0
CHAGAS,Doença de Chagas Aguda,411200,Jaguariaiva,PR,2022,1
CHAGAS,Doença de Chagas Aguda,411200,Jaguariaiva,PR,2023,0
CHAGAS,Doença de Chagas Aguda,411200,Jaguariaiva,PR,2024,0
CHAGAS,Doença de Chagas Aguda,411370,Londrina,PR,2006,0
CHAGAS,Doença de Chagas Aguda,411370,Londrina,PR,2007,0
CHAGAS,Doença de Chagas Aguda,411370,Londrina,PR,2008,0
CHAGAS,Doença de Chagas Aguda,411370,Londrina,PR,2009,0
CHAGAS,Doença de Chagas Aguda,411370,Londrina,PR,2010,0
CHAGAS,Doença de Chagas Aguda,411370,Londrina,PR,2011,0
CHAGAS,Doença de Chagas Aguda,411370,Londrina,PR,2012,0
CHAGAS,Doença de Chagas Aguda,411370,Londrina,PR,2013,0
CHAGAS,Doença de Chagas Aguda,411370,Londrina,PR,2014,0
CHAGAS,Doença de Chagas Aguda,411370,Londrina,PR,2015,0
CHAGAS,Doença de Chagas Aguda,411370,Londrina,PR,2016,0
CHAGAS,Doença de Chagas Aguda,411370,Londrina,PR,2017,0
CHAGAS,Doença de Chagas Aguda,411370,Londrina,PR,2018,0
CHAGAS,Doença de Chagas Aguda,411370,Londrina,PR,2019,0
CHAGAS,Doença de Chagas Aguda,411370,Londrina,PR,2020,0
CHAGAS,Doença de Chagas Aguda,411370,Londrina,PR,2021,0
CHAGAS,Doença de Chagas Aguda,411370,Londrina,PR,2022,1
CHAGAS,Doença de Chagas Aguda,411370,Londrina,PR,2023,1
CHAGAS,Doença de Chagas Aguda,411370,Londrina,PR,2024,0
CHAGAS,Doença de Chagas Aguda,412060,Prudentopolis,PR,2006,0
CHAGAS,Doença de Chagas Aguda,412060,Prudentopolis,PR,2007,0
CHAGAS,Doença de Chagas Aguda,412060,Prudentopolis,PR,2008,0
CHAGAS,Doença de Chagas Aguda,412060,Prudentopolis,PR,2009,0
CHAGAS,Doença de Chagas Aguda,412060,Prudentopolis,PR,2010,0
CHAGAS,Doença de Chagas Aguda,412060,Prudentopolis,PR,2011,0
CHAGAS,Doença de Chagas Aguda,412060,Prudentopolis,PR,2012,0
CHAGAS,Doença de Chagas Aguda,412060,Prudentopolis,PR,2013,0
CHAGAS,Doença de Chagas Aguda,412060,Prudentopolis,PR,2014,0
CHAGAS,Doença de Chagas Aguda,412060,Prudentopolis,PR,2015,0
CHAGAS,Doença de Chagas Aguda,412060,Prudentopolis,PR,2016,0
CHAGAS,Doença de Chagas Aguda,412060,Prudentopolis,PR,2017,0
CHAGAS,Doença de Chagas Aguda,412060,Prudentopolis,PR,2018,0
CHAGAS,Doença de Chagas Aguda,412060,Prudentopolis,PR,2019,0
CHAGAS,Doença de Chagas Aguda,412060,Prudentopolis,PR,2020,0
CHAGAS,Doença de Chagas Aguda,412060,Prudentopolis,PR,2021,1
CHAGAS,Doença de Chagas Aguda,412060,Prudentopolis,PR,2022,0
CHAGAS,Doença de Chagas Aguda,412060,Prudentopolis,PR,2023,0
CHAGAS,Doença de Chagas Aguda,412060,Prudentopolis,PR,2024,0
CHAGAS,Doença de Chagas Aguda,412440,Santo Antonio do Sudoeste,PR,2006,0
CHAGAS,Doença de Chagas Aguda,412440,Santo Antonio do Sudoeste,PR,2007,0
CHAGAS,Doença de Chagas Aguda,412440,Santo Antonio do Sudoeste,PR,2008,0
CHAGAS,Doença de Chagas Aguda,412440,Santo Antonio do Sudoeste,PR,2009,0
CHAGAS,Doença de Chagas Aguda,412440,Santo Antonio do Sudoeste,PR,2010,0
CHAGAS,Doença de Chagas Aguda,412440,Santo Antonio do Sudoeste,PR,2011,0
CHAGAS,Doença de Chagas Aguda,412440,Santo Antonio do Sudoeste,PR,2012,0
CHAGAS,Doença de Chagas Aguda,412440,Santo Antonio do Sudoeste,PR,2013,0
CHAGAS,Doença de Chagas Aguda,412440,Santo Antonio do Sudoeste,PR,2014,0
CHAGAS,Doença de Chagas Aguda,412440,Santo Antonio do Sudoeste,PR,2015,0
CHAGAS,Doença de Chagas Aguda,412440,Santo Antonio do Sudoeste,PR,2016,0
CHAGAS,Doença de Chagas Aguda,412440,Santo Antonio do Sudoeste,PR,2017,0
CHAGAS,Doença de Chagas Aguda,412440,Santo Antonio do Sudoeste,PR,2018,0
CHAGAS,Doença de Chagas Aguda,412440,Santo Antonio do Sudoeste,PR,2019,0
CHAGAS,Doença de Chagas Aguda,412440,Santo Antonio do Sudoeste,PR,2020,0
CHAGAS,Doença de Chagas Aguda,412440,Santo Antonio do Sudoeste,PR,2021,1
CHAGAS,Doença de Chagas Aguda,412440,Santo Antonio do Sudoeste,PR,2022,0
CHAGAS,Doença de Chagas Aguda,412440,Santo Antonio do Sudoeste,PR,2023,0
CHAGAS,Doença de Chagas Aguda,412440,Santo Antonio do Sudoeste,PR,2024,0
CHAGAS,Doença de Chagas Aguda,330070,Cabo Frio,RJ,2006,0
CHAGAS,Doença de Chagas Aguda,330070,Cabo Frio,RJ,2007,0
CHAGAS,Doença de Chagas Aguda,330070,Cabo Frio,RJ,2008,0
CHAGAS,Doença de Chagas Aguda,330070,Cabo Frio,RJ,2009,0
CHAGAS,Doença de Chagas Aguda,330070,Cabo Frio,RJ,2010,0
CHAGAS,Doença de Chagas Aguda,330070,Cabo Frio,RJ,2011,0
CHAGAS,Doença de Chagas Aguda,330070,Cabo Frio,RJ,2012,0
CHAGAS,Doença de Chagas Aguda,330070,Cabo Frio,RJ,2013,0
CHAGAS,Doença de Chagas Aguda,330070,Cabo Frio,RJ,2014,0
CHAGAS,Doença de Chagas Aguda,330070,Cabo Frio,RJ,2015,0
CHAGAS,Doença de Chagas Aguda,330070,Cabo Frio,RJ,2016,0
CHAGAS,Doença de Chagas Aguda,330070,Cabo Frio,RJ,2017,0
CHAGAS,Doença de Chagas Aguda,330070,Cabo Frio,RJ,2018,0
CHAGAS,Doença de Chagas Aguda,330070,Cabo Frio,RJ,2019,0
CHAGAS,Doença de Chagas Aguda,330070,Cabo Frio,RJ,2020,0
CHAGAS,Doença de Chagas Aguda,330070,Cabo Frio,RJ,2021,0
CHAGAS,Doença de Chagas Aguda,330070,Cabo Frio,RJ,2022,0
CHAGAS,Doença de Chagas Aguda,330070,Cabo Frio,RJ,2023,1
CHAGAS,Doença de Chagas Aguda,330070,Cabo Frio,RJ,2024,0
CHAGAS,Doença de Chagas Aguda,330220,Itaperuna,RJ,2006,0
CHAGAS,Doença de Chagas Aguda,330220,Itaperuna,RJ,2007,0
CHAGAS,Doença de Chagas Aguda,330220,Itaperuna,RJ,2008,0
CHAGAS,Doença de Chagas Aguda,330220,Itaperuna,RJ,2009,0
CHAGAS,Doença de Chagas Aguda,330220,Itaperuna,RJ,2010,0
CHAGAS,Doença de Chagas Aguda,330220,Itaperuna,RJ,2011,0
CHAGAS,Doença de Chagas Aguda,330220,Itaperuna,RJ,2012,0
CHAGAS,Doença de Chagas Aguda,330220,Itaperuna,RJ,2013,0
CHAGAS,Doença de Chagas Aguda,330220,Itaperuna,RJ,2014,0
CHAGAS,Doença de Chagas Aguda,330220,Itaperuna,RJ,2015,0
CHAGAS,Doença de Chagas Aguda,330220,Itaperuna,RJ,2016,0
CHAGAS,Doença de Chagas Aguda,330220,Itaperuna,RJ,2017,0
CHAGAS,Doença de Chagas Aguda,330220,Itaperuna,RJ,2018,0
CHAGAS,Doença de Chagas Aguda,330220,Itaperuna,RJ,2019,0
CHAGAS,Doença de Chagas Aguda,330220,Itaperuna,RJ,2020,1
CHAGAS,Doença de Chagas Aguda,330220,Itaperuna,RJ,2021,0
CHAGAS,Doença de Chagas Aguda,330220,Itaperuna,RJ,2022,0
CHAGAS,Doença de Chagas Aguda,330220,Itaperuna,RJ,2023,0
CHAGAS,Doença de Chagas Aguda,330220,Itaperuna,RJ,2024,0
CHAGAS,Doença de Chagas Aguda,330455,Rio de Janeiro,RJ,2006,0
CHAGAS,Doença de Chagas Aguda,330455,Rio de Janeiro,RJ,2007,0
CHAGAS,Doença de Chagas Aguda,330455,Rio de Janeiro,RJ,2008,0
CHAGAS,Doença de Chagas Aguda,330455,Rio de Janeiro,RJ,2009,0
CHAGAS,Doença de Chagas Aguda,330455,Rio de Janeiro,RJ,2010,0
CHAGAS,Doença de Chagas Aguda,330455,Rio de Janeiro,RJ,2011,0
CHAGAS,Doença de Chagas Aguda,330455,Rio de Janeiro,RJ,2012,1
CHAGAS,Doença de Chagas Aguda,330455,Rio de Janeiro,RJ,2013,0
CHAGAS,Doença de Chagas Aguda,330455,Rio de Janeiro,RJ,2014,0
CHAGAS,Doença de Chagas Aguda,330455,Rio de Janeiro,RJ,2015,0
CHAGAS,Doença de Chagas Aguda,330455,Rio de Janeiro,RJ,2016,0
CHAGAS,Doença de Chagas Aguda,330455,Rio de Janeiro,RJ,2017,0
CHAGAS,Doença de Chagas Aguda,330455,Rio de Janeiro,RJ,2018,0
CHAGAS,Doença de Chagas Aguda,330455,Rio de Janeiro,RJ,2019,0
CHAGAS,Doença de Chagas Aguda,330455,Rio de Janeiro,RJ,2020,2
CHAGAS,Doença de Chagas Aguda,330455,Rio de Janeiro,RJ,2021,0
CHAGAS,Doença de Chagas Aguda,330455,Rio de Janeiro,RJ,2022,5
CHAGAS,Doença de Chagas Aguda,330455,Rio de Janeiro,RJ,2023,1
CHAGAS,Doença de Chagas Aguda,330455,Rio de Janeiro,RJ,2024,0
CHAGAS,Doença de Chagas Aguda,240050,Alexandria,RN,2006,0
CHAGAS,Doença de Chagas Aguda,240050,Alexandria,RN,2007,0
CHAGAS,Doença de Chagas Aguda,240050,Alexandria,RN,2008,0
CHAGAS,Doença de Chagas Aguda,240050,Alexandria,RN,2009,0
CHAGAS,Doença de Chagas Aguda,240050,Alexandria,RN,2010,0
CHAGAS,Doença de Chagas Aguda,240050,Alexandria,RN,2011,0
CHAGAS,Doença de Chagas Aguda,240050,Alexandria,RN,2012,0
CHAGAS,Doença de Chagas Aguda,240050,Alexandria,RN,2013,0
CHAGAS,Doença de Chagas Aguda,240050,Alexandria,RN,2014,0
CHAGAS,Doença de Chagas Aguda,240050,Alexandria,RN,2015,0
CHAGAS,Doença de Chagas Aguda,240050,Alexandria,RN,2016,1
CHAGAS,Doença de Chagas Aguda,240050,Alexandria,RN,2017,0
CHAGAS,Doença de Chagas Aguda,240050,Alexandria,RN,2018,0
CHAGAS,Doença de Chagas Aguda,240050,Alexandria,RN,2019,0
CHAGAS,Doença de Chagas Aguda,240050,Alexandria,RN,2020,0
CHAGAS,Doença de Chagas Aguda,240050,Alexandria,RN,2021,0
CHAGAS,Doença de Chagas Aguda,240050,Alexandria,RN,2022,0
CHAGAS,Doença de Chagas Aguda,240050,Alexandria,RN,2023,0
CHAGAS,Doença de Chagas Aguda,240050,Alexandria,RN,2024,0
CHAGAS,Doença de Chagas Aguda,240220,Canguaretama,RN,2006,0
CHAGAS,Doença de Chagas Aguda,240220,Canguaretama,RN,2007,0
CHAGAS,Doença de Chagas Aguda,240220,Canguaretama,RN,2008,0
CHAGAS,Doença de Chagas Aguda,240220,Canguaretama,RN,2009,0
CHAGAS,Doença de Chagas Aguda,240220,Canguaretama,RN,2010,0
CHAGAS,Doença de Chagas Aguda,240220,Canguaretama,RN,2011,0
CHAGAS,Doença de Chagas Aguda,240220,Canguaretama,RN,2012,0
CHAGAS,Doença de Chagas Aguda,240220,Canguaretama,RN,2013,0
CHAGAS,Doença de Chagas Aguda,240220,Canguaretama,RN,2014,0
CHAGAS,Doença de Chagas Aguda,240220,Canguaretama,RN,2015,0
CHAGAS,Doença de Chagas Aguda,240220,Canguaretama,RN,2016,0
CHAGAS,Doença de Chagas Aguda,240220,Canguaretama,RN,2017,0
CHAGAS,Doença de Chagas Aguda,240220,Canguaretama,RN,2018,0
CHAGAS,Doença de Chagas Aguda,240220,Canguaretama,RN,2019,0
CHAGAS,Doença de Chagas Aguda,240220,Canguaretama,RN,2020,0
CHAGAS,Doença de Chagas Aguda,240220,Canguaretama,RN,2021,0
CHAGAS,Doença de Chagas Aguda,240220,Canguaretama,RN,2022,1
CHAGAS,Doença de Chagas Aguda,240220,Canguaretama,RN,2023,0
CHAGAS,Doença de Chagas Aguda,240220,Canguaretama,RN,2024,0
CHAGAS,Doença de Chagas Aguda,240730,Marcelino Vieira,RN,2006,0
CHAGAS,Doença de Chagas Aguda,240730,Marcelino Vieira,RN,2007,0
CHAGAS,Doença de Chagas Aguda,240730,Marcelino Vieira,RN,2008,0
CHAGAS,Doença de Chagas Aguda,240730,Marcelino Vieira,RN,2009,0
CHAGAS,Doença de Chagas Aguda,240730,Marcelino Vieira,RN,2010,0
CHAGAS,Doença de Chagas Aguda,240730,Marcelino Vieira,RN,2011,0
CHAGAS,Doença de Chagas Aguda,240730,Marcelino Vieira,RN,2012,0
CHAGAS,Doença de Chagas Aguda,240730,Marcelino Vieira,RN,2013,0
CHAGAS,Doença de Chagas Aguda,240730,Marcelino Vieira,RN,2014,0
CHAGAS,Doença de Chagas Aguda,240730,Marcelino Vieira,RN,2015,6
CHAGAS,Doença de Chagas Aguda,240730,Marcelino Vieira,RN,2016,0
CHAGAS,Doença de Chagas Aguda,240730,Marcelino Vieira,RN,2017,0
CHAGAS,Doença de Chagas Aguda,240730,Marcelino Vieira,RN,2018,0
CHAGAS,Doença de Chagas Aguda,240730,Marcelino Vieira,RN,2019,0
CHAGAS,Doença de Chagas Aguda,240730,Marcelino Vieira,RN,2020,0
CHAGAS,Doença de Chagas Aguda,240730,Marcelino Vieira,RN,2021,0
CHAGAS,Doença de Chagas Aguda,240730,Marcelino Vieira,RN,2022,0
CHAGAS,Doença de Chagas Aguda,240730,Marcelino Vieira,RN,2023,0
CHAGAS,Doença de Chagas Aguda,240730,Marcelino Vieira,RN,2024,0
CHAGAS,Doença de Chagas Aguda,240800,Mossoro,RN,2006,0
CHAGAS,Doença de Chagas Aguda,240800,Mossoro,RN,2007,0
CHAGAS,Doença de Chagas Aguda,240800,Mossoro,RN,2008,0
CHAGAS,Doença de Chagas Aguda,240800,Mossoro,RN,2009,0
CHAGAS,Doença de Chagas Aguda,240800,Mossoro,RN,2010,0
CHAGAS,Doença de Chagas Aguda,240800,Mossoro,RN,2011,0
CHAGAS,Doença de Chagas Aguda,240800,Mossoro,RN,2012,0
CHAGAS,Doença de Chagas Aguda,240800,Mossoro,RN,2013,0
CHAGAS,Doença de Chagas Aguda,240800,Mossoro,RN,2014,0
CHAGAS,Doença de Chagas Aguda,240800,Mossoro,RN,2015,0
CHAGAS,Doença de Chagas Aguda,240800,Mossoro,RN,2016,0
CHAGAS,Doença de Chagas Aguda,240800,Mossoro,RN,2017,0
CHAGAS,Doença de Chagas Aguda,240800,Mossoro,RN,2018,0
CHAGAS,Doença de Chagas Aguda,240800,Mossoro,RN,2019,0
CHAGAS,Doença de Chagas Aguda,240800,Mossoro,RN,2020,0
CHAGAS,Doença de Chagas Aguda,240800,Mossoro,RN,2021,0
CHAGAS,Doença de Chagas Aguda,240800,Mossoro,RN,2022,0
CHAGAS,Doença de Chagas Aguda,240800,Mossoro,RN,2023,0
CHAGAS,Doença de Chagas Aguda,240800,Mossoro,RN,2024,1
CHAGAS,Doença de Chagas Aguda,240870,Parau,RN,2006,0
CHAGAS,Doença de Chagas Aguda,240870,Parau,RN,2007,0
CHAGAS,Doença de Chagas Aguda,240870,Parau,RN,2008,0
CHAGAS,Doença de Chagas Aguda,240870,Parau,RN,2009,0
CHAGAS,Doença de Chagas Aguda,240870,Parau,RN,2010,0
CHAGAS,Doença de Chagas Aguda,240870,Parau,RN,2011,0
CHAGAS,Doença de Chagas Aguda,240870,Parau,RN,2012,0
CHAGAS,Doença de Chagas Aguda,240870,Parau,RN,2013,0
CHAGAS,Doença de Chagas Aguda,240870,Parau,RN,2014,0
CHAGAS,Doença de Chagas Aguda,240870,Parau,RN,2015,0
CHAGAS,Doença de Chagas Aguda,240870,Parau,RN,2016,0
CHAGAS,Doença de Chagas Aguda,240870,Parau,RN,2017,0
CHAGAS,Doença de Chagas Aguda,240870,Parau,RN,2018,0
CHAGAS,Doença de Chagas Aguda,240870,Parau,RN,2019,0
CHAGAS,Doença de Chagas Aguda,240870,Parau,RN,2020,0
CHAGAS,Doença de Chagas Aguda,240870,Parau,RN,2021,1
CHAGAS,Doença de Chagas Aguda,240870,Parau,RN,2022,0
CHAGAS,Doença de Chagas Aguda,240870,Parau,RN,2023,0
CHAGAS,Doença de Chagas Aguda,240870,Parau,RN,2024,0
CHAGAS,Doença de Chagas Aguda,241000,Piloes,RN,2006,0
CHAGAS,Doença de Chagas Aguda,241000,Piloes,RN,2007,0
CHAGAS,Doença de Chagas Aguda,241000,Piloes,RN,2008,0
CHAGAS,Doença de Chagas Aguda,241000,Piloes,RN,2009,0
CHAGAS,Doença de Chagas Aguda,241000,Piloes,RN,2010,0
CHAGAS,Doença de Chagas Aguda,241000,Piloes,RN,2011,0
CHAGAS,Doença de Chagas Aguda,241000,Piloes,RN,2012,0
CHAGAS,Doença de Chagas Aguda,241000,Piloes,RN,2013,0
CHAGAS,Doença de Chagas Aguda,241000,Piloes,RN,2014,0
CHAGAS,Doença de Chagas Aguda,241000,Piloes,RN,2015,0
CHAGAS,Doença de Chagas Aguda,241000,Piloes,RN,2016,1
CHAGAS,Doença de Chagas Aguda,241000,Piloes,RN,2017,0
CHAGAS,Doença de Chagas Aguda,241000,Piloes,RN,2018,0
CHAGAS,Doença de Chagas Aguda,241000,Piloes,RN,2019,0
CHAGAS,Doença de Chagas Aguda,241000,Piloes,RN,2020,0
CHAGAS,Doença de Chagas Aguda,241000,Piloes,RN,2021,0
CHAGAS,Doença de Chagas Aguda,241000,Piloes,RN,2022,0
CHAGAS,Doença de Chagas Aguda,241000,Piloes,RN,2023,0
CHAGAS,Doença de Chagas Aguda,241000,Piloes,RN,2024,0
CHAGAS,Doença de Chagas Aguda,241410,Tenente Ananias,RN,2006,0
CHAGAS,Doença de Chagas Aguda,241410,Tenente Ananias,RN,2007,0
CHAGAS,Doença de Chagas Aguda,241410,Tenente Ananias,RN,2008,0
CHAGAS,Doença de Chagas Aguda,241410,Tenente Ananias,RN,2009,0
CHAGAS,Doença de Chagas Aguda,241410,Tenente Ananias,RN,2010,0
CHAGAS,Doença de Chagas Aguda,241410,Tenente Ananias,RN,2011,0
CHAGAS,Doença de Chagas Aguda,241410,Tenente Ananias,RN,2012,0
CHAGAS,Doença de Chagas Aguda,241410,Tenente Ananias,RN,2013,0
CHAGAS,Doença de Chagas Aguda,241410,Tenente Ananias,RN,2014,0
CHAGAS,Doença de Chagas Aguda,241410,Tenente Ananias,RN,2015,3
CHAGAS,Doença de Chagas Aguda,241410,Tenente Ananias,RN,2016,0
CHAGAS,Doença de Chagas Aguda,241410,Tenente Ananias,RN,2017,0
CHAGAS,Doença de Chagas Aguda,241410,Tenente Ananias,RN,2018,0
CHAGAS,Doença de Chagas Aguda,241410,Tenente Ananias,RN,2019,0
CHAGAS,Doença de Chagas Aguda,241410,Tenente Ananias,RN,2020,0
CHAGAS,Doença de Chagas Aguda,241410,Tenente Ananias,RN,2021,0
CHAGAS,Doença de Chagas Aguda,241410,Tenente Ananias,RN,2022,0
CHAGAS,Doença de Chagas Aguda,241410,Tenente Ananias,RN,2023,0
CHAGAS,Doença de Chagas Aguda,241410,Tenente Ananias,RN,2024,0
CHAGAS,Doença de Chagas Aguda,110004,Cacoal,RO,2006,0
CHAGAS,Doença de Chagas Aguda,110004,Cacoal,RO,2007,0
CHAGAS,Doença de Chagas Aguda,110004,Cacoal,RO,2008,0
CHAGAS,Doença de Chagas Aguda,110004,Cacoal,RO,2009,0
CHAGAS,Doença de Chagas Aguda,110004,Cacoal,RO,2010,1
CHAGAS,Doença de Chagas Aguda,110004,Cacoal,RO,2011,0
CHAGAS,Doença de Chagas Aguda,110004,Cacoal,RO,2012,0
CHAGAS,Doença de Chagas Aguda,110004,Cacoal,RO,2013,0
CHAGAS,Doença de Chagas Aguda,110004,Cacoal,RO,2014,0
CHAGAS,Doença de Chagas Aguda,110004,Cacoal,RO,2015,0
CHAGAS,Doença de Chagas Aguda,110004,Cacoal,RO,2016,0
CHAGAS,Doença de Chagas Aguda,110004,Cacoal,RO,2017,0
CHAGAS,Doença de Chagas Aguda,110004,Cacoal,RO,2018,0
CHAGAS,Doença de Chagas Aguda,110004,Cacoal,RO,2019,0
CHAGAS,Doença de Chagas Aguda,110004,Cacoal,RO,2020,0
CHAGAS,Doença de Chagas Aguda,110004,Cacoal,RO,2021,0
CHAGAS,Doença de Chagas Aguda,110004,Cacoal,RO,2022,0
CHAGAS,Doença de Chagas Aguda,110004,Cacoal,RO,2023,0
CHAGAS,Doença de Chagas Aguda,110004,Cacoal,RO,2024,0
CHAGAS,Doença de Chagas Aguda,110009,Espigao D'oeste,RO,2006,0
CHAGAS,Doença de Chagas Aguda,110009,Espigao D'oeste,RO,2007,0
CHAGAS,Doença de Chagas Aguda,110009,Espigao D'oeste,RO,2008,0
CHAGAS,Doença de Chagas Aguda,110009,Espigao D'oeste,RO,2009,0
CHAGAS,Doença de Chagas Aguda,110009,Espigao D'oeste,RO,2010,0
CHAGAS,Doença de Chagas Aguda,110009,Espigao D'oeste,RO,2011,1
CHAGAS,Doença de Chagas Aguda,110009,Espigao D'oeste,RO,2012,0
CHAGAS,Doença de Chagas Aguda,110009,Espigao D'oeste,RO,2013,0
CHAGAS,Doença de Chagas Aguda,110009,Espigao D'oeste,RO,2014,0
CHAGAS,Doença de Chagas Aguda,110009,Espigao D'oeste,RO,2015,0
CHAGAS,Doença de Chagas Aguda,110009,Espigao D'oeste,RO,2016,0
CHAGAS,Doença de Chagas Aguda,110009,Espigao D'oeste,RO,2017,0
CHAGAS,Doença de Chagas Aguda,110009,Espigao D'oeste,RO,2018,0
CHAGAS,Doença de Chagas Aguda,110009,Espigao D'oeste,RO,2019,0
CHAGAS,Doença de Chagas Aguda,110009,Espigao D'oeste,RO,2020,0
CHAGAS,Doença de Chagas Aguda,110009,Espigao D'oeste,RO,2021,0
CHAGAS,Doença de Chagas Aguda,110009,Espigao D'oeste,RO,2022,0
CHAGAS,Doença de Chagas Aguda,110009,Espigao D'oeste,RO,2023,0
CHAGAS,Doença de Chagas Aguda,110009,Espigao D'oeste,RO,2024,0
CHAGAS,Doença de Chagas Aguda,110012,Ji-parana,RO,2006,0
CHAGAS,Doença de Chagas Aguda,110012,Ji-parana,RO,2007,0
CHAGAS,Doença de Chagas Aguda,110012,Ji-parana,RO,2008,0
CHAGAS,Doença de Chagas Aguda,110012,Ji-parana,RO,2009,0
CHAGAS,Doença de Chagas Aguda,110012,Ji-parana,RO,2010,0
CHAGAS,Doença de Chagas Aguda,110012,Ji-parana,RO,2011,0
CHAGAS,Doença de Chagas Aguda,110012,Ji-parana,RO,2012,0
CHAGAS,Doença de Chagas Aguda,110012,Ji-parana,RO,2013,0
CHAGAS,Doença de Chagas Aguda,110012,Ji-parana,RO,2014,0
CHAGAS,Doença de Chagas Aguda,110012,Ji-parana,RO,2015,0
CHAGAS,Doença de Chagas Aguda,110012,Ji-parana,RO,2016,0
CHAGAS,Doença de Chagas Aguda,110012,Ji-parana,RO,2017,0
CHAGAS,Doença de Chagas Aguda,110012,Ji-parana,RO,2018,0
CHAGAS,Doença de Chagas Aguda,110012,Ji-parana,RO,2019,0
CHAGAS,Doença de Chagas Aguda,110012,Ji-parana,RO,2020,0
CHAGAS,Doença de Chagas Aguda,110012,Ji-parana,RO,2021,1
CHAGAS,Doença de Chagas Aguda,110012,Ji-parana,RO,2022,0
CHAGAS,Doença de Chagas Aguda,110012,Ji-parana,RO,2023,0
CHAGAS,Doença de Chagas Aguda,110012,Ji-parana,RO,2024,0
CHAGAS,Doença de Chagas Aguda,110013,Machadinho D'oeste,RO,2006,0
CHAGAS,Doença de Chagas Aguda,110013,Machadinho D'oeste,RO,2007,0
CHAGAS,Doença de Chagas Aguda,110013,Machadinho D'oeste,RO,2008,0
CHAGAS,Doença de Chagas Aguda,110013,Machadinho D'oeste,RO,2009,0
CHAGAS,Doença de Chagas Aguda,110013,Machadinho D'oeste,RO,2010,0
CHAGAS,Doença de Chagas Aguda,110013,Machadinho D'oeste,RO,2011,0
CHAGAS,Doença de Chagas Aguda,110013,Machadinho D'oeste,RO,2012,0
CHAGAS,Doença de Chagas Aguda,110013,Machadinho D'oeste,RO,2013,0
CHAGAS,Doença de Chagas Aguda,110013,Machadinho D'oeste,RO,2014,0
CHAGAS,Doença de Chagas Aguda,110013,Machadinho D'oeste,RO,2015,0
CHAGAS,Doença de Chagas Aguda,110013,Machadinho D'oeste,RO,2016,0
CHAGAS,Doença de Chagas Aguda,110013,Machadinho D'oeste,RO,2017,0
CHAGAS,Doença de Chagas Aguda,110013,Machadinho D'oeste,RO,2018,0
CHAGAS,Doença de Chagas Aguda,110013,Machadinho D'oeste,RO,2019,0
CHAGAS,Doença de Chagas Aguda,110013,Machadinho D'oeste,RO,2020,1
CHAGAS,Doença de Chagas Aguda,110013,Machadinho D'oeste,RO,2021,0
CHAGAS,Doença de Chagas Aguda,110013,Machadinho D'oeste,RO,2022,0
CHAGAS,Doença de Chagas Aguda,110013,Machadinho D'oeste,RO,2023,0
CHAGAS,Doença de Chagas Aguda,110013,Machadinho D'oeste,RO,2024,0
CHAGAS,Doença de Chagas Aguda,110020,Porto Velho,RO,2006,0
CHAGAS,Doença de Chagas Aguda,110020,Porto Velho,RO,2007,0
CHAGAS,Doença de Chagas Aguda,110020,Porto Velho,RO,2008,0
CHAGAS,Doença de Chagas Aguda,110020,Porto Velho,RO,2009,0
CHAGAS,Doença de Chagas Aguda,110020,Porto Velho,RO,2010,0
CHAGAS,Doença de Chagas Aguda,110020,Porto Velho,RO,2011,0
CHAGAS,Doença de Chagas Aguda,110020,Porto Velho,RO,2012,0
CHAGAS,Doença de Chagas Aguda,110020,Porto Velho,RO,2013,0
CHAGAS,Doença de Chagas Aguda,110020,Porto Velho,RO,2014,1
CHAGAS,Doença de Chagas Aguda,110020,Porto Velho,RO,2015,0
CHAGAS,Doença de Chagas Aguda,110020,Porto Velho,RO,2016,0
CHAGAS,Doença de Chagas Aguda,110020,Porto Velho,RO,2017,0
CHAGAS,Doença de Chagas Aguda,110020,Porto Velho,RO,2018,1
CHAGAS,Doença de Chagas Aguda,110020,Porto Velho,RO,2019,1
CHAGAS,Doença de Chagas Aguda,110020,Porto Velho,RO,2020,0
CHAGAS,Doença de Chagas Aguda,110020,Porto Velho,RO,2021,0
CHAGAS,Doença de Chagas Aguda,110020,Porto Velho,RO,2022,0
CHAGAS,Doença de Chagas Aguda,110020,Porto Velho,RO,2023,3
CHAGAS,Doença de Chagas Aguda,110020,Porto Velho,RO,2024,0
CHAGAS,Doença de Chagas Aguda,140010,Boa Vista,RR,2006,0
CHAGAS,Doença de Chagas Aguda,140010,Boa Vista,RR,2007,0
CHAGAS,Doença de Chagas Aguda,140010,Boa Vista,RR,2008,0
CHAGAS,Doença de Chagas Aguda,140010,Boa Vista,RR,2009,0
CHAGAS,Doença de Chagas Aguda,140010,Boa Vista,RR,2010,0
CHAGAS,Doença de Chagas Aguda,140010,Boa Vista,RR,2011,0
CHAGAS,Doença de Chagas Aguda,140010,Boa Vista,RR,2012,1
CHAGAS,Doença de Chagas Aguda,140010,Boa Vista,RR,2013,0
CHAGAS,Doença de Chagas Aguda,140010,Boa Vista,RR,2014,0
CHAGAS,Doença de Chagas Aguda,140010,Boa Vista,RR,2015,2
CHAGAS,Doença de Chagas Aguda,140010,Boa Vista,RR,2016,0
CHAGAS,Doença de Chagas Aguda,140010,Boa Vista,RR,2017,0
CHAGAS,Doença de Chagas Aguda,140010,Boa Vista,RR,2018,1
CHAGAS,Doença de Chagas Aguda,140010,Boa Vista,RR,2019,0
CHAGAS,Doença de Chagas Aguda,140010,Boa Vista,RR,2020,0
CHAGAS,Doença de Chagas Aguda,140010,Boa Vista,RR,2021,0
CHAGAS,Doença de Chagas Aguda,140010,Boa Vista,RR,2022,0
CHAGAS,Doença de Chagas Aguda,140010,Boa Vista,RR,2023,0
CHAGAS,Doença de Chagas Aguda,140010,Boa Vista,RR,2024,0
CHAGAS,Doença de Chagas Aguda,140020,Caracarai,RR,2006,0
CHAGAS,Doença de Chagas Aguda,140020,Caracarai,RR,2007,0
CHAGAS,Doença de Chagas Aguda,140020,Caracarai,RR,2008,0
CHAGAS,Doença de Chagas Aguda,140020,Caracarai,RR,2009,0
CHAGAS,Doença de Chagas Aguda,140020,Caracarai,RR,2010,0
CHAGAS,Doença de Chagas Aguda,140020,Caracarai,RR,2011,0
CHAGAS,Doença de Chagas Aguda,140020,Caracarai,RR,2012,0
CHAGAS,Doença de Chagas Aguda,140020,Caracarai,RR,2013,0
CHAGAS,Doença de Chagas Aguda,140020,Caracarai,RR,2014,0
CHAGAS,Doença de Chagas Aguda,140020,Caracarai,RR,2015,0
CHAGAS,Doença de Chagas Aguda,140020,Caracarai,RR,2016,0
CHAGAS,Doença de Chagas Aguda,140020,Caracarai,RR,2017,0
CHAGAS,Doença de Chagas Aguda,140020,Caracarai,RR,2018,0
CHAGAS,Doença de Chagas Aguda,140020,Caracarai,RR,2019,1
CHAGAS,Doença de Chagas Aguda,140020,Caracarai,RR,2020,0
CHAGAS,Doença de Chagas Aguda,140020,Caracarai,RR,2021,0
CHAGAS,Doença de Chagas Aguda,140020,Caracarai,RR,2022,0
CHAGAS,Doença de Chagas Aguda,140020,Caracarai,RR,2023,0
CHAGAS,Doença de Chagas Aguda,140020,Caracarai,RR,2024,0
CHAGAS,Doença de Chagas Aguda,430400,Campo Novo,RS,2006,0
CHAGAS,Doença de Chagas Aguda,430400,Campo Novo,RS,2007,0
CHAGAS,Doença de Chagas Aguda,430400,Campo Novo,RS,2008,0
CHAGAS,Doença de Chagas Aguda,430400,Campo Novo,RS,2009,0
CHAGAS,Doença de Chagas Aguda,430400,Campo Novo,RS,2010,0
CHAGAS,Doença de Chagas Aguda,430400,Campo Novo,RS,2011,0
CHAGAS,Doença de Chagas Aguda,430400,Campo Novo,RS,2012,0
CHAGAS,Doença de Chagas Aguda,430400,Campo Novo,RS,2013,0
CHAGAS,Doença de Chagas Aguda,430400,Campo Novo,RS,2014,0
CHAGAS,Doença de Chagas Aguda,430400,Campo Novo,RS,2015,0
CHAGAS,Doença de Chagas Aguda,430400,Campo Novo,RS,2016,0
CHAGAS,Doença de Chagas Aguda,430400,Campo Novo,RS,2017,0
CHAGAS,Doença de Chagas Aguda,430400,Campo Novo,RS,2018,0
CHAGAS,Doença de Chagas Aguda,430400,Campo Novo,RS,2019,0
CHAGAS,Doença de Chagas Aguda,430400,Campo Novo,RS,2020,0
CHAGAS,Doença de Chagas Aguda,430400,Campo Novo,RS,2021,0
CHAGAS,Doença de Chagas Aguda,430400,Campo Novo,RS,2022,0
CHAGAS,Doença de Chagas Aguda,430400,Campo Novo,RS,2023,2
CHAGAS,Doença de Chagas Aguda,430400,Campo Novo,RS,2024,0
CHAGAS,Doença de Chagas Aguda,430460,Canoas,RS,2006,0
CHAGAS,Doença de Chagas Aguda,430460,Canoas,RS,2007,0
CHAGAS,Doença de Chagas Aguda,430460,Canoas,RS,2008,0
CHAGAS,Doença de Chagas Aguda,430460,Canoas,RS,2009,0
CHAGAS,Doença de Chagas Aguda,430460,Canoas,RS,2010,0
CHAGAS,Doença de Chagas Aguda,430460,Canoas,RS,2011,0
CHAGAS,Doença de Chagas Aguda,430460,Canoas,RS,2012,0
CHAGAS,Doença de Chagas Aguda,430460,Canoas,RS,2013,1
CHAGAS,Doença de Chagas Aguda,430460,Canoas,RS,2014,0
CHAGAS,Doença de Chagas Aguda,430460,Canoas,RS,2015,0
CHAGAS,Doença de Chagas Aguda,430460,Canoas,RS,2016,0
CHAGAS,Doença de Chagas Aguda,430460,Canoas,RS,2017,0
CHAGAS,Doença de Chagas Aguda,430460,Canoas,RS,2018,0
CHAGAS,Doença de Chagas Aguda,430460,Canoas,RS,2019,0
CHAGAS,Doença de Chagas Aguda,430460,Canoas,RS,2020,0
CHAGAS,Doença de Chagas Aguda,430460,Canoas,RS,2021,0
CHAGAS,Doença de Chagas Aguda,430460,Canoas,RS,2022,0
CHAGAS,Doença de Chagas Aguda,430460,Canoas,RS,2023,0
CHAGAS,Doença de Chagas Aguda,430460,Canoas,RS,2024,0
CHAGAS,Doença de Chagas Aguda,430700,Erechim,RS,2006,0
CHAGAS,Doença de Chagas Aguda,430700,Erechim,RS,2007,0
CHAGAS,Doença de Chagas Aguda,430700,Erechim,RS,2008,0
CHAGAS,Doença de Chagas Aguda,430700,Erechim,RS,2009,0
CHAGAS,Doença de Chagas Aguda,430700,Erechim,RS,2010,0
CHAGAS,Doença de Chagas Aguda,430700,Erechim,RS,2011,0
CHAGAS,Doença de Chagas Aguda,430700,Erechim,RS,2012,0
CHAGAS,Doença de Chagas Aguda,430700,Erechim,RS,2013,0
CHAGAS,Doença de Chagas Aguda,430700,Erechim,RS,2014,0
CHAGAS,Doença de Chagas Aguda,430700,Erechim,RS,2015,0
CHAGAS,Doença de Chagas Aguda,430700,Erechim,RS,2016,0
CHAGAS,Doença de Chagas Aguda,430700,Erechim,RS,2017,0
CHAGAS,Doença de Chagas Aguda,430700,Erechim,RS,2018,0
CHAGAS,Doença de Chagas Aguda,430700,Erechim,RS,2019,0
CHAGAS,Doença de Chagas Aguda,430700,Erechim,RS,2020,0
CHAGAS,Doença de Chagas Aguda,430700,Erechim,RS,2021,0
CHAGAS,Doença de Chagas Aguda,430700,Erechim,RS,2022,0
CHAGAS,Doença de Chagas Aguda,430700,Erechim,RS,2023,0
CHAGAS,Doença de Chagas Aguda,430700,Erechim,RS,2024,1
CHAGAS,Doença de Chagas Aguda,431265,Nao-me-toque,RS,2006,0
CHAGAS,Doença de Chagas Aguda,431265,Nao-me-toque,RS,2007,0
CHAGAS,Doença de Chagas Aguda,431265,Nao-me-toque,RS,2008,0
CHAGAS,Doença de Chagas Aguda,431265,Nao-me-toque,RS,2009,0
CHAGAS,Doença de Chagas Aguda,431265,Nao-me-toque,RS,2010,0
CHAGAS,Doença de Chagas Aguda,431265,Nao-me-toque,RS,2011,0
CHAGAS,Doença de Chagas Aguda,431265,Nao-me-toque,RS,2012,0
CHAGAS,Doença de Chagas Aguda,431265,Nao-me-toque,RS,2013,0
CHAGAS,Doença de Chagas Aguda,431265,Nao-me-toque,RS,2014,0
CHAGAS,Doença de Chagas Aguda,431265,Nao-me-toque,RS,2015,0
CHAGAS,Doença de Chagas Aguda,431265,Nao-me-toque,RS,2016,0
CHAGAS,Doença de Chagas Aguda,431265,Nao-me-toque,RS,2017,0
CHAGAS,Doença de Chagas Aguda,431265,Nao-me-toque,RS,2018,0
CHAGAS,Doença de Chagas Aguda,431265,Nao-me-toque,RS,2019,0
CHAGAS,Doença de Chagas Aguda,431265,Nao-me-toque,RS,2020,0
CHAGAS,Doença de Chagas Aguda,431265,Nao-me-toque,RS,2021,1
CHAGAS,Doença de Chagas Aguda,431265,Nao-me-toque,RS,2022,0
CHAGAS,Doença de Chagas Aguda,431265,Nao-me-toque,RS,2023,0
CHAGAS,Doença de Chagas Aguda,431265,Nao-me-toque,RS,2024,0
CHAGAS,Doença de Chagas Aguda,431490,Porto Alegre,RS,2006,0
CHAGAS,Doença de Chagas Aguda,431490,Porto Alegre,RS,2007,0
CHAGAS,Doença de Chagas Aguda,431490,Porto Alegre,RS,2008,0
CHAGAS,Doença de Chagas Aguda,431490,Porto Alegre,RS,2009,0
CHAGAS,Doença de Chagas Aguda,431490,Porto Alegre,RS,2010,0
CHAGAS,Doença de Chagas Aguda,431490,Porto Alegre,RS,2011,0
CHAGAS,Doença de Chagas Aguda,431490,Porto Alegre,RS,2012,1
CHAGAS,Doença de Chagas Aguda,431490,Porto Alegre,RS,2013,0
CHAGAS,Doença de Chagas Aguda,431490,Porto Alegre,RS,2014,1
CHAGAS,Doença de Chagas Aguda,431490,Porto Alegre,RS,2015,0
CHAGAS,Doença de Chagas Aguda,431490,Porto Alegre,RS,2016,0
CHAGAS,Doença de Chagas Aguda,431490,Porto Alegre,RS,2017,0
CHAGAS,Doença de Chagas Aguda,431490,Porto Alegre,RS,2018,0
CHAGAS,Doença de Chagas Aguda,431490,Porto Alegre,RS,2019,0
CHAGAS,Doença de Chagas Aguda,431490,Porto Alegre,RS,2020,0
CHAGAS,Doença de Chagas Aguda,431490,Porto Alegre,RS,2021,1
CHAGAS,Doença de Chagas Aguda,431490,Porto Alegre,RS,2022,0
CHAGAS,Doença de Chagas Aguda,431490,Porto Alegre,RS,2023,0
CHAGAS,Doença de Chagas Aguda,431490,Porto Alegre,RS,2024,0
CHAGAS,Doença de Chagas Aguda,431690,Santa Maria,RS,2006,0
CHAGAS,Doença de Chagas Aguda,431690,Santa Maria,RS,2007,0
CHAGAS,Doença de Chagas Aguda,431690,Santa Maria,RS,2008,0
CHAGAS,Doença de Chagas Aguda,431690,Santa Maria,RS,2009,0
CHAGAS,Doença de Chagas Aguda,431690,Santa Maria,RS,2010,1
CHAGAS,Doença de Chagas Aguda,431690,Santa Maria,RS,2011,0
CHAGAS,Doença de Chagas Aguda,431690,Santa Maria,RS,2012,0
CHAGAS,Doença de Chagas Aguda,431690,Santa Maria,RS,2013,0
CHAGAS,Doença de Chagas Aguda,431690,Santa Maria,RS,2014,0
CHAGAS,Doença de Chagas Aguda,431690,Santa Maria,RS,2015,0
CHAGAS,Doença de Chagas Aguda,431690,Santa Maria,RS,2016,0
CHAGAS,Doença de Chagas Aguda,431690,Santa Maria,RS,2017,0
CHAGAS,Doença de Chagas Aguda,431690,Santa Maria,RS,2018,0
CHAGAS,Doença de Chagas Aguda,431690,Santa Maria,RS,2019,0
CHAGAS,Doença de Chagas Aguda,431690,Santa Maria,RS,2020,0
CHAGAS,Doença de Chagas Aguda,431690,Santa Maria,RS,2021,0
CHAGAS,Doença de Chagas Aguda,431690,Santa Maria,RS,2022,0
CHAGAS,Doença de Chagas Aguda,431690,Santa Maria,RS,2023,0
CHAGAS,Doença de Chagas Aguda,431690,Santa Maria,RS,2024,0
CHAGAS,Doença de Chagas Aguda,431720,Santa Rosa,RS,2006,0
CHAGAS,Doença de Chagas Aguda,431720,Santa Rosa,RS,2007,0
CHAGAS,Doença de Chagas Aguda,431720,Santa Rosa,RS,2008,0
CHAGAS,Doença de Chagas Aguda,431720,Santa Rosa,RS,2009,0
CHAGAS,Doença de Chagas Aguda,431720,Santa Rosa,RS,2010,0
CHAGAS,Doença de Chagas Aguda,431720,Santa Rosa,RS,2011,0
CHAGAS,Doença de Chagas Aguda,431720,Santa Rosa,RS,2012,0
CHAGAS,Doença de Chagas Aguda,431720,Santa Rosa,RS,2013,0
CHAGAS,Doença de Chagas Aguda,431720,Santa Rosa,RS,2014,0
CHAGAS,Doença de Chagas Aguda,431720,Santa Rosa,RS,2015,0
CHAGAS,Doença de Chagas Aguda,431720,Santa Rosa,RS,2016,0
CHAGAS,Doença de Chagas Aguda,431720,Santa Rosa,RS,2017,0
CHAGAS,Doença de Chagas Aguda,431720,Santa Rosa,RS,2018,0
CHAGAS,Doença de Chagas Aguda,431720,Santa Rosa,RS,2019,0
CHAGAS,Doença de Chagas Aguda,431720,Santa Rosa,RS,2020,0
CHAGAS,Doença de Chagas Aguda,431720,Santa Rosa,RS,2021,0
CHAGAS,Doença de Chagas Aguda,431720,Santa Rosa,RS,2022,0
CHAGAS,Doença de Chagas Aguda,431720,Santa Rosa,RS,2023,1
CHAGAS,Doença de Chagas Aguda,431720,Santa Rosa,RS,2024,0
CHAGAS,Doença de Chagas Aguda,280280,Indiaroba,SE,2006,0
CHAGAS,Doença de Chagas Aguda,280280,Indiaroba,SE,2007,0
CHAGAS,Doença de Chagas Aguda,280280,Indiaroba,SE,2008,0
CHAGAS,Doença de Chagas Aguda,280280,Indiaroba,SE,2009,1
CHAGAS,Doença de Chagas Aguda,280280,Indiaroba,SE,2010,0
CHAGAS,Doença de Chagas Aguda,280280,Indiaroba,SE,2011,0
CHAGAS,Doença de Chagas Aguda,280280,Indiaroba,SE,2012,0
CHAGAS,Doença de Chagas Aguda,280280,Indiaroba,SE,2013,0
CHAGAS,Doença de Chagas Aguda,280280,Indiaroba,SE,2014,0
CHAGAS,Doença de Chagas Aguda,280280,Indiaroba,SE,2015,0
CHAGAS,Doença de Chagas Aguda,280280,Indiaroba,SE,2016,0
CHAGAS,Doença de Chagas Aguda,280280,Indiaroba,SE,2017,0
CHAGAS,Doença de Chagas Aguda,280280,Indiaroba,SE,2018,0
CHAGAS,Doença de Chagas Aguda,280280,Indiaroba,SE,2019,0
CHAGAS,Doença de Chagas Aguda,280280,Indiaroba,SE,2020,0
CHAGAS,Doença de Chagas Aguda,280280,Indiaroba,SE,2021,0
CHAGAS,Doença de Chagas Aguda,280280,Indiaroba,SE,2022,0
CHAGAS,Doença de Chagas Aguda,280280,Indiaroba,SE,2023,0
CHAGAS,Doença de Chagas Aguda,280280,Indiaroba,SE,2024,0
CHAGAS,Doença de Chagas Aguda,280510,Pedrinhas,SE,2006,0
CHAGAS,Doença de Chagas Aguda,280510,Pedrinhas,SE,2007,0
CHAGAS,Doença de Chagas Aguda,280510,Pedrinhas,SE,2008,0
CHAGAS,Doença de Chagas Aguda,280510,Pedrinhas,SE,2009,0
CHAGAS,Doença de Chagas Aguda,280510,Pedrinhas,SE,2010,0
CHAGAS,Doença de Chagas Aguda,280510,Pedrinhas,SE,2011,0
CHAGAS,Doença de Chagas Aguda,280510,Pedrinhas,SE,2012,0
CHAGAS,Doença de Chagas Aguda,280510,Pedrinhas,SE,2013,1
CHAGAS,Doença de Chagas Aguda,280510,Pedrinhas,SE,2014,0
CHAGAS,Doença de Chagas Aguda,280510,Pedrinhas,SE,2015,0
CHAGAS,Doença de Chagas Aguda,280510,Pedrinhas,SE,2016,0
CHAGAS,Doença de Chagas Aguda,280510,Pedrinhas,SE,2017,0
CHAGAS,Doença de Chagas Aguda,280510,Pedrinhas,SE,2018,0
CHAGAS,Doença de Chagas Aguda,280510,Pedrinhas,SE,2019,0
CHAGAS,Doença de Chagas Aguda,280510,Pedrinhas,SE,2020,0
CHAGAS,Doença de Chagas Aguda,280510,Pedrinhas,SE,2021,0
CHAGAS,Doença de Chagas Aguda,280510,Pedrinhas,SE,2022,0
CHAGAS,Doença de Chagas Aguda,280510,Pedrinhas,SE,2023,0
CHAGAS,Doença de Chagas Aguda,280510,Pedrinhas,SE,2024,0
CHAGAS,Doença de Chagas Aguda,350950,Campinas,SP,2006,0
CHAGAS,Doença de Chagas Aguda,350950,Campinas,SP,2007,0
CHAGAS,Doença de Chagas Aguda,350950,Campinas,SP,2008,0
CHAGAS,Doença de Chagas Aguda,350950,Campinas,SP,2009,0
CHAGAS,Doença de Chagas Aguda,350950,Campinas,SP,2010,0
CHAGAS,Doença de Chagas Aguda,350950,Campinas,SP,2011,0
CHAGAS,Doença de Chagas Aguda,350950,Campinas,SP,2012,0
CHAGAS,Doença de Chagas Aguda,350950,Campinas,SP,2013,0
CHAGAS,Doença de Chagas Aguda,350950,Campinas,SP,2014,1
CHAGAS,Doença de Chagas Aguda,350950,Campinas,SP,2015,0
CHAGAS,Doença de Chagas Aguda,350950,Campinas,SP,2016,0
CHAGAS,Doença de Chagas Aguda,350950,Campinas,SP,2017,2
CHAGAS,Doença de Chagas Aguda,350950,Campinas,SP,2018,0
CHAGAS,Doença de Chagas Aguda,350950,Campinas,SP,2019,0
CHAGAS,Doença de Chagas Aguda,350950,Campinas,SP,2020,0
CHAGAS,Doença de Chagas Aguda,350950,Campinas,SP,2021,0
CHAGAS,Doença de Chagas Aguda,350950,Campinas,SP,2022,0
CHAGAS,Doença de Chagas Aguda,350950,Campinas,SP,2023,0
CHAGAS,Doença de Chagas Aguda,350950,Campinas,SP,2024,0
CHAGAS,Doença de Chagas Aguda,354340,Ribeirao Preto,SP,2006,0
CHAGAS,Doença de Chagas Aguda,354340,Ribeirao Preto,SP,2007,0
CHAGAS,Doença de Chagas Aguda,354340,Ribeirao Preto,SP,2008,0
CHAGAS,Doença de Chagas Aguda,354340,Ribeirao Preto,SP,2009,0
CHAGAS,Doença de Chagas Aguda,354340,Ribeirao Preto,SP,2010,0
CHAGAS,Doença de Chagas Aguda,354340,Ribeirao Preto,SP,2011,0
CHAGAS,Doença de Chagas Aguda,354340,Ribeirao Preto,SP,2012,0
CHAGAS,Doença de Chagas Aguda,354340,Ribeirao Preto,SP,2013,0
CHAGAS,Doença de Chagas Aguda,354340,Ribeirao Preto,SP,2014,0
CHAGAS,Doença de Chagas Aguda,354340,Ribeirao Preto,SP,2015,0
CHAGAS,Doença de Chagas Aguda,354340,Ribeirao Preto,SP,2016,0
CHAGAS,Doença de Chagas Aguda,354340,Ribeirao Preto,SP,2017,0
CHAGAS,Doença de Chagas Aguda,354340,Ribeirao Preto,SP,2018,0
CHAGAS,Doença de Chagas Aguda,354340,Ribeirao Preto,SP,2019,0
CHAGAS,Doença de Chagas Aguda,354340,Ribeirao Preto,SP,2020,0
CHAGAS,Doença de Chagas Aguda,354340,Ribeirao Preto,SP,2021,0
CHAGAS,Doença de Chagas Aguda,354340,Ribeirao Preto,SP,2022,0
CHAGAS,Doença de Chagas Aguda,354340,Ribeirao Preto,SP,2023,1
CHAGAS,Doença de Chagas Aguda,354340,Ribeirao Preto,SP,2024,0
CHAGAS,Doença de Chagas Aguda,355030,Sao Paulo,SP,2006,0
CHAGAS,Doença de Chagas Aguda,355030,Sao Paulo,SP,2007,0
CHAGAS,Doença de Chagas Aguda,355030,Sao Paulo,SP,2008,0
CHAGAS,Doença de Chagas Aguda,355030,Sao Paulo,SP,2009,0
CHAGAS,Doença de Chagas Aguda,355030,Sao Paulo,SP,2010,0
CHAGAS,Doença de Chagas Aguda,355030,Sao Paulo,SP,2011,0
CHAGAS,Doença de Chagas Aguda,355030,Sao Paulo,SP,2012,0
CHAGAS,Doença de Chagas Aguda,355030,Sao Paulo,SP,2013,2
CHAGAS,Doença de Chagas Aguda,355030,Sao Paulo,SP,2014,0
CHAGAS,Doença de Chagas Aguda,355030,Sao Paulo,SP,2015,0
CHAGAS,Doença de Chagas Aguda,355030,Sao Paulo,SP,2016,1
CHAGAS,Doença de Chagas Aguda,355030,Sao Paulo,SP,2017,0
CHAGAS,Doença de Chagas Aguda,355030,Sao Paulo,SP,2018,0
CHAGAS,Doença de Chagas Aguda,355030,Sao Paulo,SP,2019,0
CHAGAS,Doença de Chagas Aguda,355030,Sao Paulo,SP,2020,0
CHAGAS,Doença de Chagas Aguda,355030,Sao Paulo,SP,2021,1
CHAGAS,Doença de Chagas Aguda,355030,Sao Paulo,SP,2022,1
CHAGAS,Doença de Chagas Aguda,355030,Sao Paulo,SP,2023,0
CHAGAS,Doença de Chagas Aguda,355030,Sao Paulo,SP,2024,0
CHAGAS,Doença de Chagas Aguda,170100,Ananas,TO,2006,0
CHAGAS,Doença de Chagas Aguda,170100,Ananas,TO,2007,0
CHAGAS,Doença de Chagas Aguda,170100,Ananas,TO,2008,0
CHAGAS,Doença de Chagas Aguda,170100,Ananas,TO,2009,0
CHAGAS,Doença de Chagas Aguda,170100,Ananas,TO,2010,0
CHAGAS,Doença de Chagas Aguda,170100,Ananas,TO,2011,10
CHAGAS,Doença de Chagas Aguda,170100,Ananas,TO,2012,0
CHAGAS,Doença de Chagas Aguda,170100,Ananas,TO,2013,0
CHAGAS,Doença de Chagas Aguda,170100,Ananas,TO,2014,0
CHAGAS,Doença de Chagas Aguda,170100,Ananas,TO,2015,0
CHAGAS,Doença de Chagas Aguda,170100,Ananas,TO,2016,0
CHAGAS,Doença de Chagas Aguda,170100,Ananas,TO,2017,0
CHAGAS,Doença de Chagas Aguda,170100,Ananas,TO,2018,0
CHAGAS,Doença de Chagas Aguda,170100,Ananas,TO,2019,0
CHAGAS,Doença de Chagas Aguda,170100,Ananas,TO,2020,0
CHAGAS,Doença de Chagas Aguda,170100,Ananas,TO,2021,0
CHAGAS,Doença de Chagas Aguda,170100,Ananas,TO,2022,0
CHAGAS,Doença de Chagas Aguda,170100,Ananas,TO,2023,0
CHAGAS,Doença de Chagas Aguda,170100,Ananas,TO,2024,0
CHAGAS,Doença de Chagas Aguda,170110,Aparecida do Rio Negro,TO,2006,0
CHAGAS,Doença de Chagas Aguda,170110,Aparecida do Rio Negro,TO,2007,0
CHAGAS,Doença de Chagas Aguda,170110,Aparecida do Rio Negro,TO,2008,0
CHAGAS,Doença de Chagas Aguda,170110,Aparecida do Rio Negro,TO,2009,0
CHAGAS,Doença de Chagas Aguda,170110,Aparecida do Rio Negro,TO,2010,0
CHAGAS,Doença de Chagas Aguda,170110,Aparecida do Rio Negro,TO,2011,0
CHAGAS,Doença de Chagas Aguda,170110,Aparecida do Rio Negro,TO,2012,0
CHAGAS,Doença de Chagas Aguda,170110,Aparecida do Rio Negro,TO,2013,0
CHAGAS,Doença de Chagas Aguda,170110,Aparecida do Rio Negro,TO,2014,0
CHAGAS,Doença de Chagas Aguda,170110,Aparecida do Rio Negro,TO,2015,0
CHAGAS,Doença de Chagas Aguda,170110,Aparecida do Rio Negro,TO,2016,0
CHAGAS,Doença de Chagas Aguda,170110,Aparecida do Rio Negro,TO,2017,0
CHAGAS,Doença de Chagas Aguda,170110,Aparecida do Rio Negro,TO,2018,0
CHAGAS,Doença de Chagas Aguda,170110,Aparecida do Rio Negro,TO,2019,1
CHAGAS,Doença de Chagas Aguda,170110,Aparecida do Rio Negro,TO,2020,0
CHAGAS,Doença de Chagas Aguda,170110,Aparecida do Rio Negro,TO,2021,0
CHAGAS,Doença de Chagas Aguda,170110,Aparecida do Rio Negro,TO,2022,0
CHAGAS,Doença de Chagas Aguda,170110,Aparecida do Rio Negro,TO,2023,0
CHAGAS,Doença de Chagas Aguda,170110,Aparecida do Rio Negro,TO,2024,0
CHAGAS,Doença de Chagas Aguda,170210,Araguaina,TO,2006,0
CHAGAS,Doença de Chagas Aguda,170210,Araguaina,TO,2007,0
CHAGAS,Doença de Chagas Aguda,170210,Araguaina,TO,2008,1
CHAGAS,Doença de Chagas Aguda,170210,Araguaina,TO,2009,0
CHAGAS,Doença de Chagas Aguda,170210,Araguaina,TO,2010,0
CHAGAS,Doença de Chagas Aguda,170210,Araguaina,TO,2011,6
CHAGAS,Doença de Chagas Aguda,170210,Araguaina,TO,2012,0
CHAGAS,Doença de Chagas Aguda,170210,Araguaina,TO,2013,0
CHAGAS,Doença de Chagas Aguda,170210,Araguaina,TO,2014,2
CHAGAS,Doença de Chagas Aguda,170210,Araguaina,TO,2015,2
CHAGAS,Doença de Chagas Aguda,170210,Araguaina,TO,2016,1
CHAGAS,Doença de Chagas Aguda,170210,Araguaina,TO,2017,0
CHAGAS,Doença de Chagas Aguda,170210,Araguaina,TO,2018,4
CHAGAS,Doença de Chagas Aguda,170210,Araguaina,TO,2019,8
CHAGAS,Doença de Chagas Aguda,170210,Araguaina,TO,2020,0
CHAGAS,Doença de Chagas Aguda,170210,Araguaina,TO,2021,0
CHAGAS,Doença de Chagas Aguda,170210,Araguaina,TO,2022,0
CHAGAS,Doença de Chagas Aguda,170210,Araguaina,TO,2023,0
CHAGAS,Doença de Chagas Aguda,170210,Araguaina,TO,2024,1
CHAGAS,Doença de Chagas Aguda,170220,Araguatins,TO,2006,0
CHAGAS,Doença de Chagas Aguda,170220,Araguatins,TO,2007,0
CHAGAS,Doença de Chagas Aguda,170220,Araguatins,TO,2008,0
CHAGAS,Doença de Chagas Aguda,170220,Araguatins,TO,2009,0
CHAGAS,Doença de Chagas Aguda,170220,Araguatins,TO,2010,0
CHAGAS,Doença de Chagas Aguda,170220,Araguatins,TO,2011,0
CHAGAS,Doença de Chagas Aguda,170220,Araguatins,TO,2012,0
CHAGAS,Doença de Chagas Aguda,170220,Araguatins,TO,2013,0
CHAGAS,Doença de Chagas Aguda,170220,Araguatins,TO,2014,0
CHAGAS,Doença de Chagas Aguda,170220,Araguatins,TO,2015,0
CHAGAS,Doença de Chagas Aguda,170220,Araguatins,TO,2016,1
CHAGAS,Doença de Chagas Aguda,170220,Araguatins,TO,2017,0
CHAGAS,Doença de Chagas Aguda,170220,Araguatins,TO,2018,0
CHAGAS,Doença de Chagas Aguda,170220,Araguatins,TO,2019,0
CHAGAS,Doença de Chagas Aguda,170220,Araguatins,TO,2020,0
CHAGAS,Doença de Chagas Aguda,170220,Araguatins,TO,2021,0
CHAGAS,Doença de Chagas Aguda,170220,Araguatins,TO,2022,0
CHAGAS,Doença de Chagas Aguda,170220,Araguatins,TO,2023,0
CHAGAS,Doença de Chagas Aguda,170220,Araguatins,TO,2024,0
CHAGAS,Doença de Chagas Aguda,170255,Augustinopolis,TO,2006,0
CHAGAS,Doença de Chagas Aguda,170255,Augustinopolis,TO,2007,0
CHAGAS,Doença de Chagas Aguda,170255,Augustinopolis,TO,2008,5
CHAGAS,Doença de Chagas Aguda,170255,Augustinopolis,TO,2009,0
CHAGAS,Doença de Chagas Aguda,170255,Augustinopolis,TO,2010,0
CHAGAS,Doença de Chagas Aguda,170255,Augustinopolis,TO,2011,0
CHAGAS,Doença de Chagas Aguda,170255,Augustinopolis,TO,2012,0
CHAGAS,Doença de Chagas Aguda,170255,Augustinopolis,TO,2013,0
CHAGAS,Doença de Chagas Aguda,170255,Augustinopolis,TO,2014,0
CHAGAS,Doença de Chagas Aguda,170255,Augustinopolis,TO,2015,0
CHAGAS,Doença de Chagas Aguda,170255,Augustinopolis,TO,2016,0
CHAGAS,Doença de Chagas Aguda,170255,Augustinopolis,TO,2017,0
CHAGAS,Doença de Chagas Aguda,170255,Augustinopolis,TO,2018,0
CHAGAS,Doença de Chagas Aguda,170255,Augustinopolis,TO,2019,0
CHAGAS,Doença de Chagas Aguda,170255,Augustinopolis,TO,2020,0
CHAGAS,Doença de Chagas Aguda,170255,Augustinopolis,TO,2021,0
CHAGAS,Doença de Chagas Aguda,170255,Augustinopolis,TO,2022,0
CHAGAS,Doença de Chagas Aguda,170255,Augustinopolis,TO,2023,0
CHAGAS,Doença de Chagas Aguda,170255,Augustinopolis,TO,2024,0
CHAGAS,Doença de Chagas Aguda,171670,Colmeia,TO,2006,0
CHAGAS,Doença de Chagas Aguda,171670,Colmeia,TO,2007,0
CHAGAS,Doença de Chagas Aguda,171670,Colmeia,TO,2008,0
CHAGAS,Doença de Chagas Aguda,171670,Colmeia,TO,2009,0
CHAGAS,Doença de Chagas Aguda,171670,Colmeia,TO,2010,0
CHAGAS,Doença de Chagas Aguda,171670,Colmeia,TO,2011,0
CHAGAS,Doença de Chagas Aguda,171670,Colmeia,TO,2012,0
CHAGAS,Doença de Chagas Aguda,171670,Colmeia,TO,2013,0
CHAGAS,Doença de Chagas Aguda,171670,Colmeia,TO,2014,0
CHAGAS,Doença de Chagas Aguda,171670,Colmeia,TO,2015,0
CHAGAS,Doença de Chagas Aguda,171670,Colmeia,TO,2016,0
CHAGAS,Doença de Chagas Aguda,171670,Colmeia,TO,2017,0
CHAGAS,Doença de Chagas Aguda,171670,Colmeia,TO,2018,0
CHAGAS,Doença de Chagas Aguda,171670,Colmeia,TO,2019,0
CHAGAS,Doença de Chagas Aguda,171670,Colmeia,TO,2020,0
CHAGAS,Doença de Chagas Aguda,171670,Colmeia,TO,2021,0
CHAGAS,Doença de Chagas Aguda,171670,Colmeia,TO,2022,0
CHAGAS,Doença de Chagas Aguda,171670,Colmeia,TO,2023,1
CHAGAS,Doença de Chagas Aguda,171670,Colmeia,TO,2024,0
CHAGAS,Doença de Chagas Aguda,171820,Porto Nacional,TO,2006,0
CHAGAS,Doença de Chagas Aguda,171820,Porto Nacional,TO,2007,1
CHAGAS,Doença de Chagas Aguda,171820,Porto Nacional,TO,2008,0
CHAGAS,Doença de Chagas Aguda,171820,Porto Nacional,TO,2009,0
CHAGAS,Doença de Chagas Aguda,171820,Porto Nacional,TO,2010,0
CHAGAS,Doença de Chagas Aguda,171820,Porto Nacional,TO,2011,0
CHAGAS,Doença de Chagas Aguda,171820,Porto Nacional,TO,2012,0
CHAGAS,Doença de Chagas Aguda,171820,Porto Nacional,TO,2013,0
CHAGAS,Doença de Chagas Aguda,171820,Porto Nacional,TO,2014,0
CHAGAS,Doença de Chagas Aguda,171820,Porto Nacional,TO,2015,0
CHAGAS,Doença de Chagas Aguda,171820,Porto Nacional,TO,2016,0
CHAGAS,Doença de Chagas Aguda,171820,Porto Nacional,TO,2017,0
CHAGAS,Doença de Chagas Aguda,171820,Porto Nacional,TO,2018,0
CHAGAS,Doença de Chagas Aguda,171820,Porto Nacional,TO,2019,0
CHAGAS,Doença de Chagas Aguda,171820,Porto Nacional,TO,2020,0
CHAGAS,Doença de Chagas Aguda,171820,Porto Nacional,TO,2021,0
CHAGAS,Doença de Chagas Aguda,171820,Porto Nacional,TO,2022,0
CHAGAS,Doença de Chagas Aguda,171820,Porto Nacional,TO,2023,0
CHAGAS,Doença de Chagas Aguda,171820,Porto Nacional,TO,2024,0
CHAGAS,Doença de Chagas Aguda,172100,Palmas,TO,2006,0
CHAGAS,Doença de Chagas Aguda,172100,Palmas,TO,2007,0
CHAGAS,Doença de Chagas Aguda,172100,Palmas,TO,2008,0
CHAGAS,Doença de Chagas Aguda,172100,Palmas,TO,2009,2
CHAGAS,Doença de Chagas Aguda,172100,Palmas,TO,2010,0
CHAGAS,Doença de Chagas Aguda,172100,Palmas,TO,2011,0
CHAGAS,Doença de Chagas Aguda,172100,Palmas,TO,2012,0
CHAGAS,Doença de Chagas Aguda,172100,Palmas,TO,2013,0
CHAGAS,Doença de Chagas Aguda,172100,Palmas,TO,2014,0
CHAGAS,Doença de Chagas Aguda,172100,Palmas,TO,2015,0
CHAGAS,Doença de Chagas Aguda,172100,Palmas,TO,2016,0
CHAGAS,Doença de Chagas Aguda,172100,Palmas,TO,2017,0
CHAGAS,Doença de Chagas Aguda,172100,Palmas,TO,2018,12
CHAGAS,Doença de Chagas Aguda,172100,Palmas,TO,2019,0
CHAGAS,Doença de Chagas Aguda,172100,Palmas,TO,2020,0
CHAGAS,Doença de Chagas Aguda,172100,Palmas,TO,2021,0
CHAGAS,Doença de Chagas Aguda,172100,Palmas,TO,2022,0
CHAGAS,Doença de Chagas Aguda,172100,Palmas,TO,2023,0
CHAGAS,Doença de Chagas Aguda,172100,Palmas,TO,2024,0
