doenca,doenca_nome,cod_mun6,municipio,uf,ano,casos
FMAC,Febre Maculosa,270450,Maragogi,AL,2001,0
FMAC,Febre Maculosa,270450,Maragogi,AL,2006,0
FMAC,Febre Maculosa,270450,Maragogi,AL,2007,0
FMAC,Febre Maculosa,270450,Maragogi,AL,2008,0
FMAC,Febre Maculosa,270450,Maragogi,AL,2009,0
FMAC,Febre Maculosa,270450,Maragogi,AL,2010,0
FMAC,Febre Maculosa,270450,Maragogi,AL,2011,0
FMAC,Febre Maculosa,270450,Maragogi,AL,2012,0
FMAC,Febre Maculosa,270450,Maragogi,AL,2013,0
FMAC,Febre Maculosa,270450,Maragogi,AL,2014,0
FMAC,Febre Maculosa,270450,Maragogi,AL,2015,0
FMAC,Febre Maculosa,270450,Maragogi,AL,2016,0
FMAC,Febre Maculosa,270450,Maragogi,AL,2017,0
FMAC,Febre Maculosa,270450,Maragogi,AL,2018,0
FMAC,Febre Maculosa,270450,Maragogi,AL,2019,0
FMAC,Febre Maculosa,270450,Maragogi,AL,2020,0
FMAC,Febre Maculosa,270450,Maragogi,AL,2021,0
FMAC,Febre Maculosa,270450,Maragogi,AL,2022,1
FMAC,Febre Maculosa,270450,Maragogi,AL,2023,0
FMAC,Febre Maculosa,270450,Maragogi,AL,2024,0
FMAC,Febre Maculosa,270450,Maragogi,AL,2025,0
FMAC,Febre Maculosa,270730,Porto Calvo,AL,2001,0
FMAC,Febre Maculosa,270730,Porto Calvo,AL,2006,0
FMAC,Febre Maculosa,270730,Porto Calvo,AL,2007,0
FMAC,Febre Maculosa,270730,Porto Calvo,AL,2008,0
FMAC,Febre Maculosa,270730,Porto Calvo,AL,2009,0
FMAC,Febre Maculosa,270730,Porto Calvo,AL,2010,0
FMAC,Febre Maculosa,270730,Porto Calvo,AL,2011,0
FMAC,Febre Maculosa,270730,Porto Calvo,AL,2012,0
FMAC,Febre Maculosa,270730,Porto Calvo,AL,2013,0
FMAC,Febre Maculosa,270730,Porto Calvo,AL,2014,0
FMAC,Febre Maculosa,270730,Porto Calvo,AL,2015,0
FMAC,Febre Maculosa,270730,Porto Calvo,AL,2016,0
FMAC,Febre Maculosa,270730,Porto Calvo,AL,2017,0
FMAC,Febre Maculosa,270730,Porto Calvo,AL,2018,0
FMAC,Febre Maculosa,270730,Porto Calvo,AL,2019,0
FMAC,Febre Maculosa,270730,Porto Calvo,AL,2020,0
FMAC,Febre Maculosa,270730,Porto Calvo,AL,2021,0
FMAC,Febre Maculosa,270730,Porto Calvo,AL,2022,1
FMAC,Febre Maculosa,270730,Porto Calvo,AL,2023,0
FMAC,Febre Maculosa,270730,Porto Calvo,AL,2024,0
FMAC,Febre Maculosa,270730,Porto Calvo,AL,2025,0
FMAC,Febre Maculosa,130260,Manaus,AM,2001,0
FMAC,Febre Maculosa,130260,Manaus,AM,2006,0
FMAC,Febre Maculosa,130260,Manaus,AM,2007,0
FMAC,Febre Maculosa,130260,Manaus,AM,2008,0
FMAC,Febre Maculosa,130260,Manaus,AM,2009,0
FMAC,Febre Maculosa,130260,Manaus,AM,2010,0
FMAC,Febre Maculosa,130260,Manaus,AM,2011,0
FMAC,Febre Maculosa,130260,Manaus,AM,2012,0
FMAC,Febre Maculosa,130260,Manaus,AM,2013,0
FMAC,Febre Maculosa,130260,Manaus,AM,2014,0
FMAC,Febre Maculosa,130260,Manaus,AM,2015,0
FMAC,Febre Maculosa,130260,Manaus,AM,2016,0
FMAC,Febre Maculosa,130260,Manaus,AM,2017,0
FMAC,Febre Maculosa,130260,Manaus,AM,2018,0
FMAC,Febre Maculosa,130260,Manaus,AM,2019,1
FMAC,Febre Maculosa,130260,Manaus,AM,2020,0
FMAC,Febre Maculosa,130260,Manaus,AM,2021,0
FMAC,Febre Maculosa,130260,Manaus,AM,2022,0
FMAC,Febre Maculosa,130260,Manaus,AM,2023,0
FMAC,Febre Maculosa,130260,Manaus,AM,2024,0
FMAC,Febre Maculosa,130260,Manaus,AM,2025,0
FMAC,Febre Maculosa,290110,Amelia Rodrigues,BA,2001,0
FMAC,Febre Maculosa,290110,Amelia Rodrigues,BA,2006,0
FMAC,Febre Maculosa,290110,Amelia Rodrigues,BA,2007,0
FMAC,Febre Maculosa,290110,Amelia Rodrigues,BA,2008,0
FMAC,Febre Maculosa,290110,Amelia Rodrigues,BA,2009,0
FMAC,Febre Maculosa,290110,Amelia Rodrigues,BA,2010,0
FMAC,Febre Maculosa,290110,Amelia Rodrigues,BA,2011,0
FMAC,Febre Maculosa,290110,Amelia Rodrigues,BA,2012,0
FMAC,Febre Maculosa,290110,Amelia Rodrigues,BA,2013,0
FMAC,Febre Maculosa,290110,Amelia Rodrigues,BA,2014,0
FMAC,Febre Maculosa,290110,Amelia Rodrigues,BA,2015,0
FMAC,Febre Maculosa,290110,Amelia Rodrigues,BA,2016,0
FMAC,Febre Maculosa,290110,Amelia Rodrigues,BA,2017,0
FMAC,Febre Maculosa,290110,Amelia Rodrigues,BA,2018,0
FMAC,Febre Maculosa,290110,Amelia Rodrigues,BA,2019,0
FMAC,Febre Maculosa,290110,Amelia Rodrigues,BA,2020,0
FMAC,Febre Maculosa,290110,Amelia Rodrigues,BA,2021,0
FMAC,Febre Maculosa,290110,Amelia Rodrigues,BA,2022,0
FMAC,Febre Maculosa,290110,Amelia Rodrigues,BA,2023,0
FMAC,Febre Maculosa,290110,Amelia Rodrigues,BA,2024,0
FMAC,Febre Maculosa,290110,Amelia Rodrigues,BA,2025,1
FMAC,Febre Maculosa,290290,Barra do Choca,BA,2001,0
FMAC,Febre Maculosa,290290,Barra do Choca,BA,2006,0
FMAC,Febre Maculosa,290290,Barra do Choca,BA,2007,0
FMAC,Febre Maculosa,290290,Barra do Choca,BA,2008,0
FMAC,Febre Maculosa,290290,Barra do Choca,BA,2009,0
FMAC,Febre Maculosa,290290,Barra do Choca,BA,2010,0
FMAC,Febre Maculosa,290290,Barra do Choca,BA,2011,0
FMAC,Febre Maculosa,290290,Barra do Choca,BA,2012,0
FMAC,Febre Maculosa,290290,Barra do Choca,BA,2013,0
FMAC,Febre Maculosa,290290,Barra do Choca,BA,2014,0
FMAC,Febre Maculosa,290290,Barra do Choca,BA,2015,0
FMAC,Febre Maculosa,290290,Barra do Choca,BA,2016,0
FMAC,Febre Maculosa,290290,Barra do Choca,BA,2017,0
FMAC,Febre Maculosa,290290,Barra do Choca,BA,2018,0
FMAC,Febre Maculosa,290290,Barra do Choca,BA,2019,0
FMAC,Febre Maculosa,290290,Barra do Choca,BA,2020,1
FMAC,Febre Maculosa,290290,Barra do Choca,BA,2021,2
FMAC,Febre Maculosa,290290,Barra do Choca,BA,2022,0
FMAC,Febre Maculosa,290290,Barra do Choca,BA,2023,0
FMAC,Febre Maculosa,290290,Barra do Choca,BA,2024,0
FMAC,Febre Maculosa,290290,Barra do Choca,BA,2025,0
FMAC,Febre Maculosa,290340,Belmonte,BA,2001,0
FMAC,Febre Maculosa,290340,Belmonte,BA,2006,0
FMAC,Febre Maculosa,290340,Belmonte,BA,2007,0
FMAC,Febre Maculosa,290340,Belmonte,BA,2008,0
FMAC,Febre Maculosa,290340,Belmonte,BA,2009,0
FMAC,Febre Maculosa,290340,Belmonte,BA,2010,0
FMAC,Febre Maculosa,290340,Belmonte,BA,2011,0
FMAC,Febre Maculosa,290340,Belmonte,BA,2012,0
FMAC,Febre Maculosa,290340,Belmonte,BA,2013,0
FMAC,Febre Maculosa,290340,Belmonte,BA,2014,0
FMAC,Febre Maculosa,290340,Belmonte,BA,2015,0
FMAC,Febre Maculosa,290340,Belmonte,BA,2016,0
FMAC,Febre Maculosa,290340,Belmonte,BA,2017,0
FMAC,Febre Maculosa,290340,Belmonte,BA,2018,0
FMAC,Febre Maculosa,290340,Belmonte,BA,2019,0
FMAC,Febre Maculosa,290340,Belmonte,BA,2020,0
FMAC,Febre Maculosa,290340,Belmonte,BA,2021,0
FMAC,Febre Maculosa,290340,Belmonte,BA,2022,0
FMAC,Febre Maculosa,290340,Belmonte,BA,2023,0
FMAC,Febre Maculosa,290340,Belmonte,BA,2024,0
FMAC,Febre Maculosa,290340,Belmonte,BA,2025,1
FMAC,Febre Maculosa,291080,Feira de Santana,BA,2001,0
FMAC,Febre Maculosa,291080,Feira de Santana,BA,2006,0
FMAC,Febre Maculosa,291080,Feira de Santana,BA,2007,0
FMAC,Febre Maculosa,291080,Feira de Santana,BA,2008,0
FMAC,Febre Maculosa,291080,Feira de Santana,BA,2009,0
FMAC,Febre Maculosa,291080,Feira de Santana,BA,2010,0
FMAC,Febre Maculosa,291080,Feira de Santana,BA,2011,0
FMAC,Febre Maculosa,291080,Feira de Santana,BA,2012,0
FMAC,Febre Maculosa,291080,Feira de Santana,BA,2013,0
FMAC,Febre Maculosa,291080,Feira de Santana,BA,2014,0
FMAC,Febre Maculosa,291080,Feira de Santana,BA,2015,0
FMAC,Febre Maculosa,291080,Feira de Santana,BA,2016,0
FMAC,Febre Maculosa,291080,Feira de Santana,BA,2017,0
FMAC,Febre Maculosa,291080,Feira de Santana,BA,2018,1
FMAC,Febre Maculosa,291080,Feira de Santana,BA,2019,0
FMAC,Febre Maculosa,291080,Feira de Santana,BA,2020,0
FMAC,Febre Maculosa,291080,Feira de Santana,BA,2021,0
FMAC,Febre Maculosa,291080,Feira de Santana,BA,2022,0
FMAC,Febre Maculosa,291080,Feira de Santana,BA,2023,0
FMAC,Febre Maculosa,291080,Feira de Santana,BA,2024,0
FMAC,Febre Maculosa,291080,Feira de Santana,BA,2025,0
FMAC,Febre Maculosa,291290,Ibirataia,BA,2001,0
FMAC,Febre Maculosa,291290,Ibirataia,BA,2006,0
FMAC,Febre Maculosa,291290,Ibirataia,BA,2007,0
FMAC,Febre Maculosa,291290,Ibirataia,BA,2008,0
FMAC,Febre Maculosa,291290,Ibirataia,BA,2009,0
FMAC,Febre Maculosa,291290,Ibirataia,BA,2010,0
FMAC,Febre Maculosa,291290,Ibirataia,BA,2011,0
FMAC,Febre Maculosa,291290,Ibirataia,BA,2012,0
FMAC,Febre Maculosa,291290,Ibirataia,BA,2013,0
FMAC,Febre Maculosa,291290,Ibirataia,BA,2014,0
FMAC,Febre Maculosa,291290,Ibirataia,BA,2015,0
FMAC,Febre Maculosa,291290,Ibirataia,BA,2016,0
FMAC,Febre Maculosa,291290,Ibirataia,BA,2017,0
FMAC,Febre Maculosa,291290,Ibirataia,BA,2018,0
FMAC,Febre Maculosa,291290,Ibirataia,BA,2019,0
FMAC,Febre Maculosa,291290,Ibirataia,BA,2020,0
FMAC,Febre Maculosa,291290,Ibirataia,BA,2021,0
FMAC,Febre Maculosa,291290,Ibirataia,BA,2022,0
FMAC,Febre Maculosa,291290,Ibirataia,BA,2023,1
FMAC,Febre Maculosa,291290,Ibirataia,BA,2024,0
FMAC,Febre Maculosa,291290,Ibirataia,BA,2025,0
FMAC,Febre Maculosa,291360,Ilheus,BA,2001,0
FMAC,Febre Maculosa,291360,Ilheus,BA,2006,0
FMAC,Febre Maculosa,291360,Ilheus,BA,2007,0
FMAC,Febre Maculosa,291360,Ilheus,BA,2008,0
FMAC,Febre Maculosa,291360,Ilheus,BA,2009,0
FMAC,Febre Maculosa,291360,Ilheus,BA,2010,0
FMAC,Febre Maculosa,291360,Ilheus,BA,2011,0
FMAC,Febre Maculosa,291360,Ilheus,BA,2012,0
FMAC,Febre Maculosa,291360,Ilheus,BA,2013,0
FMAC,Febre Maculosa,291360,Ilheus,BA,2014,0
FMAC,Febre Maculosa,291360,Ilheus,BA,2015,0
FMAC,Febre Maculosa,291360,Ilheus,BA,2016,0
FMAC,Febre Maculosa,291360,Ilheus,BA,2017,0
FMAC,Febre Maculosa,291360,Ilheus,BA,2018,0
FMAC,Febre Maculosa,291360,Ilheus,BA,2019,0
FMAC,Febre Maculosa,291360,Ilheus,BA,2020,0
FMAC,Febre Maculosa,291360,Ilheus,BA,2021,0
FMAC,Febre Maculosa,291360,Ilheus,BA,2022,0
FMAC,Febre Maculosa,291360,Ilheus,BA,2023,0
FMAC,Febre Maculosa,291360,Ilheus,BA,2024,0
FMAC,Febre Maculosa,291360,Ilheus,BA,2025,2
FMAC,Febre Maculosa,291480,Itabuna,BA,2001,0
FMAC,Febre Maculosa,291480,Itabuna,BA,2006,0
FMAC,Febre Maculosa,291480,Itabuna,BA,2007,0
FMAC,Febre Maculosa,291480,Itabuna,BA,2008,0
FMAC,Febre Maculosa,291480,Itabuna,BA,2009,0
FMAC,Febre Maculosa,291480,Itabuna,BA,2010,0
FMAC,Febre Maculosa,291480,Itabuna,BA,2011,0
FMAC,Febre Maculosa,291480,Itabuna,BA,2012,0
FMAC,Febre Maculosa,291480,Itabuna,BA,2013,0
FMAC,Febre Maculosa,291480,Itabuna,BA,2014,0
FMAC,Febre Maculosa,291480,Itabuna,BA,2015,1
FMAC,Febre Maculosa,291480,Itabuna,BA,2016,0
FMAC,Febre Maculosa,291480,Itabuna,BA,2017,0
FMAC,Febre Maculosa,291480,Itabuna,BA,2018,0
FMAC,Febre Maculosa,291480,Itabuna,BA,2019,0
FMAC,Febre Maculosa,291480,Itabuna,BA,2020,0
FMAC,Febre Maculosa,291480,Itabuna,BA,2021,0
FMAC,Febre Maculosa,291480,Itabuna,BA,2022,0
FMAC,Febre Maculosa,291480,Itabuna,BA,2023,0
FMAC,Febre Maculosa,291480,Itabuna,BA,2024,0
FMAC,Febre Maculosa,291480,Itabuna,BA,2025,1
FMAC,Febre Maculosa,291490,Itacare,BA,2001,0
FMAC,Febre Maculosa,291490,Itacare,BA,2006,0
FMAC,Febre Maculosa,291490,Itacare,BA,2007,0
FMAC,Febre Maculosa,291490,Itacare,BA,2008,0
FMAC,Febre Maculosa,291490,Itacare,BA,2009,0
FMAC,Febre Maculosa,291490,Itacare,BA,2010,0
FMAC,Febre Maculosa,291490,Itacare,BA,2011,0
FMAC,Febre Maculosa,291490,Itacare,BA,2012,0
FMAC,Febre Maculosa,291490,Itacare,BA,2013,0
FMAC,Febre Maculosa,291490,Itacare,BA,2014,0
FMAC,Febre Maculosa,291490,Itacare,BA,2015,0
FMAC,Febre Maculosa,291490,Itacare,BA,2016,0
FMAC,Febre Maculosa,291490,Itacare,BA,2017,0
FMAC,Febre Maculosa,291490,Itacare,BA,2018,0
FMAC,Febre Maculosa,291490,Itacare,BA,2019,0
FMAC,Febre Maculosa,291490,Itacare,BA,2020,0
FMAC,Febre Maculosa,291490,Itacare,BA,2021,0
FMAC,Febre Maculosa,291490,Itacare,BA,2022,0
FMAC,Febre Maculosa,291490,Itacare,BA,2023,2
FMAC,Febre Maculosa,291490,Itacare,BA,2024,2
FMAC,Febre Maculosa,291490,Itacare,BA,2025,0
FMAC,Febre Maculosa,291820,Jiquirica,BA,2001,0
FMAC,Febre Maculosa,291820,Jiquirica,BA,2006,0
FMAC,Febre Maculosa,291820,Jiquirica,BA,2007,0
FMAC,Febre Maculosa,291820,Jiquirica,BA,2008,0
FMAC,Febre Maculosa,291820,Jiquirica,BA,2009,0
FMAC,Febre Maculosa,291820,Jiquirica,BA,2010,0
FMAC,Febre Maculosa,291820,Jiquirica,BA,2011,0
FMAC,Febre Maculosa,291820,Jiquirica,BA,2012,0
FMAC,Febre Maculosa,291820,Jiquirica,BA,2013,0
FMAC,Febre Maculosa,291820,Jiquirica,BA,2014,0
FMAC,Febre Maculosa,291820,Jiquirica,BA,2015,0
FMAC,Febre Maculosa,291820,Jiquirica,BA,2016,0
FMAC,Febre Maculosa,291820,Jiquirica,BA,2017,0
FMAC,Febre Maculosa,291820,Jiquirica,BA,2018,0
FMAC,Febre Maculosa,291820,Jiquirica,BA,2019,0
FMAC,Febre Maculosa,291820,Jiquirica,BA,2020,0
FMAC,Febre Maculosa,291820,Jiquirica,BA,2021,0
FMAC,Febre Maculosa,291820,Jiquirica,BA,2022,0
FMAC,Febre Maculosa,291820,Jiquirica,BA,2023,1
FMAC,Febre Maculosa,291820,Jiquirica,BA,2024,0
FMAC,Febre Maculosa,291820,Jiquirica,BA,2025,0
FMAC,Febre Maculosa,292260,Nilo Pecanha,BA,2001,0
FMAC,Febre Maculosa,292260,Nilo Pecanha,BA,2006,0
FMAC,Febre Maculosa,292260,Nilo Pecanha,BA,2007,0
FMAC,Febre Maculosa,292260,Nilo Pecanha,BA,2008,0
FMAC,Febre Maculosa,292260,Nilo Pecanha,BA,2009,0
FMAC,Febre Maculosa,292260,Nilo Pecanha,BA,2010,0
FMAC,Febre Maculosa,292260,Nilo Pecanha,BA,2011,0
FMAC,Febre Maculosa,292260,Nilo Pecanha,BA,2012,0
FMAC,Febre Maculosa,292260,Nilo Pecanha,BA,2013,0
FMAC,Febre Maculosa,292260,Nilo Pecanha,BA,2014,0
FMAC,Febre Maculosa,292260,Nilo Pecanha,BA,2015,0
FMAC,Febre Maculosa,292260,Nilo Pecanha,BA,2016,0
FMAC,Febre Maculosa,292260,Nilo Pecanha,BA,2017,0
FMAC,Febre Maculosa,292260,Nilo Pecanha,BA,2018,0
FMAC,Febre Maculosa,292260,Nilo Pecanha,BA,2019,0
FMAC,Febre Maculosa,292260,Nilo Pecanha,BA,2020,0
FMAC,Febre Maculosa,292260,Nilo Pecanha,BA,2021,0
FMAC,Febre Maculosa,292260,Nilo Pecanha,BA,2022,0
FMAC,Febre Maculosa,292260,Nilo Pecanha,BA,2023,0
FMAC,Febre Maculosa,292260,Nilo Pecanha,BA,2024,0
FMAC,Febre Maculosa,292260,Nilo Pecanha,BA,2025,1
FMAC,Febre Maculosa,292467,Pirai do Norte,BA,2001,0
FMAC,Febre Maculosa,292467,Pirai do Norte,BA,2006,0
FMAC,Febre Maculosa,292467,Pirai do Norte,BA,2007,0
FMAC,Febre Maculosa,292467,Pirai do Norte,BA,2008,0
FMAC,Febre Maculosa,292467,Pirai do Norte,BA,2009,0
FMAC,Febre Maculosa,292467,Pirai do Norte,BA,2010,0
FMAC,Febre Maculosa,292467,Pirai do Norte,BA,2011,0
FMAC,Febre Maculosa,292467,Pirai do Norte,BA,2012,0
FMAC,Febre Maculosa,292467,Pirai do Norte,BA,2013,0
FMAC,Febre Maculosa,292467,Pirai do Norte,BA,2014,0
FMAC,Febre Maculosa,292467,Pirai do Norte,BA,2015,0
FMAC,Febre Maculosa,292467,Pirai do Norte,BA,2016,0
FMAC,Febre Maculosa,292467,Pirai do Norte,BA,2017,0
FMAC,Febre Maculosa,292467,Pirai do Norte,BA,2018,0
FMAC,Febre Maculosa,292467,Pirai do Norte,BA,2019,0
FMAC,Febre Maculosa,292467,Pirai do Norte,BA,2020,0
FMAC,Febre Maculosa,292467,Pirai do Norte,BA,2021,0
FMAC,Febre Maculosa,292467,Pirai do Norte,BA,2022,0
FMAC,Febre Maculosa,292467,Pirai do Norte,BA,2023,0
FMAC,Febre Maculosa,292467,Pirai do Norte,BA,2024,0
FMAC,Febre Maculosa,292467,Pirai do Norte,BA,2025,1
FMAC,Febre Maculosa,292500,Planalto,BA,2001,0
FMAC,Febre Maculosa,292500,Planalto,BA,2006,0
FMAC,Febre Maculosa,292500,Planalto,BA,2007,0
FMAC,Febre Maculosa,292500,Planalto,BA,2008,0
FMAC,Febre Maculosa,292500,Planalto,BA,2009,0
FMAC,Febre Maculosa,292500,Planalto,BA,2010,0
FMAC,Febre Maculosa,292500,Planalto,BA,2011,0
FMAC,Febre Maculosa,292500,Planalto,BA,2012,0
FMAC,Febre Maculosa,292500,Planalto,BA,2013,0
FMAC,Febre Maculosa,292500,Planalto,BA,2014,0
FMAC,Febre Maculosa,292500,Planalto,BA,2015,0
FMAC,Febre Maculosa,292500,Planalto,BA,2016,0
FMAC,Febre Maculosa,292500,Planalto,BA,2017,0
FMAC,Febre Maculosa,292500,Planalto,BA,2018,0
FMAC,Febre Maculosa,292500,Planalto,BA,2019,0
FMAC,Febre Maculosa,292500,Planalto,BA,2020,0
FMAC,Febre Maculosa,292500,Planalto,BA,2021,0
FMAC,Febre Maculosa,292500,Planalto,BA,2022,0
FMAC,Febre Maculosa,292500,Planalto,BA,2023,0
FMAC,Febre Maculosa,292500,Planalto,BA,2024,0
FMAC,Febre Maculosa,292500,Planalto,BA,2025,1
FMAC,Febre Maculosa,292575,Presidente Tancredo Neves,BA,2001,0
FMAC,Febre Maculosa,292575,Presidente Tancredo Neves,BA,2006,0
FMAC,Febre Maculosa,292575,Presidente Tancredo Neves,BA,2007,0
FMAC,Febre Maculosa,292575,Presidente Tancredo Neves,BA,2008,0
FMAC,Febre Maculosa,292575,Presidente Tancredo Neves,BA,2009,0
FMAC,Febre Maculosa,292575,Presidente Tancredo Neves,BA,2010,0
FMAC,Febre Maculosa,292575,Presidente Tancredo Neves,BA,2011,0
FMAC,Febre Maculosa,292575,Presidente Tancredo Neves,BA,2012,0
FMAC,Febre Maculosa,292575,Presidente Tancredo Neves,BA,2013,0
FMAC,Febre Maculosa,292575,Presidente Tancredo Neves,BA,2014,0
FMAC,Febre Maculosa,292575,Presidente Tancredo Neves,BA,2015,0
FMAC,Febre Maculosa,292575,Presidente Tancredo Neves,BA,2016,0
FMAC,Febre Maculosa,292575,Presidente Tancredo Neves,BA,2017,0
FMAC,Febre Maculosa,292575,Presidente Tancredo Neves,BA,2018,0
FMAC,Febre Maculosa,292575,Presidente Tancredo Neves,BA,2019,0
FMAC,Febre Maculosa,292575,Presidente Tancredo Neves,BA,2020,0
FMAC,Febre Maculosa,292575,Presidente Tancredo Neves,BA,2021,1
FMAC,Febre Maculosa,292575,Presidente Tancredo Neves,BA,2022,0
FMAC,Febre Maculosa,292575,Presidente Tancredo Neves,BA,2023,0
FMAC,Febre Maculosa,292575,Presidente Tancredo Neves,BA,2024,0
FMAC,Febre Maculosa,292575,Presidente Tancredo Neves,BA,2025,0
FMAC,Febre Maculosa,292593,Quixabeira,BA,2001,0
FMAC,Febre Maculosa,292593,Quixabeira,BA,2006,0
FMAC,Febre Maculosa,292593,Quixabeira,BA,2007,0
FMAC,Febre Maculosa,292593,Quixabeira,BA,2008,0
FMAC,Febre Maculosa,292593,Quixabeira,BA,2009,0
FMAC,Febre Maculosa,292593,Quixabeira,BA,2010,0
FMAC,Febre Maculosa,292593,Quixabeira,BA,2011,0
FMAC,Febre Maculosa,292593,Quixabeira,BA,2012,0
FMAC,Febre Maculosa,292593,Quixabeira,BA,2013,0
FMAC,Febre Maculosa,292593,Quixabeira,BA,2014,0
FMAC,Febre Maculosa,292593,Quixabeira,BA,2015,0
FMAC,Febre Maculosa,292593,Quixabeira,BA,2016,0
FMAC,Febre Maculosa,292593,Quixabeira,BA,2017,0
FMAC,Febre Maculosa,292593,Quixabeira,BA,2018,0
FMAC,Febre Maculosa,292593,Quixabeira,BA,2019,0
FMAC,Febre Maculosa,292593,Quixabeira,BA,2020,0
FMAC,Febre Maculosa,292593,Quixabeira,BA,2021,1
FMAC,Febre Maculosa,292593,Quixabeira,BA,2022,0
FMAC,Febre Maculosa,292593,Quixabeira,BA,2023,0
FMAC,Febre Maculosa,292593,Quixabeira,BA,2024,0
FMAC,Febre Maculosa,292593,Quixabeira,BA,2025,0
FMAC,Febre Maculosa,292640,Riacho de Santana,BA,2001,0
FMAC,Febre Maculosa,292640,Riacho de Santana,BA,2006,0
FMAC,Febre Maculosa,292640,Riacho de Santana,BA,2007,0
FMAC,Febre Maculosa,292640,Riacho de Santana,BA,2008,0
FMAC,Febre Maculosa,292640,Riacho de Santana,BA,2009,0
FMAC,Febre Maculosa,292640,Riacho de Santana,BA,2010,0
FMAC,Febre Maculosa,292640,Riacho de Santana,BA,2011,0
FMAC,Febre Maculosa,292640,Riacho de Santana,BA,2012,0
FMAC,Febre Maculosa,292640,Riacho de Santana,BA,2013,0
FMAC,Febre Maculosa,292640,Riacho de Santana,BA,2014,0
FMAC,Febre Maculosa,292640,Riacho de Santana,BA,2015,0
FMAC,Febre Maculosa,292640,Riacho de Santana,BA,2016,0
FMAC,Febre Maculosa,292640,Riacho de Santana,BA,2017,0
FMAC,Febre Maculosa,292640,Riacho de Santana,BA,2018,0
FMAC,Febre Maculosa,292640,Riacho de Santana,BA,2019,0
FMAC,Febre Maculosa,292640,Riacho de Santana,BA,2020,0
FMAC,Febre Maculosa,292640,Riacho de Santana,BA,2021,0
FMAC,Febre Maculosa,292640,Riacho de Santana,BA,2022,0
FMAC,Febre Maculosa,292640,Riacho de Santana,BA,2023,0
FMAC,Febre Maculosa,292640,Riacho de Santana,BA,2024,0
FMAC,Febre Maculosa,292640,Riacho de Santana,BA,2025,1
FMAC,Febre Maculosa,292740,Salvador,BA,2001,0
FMAC,Febre Maculosa,292740,Salvador,BA,2006,0
FMAC,Febre Maculosa,292740,Salvador,BA,2007,0
FMAC,Febre Maculosa,292740,Salvador,BA,2008,0
FMAC,Febre Maculosa,292740,Salvador,BA,2009,0
FMAC,Febre Maculosa,292740,Salvador,BA,2010,0
FMAC,Febre Maculosa,292740,Salvador,BA,2011,0
FMAC,Febre Maculosa,292740,Salvador,BA,2012,0
FMAC,Febre Maculosa,292740,Salvador,BA,2013,0
FMAC,Febre Maculosa,292740,Salvador,BA,2014,0
FMAC,Febre Maculosa,292740,Salvador,BA,2015,0
FMAC,Febre Maculosa,292740,Salvador,BA,2016,0
FMAC,Febre Maculosa,292740,Salvador,BA,2017,0
FMAC,Febre Maculosa,292740,Salvador,BA,2018,0
FMAC,Febre Maculosa,292740,Salvador,BA,2019,0
FMAC,Febre Maculosa,292740,Salvador,BA,2020,0
FMAC,Febre Maculosa,292740,Salvador,BA,2021,0
FMAC,Febre Maculosa,292740,Salvador,BA,2022,2
FMAC,Febre Maculosa,292740,Salvador,BA,2023,1
FMAC,Febre Maculosa,292740,Salvador,BA,2024,0
FMAC,Febre Maculosa,292740,Salvador,BA,2025,0
FMAC,Febre Maculosa,292940,Sao Miguel Das Matas,BA,2001,0
FMAC,Febre Maculosa,292940,Sao Miguel Das Matas,BA,2006,0
FMAC,Febre Maculosa,292940,Sao Miguel Das Matas,BA,2007,0
FMAC,Febre Maculosa,292940,Sao Miguel Das Matas,BA,2008,0
FMAC,Febre Maculosa,292940,Sao Miguel Das Matas,BA,2009,0
FMAC,Febre Maculosa,292940,Sao Miguel Das Matas,BA,2010,0
FMAC,Febre Maculosa,292940,Sao Miguel Das Matas,BA,2011,0
FMAC,Febre Maculosa,292940,Sao Miguel Das Matas,BA,2012,0
FMAC,Febre Maculosa,292940,Sao Miguel Das Matas,BA,2013,0
FMAC,Febre Maculosa,292940,Sao Miguel Das Matas,BA,2014,0
FMAC,Febre Maculosa,292940,Sao Miguel Das Matas,BA,2015,0
FMAC,Febre Maculosa,292940,Sao Miguel Das Matas,BA,2016,0
FMAC,Febre Maculosa,292940,Sao Miguel Das Matas,BA,2017,0
FMAC,Febre Maculosa,292940,Sao Miguel Das Matas,BA,2018,0
FMAC,Febre Maculosa,292940,Sao Miguel Das Matas,BA,2019,0
FMAC,Febre Maculosa,292940,Sao Miguel Das Matas,BA,2020,0
FMAC,Febre Maculosa,292940,Sao Miguel Das Matas,BA,2021,0
FMAC,Febre Maculosa,292940,Sao Miguel Das Matas,BA,2022,1
FMAC,Febre Maculosa,292940,Sao Miguel Das Matas,BA,2023,0
FMAC,Febre Maculosa,292940,Sao Miguel Das Matas,BA,2024,0
FMAC,Febre Maculosa,292940,Sao Miguel Das Matas,BA,2025,0
FMAC,Febre Maculosa,293290,Valenca,BA,2001,0
FMAC,Febre Maculosa,293290,Valenca,BA,2006,0
FMAC,Febre Maculosa,293290,Valenca,BA,2007,0
FMAC,Febre Maculosa,293290,Valenca,BA,2008,0
FMAC,Febre Maculosa,293290,Valenca,BA,2009,0
FMAC,Febre Maculosa,293290,Valenca,BA,2010,0
FMAC,Febre Maculosa,293290,Valenca,BA,2011,0
FMAC,Febre Maculosa,293290,Valenca,BA,2012,0
FMAC,Febre Maculosa,293290,Valenca,BA,2013,0
FMAC,Febre Maculosa,293290,Valenca,BA,2014,0
FMAC,Febre Maculosa,293290,Valenca,BA,2015,0
FMAC,Febre Maculosa,293290,Valenca,BA,2016,0
FMAC,Febre Maculosa,293290,Valenca,BA,2017,0
FMAC,Febre Maculosa,293290,Valenca,BA,2018,0
FMAC,Febre Maculosa,293290,Valenca,BA,2019,0
FMAC,Febre Maculosa,293290,Valenca,BA,2020,0
FMAC,Febre Maculosa,293290,Valenca,BA,2021,0
FMAC,Febre Maculosa,293290,Valenca,BA,2022,0
FMAC,Febre Maculosa,293290,Valenca,BA,2023,0
FMAC,Febre Maculosa,293290,Valenca,BA,2024,1
FMAC,Febre Maculosa,293290,Valenca,BA,2025,0
FMAC,Febre Maculosa,230110,Aracati,CE,2001,0
FMAC,Febre Maculosa,230110,Aracati,CE,2006,0
FMAC,Febre Maculosa,230110,Aracati,CE,2007,0
FMAC,Febre Maculosa,230110,Aracati,CE,2008,0
FMAC,Febre Maculosa,230110,Aracati,CE,2009,0
FMAC,Febre Maculosa,230110,Aracati,CE,2010,0
FMAC,Febre Maculosa,230110,Aracati,CE,2011,0
FMAC,Febre Maculosa,230110,Aracati,CE,2012,0
FMAC,Febre Maculosa,230110,Aracati,CE,2013,0
FMAC,Febre Maculosa,230110,Aracati,CE,2014,0
FMAC,Febre Maculosa,230110,Aracati,CE,2015,0
FMAC,Febre Maculosa,230110,Aracati,CE,2016,0
FMAC,Febre Maculosa,230110,Aracati,CE,2017,0
FMAC,Febre Maculosa,230110,Aracati,CE,2018,0
FMAC,Febre Maculosa,230110,Aracati,CE,2019,0
FMAC,Febre Maculosa,230110,Aracati,CE,2020,0
FMAC,Febre Maculosa,230110,Aracati,CE,2021,0
FMAC,Febre Maculosa,230110,Aracati,CE,2022,0
FMAC,Febre Maculosa,230110,Aracati,CE,2023,1
FMAC,Febre Maculosa,230110,Aracati,CE,2024,1
FMAC,Febre Maculosa,230110,Aracati,CE,2025,0
FMAC,Febre Maculosa,230125,Ararenda,CE,2001,0
FMAC,Febre Maculosa,230125,Ararenda,CE,2006,0
FMAC,Febre Maculosa,230125,Ararenda,CE,2007,0
FMAC,Febre Maculosa,230125,Ararenda,CE,2008,0
FMAC,Febre Maculosa,230125,Ararenda,CE,2009,0
FMAC,Febre Maculosa,230125,Ararenda,CE,2010,0
FMAC,Febre Maculosa,230125,Ararenda,CE,2011,0
FMAC,Febre Maculosa,230125,Ararenda,CE,2012,0
FMAC,Febre Maculosa,230125,Ararenda,CE,2013,0
FMAC,Febre Maculosa,230125,Ararenda,CE,2014,0
FMAC,Febre Maculosa,230125,Ararenda,CE,2015,0
FMAC,Febre Maculosa,230125,Ararenda,CE,2016,0
FMAC,Febre Maculosa,230125,Ararenda,CE,2017,0
FMAC,Febre Maculosa,230125,Ararenda,CE,2018,0
FMAC,Febre Maculosa,230125,Ararenda,CE,2019,0
FMAC,Febre Maculosa,230125,Ararenda,CE,2020,0
FMAC,Febre Maculosa,230125,Ararenda,CE,2021,0
FMAC,Febre Maculosa,230125,Ararenda,CE,2022,0
FMAC,Febre Maculosa,230125,Ararenda,CE,2023,0
FMAC,Febre Maculosa,230125,Ararenda,CE,2024,1
FMAC,Febre Maculosa,230125,Ararenda,CE,2025,0
FMAC,Febre Maculosa,230140,Aratuba,CE,2001,0
FMAC,Febre Maculosa,230140,Aratuba,CE,2006,0
FMAC,Febre Maculosa,230140,Aratuba,CE,2007,0
FMAC,Febre Maculosa,230140,Aratuba,CE,2008,0
FMAC,Febre Maculosa,230140,Aratuba,CE,2009,0
FMAC,Febre Maculosa,230140,Aratuba,CE,2010,1
FMAC,Febre Maculosa,230140,Aratuba,CE,2011,0
FMAC,Febre Maculosa,230140,Aratuba,CE,2012,1
FMAC,Febre Maculosa,230140,Aratuba,CE,2013,0
FMAC,Febre Maculosa,230140,Aratuba,CE,2014,0
FMAC,Febre Maculosa,230140,Aratuba,CE,2015,0
FMAC,Febre Maculosa,230140,Aratuba,CE,2016,0
FMAC,Febre Maculosa,230140,Aratuba,CE,2017,0
FMAC,Febre Maculosa,230140,Aratuba,CE,2018,0
FMAC,Febre Maculosa,230140,Aratuba,CE,2019,0
FMAC,Febre Maculosa,230140,Aratuba,CE,2020,0
FMAC,Febre Maculosa,230140,Aratuba,CE,2021,0
FMAC,Febre Maculosa,230140,Aratuba,CE,2022,0
FMAC,Febre Maculosa,230140,Aratuba,CE,2023,0
FMAC,Febre Maculosa,230140,Aratuba,CE,2024,0
FMAC,Febre Maculosa,230140,Aratuba,CE,2025,0
FMAC,Febre Maculosa,230210,Baturite,CE,2001,0
FMAC,Febre Maculosa,230210,Baturite,CE,2006,0
FMAC,Febre Maculosa,230210,Baturite,CE,2007,0
FMAC,Febre Maculosa,230210,Baturite,CE,2008,0
FMAC,Febre Maculosa,230210,Baturite,CE,2009,0
FMAC,Febre Maculosa,230210,Baturite,CE,2010,0
FMAC,Febre Maculosa,230210,Baturite,CE,2011,0
FMAC,Febre Maculosa,230210,Baturite,CE,2012,0
FMAC,Febre Maculosa,230210,Baturite,CE,2013,0
FMAC,Febre Maculosa,230210,Baturite,CE,2014,1
FMAC,Febre Maculosa,230210,Baturite,CE,2015,0
FMAC,Febre Maculosa,230210,Baturite,CE,2016,0
FMAC,Febre Maculosa,230210,Baturite,CE,2017,0
FMAC,Febre Maculosa,230210,Baturite,CE,2018,0
FMAC,Febre Maculosa,230210,Baturite,CE,2019,0
FMAC,Febre Maculosa,230210,Baturite,CE,2020,0
FMAC,Febre Maculosa,230210,Baturite,CE,2021,0
FMAC,Febre Maculosa,230210,Baturite,CE,2022,0
FMAC,Febre Maculosa,230210,Baturite,CE,2023,0
FMAC,Febre Maculosa,230210,Baturite,CE,2024,0
FMAC,Febre Maculosa,230210,Baturite,CE,2025,0
FMAC,Febre Maculosa,230440,Fortaleza,CE,2001,0
FMAC,Febre Maculosa,230440,Fortaleza,CE,2006,0
FMAC,Febre Maculosa,230440,Fortaleza,CE,2007,0
FMAC,Febre Maculosa,230440,Fortaleza,CE,2008,0
FMAC,Febre Maculosa,230440,Fortaleza,CE,2009,0
FMAC,Febre Maculosa,230440,Fortaleza,CE,2010,0
FMAC,Febre Maculosa,230440,Fortaleza,CE,2011,0
FMAC,Febre Maculosa,230440,Fortaleza,CE,2012,0
FMAC,Febre Maculosa,230440,Fortaleza,CE,2013,1
FMAC,Febre Maculosa,230440,Fortaleza,CE,2014,0
FMAC,Febre Maculosa,230440,Fortaleza,CE,2015,1
FMAC,Febre Maculosa,230440,Fortaleza,CE,2016,0
FMAC,Febre Maculosa,230440,Fortaleza,CE,2017,0
FMAC,Febre Maculosa,230440,Fortaleza,CE,2018,0
FMAC,Febre Maculosa,230440,Fortaleza,CE,2019,0
FMAC,Febre Maculosa,230440,Fortaleza,CE,2020,0
FMAC,Febre Maculosa,230440,Fortaleza,CE,2021,0
FMAC,Febre Maculosa,230440,Fortaleza,CE,2022,0
FMAC,Febre Maculosa,230440,Fortaleza,CE,2023,0
FMAC,Febre Maculosa,230440,Fortaleza,CE,2024,0
FMAC,Febre Maculosa,230440,Fortaleza,CE,2025,2
FMAC,Febre Maculosa,230510,Guaramiranga,CE,2001,0
FMAC,Febre Maculosa,230510,Guaramiranga,CE,2006,0
FMAC,Febre Maculosa,230510,Guaramiranga,CE,2007,0
FMAC,Febre Maculosa,230510,Guaramiranga,CE,2008,0
FMAC,Febre Maculosa,230510,Guaramiranga,CE,2009,0
FMAC,Febre Maculosa,230510,Guaramiranga,CE,2010,0
FMAC,Febre Maculosa,230510,Guaramiranga,CE,2011,0
FMAC,Febre Maculosa,230510,Guaramiranga,CE,2012,0
FMAC,Febre Maculosa,230510,Guaramiranga,CE,2013,3
FMAC,Febre Maculosa,230510,Guaramiranga,CE,2014,1
FMAC,Febre Maculosa,230510,Guaramiranga,CE,2015,1
FMAC,Febre Maculosa,230510,Guaramiranga,CE,2016,0
FMAC,Febre Maculosa,230510,Guaramiranga,CE,2017,0
FMAC,Febre Maculosa,230510,Guaramiranga,CE,2018,2
FMAC,Febre Maculosa,230510,Guaramiranga,CE,2019,1
FMAC,Febre Maculosa,230510,Guaramiranga,CE,2020,1
FMAC,Febre Maculosa,230510,Guaramiranga,CE,2021,1
FMAC,Febre Maculosa,230510,Guaramiranga,CE,2022,3
FMAC,Febre Maculosa,230510,Guaramiranga,CE,2023,4
FMAC,Febre Maculosa,230510,Guaramiranga,CE,2024,1
FMAC,Febre Maculosa,230510,Guaramiranga,CE,2025,7
FMAC,Febre Maculosa,230580,Ipu,CE,2001,0
FMAC,Febre Maculosa,230580,Ipu,CE,2006,0
FMAC,Febre Maculosa,230580,Ipu,CE,2007,0
FMAC,Febre Maculosa,230580,Ipu,CE,2008,0
FMAC,Febre Maculosa,230580,Ipu,CE,2009,0
FMAC,Febre Maculosa,230580,Ipu,CE,2010,0
FMAC,Febre Maculosa,230580,Ipu,CE,2011,0
FMAC,Febre Maculosa,230580,Ipu,CE,2012,0
FMAC,Febre Maculosa,230580,Ipu,CE,2013,0
FMAC,Febre Maculosa,230580,Ipu,CE,2014,0
FMAC,Febre Maculosa,230580,Ipu,CE,2015,0
FMAC,Febre Maculosa,230580,Ipu,CE,2016,0
FMAC,Febre Maculosa,230580,Ipu,CE,2017,0
FMAC,Febre Maculosa,230580,Ipu,CE,2018,0
FMAC,Febre Maculosa,230580,Ipu,CE,2019,0
FMAC,Febre Maculosa,230580,Ipu,CE,2020,0
FMAC,Febre Maculosa,230580,Ipu,CE,2021,0
FMAC,Febre Maculosa,230580,Ipu,CE,2022,0
FMAC,Febre Maculosa,230580,Ipu,CE,2023,0
FMAC,Febre Maculosa,230580,Ipu,CE,2024,0
FMAC,Febre Maculosa,230580,Ipu,CE,2025,1
FMAC,Febre Maculosa,230770,Maranguape,CE,2001,0
FMAC,Febre Maculosa,230770,Maranguape,CE,2006,0
FMAC,Febre Maculosa,230770,Maranguape,CE,2007,0
FMAC,Febre Maculosa,230770,Maranguape,CE,2008,0
FMAC,Febre Maculosa,230770,Maranguape,CE,2009,0
FMAC,Febre Maculosa,230770,Maranguape,CE,2010,0
FMAC,Febre Maculosa,230770,Maranguape,CE,2011,0
FMAC,Febre Maculosa,230770,Maranguape,CE,2012,0
FMAC,Febre Maculosa,230770,Maranguape,CE,2013,0
FMAC,Febre Maculosa,230770,Maranguape,CE,2014,0
FMAC,Febre Maculosa,230770,Maranguape,CE,2015,0
FMAC,Febre Maculosa,230770,Maranguape,CE,2016,0
FMAC,Febre Maculosa,230770,Maranguape,CE,2017,0
FMAC,Febre Maculosa,230770,Maranguape,CE,2018,0
FMAC,Febre Maculosa,230770,Maranguape,CE,2019,0
FMAC,Febre Maculosa,230770,Maranguape,CE,2020,0
FMAC,Febre Maculosa,230770,Maranguape,CE,2021,0
FMAC,Febre Maculosa,230770,Maranguape,CE,2022,1
FMAC,Febre Maculosa,230770,Maranguape,CE,2023,0
FMAC,Febre Maculosa,230770,Maranguape,CE,2024,0
FMAC,Febre Maculosa,230770,Maranguape,CE,2025,1
FMAC,Febre Maculosa,230910,Mulungu,CE,2001,0
FMAC,Febre Maculosa,230910,Mulungu,CE,2006,0
FMAC,Febre Maculosa,230910,Mulungu,CE,2007,0
FMAC,Febre Maculosa,230910,Mulungu,CE,2008,0
FMAC,Febre Maculosa,230910,Mulungu,CE,2009,0
FMAC,Febre Maculosa,230910,Mulungu,CE,2010,0
FMAC,Febre Maculosa,230910,Mulungu,CE,2011,0
FMAC,Febre Maculosa,230910,Mulungu,CE,2012,0
FMAC,Febre Maculosa,230910,Mulungu,CE,2013,0
FMAC,Febre Maculosa,230910,Mulungu,CE,2014,0
FMAC,Febre Maculosa,230910,Mulungu,CE,2015,0
FMAC,Febre Maculosa,230910,Mulungu,CE,2016,0
FMAC,Febre Maculosa,230910,Mulungu,CE,2017,0
FMAC,Febre Maculosa,230910,Mulungu,CE,2018,0
FMAC,Febre Maculosa,230910,Mulungu,CE,2019,0
FMAC,Febre Maculosa,230910,Mulungu,CE,2020,0
FMAC,Febre Maculosa,230910,Mulungu,CE,2021,0
FMAC,Febre Maculosa,230910,Mulungu,CE,2022,0
FMAC,Febre Maculosa,230910,Mulungu,CE,2023,0
FMAC,Febre Maculosa,230910,Mulungu,CE,2024,0
FMAC,Febre Maculosa,230910,Mulungu,CE,2025,1
FMAC,Febre Maculosa,230980,Pacoti,CE,2001,0
FMAC,Febre Maculosa,230980,Pacoti,CE,2006,0
FMAC,Febre Maculosa,230980,Pacoti,CE,2007,0
FMAC,Febre Maculosa,230980,Pacoti,CE,2008,0
FMAC,Febre Maculosa,230980,Pacoti,CE,2009,0
FMAC,Febre Maculosa,230980,Pacoti,CE,2010,0
FMAC,Febre Maculosa,230980,Pacoti,CE,2011,0
FMAC,Febre Maculosa,230980,Pacoti,CE,2012,0
FMAC,Febre Maculosa,230980,Pacoti,CE,2013,1
FMAC,Febre Maculosa,230980,Pacoti,CE,2014,1
FMAC,Febre Maculosa,230980,Pacoti,CE,2015,3
FMAC,Febre Maculosa,230980,Pacoti,CE,2016,3
FMAC,Febre Maculosa,230980,Pacoti,CE,2017,3
FMAC,Febre Maculosa,230980,Pacoti,CE,2018,0
FMAC,Febre Maculosa,230980,Pacoti,CE,2019,1
FMAC,Febre Maculosa,230980,Pacoti,CE,2020,3
FMAC,Febre Maculosa,230980,Pacoti,CE,2021,5
FMAC,Febre Maculosa,230980,Pacoti,CE,2022,3
FMAC,Febre Maculosa,230980,Pacoti,CE,2023,3
FMAC,Febre Maculosa,230980,Pacoti,CE,2024,7
FMAC,Febre Maculosa,230980,Pacoti,CE,2025,4
FMAC,Febre Maculosa,231010,Palmacia,CE,2001,0
FMAC,Febre Maculosa,231010,Palmacia,CE,2006,0
FMAC,Febre Maculosa,231010,Palmacia,CE,2007,0
FMAC,Febre Maculosa,231010,Palmacia,CE,2008,0
FMAC,Febre Maculosa,231010,Palmacia,CE,2009,0
FMAC,Febre Maculosa,231010,Palmacia,CE,2010,0
FMAC,Febre Maculosa,231010,Palmacia,CE,2011,0
FMAC,Febre Maculosa,231010,Palmacia,CE,2012,0
FMAC,Febre Maculosa,231010,Palmacia,CE,2013,0
FMAC,Febre Maculosa,231010,Palmacia,CE,2014,0
FMAC,Febre Maculosa,231010,Palmacia,CE,2015,0
FMAC,Febre Maculosa,231010,Palmacia,CE,2016,0
FMAC,Febre Maculosa,231010,Palmacia,CE,2017,0
FMAC,Febre Maculosa,231010,Palmacia,CE,2018,0
FMAC,Febre Maculosa,231010,Palmacia,CE,2019,0
FMAC,Febre Maculosa,231010,Palmacia,CE,2020,0
FMAC,Febre Maculosa,231010,Palmacia,CE,2021,0
FMAC,Febre Maculosa,231010,Palmacia,CE,2022,0
FMAC,Febre Maculosa,231010,Palmacia,CE,2023,1
FMAC,Febre Maculosa,231010,Palmacia,CE,2024,0
FMAC,Febre Maculosa,231010,Palmacia,CE,2025,0
FMAC,Febre Maculosa,231100,Poranga,CE,2001,0
FMAC,Febre Maculosa,231100,Poranga,CE,2006,0
FMAC,Febre Maculosa,231100,Poranga,CE,2007,0
FMAC,Febre Maculosa,231100,Poranga,CE,2008,0
FMAC,Febre Maculosa,231100,Poranga,CE,2009,0
FMAC,Febre Maculosa,231100,Poranga,CE,2010,0
FMAC,Febre Maculosa,231100,Poranga,CE,2011,0
FMAC,Febre Maculosa,231100,Poranga,CE,2012,0
FMAC,Febre Maculosa,231100,Poranga,CE,2013,0
FMAC,Febre Maculosa,231100,Poranga,CE,2014,0
FMAC,Febre Maculosa,231100,Poranga,CE,2015,0
FMAC,Febre Maculosa,231100,Poranga,CE,2016,0
FMAC,Febre Maculosa,231100,Poranga,CE,2017,0
FMAC,Febre Maculosa,231100,Poranga,CE,2018,0
FMAC,Febre Maculosa,231100,Poranga,CE,2019,0
FMAC,Febre Maculosa,231100,Poranga,CE,2020,0
FMAC,Febre Maculosa,231100,Poranga,CE,2021,0
FMAC,Febre Maculosa,231100,Poranga,CE,2022,0
FMAC,Febre Maculosa,231100,Poranga,CE,2023,0
FMAC,Febre Maculosa,231100,Poranga,CE,2024,0
FMAC,Febre Maculosa,231100,Poranga,CE,2025,1
FMAC,Febre Maculosa,530010,Brasilia,DF,2001,0
FMAC,Febre Maculosa,530010,Brasilia,DF,2006,0
FMAC,Febre Maculosa,530010,Brasilia,DF,2007,0
FMAC,Febre Maculosa,530010,Brasilia,DF,2008,0
FMAC,Febre Maculosa,530010,Brasilia,DF,2009,0
FMAC,Febre Maculosa,530010,Brasilia,DF,2010,0
FMAC,Febre Maculosa,530010,Brasilia,DF,2011,0
FMAC,Febre Maculosa,530010,Brasilia,DF,2012,0
FMAC,Febre Maculosa,530010,Brasilia,DF,2013,1
FMAC,Febre Maculosa,530010,Brasilia,DF,2014,0
FMAC,Febre Maculosa,530010,Brasilia,DF,2015,0
FMAC,Febre Maculosa,530010,Brasilia,DF,2016,1
FMAC,Febre Maculosa,530010,Brasilia,DF,2017,0
FMAC,Febre Maculosa,530010,Brasilia,DF,2018,1
FMAC,Febre Maculosa,530010,Brasilia,DF,2019,1
FMAC,Febre Maculosa,530010,Brasilia,DF,2020,0
FMAC,Febre Maculosa,530010,Brasilia,DF,2021,0
FMAC,Febre Maculosa,530010,Brasilia,DF,2022,0
FMAC,Febre Maculosa,530010,Brasilia,DF,2023,0
FMAC,Febre Maculosa,530010,Brasilia,DF,2024,1
FMAC,Febre Maculosa,530010,Brasilia,DF,2025,0
FMAC,Febre Maculosa,320010,Afonso Claudio,ES,2001,0
FMAC,Febre Maculosa,320010,Afonso Claudio,ES,2006,0
FMAC,Febre Maculosa,320010,Afonso Claudio,ES,2007,0
FMAC,Febre Maculosa,320010,Afonso Claudio,ES,2008,0
FMAC,Febre Maculosa,320010,Afonso Claudio,ES,2009,0
FMAC,Febre Maculosa,320010,Afonso Claudio,ES,2010,0
FMAC,Febre Maculosa,320010,Afonso Claudio,ES,2011,0
FMAC,Febre Maculosa,320010,Afonso Claudio,ES,2012,0
FMAC,Febre Maculosa,320010,Afonso Claudio,ES,2013,0
FMAC,Febre Maculosa,320010,Afonso Claudio,ES,2014,0
FMAC,Febre Maculosa,320010,Afonso Claudio,ES,2015,0
FMAC,Febre Maculosa,320010,Afonso Claudio,ES,2016,0
FMAC,Febre Maculosa,320010,Afonso Claudio,ES,2017,1
FMAC,Febre Maculosa,320010,Afonso Claudio,ES,2018,0
FMAC,Febre Maculosa,320010,Afonso Claudio,ES,2019,1
FMAC,Febre Maculosa,320010,Afonso Claudio,ES,2020,2
FMAC,Febre Maculosa,320010,Afonso Claudio,ES,2021,0
FMAC,Febre Maculosa,320010,Afonso Claudio,ES,2022,3
FMAC,Febre Maculosa,320010,Afonso Claudio,ES,2023,3
FMAC,Febre Maculosa,320010,Afonso Claudio,ES,2024,8
FMAC,Febre Maculosa,320010,Afonso Claudio,ES,2025,1
FMAC,Febre Maculosa,320030,Alfredo Chaves,ES,2001,0
FMAC,Febre Maculosa,320030,Alfredo Chaves,ES,2006,0
FMAC,Febre Maculosa,320030,Alfredo Chaves,ES,2007,0
FMAC,Febre Maculosa,320030,Alfredo Chaves,ES,2008,0
FMAC,Febre Maculosa,320030,Alfredo Chaves,ES,2009,0
FMAC,Febre Maculosa,320030,Alfredo Chaves,ES,2010,0
FMAC,Febre Maculosa,320030,Alfredo Chaves,ES,2011,0
FMAC,Febre Maculosa,320030,Alfredo Chaves,ES,2012,0
FMAC,Febre Maculosa,320030,Alfredo Chaves,ES,2013,0
FMAC,Febre Maculosa,320030,Alfredo Chaves,ES,2014,0
FMAC,Febre Maculosa,320030,Alfredo Chaves,ES,2015,0
FMAC,Febre Maculosa,320030,Alfredo Chaves,ES,2016,0
FMAC,Febre Maculosa,320030,Alfredo Chaves,ES,2017,0
FMAC,Febre Maculosa,320030,Alfredo Chaves,ES,2018,0
FMAC,Febre Maculosa,320030,Alfredo Chaves,ES,2019,0
FMAC,Febre Maculosa,320030,Alfredo Chaves,ES,2020,0
FMAC,Febre Maculosa,320030,Alfredo Chaves,ES,2021,0
FMAC,Febre Maculosa,320030,Alfredo Chaves,ES,2022,0
FMAC,Febre Maculosa,320030,Alfredo Chaves,ES,2023,0
FMAC,Febre Maculosa,320030,Alfredo Chaves,ES,2024,1
FMAC,Febre Maculosa,320030,Alfredo Chaves,ES,2025,3
FMAC,Febre Maculosa,320060,Aracruz,ES,2001,0
FMAC,Febre Maculosa,320060,Aracruz,ES,2006,0
FMAC,Febre Maculosa,320060,Aracruz,ES,2007,0
FMAC,Febre Maculosa,320060,Aracruz,ES,2008,0
FMAC,Febre Maculosa,320060,Aracruz,ES,2009,0
FMAC,Febre Maculosa,320060,Aracruz,ES,2010,0
FMAC,Febre Maculosa,320060,Aracruz,ES,2011,0
FMAC,Febre Maculosa,320060,Aracruz,ES,2012,0
FMAC,Febre Maculosa,320060,Aracruz,ES,2013,0
FMAC,Febre Maculosa,320060,Aracruz,ES,2014,0
FMAC,Febre Maculosa,320060,Aracruz,ES,2015,0
FMAC,Febre Maculosa,320060,Aracruz,ES,2016,1
FMAC,Febre Maculosa,320060,Aracruz,ES,2017,0
FMAC,Febre Maculosa,320060,Aracruz,ES,2018,0
FMAC,Febre Maculosa,320060,Aracruz,ES,2019,0
FMAC,Febre Maculosa,320060,Aracruz,ES,2020,0
FMAC,Febre Maculosa,320060,Aracruz,ES,2021,0
FMAC,Febre Maculosa,320060,Aracruz,ES,2022,1
FMAC,Febre Maculosa,320060,Aracruz,ES,2023,0
FMAC,Febre Maculosa,320060,Aracruz,ES,2024,0
FMAC,Febre Maculosa,320060,Aracruz,ES,2025,0
FMAC,Febre Maculosa,320070,Atilio Vivacqua,ES,2001,0
FMAC,Febre Maculosa,320070,Atilio Vivacqua,ES,2006,0
FMAC,Febre Maculosa,320070,Atilio Vivacqua,ES,2007,0
FMAC,Febre Maculosa,320070,Atilio Vivacqua,ES,2008,0
FMAC,Febre Maculosa,320070,Atilio Vivacqua,ES,2009,0
FMAC,Febre Maculosa,320070,Atilio Vivacqua,ES,2010,0
FMAC,Febre Maculosa,320070,Atilio Vivacqua,ES,2011,0
FMAC,Febre Maculosa,320070,Atilio Vivacqua,ES,2012,0
FMAC,Febre Maculosa,320070,Atilio Vivacqua,ES,2013,0
FMAC,Febre Maculosa,320070,Atilio Vivacqua,ES,2014,0
FMAC,Febre Maculosa,320070,Atilio Vivacqua,ES,2015,0
FMAC,Febre Maculosa,320070,Atilio Vivacqua,ES,2016,0
FMAC,Febre Maculosa,320070,Atilio Vivacqua,ES,2017,0
FMAC,Febre Maculosa,320070,Atilio Vivacqua,ES,2018,0
FMAC,Febre Maculosa,320070,Atilio Vivacqua,ES,2019,0
FMAC,Febre Maculosa,320070,Atilio Vivacqua,ES,2020,0
FMAC,Febre Maculosa,320070,Atilio Vivacqua,ES,2021,0
FMAC,Febre Maculosa,320070,Atilio Vivacqua,ES,2022,1
FMAC,Febre Maculosa,320070,Atilio Vivacqua,ES,2023,0
FMAC,Febre Maculosa,320070,Atilio Vivacqua,ES,2024,0
FMAC,Febre Maculosa,320070,Atilio Vivacqua,ES,2025,0
FMAC,Febre Maculosa,320080,Baixo Guandu,ES,2001,0
FMAC,Febre Maculosa,320080,Baixo Guandu,ES,2006,0
FMAC,Febre Maculosa,320080,Baixo Guandu,ES,2007,0
FMAC,Febre Maculosa,320080,Baixo Guandu,ES,2008,0
FMAC,Febre Maculosa,320080,Baixo Guandu,ES,2009,0
FMAC,Febre Maculosa,320080,Baixo Guandu,ES,2010,1
FMAC,Febre Maculosa,320080,Baixo Guandu,ES,2011,0
FMAC,Febre Maculosa,320080,Baixo Guandu,ES,2012,0
FMAC,Febre Maculosa,320080,Baixo Guandu,ES,2013,0
FMAC,Febre Maculosa,320080,Baixo Guandu,ES,2014,0
FMAC,Febre Maculosa,320080,Baixo Guandu,ES,2015,0
FMAC,Febre Maculosa,320080,Baixo Guandu,ES,2016,0
FMAC,Febre Maculosa,320080,Baixo Guandu,ES,2017,0
FMAC,Febre Maculosa,320080,Baixo Guandu,ES,2018,0
FMAC,Febre Maculosa,320080,Baixo Guandu,ES,2019,0
FMAC,Febre Maculosa,320080,Baixo Guandu,ES,2020,0
FMAC,Febre Maculosa,320080,Baixo Guandu,ES,2021,0
FMAC,Febre Maculosa,320080,Baixo Guandu,ES,2022,0
FMAC,Febre Maculosa,320080,Baixo Guandu,ES,2023,0
FMAC,Febre Maculosa,320080,Baixo Guandu,ES,2024,0
FMAC,Febre Maculosa,320080,Baixo Guandu,ES,2025,0
FMAC,Febre Maculosa,320090,Barra de Sao Francisco,ES,2001,0
FMAC,Febre Maculosa,320090,Barra de Sao Francisco,ES,2006,0
FMAC,Febre Maculosa,320090,Barra de Sao Francisco,ES,2007,0
FMAC,Febre Maculosa,320090,Barra de Sao Francisco,ES,2008,0
FMAC,Febre Maculosa,320090,Barra de Sao Francisco,ES,2009,0
FMAC,Febre Maculosa,320090,Barra de Sao Francisco,ES,2010,0
FMAC,Febre Maculosa,320090,Barra de Sao Francisco,ES,2011,0
FMAC,Febre Maculosa,320090,Barra de Sao Francisco,ES,2012,0
FMAC,Febre Maculosa,320090,Barra de Sao Francisco,ES,2013,0
FMAC,Febre Maculosa,320090,Barra de Sao Francisco,ES,2014,0
FMAC,Febre Maculosa,320090,Barra de Sao Francisco,ES,2015,0
FMAC,Febre Maculosa,320090,Barra de Sao Francisco,ES,2016,0
FMAC,Febre Maculosa,320090,Barra de Sao Francisco,ES,2017,0
FMAC,Febre Maculosa,320090,Barra de Sao Francisco,ES,2018,0
FMAC,Febre Maculosa,320090,Barra de Sao Francisco,ES,2019,0
FMAC,Febre Maculosa,320090,Barra de Sao Francisco,ES,2020,0
FMAC,Febre Maculosa,320090,Barra de Sao Francisco,ES,2021,2
FMAC,Febre Maculosa,320090,Barra de Sao Francisco,ES,2022,1
FMAC,Febre Maculosa,320090,Barra de Sao Francisco,ES,2023,4
FMAC,Febre Maculosa,320090,Barra de Sao Francisco,ES,2024,0
FMAC,Febre Maculosa,320090,Barra de Sao Francisco,ES,2025,0
FMAC,Febre Maculosa,320120,Cachoeiro de Itapemirim,ES,2001,0
FMAC,Febre Maculosa,320120,Cachoeiro de Itapemirim,ES,2006,0
FMAC,Febre Maculosa,320120,Cachoeiro de Itapemirim,ES,2007,0
FMAC,Febre Maculosa,320120,Cachoeiro de Itapemirim,ES,2008,0
FMAC,Febre Maculosa,320120,Cachoeiro de Itapemirim,ES,2009,0
FMAC,Febre Maculosa,320120,Cachoeiro de Itapemirim,ES,2010,0
FMAC,Febre Maculosa,320120,Cachoeiro de Itapemirim,ES,2011,0
FMAC,Febre Maculosa,320120,Cachoeiro de Itapemirim,ES,2012,0
FMAC,Febre Maculosa,320120,Cachoeiro de Itapemirim,ES,2013,0
FMAC,Febre Maculosa,320120,Cachoeiro de Itapemirim,ES,2014,0
FMAC,Febre Maculosa,320120,Cachoeiro de Itapemirim,ES,2015,1
FMAC,Febre Maculosa,320120,Cachoeiro de Itapemirim,ES,2016,0
FMAC,Febre Maculosa,320120,Cachoeiro de Itapemirim,ES,2017,0
FMAC,Febre Maculosa,320120,Cachoeiro de Itapemirim,ES,2018,0
FMAC,Febre Maculosa,320120,Cachoeiro de Itapemirim,ES,2019,0
FMAC,Febre Maculosa,320120,Cachoeiro de Itapemirim,ES,2020,0
FMAC,Febre Maculosa,320120,Cachoeiro de Itapemirim,ES,2021,0
FMAC,Febre Maculosa,320120,Cachoeiro de Itapemirim,ES,2022,3
FMAC,Febre Maculosa,320120,Cachoeiro de Itapemirim,ES,2023,0
FMAC,Febre Maculosa,320120,Cachoeiro de Itapemirim,ES,2024,0
FMAC,Febre Maculosa,320120,Cachoeiro de Itapemirim,ES,2025,1
FMAC,Febre Maculosa,320140,Castelo,ES,2001,0
FMAC,Febre Maculosa,320140,Castelo,ES,2006,0
FMAC,Febre Maculosa,320140,Castelo,ES,2007,0
FMAC,Febre Maculosa,320140,Castelo,ES,2008,0
FMAC,Febre Maculosa,320140,Castelo,ES,2009,0
FMAC,Febre Maculosa,320140,Castelo,ES,2010,0
FMAC,Febre Maculosa,320140,Castelo,ES,2011,1
FMAC,Febre Maculosa,320140,Castelo,ES,2012,0
FMAC,Febre Maculosa,320140,Castelo,ES,2013,0
FMAC,Febre Maculosa,320140,Castelo,ES,2014,0
FMAC,Febre Maculosa,320140,Castelo,ES,2015,0
FMAC,Febre Maculosa,320140,Castelo,ES,2016,0
FMAC,Febre Maculosa,320140,Castelo,ES,2017,0
FMAC,Febre Maculosa,320140,Castelo,ES,2018,0
FMAC,Febre Maculosa,320140,Castelo,ES,2019,0
FMAC,Febre Maculosa,320140,Castelo,ES,2020,0
FMAC,Febre Maculosa,320140,Castelo,ES,2021,0
FMAC,Febre Maculosa,320140,Castelo,ES,2022,1
FMAC,Febre Maculosa,320140,Castelo,ES,2023,0
FMAC,Febre Maculosa,320140,Castelo,ES,2024,0
FMAC,Febre Maculosa,320140,Castelo,ES,2025,0
FMAC,Febre Maculosa,320150,Colatina,ES,2001,0
FMAC,Febre Maculosa,320150,Colatina,ES,2006,0
FMAC,Febre Maculosa,320150,Colatina,ES,2007,1
FMAC,Febre Maculosa,320150,Colatina,ES,2008,0
FMAC,Febre Maculosa,320150,Colatina,ES,2009,0
FMAC,Febre Maculosa,320150,Colatina,ES,2010,2
FMAC,Febre Maculosa,320150,Colatina,ES,2011,1
FMAC,Febre Maculosa,320150,Colatina,ES,2012,2
FMAC,Febre Maculosa,320150,Colatina,ES,2013,2
FMAC,Febre Maculosa,320150,Colatina,ES,2014,1
FMAC,Febre Maculosa,320150,Colatina,ES,2015,3
FMAC,Febre Maculosa,320150,Colatina,ES,2016,2
FMAC,Febre Maculosa,320150,Colatina,ES,2017,1
FMAC,Febre Maculosa,320150,Colatina,ES,2018,0
FMAC,Febre Maculosa,320150,Colatina,ES,2019,0
FMAC,Febre Maculosa,320150,Colatina,ES,2020,0
FMAC,Febre Maculosa,320150,Colatina,ES,2021,1
FMAC,Febre Maculosa,320150,Colatina,ES,2022,4
FMAC,Febre Maculosa,320150,Colatina,ES,2023,10
FMAC,Febre Maculosa,320150,Colatina,ES,2024,8
FMAC,Febre Maculosa,320150,Colatina,ES,2025,7
FMAC,Febre Maculosa,320170,Conceicao do Castelo,ES,2001,0
FMAC,Febre Maculosa,320170,Conceicao do Castelo,ES,2006,0
FMAC,Febre Maculosa,320170,Conceicao do Castelo,ES,2007,0
FMAC,Febre Maculosa,320170,Conceicao do Castelo,ES,2008,0
FMAC,Febre Maculosa,320170,Conceicao do Castelo,ES,2009,0
FMAC,Febre Maculosa,320170,Conceicao do Castelo,ES,2010,0
FMAC,Febre Maculosa,320170,Conceicao do Castelo,ES,2011,0
FMAC,Febre Maculosa,320170,Conceicao do Castelo,ES,2012,0
FMAC,Febre Maculosa,320170,Conceicao do Castelo,ES,2013,0
FMAC,Febre Maculosa,320170,Conceicao do Castelo,ES,2014,0
FMAC,Febre Maculosa,320170,Conceicao do Castelo,ES,2015,0
FMAC,Febre Maculosa,320170,Conceicao do Castelo,ES,2016,1
FMAC,Febre Maculosa,320170,Conceicao do Castelo,ES,2017,0
FMAC,Febre Maculosa,320170,Conceicao do Castelo,ES,2018,0
FMAC,Febre Maculosa,320170,Conceicao do Castelo,ES,2019,0
FMAC,Febre Maculosa,320170,Conceicao do Castelo,ES,2020,0
FMAC,Febre Maculosa,320170,Conceicao do Castelo,ES,2021,0
FMAC,Febre Maculosa,320170,Conceicao do Castelo,ES,2022,0
FMAC,Febre Maculosa,320170,Conceicao do Castelo,ES,2023,1
FMAC,Febre Maculosa,320170,Conceicao do Castelo,ES,2024,0
FMAC,Febre Maculosa,320170,Conceicao do Castelo,ES,2025,0
FMAC,Febre Maculosa,320190,Domingos Martins,ES,2001,0
FMAC,Febre Maculosa,320190,Domingos Martins,ES,2006,0
FMAC,Febre Maculosa,320190,Domingos Martins,ES,2007,0
FMAC,Febre Maculosa,320190,Domingos Martins,ES,2008,0
FMAC,Febre Maculosa,320190,Domingos Martins,ES,2009,0
FMAC,Febre Maculosa,320190,Domingos Martins,ES,2010,0
FMAC,Febre Maculosa,320190,Domingos Martins,ES,2011,0
FMAC,Febre Maculosa,320190,Domingos Martins,ES,2012,0
FMAC,Febre Maculosa,320190,Domingos Martins,ES,2013,0
FMAC,Febre Maculosa,320190,Domingos Martins,ES,2014,0
FMAC,Febre Maculosa,320190,Domingos Martins,ES,2015,0
FMAC,Febre Maculosa,320190,Domingos Martins,ES,2016,0
FMAC,Febre Maculosa,320190,Domingos Martins,ES,2017,0
FMAC,Febre Maculosa,320190,Domingos Martins,ES,2018,0
FMAC,Febre Maculosa,320190,Domingos Martins,ES,2019,0
FMAC,Febre Maculosa,320190,Domingos Martins,ES,2020,0
FMAC,Febre Maculosa,320190,Domingos Martins,ES,2021,0
FMAC,Febre Maculosa,320190,Domingos Martins,ES,2022,0
FMAC,Febre Maculosa,320190,Domingos Martins,ES,2023,1
FMAC,Febre Maculosa,320190,Domingos Martins,ES,2024,2
FMAC,Febre Maculosa,320190,Domingos Martins,ES,2025,0
FMAC,Febre Maculosa,320230,Guacui,ES,2001,0
FMAC,Febre Maculosa,320230,Guacui,ES,2006,0
FMAC,Febre Maculosa,320230,Guacui,ES,2007,0
FMAC,Febre Maculosa,320230,Guacui,ES,2008,0
FMAC,Febre Maculosa,320230,Guacui,ES,2009,0
FMAC,Febre Maculosa,320230,Guacui,ES,2010,0
FMAC,Febre Maculosa,320230,Guacui,ES,2011,0
FMAC,Febre Maculosa,320230,Guacui,ES,2012,0
FMAC,Febre Maculosa,320230,Guacui,ES,2013,0
FMAC,Febre Maculosa,320230,Guacui,ES,2014,2
FMAC,Febre Maculosa,320230,Guacui,ES,2015,0
FMAC,Febre Maculosa,320230,Guacui,ES,2016,0
FMAC,Febre Maculosa,320230,Guacui,ES,2017,0
FMAC,Febre Maculosa,320230,Guacui,ES,2018,0
FMAC,Febre Maculosa,320230,Guacui,ES,2019,0
FMAC,Febre Maculosa,320230,Guacui,ES,2020,0
FMAC,Febre Maculosa,320230,Guacui,ES,2021,0
FMAC,Febre Maculosa,320230,Guacui,ES,2022,0
FMAC,Febre Maculosa,320230,Guacui,ES,2023,0
FMAC,Febre Maculosa,320230,Guacui,ES,2024,0
FMAC,Febre Maculosa,320230,Guacui,ES,2025,0
FMAC,Febre Maculosa,320245,Ibatiba,ES,2001,0
FMAC,Febre Maculosa,320245,Ibatiba,ES,2006,0
FMAC,Febre Maculosa,320245,Ibatiba,ES,2007,0
FMAC,Febre Maculosa,320245,Ibatiba,ES,2008,0
FMAC,Febre Maculosa,320245,Ibatiba,ES,2009,0
FMAC,Febre Maculosa,320245,Ibatiba,ES,2010,0
FMAC,Febre Maculosa,320245,Ibatiba,ES,2011,0
FMAC,Febre Maculosa,320245,Ibatiba,ES,2012,0
FMAC,Febre Maculosa,320245,Ibatiba,ES,2013,0
FMAC,Febre Maculosa,320245,Ibatiba,ES,2014,0
FMAC,Febre Maculosa,320245,Ibatiba,ES,2015,0
FMAC,Febre Maculosa,320245,Ibatiba,ES,2016,0
FMAC,Febre Maculosa,320245,Ibatiba,ES,2017,0
FMAC,Febre Maculosa,320245,Ibatiba,ES,2018,0
FMAC,Febre Maculosa,320245,Ibatiba,ES,2019,0
FMAC,Febre Maculosa,320245,Ibatiba,ES,2020,0
FMAC,Febre Maculosa,320245,Ibatiba,ES,2021,0
FMAC,Febre Maculosa,320245,Ibatiba,ES,2022,0
FMAC,Febre Maculosa,320245,Ibatiba,ES,2023,0
FMAC,Febre Maculosa,320245,Ibatiba,ES,2024,1
FMAC,Febre Maculosa,320245,Ibatiba,ES,2025,0
FMAC,Febre Maculosa,320270,Itaguacu,ES,2001,0
FMAC,Febre Maculosa,320270,Itaguacu,ES,2006,0
FMAC,Febre Maculosa,320270,Itaguacu,ES,2007,0
FMAC,Febre Maculosa,320270,Itaguacu,ES,2008,0
FMAC,Febre Maculosa,320270,Itaguacu,ES,2009,0
FMAC,Febre Maculosa,320270,Itaguacu,ES,2010,0
FMAC,Febre Maculosa,320270,Itaguacu,ES,2011,0
FMAC,Febre Maculosa,320270,Itaguacu,ES,2012,0
FMAC,Febre Maculosa,320270,Itaguacu,ES,2013,0
FMAC,Febre Maculosa,320270,Itaguacu,ES,2014,0
FMAC,Febre Maculosa,320270,Itaguacu,ES,2015,0
FMAC,Febre Maculosa,320270,Itaguacu,ES,2016,0
FMAC,Febre Maculosa,320270,Itaguacu,ES,2017,0
FMAC,Febre Maculosa,320270,Itaguacu,ES,2018,0
FMAC,Febre Maculosa,320270,Itaguacu,ES,2019,0
FMAC,Febre Maculosa,320270,Itaguacu,ES,2020,0
FMAC,Febre Maculosa,320270,Itaguacu,ES,2021,0
FMAC,Febre Maculosa,320270,Itaguacu,ES,2022,0
FMAC,Febre Maculosa,320270,Itaguacu,ES,2023,0
FMAC,Febre Maculosa,320270,Itaguacu,ES,2024,7
FMAC,Febre Maculosa,320270,Itaguacu,ES,2025,0
FMAC,Febre Maculosa,320280,Itapemirim,ES,2001,0
FMAC,Febre Maculosa,320280,Itapemirim,ES,2006,0
FMAC,Febre Maculosa,320280,Itapemirim,ES,2007,0
FMAC,Febre Maculosa,320280,Itapemirim,ES,2008,0
FMAC,Febre Maculosa,320280,Itapemirim,ES,2009,0
FMAC,Febre Maculosa,320280,Itapemirim,ES,2010,0
FMAC,Febre Maculosa,320280,Itapemirim,ES,2011,0
FMAC,Febre Maculosa,320280,Itapemirim,ES,2012,0
FMAC,Febre Maculosa,320280,Itapemirim,ES,2013,0
FMAC,Febre Maculosa,320280,Itapemirim,ES,2014,0
FMAC,Febre Maculosa,320280,Itapemirim,ES,2015,0
FMAC,Febre Maculosa,320280,Itapemirim,ES,2016,0
FMAC,Febre Maculosa,320280,Itapemirim,ES,2017,0
FMAC,Febre Maculosa,320280,Itapemirim,ES,2018,0
FMAC,Febre Maculosa,320280,Itapemirim,ES,2019,0
FMAC,Febre Maculosa,320280,Itapemirim,ES,2020,0
FMAC,Febre Maculosa,320280,Itapemirim,ES,2021,0
FMAC,Febre Maculosa,320280,Itapemirim,ES,2022,3
FMAC,Febre Maculosa,320280,Itapemirim,ES,2023,0
FMAC,Febre Maculosa,320280,Itapemirim,ES,2024,4
FMAC,Febre Maculosa,320280,Itapemirim,ES,2025,1
FMAC,Febre Maculosa,320290,Itarana,ES,2001,0
FMAC,Febre Maculosa,320290,Itarana,ES,2006,0
FMAC,Febre Maculosa,320290,Itarana,ES,2007,0
FMAC,Febre Maculosa,320290,Itarana,ES,2008,0
FMAC,Febre Maculosa,320290,Itarana,ES,2009,0
FMAC,Febre Maculosa,320290,Itarana,ES,2010,1
FMAC,Febre Maculosa,320290,Itarana,ES,2011,0
FMAC,Febre Maculosa,320290,Itarana,ES,2012,0
FMAC,Febre Maculosa,320290,Itarana,ES,2013,0
FMAC,Febre Maculosa,320290,Itarana,ES,2014,0
FMAC,Febre Maculosa,320290,Itarana,ES,2015,0
FMAC,Febre Maculosa,320290,Itarana,ES,2016,0
FMAC,Febre Maculosa,320290,Itarana,ES,2017,0
FMAC,Febre Maculosa,320290,Itarana,ES,2018,0
FMAC,Febre Maculosa,320290,Itarana,ES,2019,0
FMAC,Febre Maculosa,320290,Itarana,ES,2020,0
FMAC,Febre Maculosa,320290,Itarana,ES,2021,0
FMAC,Febre Maculosa,320290,Itarana,ES,2022,0
FMAC,Febre Maculosa,320290,Itarana,ES,2023,0
FMAC,Febre Maculosa,320290,Itarana,ES,2024,0
FMAC,Febre Maculosa,320290,Itarana,ES,2025,0
FMAC,Febre Maculosa,320305,Jaguare,ES,2001,0
FMAC,Febre Maculosa,320305,Jaguare,ES,2006,0
FMAC,Febre Maculosa,320305,Jaguare,ES,2007,0
FMAC,Febre Maculosa,320305,Jaguare,ES,2008,0
FMAC,Febre Maculosa,320305,Jaguare,ES,2009,0
FMAC,Febre Maculosa,320305,Jaguare,ES,2010,0
FMAC,Febre Maculosa,320305,Jaguare,ES,2011,0
FMAC,Febre Maculosa,320305,Jaguare,ES,2012,1
FMAC,Febre Maculosa,320305,Jaguare,ES,2013,1
FMAC,Febre Maculosa,320305,Jaguare,ES,2014,0
FMAC,Febre Maculosa,320305,Jaguare,ES,2015,0
FMAC,Febre Maculosa,320305,Jaguare,ES,2016,0
FMAC,Febre Maculosa,320305,Jaguare,ES,2017,0
FMAC,Febre Maculosa,320305,Jaguare,ES,2018,0
FMAC,Febre Maculosa,320305,Jaguare,ES,2019,0
FMAC,Febre Maculosa,320305,Jaguare,ES,2020,0
FMAC,Febre Maculosa,320305,Jaguare,ES,2021,0
FMAC,Febre Maculosa,320305,Jaguare,ES,2022,0
FMAC,Febre Maculosa,320305,Jaguare,ES,2023,1
FMAC,Febre Maculosa,320305,Jaguare,ES,2024,4
FMAC,Febre Maculosa,320305,Jaguare,ES,2025,0
FMAC,Febre Maculosa,320316,Laranja da Terra,ES,2001,0
FMAC,Febre Maculosa,320316,Laranja da Terra,ES,2006,0
FMAC,Febre Maculosa,320316,Laranja da Terra,ES,2007,0
FMAC,Febre Maculosa,320316,Laranja da Terra,ES,2008,1
FMAC,Febre Maculosa,320316,Laranja da Terra,ES,2009,0
FMAC,Febre Maculosa,320316,Laranja da Terra,ES,2010,0
FMAC,Febre Maculosa,320316,Laranja da Terra,ES,2011,0
FMAC,Febre Maculosa,320316,Laranja da Terra,ES,2012,0
FMAC,Febre Maculosa,320316,Laranja da Terra,ES,2013,0
FMAC,Febre Maculosa,320316,Laranja da Terra,ES,2014,0
FMAC,Febre Maculosa,320316,Laranja da Terra,ES,2015,0
FMAC,Febre Maculosa,320316,Laranja da Terra,ES,2016,0
FMAC,Febre Maculosa,320316,Laranja da Terra,ES,2017,0
FMAC,Febre Maculosa,320316,Laranja da Terra,ES,2018,0
FMAC,Febre Maculosa,320316,Laranja da Terra,ES,2019,0
FMAC,Febre Maculosa,320316,Laranja da Terra,ES,2020,0
FMAC,Febre Maculosa,320316,Laranja da Terra,ES,2021,0
FMAC,Febre Maculosa,320316,Laranja da Terra,ES,2022,0
FMAC,Febre Maculosa,320316,Laranja da Terra,ES,2023,1
FMAC,Febre Maculosa,320316,Laranja da Terra,ES,2024,3
FMAC,Febre Maculosa,320316,Laranja da Terra,ES,2025,0
FMAC,Febre Maculosa,320320,Linhares,ES,2001,0
FMAC,Febre Maculosa,320320,Linhares,ES,2006,0
FMAC,Febre Maculosa,320320,Linhares,ES,2007,0
FMAC,Febre Maculosa,320320,Linhares,ES,2008,0
FMAC,Febre Maculosa,320320,Linhares,ES,2009,0
FMAC,Febre Maculosa,320320,Linhares,ES,2010,0
FMAC,Febre Maculosa,320320,Linhares,ES,2011,0
FMAC,Febre Maculosa,320320,Linhares,ES,2012,0
FMAC,Febre Maculosa,320320,Linhares,ES,2013,0
FMAC,Febre Maculosa,320320,Linhares,ES,2014,0
FMAC,Febre Maculosa,320320,Linhares,ES,2015,0
FMAC,Febre Maculosa,320320,Linhares,ES,2016,2
FMAC,Febre Maculosa,320320,Linhares,ES,2017,0
FMAC,Febre Maculosa,320320,Linhares,ES,2018,0
FMAC,Febre Maculosa,320320,Linhares,ES,2019,0
FMAC,Febre Maculosa,320320,Linhares,ES,2020,0
FMAC,Febre Maculosa,320320,Linhares,ES,2021,0
FMAC,Febre Maculosa,320320,Linhares,ES,2022,0
FMAC,Febre Maculosa,320320,Linhares,ES,2023,2
FMAC,Febre Maculosa,320320,Linhares,ES,2024,0
FMAC,Febre Maculosa,320320,Linhares,ES,2025,1
FMAC,Febre Maculosa,320330,Mantenopolis,ES,2001,0
FMAC,Febre Maculosa,320330,Mantenopolis,ES,2006,0
FMAC,Febre Maculosa,320330,Mantenopolis,ES,2007,0
FMAC,Febre Maculosa,320330,Mantenopolis,ES,2008,1
FMAC,Febre Maculosa,320330,Mantenopolis,ES,2009,0
FMAC,Febre Maculosa,320330,Mantenopolis,ES,2010,0
FMAC,Febre Maculosa,320330,Mantenopolis,ES,2011,0
FMAC,Febre Maculosa,320330,Mantenopolis,ES,2012,0
FMAC,Febre Maculosa,320330,Mantenopolis,ES,2013,0
FMAC,Febre Maculosa,320330,Mantenopolis,ES,2014,0
FMAC,Febre Maculosa,320330,Mantenopolis,ES,2015,0
FMAC,Febre Maculosa,320330,Mantenopolis,ES,2016,0
FMAC,Febre Maculosa,320330,Mantenopolis,ES,2017,0
FMAC,Febre Maculosa,320330,Mantenopolis,ES,2018,0
FMAC,Febre Maculosa,320330,Mantenopolis,ES,2019,0
FMAC,Febre Maculosa,320330,Mantenopolis,ES,2020,0
FMAC,Febre Maculosa,320330,Mantenopolis,ES,2021,0
FMAC,Febre Maculosa,320330,Mantenopolis,ES,2022,0
FMAC,Febre Maculosa,320330,Mantenopolis,ES,2023,0
FMAC,Febre Maculosa,320330,Mantenopolis,ES,2024,0
FMAC,Febre Maculosa,320330,Mantenopolis,ES,2025,0
FMAC,Febre Maculosa,320332,Marataizes,ES,2001,0
FMAC,Febre Maculosa,320332,Marataizes,ES,2006,0
FMAC,Febre Maculosa,320332,Marataizes,ES,2007,0
FMAC,Febre Maculosa,320332,Marataizes,ES,2008,0
FMAC,Febre Maculosa,320332,Marataizes,ES,2009,0
FMAC,Febre Maculosa,320332,Marataizes,ES,2010,0
FMAC,Febre Maculosa,320332,Marataizes,ES,2011,0
FMAC,Febre Maculosa,320332,Marataizes,ES,2012,0
FMAC,Febre Maculosa,320332,Marataizes,ES,2013,0
FMAC,Febre Maculosa,320332,Marataizes,ES,2014,0
FMAC,Febre Maculosa,320332,Marataizes,ES,2015,0
FMAC,Febre Maculosa,320332,Marataizes,ES,2016,0
FMAC,Febre Maculosa,320332,Marataizes,ES,2017,0
FMAC,Febre Maculosa,320332,Marataizes,ES,2018,0
FMAC,Febre Maculosa,320332,Marataizes,ES,2019,0
FMAC,Febre Maculosa,320332,Marataizes,ES,2020,0
FMAC,Febre Maculosa,320332,Marataizes,ES,2021,0
FMAC,Febre Maculosa,320332,Marataizes,ES,2022,0
FMAC,Febre Maculosa,320332,Marataizes,ES,2023,2
FMAC,Febre Maculosa,320332,Marataizes,ES,2024,1
FMAC,Febre Maculosa,320332,Marataizes,ES,2025,0
FMAC,Febre Maculosa,320340,Mimoso do Sul,ES,2001,0
FMAC,Febre Maculosa,320340,Mimoso do Sul,ES,2006,0
FMAC,Febre Maculosa,320340,Mimoso do Sul,ES,2007,0
FMAC,Febre Maculosa,320340,Mimoso do Sul,ES,2008,0
FMAC,Febre Maculosa,320340,Mimoso do Sul,ES,2009,0
FMAC,Febre Maculosa,320340,Mimoso do Sul,ES,2010,0
FMAC,Febre Maculosa,320340,Mimoso do Sul,ES,2011,0
FMAC,Febre Maculosa,320340,Mimoso do Sul,ES,2012,0
FMAC,Febre Maculosa,320340,Mimoso do Sul,ES,2013,0
FMAC,Febre Maculosa,320340,Mimoso do Sul,ES,2014,0
FMAC,Febre Maculosa,320340,Mimoso do Sul,ES,2015,0
FMAC,Febre Maculosa,320340,Mimoso do Sul,ES,2016,0
FMAC,Febre Maculosa,320340,Mimoso do Sul,ES,2017,0
FMAC,Febre Maculosa,320340,Mimoso do Sul,ES,2018,0
FMAC,Febre Maculosa,320340,Mimoso do Sul,ES,2019,0
FMAC,Febre Maculosa,320340,Mimoso do Sul,ES,2020,0
FMAC,Febre Maculosa,320340,Mimoso do Sul,ES,2021,0
FMAC,Febre Maculosa,320340,Mimoso do Sul,ES,2022,1
FMAC,Febre Maculosa,320340,Mimoso do Sul,ES,2023,2
FMAC,Febre Maculosa,320340,Mimoso do Sul,ES,2024,0
FMAC,Febre Maculosa,320340,Mimoso do Sul,ES,2025,0
FMAC,Febre Maculosa,320390,Nova Venecia,ES,2001,0
FMAC,Febre Maculosa,320390,Nova Venecia,ES,2006,0
FMAC,Febre Maculosa,320390,Nova Venecia,ES,2007,0
FMAC,Febre Maculosa,320390,Nova Venecia,ES,2008,0
FMAC,Febre Maculosa,320390,Nova Venecia,ES,2009,0
FMAC,Febre Maculosa,320390,Nova Venecia,ES,2010,0
FMAC,Febre Maculosa,320390,Nova Venecia,ES,2011,0
FMAC,Febre Maculosa,320390,Nova Venecia,ES,2012,0
FMAC,Febre Maculosa,320390,Nova Venecia,ES,2013,0
FMAC,Febre Maculosa,320390,Nova Venecia,ES,2014,0
FMAC,Febre Maculosa,320390,Nova Venecia,ES,2015,0
FMAC,Febre Maculosa,320390,Nova Venecia,ES,2016,0
FMAC,Febre Maculosa,320390,Nova Venecia,ES,2017,0
FMAC,Febre Maculosa,320390,Nova Venecia,ES,2018,0
FMAC,Febre Maculosa,320390,Nova Venecia,ES,2019,0
FMAC,Febre Maculosa,320390,Nova Venecia,ES,2020,0
FMAC,Febre Maculosa,320390,Nova Venecia,ES,2021,2
FMAC,Febre Maculosa,320390,Nova Venecia,ES,2022,1
FMAC,Febre Maculosa,320390,Nova Venecia,ES,2023,0
FMAC,Febre Maculosa,320390,Nova Venecia,ES,2024,1
FMAC,Febre Maculosa,320390,Nova Venecia,ES,2025,0
FMAC,Febre Maculosa,320400,Pancas,ES,2001,0
FMAC,Febre Maculosa,320400,Pancas,ES,2006,0
FMAC,Febre Maculosa,320400,Pancas,ES,2007,1
FMAC,Febre Maculosa,320400,Pancas,ES,2008,0
FMAC,Febre Maculosa,320400,Pancas,ES,2009,0
FMAC,Febre Maculosa,320400,Pancas,ES,2010,0
FMAC,Febre Maculosa,320400,Pancas,ES,2011,0
FMAC,Febre Maculosa,320400,Pancas,ES,2012,0
FMAC,Febre Maculosa,320400,Pancas,ES,2013,0
FMAC,Febre Maculosa,320400,Pancas,ES,2014,1
FMAC,Febre Maculosa,320400,Pancas,ES,2015,0
FMAC,Febre Maculosa,320400,Pancas,ES,2016,0
FMAC,Febre Maculosa,320400,Pancas,ES,2017,0
FMAC,Febre Maculosa,320400,Pancas,ES,2018,0
FMAC,Febre Maculosa,320400,Pancas,ES,2019,0
FMAC,Febre Maculosa,320400,Pancas,ES,2020,0
FMAC,Febre Maculosa,320400,Pancas,ES,2021,0
FMAC,Febre Maculosa,320400,Pancas,ES,2022,0
FMAC,Febre Maculosa,320400,Pancas,ES,2023,0
FMAC,Febre Maculosa,320400,Pancas,ES,2024,0
FMAC,Febre Maculosa,320400,Pancas,ES,2025,0
FMAC,Febre Maculosa,320420,Piuma,ES,2001,0
FMAC,Febre Maculosa,320420,Piuma,ES,2006,0
FMAC,Febre Maculosa,320420,Piuma,ES,2007,0
FMAC,Febre Maculosa,320420,Piuma,ES,2008,0
FMAC,Febre Maculosa,320420,Piuma,ES,2009,0
FMAC,Febre Maculosa,320420,Piuma,ES,2010,0
FMAC,Febre Maculosa,320420,Piuma,ES,2011,0
FMAC,Febre Maculosa,320420,Piuma,ES,2012,1
FMAC,Febre Maculosa,320420,Piuma,ES,2013,0
FMAC,Febre Maculosa,320420,Piuma,ES,2014,0
FMAC,Febre Maculosa,320420,Piuma,ES,2015,0
FMAC,Febre Maculosa,320420,Piuma,ES,2016,0
FMAC,Febre Maculosa,320420,Piuma,ES,2017,0
FMAC,Febre Maculosa,320420,Piuma,ES,2018,0
FMAC,Febre Maculosa,320420,Piuma,ES,2019,0
FMAC,Febre Maculosa,320420,Piuma,ES,2020,0
FMAC,Febre Maculosa,320420,Piuma,ES,2021,0
FMAC,Febre Maculosa,320420,Piuma,ES,2022,0
FMAC,Febre Maculosa,320420,Piuma,ES,2023,0
FMAC,Febre Maculosa,320420,Piuma,ES,2024,0
FMAC,Febre Maculosa,320420,Piuma,ES,2025,0
FMAC,Febre Maculosa,320435,Rio Bananal,ES,2001,0
FMAC,Febre Maculosa,320435,Rio Bananal,ES,2006,0
FMAC,Febre Maculosa,320435,Rio Bananal,ES,2007,0
FMAC,Febre Maculosa,320435,Rio Bananal,ES,2008,0
FMAC,Febre Maculosa,320435,Rio Bananal,ES,2009,0
FMAC,Febre Maculosa,320435,Rio Bananal,ES,2010,0
FMAC,Febre Maculosa,320435,Rio Bananal,ES,2011,0
FMAC,Febre Maculosa,320435,Rio Bananal,ES,2012,0
FMAC,Febre Maculosa,320435,Rio Bananal,ES,2013,0
FMAC,Febre Maculosa,320435,Rio Bananal,ES,2014,0
FMAC,Febre Maculosa,320435,Rio Bananal,ES,2015,0
FMAC,Febre Maculosa,320435,Rio Bananal,ES,2016,0
FMAC,Febre Maculosa,320435,Rio Bananal,ES,2017,0
FMAC,Febre Maculosa,320435,Rio Bananal,ES,2018,0
FMAC,Febre Maculosa,320435,Rio Bananal,ES,2019,0
FMAC,Febre Maculosa,320435,Rio Bananal,ES,2020,0
FMAC,Febre Maculosa,320435,Rio Bananal,ES,2021,0
FMAC,Febre Maculosa,320435,Rio Bananal,ES,2022,0
FMAC,Febre Maculosa,320435,Rio Bananal,ES,2023,0
FMAC,Febre Maculosa,320435,Rio Bananal,ES,2024,2
FMAC,Febre Maculosa,320435,Rio Bananal,ES,2025,0
FMAC,Febre Maculosa,320440,Rio Novo do Sul,ES,2001,0
FMAC,Febre Maculosa,320440,Rio Novo do Sul,ES,2006,0
FMAC,Febre Maculosa,320440,Rio Novo do Sul,ES,2007,0
FMAC,Febre Maculosa,320440,Rio Novo do Sul,ES,2008,0
FMAC,Febre Maculosa,320440,Rio Novo do Sul,ES,2009,0
FMAC,Febre Maculosa,320440,Rio Novo do Sul,ES,2010,0
FMAC,Febre Maculosa,320440,Rio Novo do Sul,ES,2011,0
FMAC,Febre Maculosa,320440,Rio Novo do Sul,ES,2012,0
FMAC,Febre Maculosa,320440,Rio Novo do Sul,ES,2013,0
FMAC,Febre Maculosa,320440,Rio Novo do Sul,ES,2014,0
FMAC,Febre Maculosa,320440,Rio Novo do Sul,ES,2015,0
FMAC,Febre Maculosa,320440,Rio Novo do Sul,ES,2016,0
FMAC,Febre Maculosa,320440,Rio Novo do Sul,ES,2017,0
FMAC,Febre Maculosa,320440,Rio Novo do Sul,ES,2018,0
FMAC,Febre Maculosa,320440,Rio Novo do Sul,ES,2019,0
FMAC,Febre Maculosa,320440,Rio Novo do Sul,ES,2020,0
FMAC,Febre Maculosa,320440,Rio Novo do Sul,ES,2021,0
FMAC,Febre Maculosa,320440,Rio Novo do Sul,ES,2022,0
FMAC,Febre Maculosa,320440,Rio Novo do Sul,ES,2023,0
FMAC,Febre Maculosa,320440,Rio Novo do Sul,ES,2024,1
FMAC,Febre Maculosa,320440,Rio Novo do Sul,ES,2025,0
FMAC,Febre Maculosa,320455,Santa Maria de Jetiba,ES,2001,0
FMAC,Febre Maculosa,320455,Santa Maria de Jetiba,ES,2006,0
FMAC,Febre Maculosa,320455,Santa Maria de Jetiba,ES,2007,0
FMAC,Febre Maculosa,320455,Santa Maria de Jetiba,ES,2008,0
FMAC,Febre Maculosa,320455,Santa Maria de Jetiba,ES,2009,0
FMAC,Febre Maculosa,320455,Santa Maria de Jetiba,ES,2010,0
FMAC,Febre Maculosa,320455,Santa Maria de Jetiba,ES,2011,0
FMAC,Febre Maculosa,320455,Santa Maria de Jetiba,ES,2012,0
FMAC,Febre Maculosa,320455,Santa Maria de Jetiba,ES,2013,0
FMAC,Febre Maculosa,320455,Santa Maria de Jetiba,ES,2014,0
FMAC,Febre Maculosa,320455,Santa Maria de Jetiba,ES,2015,1
FMAC,Febre Maculosa,320455,Santa Maria de Jetiba,ES,2016,0
FMAC,Febre Maculosa,320455,Santa Maria de Jetiba,ES,2017,0
FMAC,Febre Maculosa,320455,Santa Maria de Jetiba,ES,2018,0
FMAC,Febre Maculosa,320455,Santa Maria de Jetiba,ES,2019,0
FMAC,Febre Maculosa,320455,Santa Maria de Jetiba,ES,2020,0
FMAC,Febre Maculosa,320455,Santa Maria de Jetiba,ES,2021,0
FMAC,Febre Maculosa,320455,Santa Maria de Jetiba,ES,2022,0
FMAC,Febre Maculosa,320455,Santa Maria de Jetiba,ES,2023,0
FMAC,Febre Maculosa,320455,Santa Maria de Jetiba,ES,2024,0
FMAC,Febre Maculosa,320455,Santa Maria de Jetiba,ES,2025,0
FMAC,Febre Maculosa,320470,Sao Gabriel da Palha,ES,2001,0
FMAC,Febre Maculosa,320470,Sao Gabriel da Palha,ES,2006,0
FMAC,Febre Maculosa,320470,Sao Gabriel da Palha,ES,2007,0
FMAC,Febre Maculosa,320470,Sao Gabriel da Palha,ES,2008,0
FMAC,Febre Maculosa,320470,Sao Gabriel da Palha,ES,2009,0
FMAC,Febre Maculosa,320470,Sao Gabriel da Palha,ES,2010,0
FMAC,Febre Maculosa,320470,Sao Gabriel da Palha,ES,2011,1
FMAC,Febre Maculosa,320470,Sao Gabriel da Palha,ES,2012,0
FMAC,Febre Maculosa,320470,Sao Gabriel da Palha,ES,2013,0
FMAC,Febre Maculosa,320470,Sao Gabriel da Palha,ES,2014,1
FMAC,Febre Maculosa,320470,Sao Gabriel da Palha,ES,2015,0
FMAC,Febre Maculosa,320470,Sao Gabriel da Palha,ES,2016,0
FMAC,Febre Maculosa,320470,Sao Gabriel da Palha,ES,2017,0
FMAC,Febre Maculosa,320470,Sao Gabriel da Palha,ES,2018,0
FMAC,Febre Maculosa,320470,Sao Gabriel da Palha,ES,2019,0
FMAC,Febre Maculosa,320470,Sao Gabriel da Palha,ES,2020,0
FMAC,Febre Maculosa,320470,Sao Gabriel da Palha,ES,2021,0
FMAC,Febre Maculosa,320470,Sao Gabriel da Palha,ES,2022,0
FMAC,Febre Maculosa,320470,Sao Gabriel da Palha,ES,2023,0
FMAC,Febre Maculosa,320470,Sao Gabriel da Palha,ES,2024,0
FMAC,Febre Maculosa,320470,Sao Gabriel da Palha,ES,2025,0
FMAC,Febre Maculosa,320480,Sao Jose do Calcado,ES,2001,0
FMAC,Febre Maculosa,320480,Sao Jose do Calcado,ES,2006,0
FMAC,Febre Maculosa,320480,Sao Jose do Calcado,ES,2007,0
FMAC,Febre Maculosa,320480,Sao Jose do Calcado,ES,2008,0
FMAC,Febre Maculosa,320480,Sao Jose do Calcado,ES,2009,0
FMAC,Febre Maculosa,320480,Sao Jose do Calcado,ES,2010,0
FMAC,Febre Maculosa,320480,Sao Jose do Calcado,ES,2011,0
FMAC,Febre Maculosa,320480,Sao Jose do Calcado,ES,2012,0
FMAC,Febre Maculosa,320480,Sao Jose do Calcado,ES,2013,0
FMAC,Febre Maculosa,320480,Sao Jose do Calcado,ES,2014,0
FMAC,Febre Maculosa,320480,Sao Jose do Calcado,ES,2015,0
FMAC,Febre Maculosa,320480,Sao Jose do Calcado,ES,2016,0
FMAC,Febre Maculosa,320480,Sao Jose do Calcado,ES,2017,0
FMAC,Febre Maculosa,320480,Sao Jose do Calcado,ES,2018,1
FMAC,Febre Maculosa,320480,Sao Jose do Calcado,ES,2019,0
FMAC,Febre Maculosa,320480,Sao Jose do Calcado,ES,2020,0
FMAC,Febre Maculosa,320480,Sao Jose do Calcado,ES,2021,0
FMAC,Febre Maculosa,320480,Sao Jose do Calcado,ES,2022,0
FMAC,Febre Maculosa,320480,Sao Jose do Calcado,ES,2023,0
FMAC,Febre Maculosa,320480,Sao Jose do Calcado,ES,2024,0
FMAC,Febre Maculosa,320480,Sao Jose do Calcado,ES,2025,0
FMAC,Febre Maculosa,320490,Sao Mateus,ES,2001,0
FMAC,Febre Maculosa,320490,Sao Mateus,ES,2006,0
FMAC,Febre Maculosa,320490,Sao Mateus,ES,2007,0
FMAC,Febre Maculosa,320490,Sao Mateus,ES,2008,0
FMAC,Febre Maculosa,320490,Sao Mateus,ES,2009,0
FMAC,Febre Maculosa,320490,Sao Mateus,ES,2010,0
FMAC,Febre Maculosa,320490,Sao Mateus,ES,2011,0
FMAC,Febre Maculosa,320490,Sao Mateus,ES,2012,0
FMAC,Febre Maculosa,320490,Sao Mateus,ES,2013,1
FMAC,Febre Maculosa,320490,Sao Mateus,ES,2014,0
FMAC,Febre Maculosa,320490,Sao Mateus,ES,2015,0
FMAC,Febre Maculosa,320490,Sao Mateus,ES,2016,0
FMAC,Febre Maculosa,320490,Sao Mateus,ES,2017,0
FMAC,Febre Maculosa,320490,Sao Mateus,ES,2018,0
FMAC,Febre Maculosa,320490,Sao Mateus,ES,2019,0
FMAC,Febre Maculosa,320490,Sao Mateus,ES,2020,0
FMAC,Febre Maculosa,320490,Sao Mateus,ES,2021,0
FMAC,Febre Maculosa,320490,Sao Mateus,ES,2022,2
FMAC,Febre Maculosa,320490,Sao Mateus,ES,2023,3
FMAC,Febre Maculosa,320490,Sao Mateus,ES,2024,1
FMAC,Febre Maculosa,320490,Sao Mateus,ES,2025,0
FMAC,Febre Maculosa,320495,Sao Roque do Canaa,ES,2001,0
FMAC,Febre Maculosa,320495,Sao Roque do Canaa,ES,2006,0
FMAC,Febre Maculosa,320495,Sao Roque do Canaa,ES,2007,0
FMAC,Febre Maculosa,320495,Sao Roque do Canaa,ES,2008,0
FMAC,Febre Maculosa,320495,Sao Roque do Canaa,ES,2009,0
FMAC,Febre Maculosa,320495,Sao Roque do Canaa,ES,2010,1
FMAC,Febre Maculosa,320495,Sao Roque do Canaa,ES,2011,0
FMAC,Febre Maculosa,320495,Sao Roque do Canaa,ES,2012,0
FMAC,Febre Maculosa,320495,Sao Roque do Canaa,ES,2013,0
FMAC,Febre Maculosa,320495,Sao Roque do Canaa,ES,2014,0
FMAC,Febre Maculosa,320495,Sao Roque do Canaa,ES,2015,0
FMAC,Febre Maculosa,320495,Sao Roque do Canaa,ES,2016,0
FMAC,Febre Maculosa,320495,Sao Roque do Canaa,ES,2017,0
FMAC,Febre Maculosa,320495,Sao Roque do Canaa,ES,2018,0
FMAC,Febre Maculosa,320495,Sao Roque do Canaa,ES,2019,0
FMAC,Febre Maculosa,320495,Sao Roque do Canaa,ES,2020,0
FMAC,Febre Maculosa,320495,Sao Roque do Canaa,ES,2021,0
FMAC,Febre Maculosa,320495,Sao Roque do Canaa,ES,2022,0
FMAC,Febre Maculosa,320495,Sao Roque do Canaa,ES,2023,0
FMAC,Febre Maculosa,320495,Sao Roque do Canaa,ES,2024,1
FMAC,Febre Maculosa,320495,Sao Roque do Canaa,ES,2025,0
FMAC,Febre Maculosa,320500,Serra,ES,2001,0
FMAC,Febre Maculosa,320500,Serra,ES,2006,0
FMAC,Febre Maculosa,320500,Serra,ES,2007,0
FMAC,Febre Maculosa,320500,Serra,ES,2008,0
FMAC,Febre Maculosa,320500,Serra,ES,2009,0
FMAC,Febre Maculosa,320500,Serra,ES,2010,0
FMAC,Febre Maculosa,320500,Serra,ES,2011,0
FMAC,Febre Maculosa,320500,Serra,ES,2012,0
FMAC,Febre Maculosa,320500,Serra,ES,2013,0
FMAC,Febre Maculosa,320500,Serra,ES,2014,0
FMAC,Febre Maculosa,320500,Serra,ES,2015,1
FMAC,Febre Maculosa,320500,Serra,ES,2016,0
FMAC,Febre Maculosa,320500,Serra,ES,2017,0
FMAC,Febre Maculosa,320500,Serra,ES,2018,0
FMAC,Febre Maculosa,320500,Serra,ES,2019,2
FMAC,Febre Maculosa,320500,Serra,ES,2020,1
FMAC,Febre Maculosa,320500,Serra,ES,2021,0
FMAC,Febre Maculosa,320500,Serra,ES,2022,0
FMAC,Febre Maculosa,320500,Serra,ES,2023,0
FMAC,Febre Maculosa,320500,Serra,ES,2024,1
FMAC,Febre Maculosa,320500,Serra,ES,2025,2
FMAC,Febre Maculosa,320501,Sooretama,ES,2001,0
FMAC,Febre Maculosa,320501,Sooretama,ES,2006,0
FMAC,Febre Maculosa,320501,Sooretama,ES,2007,0
FMAC,Febre Maculosa,320501,Sooretama,ES,2008,0
FMAC,Febre Maculosa,320501,Sooretama,ES,2009,0
FMAC,Febre Maculosa,320501,Sooretama,ES,2010,0
FMAC,Febre Maculosa,320501,Sooretama,ES,2011,0
FMAC,Febre Maculosa,320501,Sooretama,ES,2012,0
FMAC,Febre Maculosa,320501,Sooretama,ES,2013,0
FMAC,Febre Maculosa,320501,Sooretama,ES,2014,0
FMAC,Febre Maculosa,320501,Sooretama,ES,2015,0
FMAC,Febre Maculosa,320501,Sooretama,ES,2016,0
FMAC,Febre Maculosa,320501,Sooretama,ES,2017,0
FMAC,Febre Maculosa,320501,Sooretama,ES,2018,0
FMAC,Febre Maculosa,320501,Sooretama,ES,2019,0
FMAC,Febre Maculosa,320501,Sooretama,ES,2020,0
FMAC,Febre Maculosa,320501,Sooretama,ES,2021,0
FMAC,Febre Maculosa,320501,Sooretama,ES,2022,1
FMAC,Febre Maculosa,320501,Sooretama,ES,2023,1
FMAC,Febre Maculosa,320501,Sooretama,ES,2024,2
FMAC,Febre Maculosa,320501,Sooretama,ES,2025,0
FMAC,Febre Maculosa,320515,Vila Pavao,ES,2001,0
FMAC,Febre Maculosa,320515,Vila Pavao,ES,2006,0
FMAC,Febre Maculosa,320515,Vila Pavao,ES,2007,0
FMAC,Febre Maculosa,320515,Vila Pavao,ES,2008,0
FMAC,Febre Maculosa,320515,Vila Pavao,ES,2009,0
FMAC,Febre Maculosa,320515,Vila Pavao,ES,2010,0
FMAC,Febre Maculosa,320515,Vila Pavao,ES,2011,0
FMAC,Febre Maculosa,320515,Vila Pavao,ES,2012,0
FMAC,Febre Maculosa,320515,Vila Pavao,ES,2013,0
FMAC,Febre Maculosa,320515,Vila Pavao,ES,2014,0
FMAC,Febre Maculosa,320515,Vila Pavao,ES,2015,0
FMAC,Febre Maculosa,320515,Vila Pavao,ES,2016,0
FMAC,Febre Maculosa,320515,Vila Pavao,ES,2017,0
FMAC,Febre Maculosa,320515,Vila Pavao,ES,2018,0
FMAC,Febre Maculosa,320515,Vila Pavao,ES,2019,0
FMAC,Febre Maculosa,320515,Vila Pavao,ES,2020,0
FMAC,Febre Maculosa,320515,Vila Pavao,ES,2021,0
FMAC,Febre Maculosa,320515,Vila Pavao,ES,2022,1
FMAC,Febre Maculosa,320515,Vila Pavao,ES,2023,1
FMAC,Febre Maculosa,320515,Vila Pavao,ES,2024,0
FMAC,Febre Maculosa,320515,Vila Pavao,ES,2025,0
FMAC,Febre Maculosa,320517,Vila Valerio,ES,2001,0
FMAC,Febre Maculosa,320517,Vila Valerio,ES,2006,0
FMAC,Febre Maculosa,320517,Vila Valerio,ES,2007,0
FMAC,Febre Maculosa,320517,Vila Valerio,ES,2008,0
FMAC,Febre Maculosa,320517,Vila Valerio,ES,2009,0
FMAC,Febre Maculosa,320517,Vila Valerio,ES,2010,0
FMAC,Febre Maculosa,320517,Vila Valerio,ES,2011,2
FMAC,Febre Maculosa,320517,Vila Valerio,ES,2012,0
FMAC,Febre Maculosa,320517,Vila Valerio,ES,2013,1
FMAC,Febre Maculosa,320517,Vila Valerio,ES,2014,0
FMAC,Febre Maculosa,320517,Vila Valerio,ES,2015,0
FMAC,Febre Maculosa,320517,Vila Valerio,ES,2016,0
FMAC,Febre Maculosa,320517,Vila Valerio,ES,2017,0
FMAC,Febre Maculosa,320517,Vila Valerio,ES,2018,0
FMAC,Febre Maculosa,320517,Vila Valerio,ES,2019,0
FMAC,Febre Maculosa,320517,Vila Valerio,ES,2020,0
FMAC,Febre Maculosa,320517,Vila Valerio,ES,2021,0
FMAC,Febre Maculosa,320517,Vila Valerio,ES,2022,0
FMAC,Febre Maculosa,320517,Vila Valerio,ES,2023,1
FMAC,Febre Maculosa,320517,Vila Valerio,ES,2024,1
FMAC,Febre Maculosa,320517,Vila Valerio,ES,2025,1
FMAC,Febre Maculosa,320520,Vila Velha,ES,2001,0
FMAC,Febre Maculosa,320520,Vila Velha,ES,2006,0
FMAC,Febre Maculosa,320520,Vila Velha,ES,2007,1
FMAC,Febre Maculosa,320520,Vila Velha,ES,2008,0
FMAC,Febre Maculosa,320520,Vila Velha,ES,2009,0
FMAC,Febre Maculosa,320520,Vila Velha,ES,2010,0
FMAC,Febre Maculosa,320520,Vila Velha,ES,2011,2
FMAC,Febre Maculosa,320520,Vila Velha,ES,2012,0
FMAC,Febre Maculosa,320520,Vila Velha,ES,2013,0
FMAC,Febre Maculosa,320520,Vila Velha,ES,2014,0
FMAC,Febre Maculosa,320520,Vila Velha,ES,2015,0
FMAC,Febre Maculosa,320520,Vila Velha,ES,2016,0
FMAC,Febre Maculosa,320520,Vila Velha,ES,2017,1
FMAC,Febre Maculosa,320520,Vila Velha,ES,2018,0
FMAC,Febre Maculosa,320520,Vila Velha,ES,2019,1
FMAC,Febre Maculosa,320520,Vila Velha,ES,2020,0
FMAC,Febre Maculosa,320520,Vila Velha,ES,2021,0
FMAC,Febre Maculosa,320520,Vila Velha,ES,2022,0
FMAC,Febre Maculosa,320520,Vila Velha,ES,2023,1
FMAC,Febre Maculosa,320520,Vila Velha,ES,2024,2
FMAC,Febre Maculosa,320520,Vila Velha,ES,2025,1
FMAC,Febre Maculosa,320530,Vitoria,ES,2001,0
FMAC,Febre Maculosa,320530,Vitoria,ES,2006,0
FMAC,Febre Maculosa,320530,Vitoria,ES,2007,1
FMAC,Febre Maculosa,320530,Vitoria,ES,2008,1
FMAC,Febre Maculosa,320530,Vitoria,ES,2009,1
FMAC,Febre Maculosa,320530,Vitoria,ES,2010,0
FMAC,Febre Maculosa,320530,Vitoria,ES,2011,1
FMAC,Febre Maculosa,320530,Vitoria,ES,2012,0
FMAC,Febre Maculosa,320530,Vitoria,ES,2013,0
FMAC,Febre Maculosa,320530,Vitoria,ES,2014,0
FMAC,Febre Maculosa,320530,Vitoria,ES,2015,0
FMAC,Febre Maculosa,320530,Vitoria,ES,2016,1
FMAC,Febre Maculosa,320530,Vitoria,ES,2017,1
FMAC,Febre Maculosa,320530,Vitoria,ES,2018,1
FMAC,Febre Maculosa,320530,Vitoria,ES,2019,1
FMAC,Febre Maculosa,320530,Vitoria,ES,2020,0
FMAC,Febre Maculosa,320530,Vitoria,ES,2021,0
FMAC,Febre Maculosa,320530,Vitoria,ES,2022,2
FMAC,Febre Maculosa,320530,Vitoria,ES,2023,2
FMAC,Febre Maculosa,320530,Vitoria,ES,2024,4
FMAC,Febre Maculosa,320530,Vitoria,ES,2025,1
FMAC,Febre Maculosa,520110,Anapolis,GO,2001,0
FMAC,Febre Maculosa,520110,Anapolis,GO,2006,0
FMAC,Febre Maculosa,520110,Anapolis,GO,2007,0
FMAC,Febre Maculosa,520110,Anapolis,GO,2008,0
FMAC,Febre Maculosa,520110,Anapolis,GO,2009,0
FMAC,Febre Maculosa,520110,Anapolis,GO,2010,0
FMAC,Febre Maculosa,520110,Anapolis,GO,2011,0
FMAC,Febre Maculosa,520110,Anapolis,GO,2012,0
FMAC,Febre Maculosa,520110,Anapolis,GO,2013,0
FMAC,Febre Maculosa,520110,Anapolis,GO,2014,0
FMAC,Febre Maculosa,520110,Anapolis,GO,2015,0
FMAC,Febre Maculosa,520110,Anapolis,GO,2016,0
FMAC,Febre Maculosa,520110,Anapolis,GO,2017,0
FMAC,Febre Maculosa,520110,Anapolis,GO,2018,0
FMAC,Febre Maculosa,520110,Anapolis,GO,2019,0
FMAC,Febre Maculosa,520110,Anapolis,GO,2020,0
FMAC,Febre Maculosa,520110,Anapolis,GO,2021,0
FMAC,Febre Maculosa,520110,Anapolis,GO,2022,0
FMAC,Febre Maculosa,520110,Anapolis,GO,2023,0
FMAC,Febre Maculosa,520110,Anapolis,GO,2024,4
FMAC,Febre Maculosa,520110,Anapolis,GO,2025,0
FMAC,Febre Maculosa,520340,Bom Jardim de Goias,GO,2001,0
FMAC,Febre Maculosa,520340,Bom Jardim de Goias,GO,2006,0
FMAC,Febre Maculosa,520340,Bom Jardim de Goias,GO,2007,0
FMAC,Febre Maculosa,520340,Bom Jardim de Goias,GO,2008,0
FMAC,Febre Maculosa,520340,Bom Jardim de Goias,GO,2009,0
FMAC,Febre Maculosa,520340,Bom Jardim de Goias,GO,2010,0
FMAC,Febre Maculosa,520340,Bom Jardim de Goias,GO,2011,0
FMAC,Febre Maculosa,520340,Bom Jardim de Goias,GO,2012,0
FMAC,Febre Maculosa,520340,Bom Jardim de Goias,GO,2013,0
FMAC,Febre Maculosa,520340,Bom Jardim de Goias,GO,2014,0
FMAC,Febre Maculosa,520340,Bom Jardim de Goias,GO,2015,0
FMAC,Febre Maculosa,520340,Bom Jardim de Goias,GO,2016,0
FMAC,Febre Maculosa,520340,Bom Jardim de Goias,GO,2017,0
FMAC,Febre Maculosa,520340,Bom Jardim de Goias,GO,2018,0
FMAC,Febre Maculosa,520340,Bom Jardim de Goias,GO,2019,0
FMAC,Febre Maculosa,520340,Bom Jardim de Goias,GO,2020,0
FMAC,Febre Maculosa,520340,Bom Jardim de Goias,GO,2021,0
FMAC,Febre Maculosa,520340,Bom Jardim de Goias,GO,2022,1
FMAC,Febre Maculosa,520340,Bom Jardim de Goias,GO,2023,0
FMAC,Febre Maculosa,520340,Bom Jardim de Goias,GO,2024,0
FMAC,Febre Maculosa,520340,Bom Jardim de Goias,GO,2025,0
FMAC,Febre Maculosa,520540,Ceres,GO,2001,0
FMAC,Febre Maculosa,520540,Ceres,GO,2006,0
FMAC,Febre Maculosa,520540,Ceres,GO,2007,0
FMAC,Febre Maculosa,520540,Ceres,GO,2008,0
FMAC,Febre Maculosa,520540,Ceres,GO,2009,0
FMAC,Febre Maculosa,520540,Ceres,GO,2010,0
FMAC,Febre Maculosa,520540,Ceres,GO,2011,0
FMAC,Febre Maculosa,520540,Ceres,GO,2012,0
FMAC,Febre Maculosa,520540,Ceres,GO,2013,0
FMAC,Febre Maculosa,520540,Ceres,GO,2014,0
FMAC,Febre Maculosa,520540,Ceres,GO,2015,0
FMAC,Febre Maculosa,520540,Ceres,GO,2016,0
FMAC,Febre Maculosa,520540,Ceres,GO,2017,0
FMAC,Febre Maculosa,520540,Ceres,GO,2018,0
FMAC,Febre Maculosa,520540,Ceres,GO,2019,1
FMAC,Febre Maculosa,520540,Ceres,GO,2020,0
FMAC,Febre Maculosa,520540,Ceres,GO,2021,0
FMAC,Febre Maculosa,520540,Ceres,GO,2022,0
FMAC,Febre Maculosa,520540,Ceres,GO,2023,0
FMAC,Febre Maculosa,520540,Ceres,GO,2024,0
FMAC,Febre Maculosa,520540,Ceres,GO,2025,0
FMAC,Febre Maculosa,520580,Corumba de Goias,GO,2001,0
FMAC,Febre Maculosa,520580,Corumba de Goias,GO,2006,0
FMAC,Febre Maculosa,520580,Corumba de Goias,GO,2007,0
FMAC,Febre Maculosa,520580,Corumba de Goias,GO,2008,0
FMAC,Febre Maculosa,520580,Corumba de Goias,GO,2009,0
FMAC,Febre Maculosa,520580,Corumba de Goias,GO,2010,0
FMAC,Febre Maculosa,520580,Corumba de Goias,GO,2011,0
FMAC,Febre Maculosa,520580,Corumba de Goias,GO,2012,0
FMAC,Febre Maculosa,520580,Corumba de Goias,GO,2013,0
FMAC,Febre Maculosa,520580,Corumba de Goias,GO,2014,0
FMAC,Febre Maculosa,520580,Corumba de Goias,GO,2015,0
FMAC,Febre Maculosa,520580,Corumba de Goias,GO,2016,0
FMAC,Febre Maculosa,520580,Corumba de Goias,GO,2017,0
FMAC,Febre Maculosa,520580,Corumba de Goias,GO,2018,0
FMAC,Febre Maculosa,520580,Corumba de Goias,GO,2019,0
FMAC,Febre Maculosa,520580,Corumba de Goias,GO,2020,1
FMAC,Febre Maculosa,520580,Corumba de Goias,GO,2021,0
FMAC,Febre Maculosa,520580,Corumba de Goias,GO,2022,0
FMAC,Febre Maculosa,520580,Corumba de Goias,GO,2023,0
FMAC,Febre Maculosa,520580,Corumba de Goias,GO,2024,0
FMAC,Febre Maculosa,520580,Corumba de Goias,GO,2025,0
FMAC,Febre Maculosa,520620,Cristalina,GO,2001,0
FMAC,Febre Maculosa,520620,Cristalina,GO,2006,0
FMAC,Febre Maculosa,520620,Cristalina,GO,2007,0
FMAC,Febre Maculosa,520620,Cristalina,GO,2008,0
FMAC,Febre Maculosa,520620,Cristalina,GO,2009,0
FMAC,Febre Maculosa,520620,Cristalina,GO,2010,0
FMAC,Febre Maculosa,520620,Cristalina,GO,2011,0
FMAC,Febre Maculosa,520620,Cristalina,GO,2012,0
FMAC,Febre Maculosa,520620,Cristalina,GO,2013,0
FMAC,Febre Maculosa,520620,Cristalina,GO,2014,0
FMAC,Febre Maculosa,520620,Cristalina,GO,2015,0
FMAC,Febre Maculosa,520620,Cristalina,GO,2016,0
FMAC,Febre Maculosa,520620,Cristalina,GO,2017,0
FMAC,Febre Maculosa,520620,Cristalina,GO,2018,0
FMAC,Febre Maculosa,520620,Cristalina,GO,2019,0
FMAC,Febre Maculosa,520620,Cristalina,GO,2020,0
FMAC,Febre Maculosa,520620,Cristalina,GO,2021,0
FMAC,Febre Maculosa,520620,Cristalina,GO,2022,0
FMAC,Febre Maculosa,520620,Cristalina,GO,2023,0
FMAC,Febre Maculosa,520620,Cristalina,GO,2024,1
FMAC,Febre Maculosa,520620,Cristalina,GO,2025,0
FMAC,Febre Maculosa,520815,Gameleira de Goias,GO,2001,0
FMAC,Febre Maculosa,520815,Gameleira de Goias,GO,2006,0
FMAC,Febre Maculosa,520815,Gameleira de Goias,GO,2007,0
FMAC,Febre Maculosa,520815,Gameleira de Goias,GO,2008,0
FMAC,Febre Maculosa,520815,Gameleira de Goias,GO,2009,0
FMAC,Febre Maculosa,520815,Gameleira de Goias,GO,2010,1
FMAC,Febre Maculosa,520815,Gameleira de Goias,GO,2011,0
FMAC,Febre Maculosa,520815,Gameleira de Goias,GO,2012,1
FMAC,Febre Maculosa,520815,Gameleira de Goias,GO,2013,0
FMAC,Febre Maculosa,520815,Gameleira de Goias,GO,2014,0
FMAC,Febre Maculosa,520815,Gameleira de Goias,GO,2015,0
FMAC,Febre Maculosa,520815,Gameleira de Goias,GO,2016,0
FMAC,Febre Maculosa,520815,Gameleira de Goias,GO,2017,0
FMAC,Febre Maculosa,520815,Gameleira de Goias,GO,2018,0
FMAC,Febre Maculosa,520815,Gameleira de Goias,GO,2019,0
FMAC,Febre Maculosa,520815,Gameleira de Goias,GO,2020,0
FMAC,Febre Maculosa,520815,Gameleira de Goias,GO,2021,0
FMAC,Febre Maculosa,520815,Gameleira de Goias,GO,2022,0
FMAC,Febre Maculosa,520815,Gameleira de Goias,GO,2023,0
FMAC,Febre Maculosa,520815,Gameleira de Goias,GO,2024,0
FMAC,Febre Maculosa,520815,Gameleira de Goias,GO,2025,0
FMAC,Febre Maculosa,520860,Goianesia,GO,2001,0
FMAC,Febre Maculosa,520860,Goianesia,GO,2006,0
FMAC,Febre Maculosa,520860,Goianesia,GO,2007,0
FMAC,Febre Maculosa,520860,Goianesia,GO,2008,0
FMAC,Febre Maculosa,520860,Goianesia,GO,2009,0
FMAC,Febre Maculosa,520860,Goianesia,GO,2010,0
FMAC,Febre Maculosa,520860,Goianesia,GO,2011,0
FMAC,Febre Maculosa,520860,Goianesia,GO,2012,0
FMAC,Febre Maculosa,520860,Goianesia,GO,2013,0
FMAC,Febre Maculosa,520860,Goianesia,GO,2014,0
FMAC,Febre Maculosa,520860,Goianesia,GO,2015,0
FMAC,Febre Maculosa,520860,Goianesia,GO,2016,0
FMAC,Febre Maculosa,520860,Goianesia,GO,2017,0
FMAC,Febre Maculosa,520860,Goianesia,GO,2018,0
FMAC,Febre Maculosa,520860,Goianesia,GO,2019,0
FMAC,Febre Maculosa,520860,Goianesia,GO,2020,0
FMAC,Febre Maculosa,520860,Goianesia,GO,2021,0
FMAC,Febre Maculosa,520860,Goianesia,GO,2022,0
FMAC,Febre Maculosa,520860,Goianesia,GO,2023,0
FMAC,Febre Maculosa,520860,Goianesia,GO,2024,1
FMAC,Febre Maculosa,520860,Goianesia,GO,2025,0
FMAC,Febre Maculosa,520870,Goiania,GO,2001,0
FMAC,Febre Maculosa,520870,Goiania,GO,2006,0
FMAC,Febre Maculosa,520870,Goiania,GO,2007,0
FMAC,Febre Maculosa,520870,Goiania,GO,2008,0
FMAC,Febre Maculosa,520870,Goiania,GO,2009,0
FMAC,Febre Maculosa,520870,Goiania,GO,2010,0
FMAC,Febre Maculosa,520870,Goiania,GO,2011,0
FMAC,Febre Maculosa,520870,Goiania,GO,2012,1
FMAC,Febre Maculosa,520870,Goiania,GO,2013,0
FMAC,Febre Maculosa,520870,Goiania,GO,2014,0
FMAC,Febre Maculosa,520870,Goiania,GO,2015,2
FMAC,Febre Maculosa,520870,Goiania,GO,2016,1
FMAC,Febre Maculosa,520870,Goiania,GO,2017,1
FMAC,Febre Maculosa,520870,Goiania,GO,2018,0
FMAC,Febre Maculosa,520870,Goiania,GO,2019,1
FMAC,Febre Maculosa,520870,Goiania,GO,2020,0
FMAC,Febre Maculosa,520870,Goiania,GO,2021,0
FMAC,Febre Maculosa,520870,Goiania,GO,2022,0
FMAC,Febre Maculosa,520870,Goiania,GO,2023,0
FMAC,Febre Maculosa,520870,Goiania,GO,2024,1
FMAC,Febre Maculosa,520870,Goiania,GO,2025,0
FMAC,Febre Maculosa,520920,Guapo,GO,2001,0
FMAC,Febre Maculosa,520920,Guapo,GO,2006,0
FMAC,Febre Maculosa,520920,Guapo,GO,2007,0
FMAC,Febre Maculosa,520920,Guapo,GO,2008,0
FMAC,Febre Maculosa,520920,Guapo,GO,2009,0
FMAC,Febre Maculosa,520920,Guapo,GO,2010,0
FMAC,Febre Maculosa,520920,Guapo,GO,2011,0
FMAC,Febre Maculosa,520920,Guapo,GO,2012,0
FMAC,Febre Maculosa,520920,Guapo,GO,2013,0
FMAC,Febre Maculosa,520920,Guapo,GO,2014,0
FMAC,Febre Maculosa,520920,Guapo,GO,2015,0
FMAC,Febre Maculosa,520920,Guapo,GO,2016,0
FMAC,Febre Maculosa,520920,Guapo,GO,2017,1
FMAC,Febre Maculosa,520920,Guapo,GO,2018,0
FMAC,Febre Maculosa,520920,Guapo,GO,2019,0
FMAC,Febre Maculosa,520920,Guapo,GO,2020,0
FMAC,Febre Maculosa,520920,Guapo,GO,2021,0
FMAC,Febre Maculosa,520920,Guapo,GO,2022,0
FMAC,Febre Maculosa,520920,Guapo,GO,2023,0
FMAC,Febre Maculosa,520920,Guapo,GO,2024,0
FMAC,Febre Maculosa,520920,Guapo,GO,2025,0
FMAC,Febre Maculosa,521150,Itumbiara,GO,2001,0
FMAC,Febre Maculosa,521150,Itumbiara,GO,2006,0
FMAC,Febre Maculosa,521150,Itumbiara,GO,2007,0
FMAC,Febre Maculosa,521150,Itumbiara,GO,2008,0
FMAC,Febre Maculosa,521150,Itumbiara,GO,2009,0
FMAC,Febre Maculosa,521150,Itumbiara,GO,2010,0
FMAC,Febre Maculosa,521150,Itumbiara,GO,2011,0
FMAC,Febre Maculosa,521150,Itumbiara,GO,2012,0
FMAC,Febre Maculosa,521150,Itumbiara,GO,2013,0
FMAC,Febre Maculosa,521150,Itumbiara,GO,2014,0
FMAC,Febre Maculosa,521150,Itumbiara,GO,2015,0
FMAC,Febre Maculosa,521150,Itumbiara,GO,2016,0
FMAC,Febre Maculosa,521150,Itumbiara,GO,2017,1
FMAC,Febre Maculosa,521150,Itumbiara,GO,2018,0
FMAC,Febre Maculosa,521150,Itumbiara,GO,2019,0
FMAC,Febre Maculosa,521150,Itumbiara,GO,2020,0
FMAC,Febre Maculosa,521150,Itumbiara,GO,2021,0
FMAC,Febre Maculosa,521150,Itumbiara,GO,2022,0
FMAC,Febre Maculosa,521150,Itumbiara,GO,2023,0
FMAC,Febre Maculosa,521150,Itumbiara,GO,2024,0
FMAC,Febre Maculosa,521150,Itumbiara,GO,2025,0
FMAC,Febre Maculosa,521190,Jatai,GO,2001,0
FMAC,Febre Maculosa,521190,Jatai,GO,2006,0
FMAC,Febre Maculosa,521190,Jatai,GO,2007,0
FMAC,Febre Maculosa,521190,Jatai,GO,2008,0
FMAC,Febre Maculosa,521190,Jatai,GO,2009,0
FMAC,Febre Maculosa,521190,Jatai,GO,2010,0
FMAC,Febre Maculosa,521190,Jatai,GO,2011,0
FMAC,Febre Maculosa,521190,Jatai,GO,2012,0
FMAC,Febre Maculosa,521190,Jatai,GO,2013,0
FMAC,Febre Maculosa,521190,Jatai,GO,2014,0
FMAC,Febre Maculosa,521190,Jatai,GO,2015,0
FMAC,Febre Maculosa,521190,Jatai,GO,2016,1
FMAC,Febre Maculosa,521190,Jatai,GO,2017,0
FMAC,Febre Maculosa,521190,Jatai,GO,2018,0
FMAC,Febre Maculosa,521190,Jatai,GO,2019,1
FMAC,Febre Maculosa,521190,Jatai,GO,2020,0
FMAC,Febre Maculosa,521190,Jatai,GO,2021,0
FMAC,Febre Maculosa,521190,Jatai,GO,2022,0
FMAC,Febre Maculosa,521190,Jatai,GO,2023,0
FMAC,Febre Maculosa,521190,Jatai,GO,2024,0
FMAC,Febre Maculosa,521190,Jatai,GO,2025,0
FMAC,Febre Maculosa,521250,Luziania,GO,2001,0
FMAC,Febre Maculosa,521250,Luziania,GO,2006,0
FMAC,Febre Maculosa,521250,Luziania,GO,2007,0
FMAC,Febre Maculosa,521250,Luziania,GO,2008,0
FMAC,Febre Maculosa,521250,Luziania,GO,2009,0
FMAC,Febre Maculosa,521250,Luziania,GO,2010,0
FMAC,Febre Maculosa,521250,Luziania,GO,2011,0
FMAC,Febre Maculosa,521250,Luziania,GO,2012,0
FMAC,Febre Maculosa,521250,Luziania,GO,2013,0
FMAC,Febre Maculosa,521250,Luziania,GO,2014,0
FMAC,Febre Maculosa,521250,Luziania,GO,2015,0
FMAC,Febre Maculosa,521250,Luziania,GO,2016,0
FMAC,Febre Maculosa,521250,Luziania,GO,2017,0
FMAC,Febre Maculosa,521250,Luziania,GO,2018,0
FMAC,Febre Maculosa,521250,Luziania,GO,2019,0
FMAC,Febre Maculosa,521250,Luziania,GO,2020,0
FMAC,Febre Maculosa,521250,Luziania,GO,2021,0
FMAC,Febre Maculosa,521250,Luziania,GO,2022,0
FMAC,Febre Maculosa,521250,Luziania,GO,2023,0
FMAC,Febre Maculosa,521250,Luziania,GO,2024,1
FMAC,Febre Maculosa,521250,Luziania,GO,2025,1
FMAC,Febre Maculosa,521310,Mineiros,GO,2001,0
FMAC,Febre Maculosa,521310,Mineiros,GO,2006,0
FMAC,Febre Maculosa,521310,Mineiros,GO,2007,0
FMAC,Febre Maculosa,521310,Mineiros,GO,2008,0
FMAC,Febre Maculosa,521310,Mineiros,GO,2009,0
FMAC,Febre Maculosa,521310,Mineiros,GO,2010,0
FMAC,Febre Maculosa,521310,Mineiros,GO,2011,0
FMAC,Febre Maculosa,521310,Mineiros,GO,2012,0
FMAC,Febre Maculosa,521310,Mineiros,GO,2013,0
FMAC,Febre Maculosa,521310,Mineiros,GO,2014,0
FMAC,Febre Maculosa,521310,Mineiros,GO,2015,0
FMAC,Febre Maculosa,521310,Mineiros,GO,2016,0
FMAC,Febre Maculosa,521310,Mineiros,GO,2017,1
FMAC,Febre Maculosa,521310,Mineiros,GO,2018,0
FMAC,Febre Maculosa,521310,Mineiros,GO,2019,0
FMAC,Febre Maculosa,521310,Mineiros,GO,2020,0
FMAC,Febre Maculosa,521310,Mineiros,GO,2021,0
FMAC,Febre Maculosa,521310,Mineiros,GO,2022,0
FMAC,Febre Maculosa,521310,Mineiros,GO,2023,0
FMAC,Febre Maculosa,521310,Mineiros,GO,2024,0
FMAC,Febre Maculosa,521310,Mineiros,GO,2025,0
FMAC,Febre Maculosa,522050,Serranopolis,GO,2001,0
FMAC,Febre Maculosa,522050,Serranopolis,GO,2006,0
FMAC,Febre Maculosa,522050,Serranopolis,GO,2007,0
FMAC,Febre Maculosa,522050,Serranopolis,GO,2008,0
FMAC,Febre Maculosa,522050,Serranopolis,GO,2009,0
FMAC,Febre Maculosa,522050,Serranopolis,GO,2010,0
FMAC,Febre Maculosa,522050,Serranopolis,GO,2011,0
FMAC,Febre Maculosa,522050,Serranopolis,GO,2012,0
FMAC,Febre Maculosa,522050,Serranopolis,GO,2013,0
FMAC,Febre Maculosa,522050,Serranopolis,GO,2014,0
FMAC,Febre Maculosa,522050,Serranopolis,GO,2015,0
FMAC,Febre Maculosa,522050,Serranopolis,GO,2016,0
FMAC,Febre Maculosa,522050,Serranopolis,GO,2017,0
FMAC,Febre Maculosa,522050,Serranopolis,GO,2018,0
FMAC,Febre Maculosa,522050,Serranopolis,GO,2019,1
FMAC,Febre Maculosa,522050,Serranopolis,GO,2020,0
FMAC,Febre Maculosa,522050,Serranopolis,GO,2021,0
FMAC,Febre Maculosa,522050,Serranopolis,GO,2022,0
FMAC,Febre Maculosa,522050,Serranopolis,GO,2023,0
FMAC,Febre Maculosa,522050,Serranopolis,GO,2024,0
FMAC,Febre Maculosa,522050,Serranopolis,GO,2025,0
FMAC,Febre Maculosa,522190,Varjao,GO,2001,0
FMAC,Febre Maculosa,522190,Varjao,GO,2006,0
FMAC,Febre Maculosa,522190,Varjao,GO,2007,0
FMAC,Febre Maculosa,522190,Varjao,GO,2008,0
FMAC,Febre Maculosa,522190,Varjao,GO,2009,0
FMAC,Febre Maculosa,522190,Varjao,GO,2010,0
FMAC,Febre Maculosa,522190,Varjao,GO,2011,0
FMAC,Febre Maculosa,522190,Varjao,GO,2012,0
FMAC,Febre Maculosa,522190,Varjao,GO,2013,0
FMAC,Febre Maculosa,522190,Varjao,GO,2014,0
FMAC,Febre Maculosa,522190,Varjao,GO,2015,0
FMAC,Febre Maculosa,522190,Varjao,GO,2016,0
FMAC,Febre Maculosa,522190,Varjao,GO,2017,0
FMAC,Febre Maculosa,522190,Varjao,GO,2018,0
FMAC,Febre Maculosa,522190,Varjao,GO,2019,0
FMAC,Febre Maculosa,522190,Varjao,GO,2020,1
FMAC,Febre Maculosa,522190,Varjao,GO,2021,0
FMAC,Febre Maculosa,522190,Varjao,GO,2022,0
FMAC,Febre Maculosa,522190,Varjao,GO,2023,0
FMAC,Febre Maculosa,522190,Varjao,GO,2024,0
FMAC,Febre Maculosa,522190,Varjao,GO,2025,0
FMAC,Febre Maculosa,522200,Vianopolis,GO,2001,0
FMAC,Febre Maculosa,522200,Vianopolis,GO,2006,0
FMAC,Febre Maculosa,522200,Vianopolis,GO,2007,0
FMAC,Febre Maculosa,522200,Vianopolis,GO,2008,0
FMAC,Febre Maculosa,522200,Vianopolis,GO,2009,0
FMAC,Febre Maculosa,522200,Vianopolis,GO,2010,0
FMAC,Febre Maculosa,522200,Vianopolis,GO,2011,0
FMAC,Febre Maculosa,522200,Vianopolis,GO,2012,0
FMAC,Febre Maculosa,522200,Vianopolis,GO,2013,0
FMAC,Febre Maculosa,522200,Vianopolis,GO,2014,0
FMAC,Febre Maculosa,522200,Vianopolis,GO,2015,0
FMAC,Febre Maculosa,522200,Vianopolis,GO,2016,0
FMAC,Febre Maculosa,522200,Vianopolis,GO,2017,0
FMAC,Febre Maculosa,522200,Vianopolis,GO,2018,0
FMAC,Febre Maculosa,522200,Vianopolis,GO,2019,0
FMAC,Febre Maculosa,522200,Vianopolis,GO,2020,1
FMAC,Febre Maculosa,522200,Vianopolis,GO,2021,0
FMAC,Febre Maculosa,522200,Vianopolis,GO,2022,0
FMAC,Febre Maculosa,522200,Vianopolis,GO,2023,0
FMAC,Febre Maculosa,522200,Vianopolis,GO,2024,0
FMAC,Febre Maculosa,522200,Vianopolis,GO,2025,0
FMAC,Febre Maculosa,310040,Acaiaca,MG,2001,0
FMAC,Febre Maculosa,310040,Acaiaca,MG,2006,0
FMAC,Febre Maculosa,310040,Acaiaca,MG,2007,0
FMAC,Febre Maculosa,310040,Acaiaca,MG,2008,0
FMAC,Febre Maculosa,310040,Acaiaca,MG,2009,0
FMAC,Febre Maculosa,310040,Acaiaca,MG,2010,0
FMAC,Febre Maculosa,310040,Acaiaca,MG,2011,0
FMAC,Febre Maculosa,310040,Acaiaca,MG,2012,0
FMAC,Febre Maculosa,310040,Acaiaca,MG,2013,0
FMAC,Febre Maculosa,310040,Acaiaca,MG,2014,0
FMAC,Febre Maculosa,310040,Acaiaca,MG,2015,0
FMAC,Febre Maculosa,310040,Acaiaca,MG,2016,0
FMAC,Febre Maculosa,310040,Acaiaca,MG,2017,0
FMAC,Febre Maculosa,310040,Acaiaca,MG,2018,0
FMAC,Febre Maculosa,310040,Acaiaca,MG,2019,0
FMAC,Febre Maculosa,310040,Acaiaca,MG,2020,0
FMAC,Febre Maculosa,310040,Acaiaca,MG,2021,0
FMAC,Febre Maculosa,310040,Acaiaca,MG,2022,1
FMAC,Febre Maculosa,310040,Acaiaca,MG,2023,0
FMAC,Febre Maculosa,310040,Acaiaca,MG,2024,0
FMAC,Febre Maculosa,310040,Acaiaca,MG,2025,0
FMAC,Febre Maculosa,310080,Aguanil,MG,2001,0
FMAC,Febre Maculosa,310080,Aguanil,MG,2006,0
FMAC,Febre Maculosa,310080,Aguanil,MG,2007,0
FMAC,Febre Maculosa,310080,Aguanil,MG,2008,0
FMAC,Febre Maculosa,310080,Aguanil,MG,2009,0
FMAC,Febre Maculosa,310080,Aguanil,MG,2010,0
FMAC,Febre Maculosa,310080,Aguanil,MG,2011,0
FMAC,Febre Maculosa,310080,Aguanil,MG,2012,0
FMAC,Febre Maculosa,310080,Aguanil,MG,2013,0
FMAC,Febre Maculosa,310080,Aguanil,MG,2014,0
FMAC,Febre Maculosa,310080,Aguanil,MG,2015,0
FMAC,Febre Maculosa,310080,Aguanil,MG,2016,0
FMAC,Febre Maculosa,310080,Aguanil,MG,2017,0
FMAC,Febre Maculosa,310080,Aguanil,MG,2018,0
FMAC,Febre Maculosa,310080,Aguanil,MG,2019,0
FMAC,Febre Maculosa,310080,Aguanil,MG,2020,0
FMAC,Febre Maculosa,310080,Aguanil,MG,2021,0
FMAC,Febre Maculosa,310080,Aguanil,MG,2022,0
FMAC,Febre Maculosa,310080,Aguanil,MG,2023,0
FMAC,Febre Maculosa,310080,Aguanil,MG,2024,1
FMAC,Febre Maculosa,310080,Aguanil,MG,2025,0
FMAC,Febre Maculosa,310110,Aimores,MG,2001,0
FMAC,Febre Maculosa,310110,Aimores,MG,2006,0
FMAC,Febre Maculosa,310110,Aimores,MG,2007,0
FMAC,Febre Maculosa,310110,Aimores,MG,2008,0
FMAC,Febre Maculosa,310110,Aimores,MG,2009,1
FMAC,Febre Maculosa,310110,Aimores,MG,2010,0
FMAC,Febre Maculosa,310110,Aimores,MG,2011,0
FMAC,Febre Maculosa,310110,Aimores,MG,2012,0
FMAC,Febre Maculosa,310110,Aimores,MG,2013,0
FMAC,Febre Maculosa,310110,Aimores,MG,2014,0
FMAC,Febre Maculosa,310110,Aimores,MG,2015,0
FMAC,Febre Maculosa,310110,Aimores,MG,2016,0
FMAC,Febre Maculosa,310110,Aimores,MG,2017,0
FMAC,Febre Maculosa,310110,Aimores,MG,2018,0
FMAC,Febre Maculosa,310110,Aimores,MG,2019,0
FMAC,Febre Maculosa,310110,Aimores,MG,2020,0
FMAC,Febre Maculosa,310110,Aimores,MG,2021,0
FMAC,Febre Maculosa,310110,Aimores,MG,2022,0
FMAC,Febre Maculosa,310110,Aimores,MG,2023,0
FMAC,Febre Maculosa,310110,Aimores,MG,2024,2
FMAC,Febre Maculosa,310110,Aimores,MG,2025,0
FMAC,Febre Maculosa,310150,Alem Paraiba,MG,2001,0
FMAC,Febre Maculosa,310150,Alem Paraiba,MG,2006,0
FMAC,Febre Maculosa,310150,Alem Paraiba,MG,2007,0
FMAC,Febre Maculosa,310150,Alem Paraiba,MG,2008,0
FMAC,Febre Maculosa,310150,Alem Paraiba,MG,2009,0
FMAC,Febre Maculosa,310150,Alem Paraiba,MG,2010,0
FMAC,Febre Maculosa,310150,Alem Paraiba,MG,2011,0
FMAC,Febre Maculosa,310150,Alem Paraiba,MG,2012,0
FMAC,Febre Maculosa,310150,Alem Paraiba,MG,2013,0
FMAC,Febre Maculosa,310150,Alem Paraiba,MG,2014,0
FMAC,Febre Maculosa,310150,Alem Paraiba,MG,2015,0
FMAC,Febre Maculosa,310150,Alem Paraiba,MG,2016,0
FMAC,Febre Maculosa,310150,Alem Paraiba,MG,2017,0
FMAC,Febre Maculosa,310150,Alem Paraiba,MG,2018,0
FMAC,Febre Maculosa,310150,Alem Paraiba,MG,2019,0
FMAC,Febre Maculosa,310150,Alem Paraiba,MG,2020,0
FMAC,Febre Maculosa,310150,Alem Paraiba,MG,2021,0
FMAC,Febre Maculosa,310150,Alem Paraiba,MG,2022,0
FMAC,Febre Maculosa,310150,Alem Paraiba,MG,2023,0
FMAC,Febre Maculosa,310150,Alem Paraiba,MG,2024,1
FMAC,Febre Maculosa,310150,Alem Paraiba,MG,2025,0
FMAC,Febre Maculosa,310160,Alfenas,MG,2001,0
FMAC,Febre Maculosa,310160,Alfenas,MG,2006,0
FMAC,Febre Maculosa,310160,Alfenas,MG,2007,1
FMAC,Febre Maculosa,310160,Alfenas,MG,2008,0
FMAC,Febre Maculosa,310160,Alfenas,MG,2009,0
FMAC,Febre Maculosa,310160,Alfenas,MG,2010,0
FMAC,Febre Maculosa,310160,Alfenas,MG,2011,0
FMAC,Febre Maculosa,310160,Alfenas,MG,2012,0
FMAC,Febre Maculosa,310160,Alfenas,MG,2013,0
FMAC,Febre Maculosa,310160,Alfenas,MG,2014,0
FMAC,Febre Maculosa,310160,Alfenas,MG,2015,0
FMAC,Febre Maculosa,310160,Alfenas,MG,2016,0
FMAC,Febre Maculosa,310160,Alfenas,MG,2017,0
FMAC,Febre Maculosa,310160,Alfenas,MG,2018,0
FMAC,Febre Maculosa,310160,Alfenas,MG,2019,0
FMAC,Febre Maculosa,310160,Alfenas,MG,2020,0
FMAC,Febre Maculosa,310160,Alfenas,MG,2021,0
FMAC,Febre Maculosa,310160,Alfenas,MG,2022,0
FMAC,Febre Maculosa,310160,Alfenas,MG,2023,0
FMAC,Febre Maculosa,310160,Alfenas,MG,2024,0
FMAC,Febre Maculosa,310160,Alfenas,MG,2025,0
FMAC,Febre Maculosa,310220,Alvarenga,MG,2001,0
FMAC,Febre Maculosa,310220,Alvarenga,MG,2006,0
FMAC,Febre Maculosa,310220,Alvarenga,MG,2007,0
FMAC,Febre Maculosa,310220,Alvarenga,MG,2008,0
FMAC,Febre Maculosa,310220,Alvarenga,MG,2009,0
FMAC,Febre Maculosa,310220,Alvarenga,MG,2010,0
FMAC,Febre Maculosa,310220,Alvarenga,MG,2011,0
FMAC,Febre Maculosa,310220,Alvarenga,MG,2012,0
FMAC,Febre Maculosa,310220,Alvarenga,MG,2013,0
FMAC,Febre Maculosa,310220,Alvarenga,MG,2014,0
FMAC,Febre Maculosa,310220,Alvarenga,MG,2015,0
FMAC,Febre Maculosa,310220,Alvarenga,MG,2016,0
FMAC,Febre Maculosa,310220,Alvarenga,MG,2017,0
FMAC,Febre Maculosa,310220,Alvarenga,MG,2018,0
FMAC,Febre Maculosa,310220,Alvarenga,MG,2019,0
FMAC,Febre Maculosa,310220,Alvarenga,MG,2020,0
FMAC,Febre Maculosa,310220,Alvarenga,MG,2021,2
FMAC,Febre Maculosa,310220,Alvarenga,MG,2022,0
FMAC,Febre Maculosa,310220,Alvarenga,MG,2023,0
FMAC,Febre Maculosa,310220,Alvarenga,MG,2024,0
FMAC,Febre Maculosa,310220,Alvarenga,MG,2025,0
FMAC,Febre Maculosa,310300,Antonio Dias,MG,2001,0
FMAC,Febre Maculosa,310300,Antonio Dias,MG,2006,0
FMAC,Febre Maculosa,310300,Antonio Dias,MG,2007,0
FMAC,Febre Maculosa,310300,Antonio Dias,MG,2008,0
FMAC,Febre Maculosa,310300,Antonio Dias,MG,2009,0
FMAC,Febre Maculosa,310300,Antonio Dias,MG,2010,0
FMAC,Febre Maculosa,310300,Antonio Dias,MG,2011,0
FMAC,Febre Maculosa,310300,Antonio Dias,MG,2012,0
FMAC,Febre Maculosa,310300,Antonio Dias,MG,2013,0
FMAC,Febre Maculosa,310300,Antonio Dias,MG,2014,0
FMAC,Febre Maculosa,310300,Antonio Dias,MG,2015,0
FMAC,Febre Maculosa,310300,Antonio Dias,MG,2016,1
FMAC,Febre Maculosa,310300,Antonio Dias,MG,2017,0
FMAC,Febre Maculosa,310300,Antonio Dias,MG,2018,0
FMAC,Febre Maculosa,310300,Antonio Dias,MG,2019,0
FMAC,Febre Maculosa,310300,Antonio Dias,MG,2020,0
FMAC,Febre Maculosa,310300,Antonio Dias,MG,2021,0
FMAC,Febre Maculosa,310300,Antonio Dias,MG,2022,1
FMAC,Febre Maculosa,310300,Antonio Dias,MG,2023,0
FMAC,Febre Maculosa,310300,Antonio Dias,MG,2024,0
FMAC,Febre Maculosa,310300,Antonio Dias,MG,2025,0
FMAC,Febre Maculosa,310350,Araguari,MG,2001,0
FMAC,Febre Maculosa,310350,Araguari,MG,2006,0
FMAC,Febre Maculosa,310350,Araguari,MG,2007,0
FMAC,Febre Maculosa,310350,Araguari,MG,2008,0
FMAC,Febre Maculosa,310350,Araguari,MG,2009,0
FMAC,Febre Maculosa,310350,Araguari,MG,2010,0
FMAC,Febre Maculosa,310350,Araguari,MG,2011,0
FMAC,Febre Maculosa,310350,Araguari,MG,2012,0
FMAC,Febre Maculosa,310350,Araguari,MG,2013,0
FMAC,Febre Maculosa,310350,Araguari,MG,2014,0
FMAC,Febre Maculosa,310350,Araguari,MG,2015,0
FMAC,Febre Maculosa,310350,Araguari,MG,2016,0
FMAC,Febre Maculosa,310350,Araguari,MG,2017,0
FMAC,Febre Maculosa,310350,Araguari,MG,2018,0
FMAC,Febre Maculosa,310350,Araguari,MG,2019,0
FMAC,Febre Maculosa,310350,Araguari,MG,2020,0
FMAC,Febre Maculosa,310350,Araguari,MG,2021,0
FMAC,Febre Maculosa,310350,Araguari,MG,2022,0
FMAC,Febre Maculosa,310350,Araguari,MG,2023,0
FMAC,Febre Maculosa,310350,Araguari,MG,2024,4
FMAC,Febre Maculosa,310350,Araguari,MG,2025,0
FMAC,Febre Maculosa,310400,Araxa,MG,2001,0
FMAC,Febre Maculosa,310400,Araxa,MG,2006,0
FMAC,Febre Maculosa,310400,Araxa,MG,2007,0
FMAC,Febre Maculosa,310400,Araxa,MG,2008,0
FMAC,Febre Maculosa,310400,Araxa,MG,2009,0
FMAC,Febre Maculosa,310400,Araxa,MG,2010,0
FMAC,Febre Maculosa,310400,Araxa,MG,2011,1
FMAC,Febre Maculosa,310400,Araxa,MG,2012,0
FMAC,Febre Maculosa,310400,Araxa,MG,2013,0
FMAC,Febre Maculosa,310400,Araxa,MG,2014,0
FMAC,Febre Maculosa,310400,Araxa,MG,2015,0
FMAC,Febre Maculosa,310400,Araxa,MG,2016,0
FMAC,Febre Maculosa,310400,Araxa,MG,2017,0
FMAC,Febre Maculosa,310400,Araxa,MG,2018,1
FMAC,Febre Maculosa,310400,Araxa,MG,2019,0
FMAC,Febre Maculosa,310400,Araxa,MG,2020,0
FMAC,Febre Maculosa,310400,Araxa,MG,2021,0
FMAC,Febre Maculosa,310400,Araxa,MG,2022,0
FMAC,Febre Maculosa,310400,Araxa,MG,2023,0
FMAC,Febre Maculosa,310400,Araxa,MG,2024,0
FMAC,Febre Maculosa,310400,Araxa,MG,2025,0
FMAC,Febre Maculosa,310420,Arcos,MG,2001,0
FMAC,Febre Maculosa,310420,Arcos,MG,2006,0
FMAC,Febre Maculosa,310420,Arcos,MG,2007,0
FMAC,Febre Maculosa,310420,Arcos,MG,2008,0
FMAC,Febre Maculosa,310420,Arcos,MG,2009,0
FMAC,Febre Maculosa,310420,Arcos,MG,2010,0
FMAC,Febre Maculosa,310420,Arcos,MG,2011,0
FMAC,Febre Maculosa,310420,Arcos,MG,2012,0
FMAC,Febre Maculosa,310420,Arcos,MG,2013,0
FMAC,Febre Maculosa,310420,Arcos,MG,2014,0
FMAC,Febre Maculosa,310420,Arcos,MG,2015,0
FMAC,Febre Maculosa,310420,Arcos,MG,2016,0
FMAC,Febre Maculosa,310420,Arcos,MG,2017,0
FMAC,Febre Maculosa,310420,Arcos,MG,2018,0
FMAC,Febre Maculosa,310420,Arcos,MG,2019,0
FMAC,Febre Maculosa,310420,Arcos,MG,2020,0
FMAC,Febre Maculosa,310420,Arcos,MG,2021,0
FMAC,Febre Maculosa,310420,Arcos,MG,2022,0
FMAC,Febre Maculosa,310420,Arcos,MG,2023,0
FMAC,Febre Maculosa,310420,Arcos,MG,2024,0
FMAC,Febre Maculosa,310420,Arcos,MG,2025,1
FMAC,Febre Maculosa,310510,Bambui,MG,2001,0
FMAC,Febre Maculosa,310510,Bambui,MG,2006,0
FMAC,Febre Maculosa,310510,Bambui,MG,2007,0
FMAC,Febre Maculosa,310510,Bambui,MG,2008,0
FMAC,Febre Maculosa,310510,Bambui,MG,2009,0
FMAC,Febre Maculosa,310510,Bambui,MG,2010,0
FMAC,Febre Maculosa,310510,Bambui,MG,2011,0
FMAC,Febre Maculosa,310510,Bambui,MG,2012,0
FMAC,Febre Maculosa,310510,Bambui,MG,2013,0
FMAC,Febre Maculosa,310510,Bambui,MG,2014,0
FMAC,Febre Maculosa,310510,Bambui,MG,2015,0
FMAC,Febre Maculosa,310510,Bambui,MG,2016,0
FMAC,Febre Maculosa,310510,Bambui,MG,2017,0
FMAC,Febre Maculosa,310510,Bambui,MG,2018,0
FMAC,Febre Maculosa,310510,Bambui,MG,2019,0
FMAC,Febre Maculosa,310510,Bambui,MG,2020,0
FMAC,Febre Maculosa,310510,Bambui,MG,2021,0
FMAC,Febre Maculosa,310510,Bambui,MG,2022,0
FMAC,Febre Maculosa,310510,Bambui,MG,2023,0
FMAC,Febre Maculosa,310510,Bambui,MG,2024,0
FMAC,Febre Maculosa,310510,Bambui,MG,2025,1
FMAC,Febre Maculosa,310530,Bandeira do Sul,MG,2001,0
FMAC,Febre Maculosa,310530,Bandeira do Sul,MG,2006,0
FMAC,Febre Maculosa,310530,Bandeira do Sul,MG,2007,0
FMAC,Febre Maculosa,310530,Bandeira do Sul,MG,2008,0
FMAC,Febre Maculosa,310530,Bandeira do Sul,MG,2009,0
FMAC,Febre Maculosa,310530,Bandeira do Sul,MG,2010,0
FMAC,Febre Maculosa,310530,Bandeira do Sul,MG,2011,0
FMAC,Febre Maculosa,310530,Bandeira do Sul,MG,2012,0
FMAC,Febre Maculosa,310530,Bandeira do Sul,MG,2013,0
FMAC,Febre Maculosa,310530,Bandeira do Sul,MG,2014,1
FMAC,Febre Maculosa,310530,Bandeira do Sul,MG,2015,0
FMAC,Febre Maculosa,310530,Bandeira do Sul,MG,2016,0
FMAC,Febre Maculosa,310530,Bandeira do Sul,MG,2017,0
FMAC,Febre Maculosa,310530,Bandeira do Sul,MG,2018,0
FMAC,Febre Maculosa,310530,Bandeira do Sul,MG,2019,0
FMAC,Febre Maculosa,310530,Bandeira do Sul,MG,2020,0
FMAC,Febre Maculosa,310530,Bandeira do Sul,MG,2021,0
FMAC,Febre Maculosa,310530,Bandeira do Sul,MG,2022,0
FMAC,Febre Maculosa,310530,Bandeira do Sul,MG,2023,0
FMAC,Febre Maculosa,310530,Bandeira do Sul,MG,2024,0
FMAC,Febre Maculosa,310530,Bandeira do Sul,MG,2025,0
FMAC,Febre Maculosa,310540,Barao de Cocais,MG,2001,0
FMAC,Febre Maculosa,310540,Barao de Cocais,MG,2006,0
FMAC,Febre Maculosa,310540,Barao de Cocais,MG,2007,0
FMAC,Febre Maculosa,310540,Barao de Cocais,MG,2008,0
FMAC,Febre Maculosa,310540,Barao de Cocais,MG,2009,0
FMAC,Febre Maculosa,310540,Barao de Cocais,MG,2010,0
FMAC,Febre Maculosa,310540,Barao de Cocais,MG,2011,1
FMAC,Febre Maculosa,310540,Barao de Cocais,MG,2012,0
FMAC,Febre Maculosa,310540,Barao de Cocais,MG,2013,0
FMAC,Febre Maculosa,310540,Barao de Cocais,MG,2014,0
FMAC,Febre Maculosa,310540,Barao de Cocais,MG,2015,0
FMAC,Febre Maculosa,310540,Barao de Cocais,MG,2016,0
FMAC,Febre Maculosa,310540,Barao de Cocais,MG,2017,0
FMAC,Febre Maculosa,310540,Barao de Cocais,MG,2018,0
FMAC,Febre Maculosa,310540,Barao de Cocais,MG,2019,0
FMAC,Febre Maculosa,310540,Barao de Cocais,MG,2020,0
FMAC,Febre Maculosa,310540,Barao de Cocais,MG,2021,2
FMAC,Febre Maculosa,310540,Barao de Cocais,MG,2022,0
FMAC,Febre Maculosa,310540,Barao de Cocais,MG,2023,1
FMAC,Febre Maculosa,310540,Barao de Cocais,MG,2024,0
FMAC,Febre Maculosa,310540,Barao de Cocais,MG,2025,0
FMAC,Febre Maculosa,310560,Barbacena,MG,2001,0
FMAC,Febre Maculosa,310560,Barbacena,MG,2006,0
FMAC,Febre Maculosa,310560,Barbacena,MG,2007,0
FMAC,Febre Maculosa,310560,Barbacena,MG,2008,0
FMAC,Febre Maculosa,310560,Barbacena,MG,2009,0
FMAC,Febre Maculosa,310560,Barbacena,MG,2010,0
FMAC,Febre Maculosa,310560,Barbacena,MG,2011,0
FMAC,Febre Maculosa,310560,Barbacena,MG,2012,0
FMAC,Febre Maculosa,310560,Barbacena,MG,2013,0
FMAC,Febre Maculosa,310560,Barbacena,MG,2014,0
FMAC,Febre Maculosa,310560,Barbacena,MG,2015,0
FMAC,Febre Maculosa,310560,Barbacena,MG,2016,0
FMAC,Febre Maculosa,310560,Barbacena,MG,2017,1
FMAC,Febre Maculosa,310560,Barbacena,MG,2018,0
FMAC,Febre Maculosa,310560,Barbacena,MG,2019,2
FMAC,Febre Maculosa,310560,Barbacena,MG,2020,0
FMAC,Febre Maculosa,310560,Barbacena,MG,2021,0
FMAC,Febre Maculosa,310560,Barbacena,MG,2022,0
FMAC,Febre Maculosa,310560,Barbacena,MG,2023,0
FMAC,Febre Maculosa,310560,Barbacena,MG,2024,0
FMAC,Febre Maculosa,310560,Barbacena,MG,2025,0
FMAC,Febre Maculosa,310620,Belo Horizonte,MG,2001,0
FMAC,Febre Maculosa,310620,Belo Horizonte,MG,2006,0
FMAC,Febre Maculosa,310620,Belo Horizonte,MG,2007,2
FMAC,Febre Maculosa,310620,Belo Horizonte,MG,2008,0
FMAC,Febre Maculosa,310620,Belo Horizonte,MG,2009,2
FMAC,Febre Maculosa,310620,Belo Horizonte,MG,2010,0
FMAC,Febre Maculosa,310620,Belo Horizonte,MG,2011,4
FMAC,Febre Maculosa,310620,Belo Horizonte,MG,2012,1
FMAC,Febre Maculosa,310620,Belo Horizonte,MG,2013,3
FMAC,Febre Maculosa,310620,Belo Horizonte,MG,2014,3
FMAC,Febre Maculosa,310620,Belo Horizonte,MG,2015,2
FMAC,Febre Maculosa,310620,Belo Horizonte,MG,2016,2
FMAC,Febre Maculosa,310620,Belo Horizonte,MG,2017,8
FMAC,Febre Maculosa,310620,Belo Horizonte,MG,2018,19
FMAC,Febre Maculosa,310620,Belo Horizonte,MG,2019,38
FMAC,Febre Maculosa,310620,Belo Horizonte,MG,2020,6
FMAC,Febre Maculosa,310620,Belo Horizonte,MG,2021,22
FMAC,Febre Maculosa,310620,Belo Horizonte,MG,2022,4
FMAC,Febre Maculosa,310620,Belo Horizonte,MG,2023,5
FMAC,Febre Maculosa,310620,Belo Horizonte,MG,2024,16
FMAC,Febre Maculosa,310620,Belo Horizonte,MG,2025,8
FMAC,Febre Maculosa,310630,Belo Oriente,MG,2001,0
FMAC,Febre Maculosa,310630,Belo Oriente,MG,2006,0
FMAC,Febre Maculosa,310630,Belo Oriente,MG,2007,0
FMAC,Febre Maculosa,310630,Belo Oriente,MG,2008,0
FMAC,Febre Maculosa,310630,Belo Oriente,MG,2009,0
FMAC,Febre Maculosa,310630,Belo Oriente,MG,2010,0
FMAC,Febre Maculosa,310630,Belo Oriente,MG,2011,0
FMAC,Febre Maculosa,310630,Belo Oriente,MG,2012,0
FMAC,Febre Maculosa,310630,Belo Oriente,MG,2013,0
FMAC,Febre Maculosa,310630,Belo Oriente,MG,2014,0
FMAC,Febre Maculosa,310630,Belo Oriente,MG,2015,0
FMAC,Febre Maculosa,310630,Belo Oriente,MG,2016,0
FMAC,Febre Maculosa,310630,Belo Oriente,MG,2017,0
FMAC,Febre Maculosa,310630,Belo Oriente,MG,2018,0
FMAC,Febre Maculosa,310630,Belo Oriente,MG,2019,0
FMAC,Febre Maculosa,310630,Belo Oriente,MG,2020,0
FMAC,Febre Maculosa,310630,Belo Oriente,MG,2021,0
FMAC,Febre Maculosa,310630,Belo Oriente,MG,2022,0
FMAC,Febre Maculosa,310630,Belo Oriente,MG,2023,0
FMAC,Febre Maculosa,310630,Belo Oriente,MG,2024,0
FMAC,Febre Maculosa,310630,Belo Oriente,MG,2025,1
FMAC,Febre Maculosa,310670,Betim,MG,2001,0
FMAC,Febre Maculosa,310670,Betim,MG,2006,0
FMAC,Febre Maculosa,310670,Betim,MG,2007,1
FMAC,Febre Maculosa,310670,Betim,MG,2008,0
FMAC,Febre Maculosa,310670,Betim,MG,2009,0
FMAC,Febre Maculosa,310670,Betim,MG,2010,0
FMAC,Febre Maculosa,310670,Betim,MG,2011,0
FMAC,Febre Maculosa,310670,Betim,MG,2012,0
FMAC,Febre Maculosa,310670,Betim,MG,2013,0
FMAC,Febre Maculosa,310670,Betim,MG,2014,0
FMAC,Febre Maculosa,310670,Betim,MG,2015,0
FMAC,Febre Maculosa,310670,Betim,MG,2016,1
FMAC,Febre Maculosa,310670,Betim,MG,2017,0
FMAC,Febre Maculosa,310670,Betim,MG,2018,2
FMAC,Febre Maculosa,310670,Betim,MG,2019,0
FMAC,Febre Maculosa,310670,Betim,MG,2020,0
FMAC,Febre Maculosa,310670,Betim,MG,2021,1
FMAC,Febre Maculosa,310670,Betim,MG,2022,0
FMAC,Febre Maculosa,310670,Betim,MG,2023,1
FMAC,Febre Maculosa,310670,Betim,MG,2024,7
FMAC,Febre Maculosa,310670,Betim,MG,2025,2
FMAC,Febre Maculosa,310690,Bicas,MG,2001,0
FMAC,Febre Maculosa,310690,Bicas,MG,2006,0
FMAC,Febre Maculosa,310690,Bicas,MG,2007,0
FMAC,Febre Maculosa,310690,Bicas,MG,2008,0
FMAC,Febre Maculosa,310690,Bicas,MG,2009,0
FMAC,Febre Maculosa,310690,Bicas,MG,2010,0
FMAC,Febre Maculosa,310690,Bicas,MG,2011,0
FMAC,Febre Maculosa,310690,Bicas,MG,2012,0
FMAC,Febre Maculosa,310690,Bicas,MG,2013,0
FMAC,Febre Maculosa,310690,Bicas,MG,2014,0
FMAC,Febre Maculosa,310690,Bicas,MG,2015,0
FMAC,Febre Maculosa,310690,Bicas,MG,2016,0
FMAC,Febre Maculosa,310690,Bicas,MG,2017,0
FMAC,Febre Maculosa,310690,Bicas,MG,2018,0
FMAC,Febre Maculosa,310690,Bicas,MG,2019,0
FMAC,Febre Maculosa,310690,Bicas,MG,2020,0
FMAC,Febre Maculosa,310690,Bicas,MG,2021,1
FMAC,Febre Maculosa,310690,Bicas,MG,2022,0
FMAC,Febre Maculosa,310690,Bicas,MG,2023,0
FMAC,Febre Maculosa,310690,Bicas,MG,2024,0
FMAC,Febre Maculosa,310690,Bicas,MG,2025,0
FMAC,Febre Maculosa,310710,Boa Esperanca,MG,2001,0
FMAC,Febre Maculosa,310710,Boa Esperanca,MG,2006,0
FMAC,Febre Maculosa,310710,Boa Esperanca,MG,2007,0
FMAC,Febre Maculosa,310710,Boa Esperanca,MG,2008,0
FMAC,Febre Maculosa,310710,Boa Esperanca,MG,2009,0
FMAC,Febre Maculosa,310710,Boa Esperanca,MG,2010,0
FMAC,Febre Maculosa,310710,Boa Esperanca,MG,2011,0
FMAC,Febre Maculosa,310710,Boa Esperanca,MG,2012,0
FMAC,Febre Maculosa,310710,Boa Esperanca,MG,2013,0
FMAC,Febre Maculosa,310710,Boa Esperanca,MG,2014,0
FMAC,Febre Maculosa,310710,Boa Esperanca,MG,2015,0
FMAC,Febre Maculosa,310710,Boa Esperanca,MG,2016,0
FMAC,Febre Maculosa,310710,Boa Esperanca,MG,2017,0
FMAC,Febre Maculosa,310710,Boa Esperanca,MG,2018,0
FMAC,Febre Maculosa,310710,Boa Esperanca,MG,2019,0
FMAC,Febre Maculosa,310710,Boa Esperanca,MG,2020,0
FMAC,Febre Maculosa,310710,Boa Esperanca,MG,2021,0
FMAC,Febre Maculosa,310710,Boa Esperanca,MG,2022,0
FMAC,Febre Maculosa,310710,Boa Esperanca,MG,2023,0
FMAC,Febre Maculosa,310710,Boa Esperanca,MG,2024,0
FMAC,Febre Maculosa,310710,Boa Esperanca,MG,2025,1
FMAC,Febre Maculosa,310800,Bom Sucesso,MG,2001,0
FMAC,Febre Maculosa,310800,Bom Sucesso,MG,2006,0
FMAC,Febre Maculosa,310800,Bom Sucesso,MG,2007,0
FMAC,Febre Maculosa,310800,Bom Sucesso,MG,2008,0
FMAC,Febre Maculosa,310800,Bom Sucesso,MG,2009,0
FMAC,Febre Maculosa,310800,Bom Sucesso,MG,2010,0
FMAC,Febre Maculosa,310800,Bom Sucesso,MG,2011,0
FMAC,Febre Maculosa,310800,Bom Sucesso,MG,2012,0
FMAC,Febre Maculosa,310800,Bom Sucesso,MG,2013,0
FMAC,Febre Maculosa,310800,Bom Sucesso,MG,2014,0
FMAC,Febre Maculosa,310800,Bom Sucesso,MG,2015,0
FMAC,Febre Maculosa,310800,Bom Sucesso,MG,2016,0
FMAC,Febre Maculosa,310800,Bom Sucesso,MG,2017,0
FMAC,Febre Maculosa,310800,Bom Sucesso,MG,2018,0
FMAC,Febre Maculosa,310800,Bom Sucesso,MG,2019,0
FMAC,Febre Maculosa,310800,Bom Sucesso,MG,2020,0
FMAC,Febre Maculosa,310800,Bom Sucesso,MG,2021,1
FMAC,Febre Maculosa,310800,Bom Sucesso,MG,2022,1
FMAC,Febre Maculosa,310800,Bom Sucesso,MG,2023,0
FMAC,Febre Maculosa,310800,Bom Sucesso,MG,2024,1
FMAC,Febre Maculosa,310800,Bom Sucesso,MG,2025,0
FMAC,Febre Maculosa,310950,Cabo Verde,MG,2001,0
FMAC,Febre Maculosa,310950,Cabo Verde,MG,2006,0
FMAC,Febre Maculosa,310950,Cabo Verde,MG,2007,0
FMAC,Febre Maculosa,310950,Cabo Verde,MG,2008,0
FMAC,Febre Maculosa,310950,Cabo Verde,MG,2009,0
FMAC,Febre Maculosa,310950,Cabo Verde,MG,2010,0
FMAC,Febre Maculosa,310950,Cabo Verde,MG,2011,0
FMAC,Febre Maculosa,310950,Cabo Verde,MG,2012,0
FMAC,Febre Maculosa,310950,Cabo Verde,MG,2013,0
FMAC,Febre Maculosa,310950,Cabo Verde,MG,2014,0
FMAC,Febre Maculosa,310950,Cabo Verde,MG,2015,0
FMAC,Febre Maculosa,310950,Cabo Verde,MG,2016,0
FMAC,Febre Maculosa,310950,Cabo Verde,MG,2017,0
FMAC,Febre Maculosa,310950,Cabo Verde,MG,2018,0
FMAC,Febre Maculosa,310950,Cabo Verde,MG,2019,0
FMAC,Febre Maculosa,310950,Cabo Verde,MG,2020,0
FMAC,Febre Maculosa,310950,Cabo Verde,MG,2021,0
FMAC,Febre Maculosa,310950,Cabo Verde,MG,2022,0
FMAC,Febre Maculosa,310950,Cabo Verde,MG,2023,0
FMAC,Febre Maculosa,310950,Cabo Verde,MG,2024,1
FMAC,Febre Maculosa,310950,Cabo Verde,MG,2025,0
FMAC,Febre Maculosa,311000,Caete,MG,2001,0
FMAC,Febre Maculosa,311000,Caete,MG,2006,0
FMAC,Febre Maculosa,311000,Caete,MG,2007,0
FMAC,Febre Maculosa,311000,Caete,MG,2008,0
FMAC,Febre Maculosa,311000,Caete,MG,2009,1
FMAC,Febre Maculosa,311000,Caete,MG,2010,0
FMAC,Febre Maculosa,311000,Caete,MG,2011,0
FMAC,Febre Maculosa,311000,Caete,MG,2012,0
FMAC,Febre Maculosa,311000,Caete,MG,2013,0
FMAC,Febre Maculosa,311000,Caete,MG,2014,0
FMAC,Febre Maculosa,311000,Caete,MG,2015,0
FMAC,Febre Maculosa,311000,Caete,MG,2016,0
FMAC,Febre Maculosa,311000,Caete,MG,2017,0
FMAC,Febre Maculosa,311000,Caete,MG,2018,0
FMAC,Febre Maculosa,311000,Caete,MG,2019,1
FMAC,Febre Maculosa,311000,Caete,MG,2020,0
FMAC,Febre Maculosa,311000,Caete,MG,2021,0
FMAC,Febre Maculosa,311000,Caete,MG,2022,0
FMAC,Febre Maculosa,311000,Caete,MG,2023,0
FMAC,Febre Maculosa,311000,Caete,MG,2024,1
FMAC,Febre Maculosa,311000,Caete,MG,2025,3
FMAC,Febre Maculosa,311030,Caldas,MG,2001,0
FMAC,Febre Maculosa,311030,Caldas,MG,2006,0
FMAC,Febre Maculosa,311030,Caldas,MG,2007,0
FMAC,Febre Maculosa,311030,Caldas,MG,2008,0
FMAC,Febre Maculosa,311030,Caldas,MG,2009,0
FMAC,Febre Maculosa,311030,Caldas,MG,2010,0
FMAC,Febre Maculosa,311030,Caldas,MG,2011,0
FMAC,Febre Maculosa,311030,Caldas,MG,2012,0
FMAC,Febre Maculosa,311030,Caldas,MG,2013,0
FMAC,Febre Maculosa,311030,Caldas,MG,2014,0
FMAC,Febre Maculosa,311030,Caldas,MG,2015,0
FMAC,Febre Maculosa,311030,Caldas,MG,2016,1
FMAC,Febre Maculosa,311030,Caldas,MG,2017,0
FMAC,Febre Maculosa,311030,Caldas,MG,2018,0
FMAC,Febre Maculosa,311030,Caldas,MG,2019,0
FMAC,Febre Maculosa,311030,Caldas,MG,2020,0
FMAC,Febre Maculosa,311030,Caldas,MG,2021,1
FMAC,Febre Maculosa,311030,Caldas,MG,2022,0
FMAC,Febre Maculosa,311030,Caldas,MG,2023,0
FMAC,Febre Maculosa,311030,Caldas,MG,2024,0
FMAC,Febre Maculosa,311030,Caldas,MG,2025,0
FMAC,Febre Maculosa,311110,Campina Verde,MG,2001,0
FMAC,Febre Maculosa,311110,Campina Verde,MG,2006,0
FMAC,Febre Maculosa,311110,Campina Verde,MG,2007,0
FMAC,Febre Maculosa,311110,Campina Verde,MG,2008,0
FMAC,Febre Maculosa,311110,Campina Verde,MG,2009,0
FMAC,Febre Maculosa,311110,Campina Verde,MG,2010,0
FMAC,Febre Maculosa,311110,Campina Verde,MG,2011,0
FMAC,Febre Maculosa,311110,Campina Verde,MG,2012,0
FMAC,Febre Maculosa,311110,Campina Verde,MG,2013,0
FMAC,Febre Maculosa,311110,Campina Verde,MG,2014,0
FMAC,Febre Maculosa,311110,Campina Verde,MG,2015,0
FMAC,Febre Maculosa,311110,Campina Verde,MG,2016,0
FMAC,Febre Maculosa,311110,Campina Verde,MG,2017,0
FMAC,Febre Maculosa,311110,Campina Verde,MG,2018,0
FMAC,Febre Maculosa,311110,Campina Verde,MG,2019,0
FMAC,Febre Maculosa,311110,Campina Verde,MG,2020,0
FMAC,Febre Maculosa,311110,Campina Verde,MG,2021,0
FMAC,Febre Maculosa,311110,Campina Verde,MG,2022,0
FMAC,Febre Maculosa,311110,Campina Verde,MG,2023,0
FMAC,Febre Maculosa,311110,Campina Verde,MG,2024,1
FMAC,Febre Maculosa,311110,Campina Verde,MG,2025,0
FMAC,Febre Maculosa,311120,Campo Belo,MG,2001,0
FMAC,Febre Maculosa,311120,Campo Belo,MG,2006,0
FMAC,Febre Maculosa,311120,Campo Belo,MG,2007,0
FMAC,Febre Maculosa,311120,Campo Belo,MG,2008,0
FMAC,Febre Maculosa,311120,Campo Belo,MG,2009,0
FMAC,Febre Maculosa,311120,Campo Belo,MG,2010,0
FMAC,Febre Maculosa,311120,Campo Belo,MG,2011,0
FMAC,Febre Maculosa,311120,Campo Belo,MG,2012,0
FMAC,Febre Maculosa,311120,Campo Belo,MG,2013,0
FMAC,Febre Maculosa,311120,Campo Belo,MG,2014,1
FMAC,Febre Maculosa,311120,Campo Belo,MG,2015,0
FMAC,Febre Maculosa,311120,Campo Belo,MG,2016,0
FMAC,Febre Maculosa,311120,Campo Belo,MG,2017,0
FMAC,Febre Maculosa,311120,Campo Belo,MG,2018,0
FMAC,Febre Maculosa,311120,Campo Belo,MG,2019,0
FMAC,Febre Maculosa,311120,Campo Belo,MG,2020,0
FMAC,Febre Maculosa,311120,Campo Belo,MG,2021,0
FMAC,Febre Maculosa,311120,Campo Belo,MG,2022,0
FMAC,Febre Maculosa,311120,Campo Belo,MG,2023,0
FMAC,Febre Maculosa,311120,Campo Belo,MG,2024,0
FMAC,Febre Maculosa,311120,Campo Belo,MG,2025,0
FMAC,Febre Maculosa,311250,Capim Branco,MG,2001,0
FMAC,Febre Maculosa,311250,Capim Branco,MG,2006,0
FMAC,Febre Maculosa,311250,Capim Branco,MG,2007,0
FMAC,Febre Maculosa,311250,Capim Branco,MG,2008,0
FMAC,Febre Maculosa,311250,Capim Branco,MG,2009,0
FMAC,Febre Maculosa,311250,Capim Branco,MG,2010,0
FMAC,Febre Maculosa,311250,Capim Branco,MG,2011,0
FMAC,Febre Maculosa,311250,Capim Branco,MG,2012,0
FMAC,Febre Maculosa,311250,Capim Branco,MG,2013,0
FMAC,Febre Maculosa,311250,Capim Branco,MG,2014,0
FMAC,Febre Maculosa,311250,Capim Branco,MG,2015,0
FMAC,Febre Maculosa,311250,Capim Branco,MG,2016,0
FMAC,Febre Maculosa,311250,Capim Branco,MG,2017,0
FMAC,Febre Maculosa,311250,Capim Branco,MG,2018,0
FMAC,Febre Maculosa,311250,Capim Branco,MG,2019,0
FMAC,Febre Maculosa,311250,Capim Branco,MG,2020,0
FMAC,Febre Maculosa,311250,Capim Branco,MG,2021,0
FMAC,Febre Maculosa,311250,Capim Branco,MG,2022,0
FMAC,Febre Maculosa,311250,Capim Branco,MG,2023,1
FMAC,Febre Maculosa,311250,Capim Branco,MG,2024,0
FMAC,Febre Maculosa,311250,Capim Branco,MG,2025,0
FMAC,Febre Maculosa,311320,Carandai,MG,2001,0
FMAC,Febre Maculosa,311320,Carandai,MG,2006,0
FMAC,Febre Maculosa,311320,Carandai,MG,2007,0
FMAC,Febre Maculosa,311320,Carandai,MG,2008,0
FMAC,Febre Maculosa,311320,Carandai,MG,2009,0
FMAC,Febre Maculosa,311320,Carandai,MG,2010,0
FMAC,Febre Maculosa,311320,Carandai,MG,2011,0
FMAC,Febre Maculosa,311320,Carandai,MG,2012,0
FMAC,Febre Maculosa,311320,Carandai,MG,2013,0
FMAC,Febre Maculosa,311320,Carandai,MG,2014,0
FMAC,Febre Maculosa,311320,Carandai,MG,2015,0
FMAC,Febre Maculosa,311320,Carandai,MG,2016,0
FMAC,Febre Maculosa,311320,Carandai,MG,2017,0
FMAC,Febre Maculosa,311320,Carandai,MG,2018,0
FMAC,Febre Maculosa,311320,Carandai,MG,2019,0
FMAC,Febre Maculosa,311320,Carandai,MG,2020,0
FMAC,Febre Maculosa,311320,Carandai,MG,2021,0
FMAC,Febre Maculosa,311320,Carandai,MG,2022,0
FMAC,Febre Maculosa,311320,Carandai,MG,2023,0
FMAC,Febre Maculosa,311320,Carandai,MG,2024,2
FMAC,Febre Maculosa,311320,Carandai,MG,2025,0
FMAC,Febre Maculosa,311330,Carangola,MG,2001,0
FMAC,Febre Maculosa,311330,Carangola,MG,2006,0
FMAC,Febre Maculosa,311330,Carangola,MG,2007,0
FMAC,Febre Maculosa,311330,Carangola,MG,2008,0
FMAC,Febre Maculosa,311330,Carangola,MG,2009,0
FMAC,Febre Maculosa,311330,Carangola,MG,2010,0
FMAC,Febre Maculosa,311330,Carangola,MG,2011,0
FMAC,Febre Maculosa,311330,Carangola,MG,2012,0
FMAC,Febre Maculosa,311330,Carangola,MG,2013,3
FMAC,Febre Maculosa,311330,Carangola,MG,2014,0
FMAC,Febre Maculosa,311330,Carangola,MG,2015,1
FMAC,Febre Maculosa,311330,Carangola,MG,2016,1
FMAC,Febre Maculosa,311330,Carangola,MG,2017,0
FMAC,Febre Maculosa,311330,Carangola,MG,2018,0
FMAC,Febre Maculosa,311330,Carangola,MG,2019,3
FMAC,Febre Maculosa,311330,Carangola,MG,2020,0
FMAC,Febre Maculosa,311330,Carangola,MG,2021,0
FMAC,Febre Maculosa,311330,Carangola,MG,2022,2
FMAC,Febre Maculosa,311330,Carangola,MG,2023,0
FMAC,Febre Maculosa,311330,Carangola,MG,2024,0
FMAC,Febre Maculosa,311330,Carangola,MG,2025,0
FMAC,Febre Maculosa,311340,Caratinga,MG,2001,0
FMAC,Febre Maculosa,311340,Caratinga,MG,2006,0
FMAC,Febre Maculosa,311340,Caratinga,MG,2007,0
FMAC,Febre Maculosa,311340,Caratinga,MG,2008,2
FMAC,Febre Maculosa,311340,Caratinga,MG,2009,1
FMAC,Febre Maculosa,311340,Caratinga,MG,2010,1
FMAC,Febre Maculosa,311340,Caratinga,MG,2011,0
FMAC,Febre Maculosa,311340,Caratinga,MG,2012,0
FMAC,Febre Maculosa,311340,Caratinga,MG,2013,0
FMAC,Febre Maculosa,311340,Caratinga,MG,2014,0
FMAC,Febre Maculosa,311340,Caratinga,MG,2015,0
FMAC,Febre Maculosa,311340,Caratinga,MG,2016,0
FMAC,Febre Maculosa,311340,Caratinga,MG,2017,1
FMAC,Febre Maculosa,311340,Caratinga,MG,2018,3
FMAC,Febre Maculosa,311340,Caratinga,MG,2019,4
FMAC,Febre Maculosa,311340,Caratinga,MG,2020,3
FMAC,Febre Maculosa,311340,Caratinga,MG,2021,2
FMAC,Febre Maculosa,311340,Caratinga,MG,2022,1
FMAC,Febre Maculosa,311340,Caratinga,MG,2023,1
FMAC,Febre Maculosa,311340,Caratinga,MG,2024,0
FMAC,Febre Maculosa,311340,Caratinga,MG,2025,1
FMAC,Febre Maculosa,311350,Carbonita,MG,2001,0
FMAC,Febre Maculosa,311350,Carbonita,MG,2006,0
FMAC,Febre Maculosa,311350,Carbonita,MG,2007,0
FMAC,Febre Maculosa,311350,Carbonita,MG,2008,0
FMAC,Febre Maculosa,311350,Carbonita,MG,2009,0
FMAC,Febre Maculosa,311350,Carbonita,MG,2010,0
FMAC,Febre Maculosa,311350,Carbonita,MG,2011,0
FMAC,Febre Maculosa,311350,Carbonita,MG,2012,0
FMAC,Febre Maculosa,311350,Carbonita,MG,2013,0
FMAC,Febre Maculosa,311350,Carbonita,MG,2014,0
FMAC,Febre Maculosa,311350,Carbonita,MG,2015,0
FMAC,Febre Maculosa,311350,Carbonita,MG,2016,0
FMAC,Febre Maculosa,311350,Carbonita,MG,2017,0
FMAC,Febre Maculosa,311350,Carbonita,MG,2018,0
FMAC,Febre Maculosa,311350,Carbonita,MG,2019,0
FMAC,Febre Maculosa,311350,Carbonita,MG,2020,0
FMAC,Febre Maculosa,311350,Carbonita,MG,2021,0
FMAC,Febre Maculosa,311350,Carbonita,MG,2022,0
FMAC,Febre Maculosa,311350,Carbonita,MG,2023,1
FMAC,Febre Maculosa,311350,Carbonita,MG,2024,0
FMAC,Febre Maculosa,311350,Carbonita,MG,2025,0
FMAC,Febre Maculosa,311370,Carlos Chagas,MG,2001,0
FMAC,Febre Maculosa,311370,Carlos Chagas,MG,2006,0
FMAC,Febre Maculosa,311370,Carlos Chagas,MG,2007,0
FMAC,Febre Maculosa,311370,Carlos Chagas,MG,2008,0
FMAC,Febre Maculosa,311370,Carlos Chagas,MG,2009,0
FMAC,Febre Maculosa,311370,Carlos Chagas,MG,2010,0
FMAC,Febre Maculosa,311370,Carlos Chagas,MG,2011,0
FMAC,Febre Maculosa,311370,Carlos Chagas,MG,2012,0
FMAC,Febre Maculosa,311370,Carlos Chagas,MG,2013,0
FMAC,Febre Maculosa,311370,Carlos Chagas,MG,2014,0
FMAC,Febre Maculosa,311370,Carlos Chagas,MG,2015,0
FMAC,Febre Maculosa,311370,Carlos Chagas,MG,2016,0
FMAC,Febre Maculosa,311370,Carlos Chagas,MG,2017,0
FMAC,Febre Maculosa,311370,Carlos Chagas,MG,2018,0
FMAC,Febre Maculosa,311370,Carlos Chagas,MG,2019,0
FMAC,Febre Maculosa,311370,Carlos Chagas,MG,2020,0
FMAC,Febre Maculosa,311370,Carlos Chagas,MG,2021,0
FMAC,Febre Maculosa,311370,Carlos Chagas,MG,2022,0
FMAC,Febre Maculosa,311370,Carlos Chagas,MG,2023,1
FMAC,Febre Maculosa,311370,Carlos Chagas,MG,2024,0
FMAC,Febre Maculosa,311370,Carlos Chagas,MG,2025,1
FMAC,Febre Maculosa,311380,Carmesia,MG,2001,0
FMAC,Febre Maculosa,311380,Carmesia,MG,2006,0
FMAC,Febre Maculosa,311380,Carmesia,MG,2007,0
FMAC,Febre Maculosa,311380,Carmesia,MG,2008,0
FMAC,Febre Maculosa,311380,Carmesia,MG,2009,0
FMAC,Febre Maculosa,311380,Carmesia,MG,2010,0
FMAC,Febre Maculosa,311380,Carmesia,MG,2011,0
FMAC,Febre Maculosa,311380,Carmesia,MG,2012,0
FMAC,Febre Maculosa,311380,Carmesia,MG,2013,0
FMAC,Febre Maculosa,311380,Carmesia,MG,2014,0
FMAC,Febre Maculosa,311380,Carmesia,MG,2015,0
FMAC,Febre Maculosa,311380,Carmesia,MG,2016,0
FMAC,Febre Maculosa,311380,Carmesia,MG,2017,0
FMAC,Febre Maculosa,311380,Carmesia,MG,2018,0
FMAC,Febre Maculosa,311380,Carmesia,MG,2019,0
FMAC,Febre Maculosa,311380,Carmesia,MG,2020,0
FMAC,Febre Maculosa,311380,Carmesia,MG,2021,0
FMAC,Febre Maculosa,311380,Carmesia,MG,2022,0
FMAC,Febre Maculosa,311380,Carmesia,MG,2023,2
FMAC,Febre Maculosa,311380,Carmesia,MG,2024,0
FMAC,Febre Maculosa,311380,Carmesia,MG,2025,0
FMAC,Febre Maculosa,311430,Carmo do Paranaiba,MG,2001,0
FMAC,Febre Maculosa,311430,Carmo do Paranaiba,MG,2006,0
FMAC,Febre Maculosa,311430,Carmo do Paranaiba,MG,2007,0
FMAC,Febre Maculosa,311430,Carmo do Paranaiba,MG,2008,0
FMAC,Febre Maculosa,311430,Carmo do Paranaiba,MG,2009,0
FMAC,Febre Maculosa,311430,Carmo do Paranaiba,MG,2010,0
FMAC,Febre Maculosa,311430,Carmo do Paranaiba,MG,2011,0
FMAC,Febre Maculosa,311430,Carmo do Paranaiba,MG,2012,0
FMAC,Febre Maculosa,311430,Carmo do Paranaiba,MG,2013,0
FMAC,Febre Maculosa,311430,Carmo do Paranaiba,MG,2014,0
FMAC,Febre Maculosa,311430,Carmo do Paranaiba,MG,2015,0
FMAC,Febre Maculosa,311430,Carmo do Paranaiba,MG,2016,0
FMAC,Febre Maculosa,311430,Carmo do Paranaiba,MG,2017,0
FMAC,Febre Maculosa,311430,Carmo do Paranaiba,MG,2018,0
FMAC,Febre Maculosa,311430,Carmo do Paranaiba,MG,2019,0
FMAC,Febre Maculosa,311430,Carmo do Paranaiba,MG,2020,0
FMAC,Febre Maculosa,311430,Carmo do Paranaiba,MG,2021,0
FMAC,Febre Maculosa,311430,Carmo do Paranaiba,MG,2022,0
FMAC,Febre Maculosa,311430,Carmo do Paranaiba,MG,2023,0
FMAC,Febre Maculosa,311430,Carmo do Paranaiba,MG,2024,1
FMAC,Febre Maculosa,311430,Carmo do Paranaiba,MG,2025,0
FMAC,Febre Maculosa,311760,Conceicao do Para,MG,2001,0
FMAC,Febre Maculosa,311760,Conceicao do Para,MG,2006,0
FMAC,Febre Maculosa,311760,Conceicao do Para,MG,2007,0
FMAC,Febre Maculosa,311760,Conceicao do Para,MG,2008,0
FMAC,Febre Maculosa,311760,Conceicao do Para,MG,2009,0
FMAC,Febre Maculosa,311760,Conceicao do Para,MG,2010,0
FMAC,Febre Maculosa,311760,Conceicao do Para,MG,2011,0
FMAC,Febre Maculosa,311760,Conceicao do Para,MG,2012,0
FMAC,Febre Maculosa,311760,Conceicao do Para,MG,2013,0
FMAC,Febre Maculosa,311760,Conceicao do Para,MG,2014,0
FMAC,Febre Maculosa,311760,Conceicao do Para,MG,2015,0
FMAC,Febre Maculosa,311760,Conceicao do Para,MG,2016,0
FMAC,Febre Maculosa,311760,Conceicao do Para,MG,2017,0
FMAC,Febre Maculosa,311760,Conceicao do Para,MG,2018,0
FMAC,Febre Maculosa,311760,Conceicao do Para,MG,2019,0
FMAC,Febre Maculosa,311760,Conceicao do Para,MG,2020,0
FMAC,Febre Maculosa,311760,Conceicao do Para,MG,2021,0
FMAC,Febre Maculosa,311760,Conceicao do Para,MG,2022,0
FMAC,Febre Maculosa,311760,Conceicao do Para,MG,2023,1
FMAC,Febre Maculosa,311760,Conceicao do Para,MG,2024,0
FMAC,Febre Maculosa,311760,Conceicao do Para,MG,2025,0
FMAC,Febre Maculosa,311780,Conceicao Dos Ouros,MG,2001,0
FMAC,Febre Maculosa,311780,Conceicao Dos Ouros,MG,2006,0
FMAC,Febre Maculosa,311780,Conceicao Dos Ouros,MG,2007,0
FMAC,Febre Maculosa,311780,Conceicao Dos Ouros,MG,2008,0
FMAC,Febre Maculosa,311780,Conceicao Dos Ouros,MG,2009,0
FMAC,Febre Maculosa,311780,Conceicao Dos Ouros,MG,2010,0
FMAC,Febre Maculosa,311780,Conceicao Dos Ouros,MG,2011,0
FMAC,Febre Maculosa,311780,Conceicao Dos Ouros,MG,2012,0
FMAC,Febre Maculosa,311780,Conceicao Dos Ouros,MG,2013,0
FMAC,Febre Maculosa,311780,Conceicao Dos Ouros,MG,2014,0
FMAC,Febre Maculosa,311780,Conceicao Dos Ouros,MG,2015,0
FMAC,Febre Maculosa,311780,Conceicao Dos Ouros,MG,2016,0
FMAC,Febre Maculosa,311780,Conceicao Dos Ouros,MG,2017,1
FMAC,Febre Maculosa,311780,Conceicao Dos Ouros,MG,2018,0
FMAC,Febre Maculosa,311780,Conceicao Dos Ouros,MG,2019,0
FMAC,Febre Maculosa,311780,Conceicao Dos Ouros,MG,2020,0
FMAC,Febre Maculosa,311780,Conceicao Dos Ouros,MG,2021,0
FMAC,Febre Maculosa,311780,Conceicao Dos Ouros,MG,2022,0
FMAC,Febre Maculosa,311780,Conceicao Dos Ouros,MG,2023,0
FMAC,Febre Maculosa,311780,Conceicao Dos Ouros,MG,2024,0
FMAC,Febre Maculosa,311780,Conceicao Dos Ouros,MG,2025,0
FMAC,Febre Maculosa,311800,Congonhas,MG,2001,0
FMAC,Febre Maculosa,311800,Congonhas,MG,2006,0
FMAC,Febre Maculosa,311800,Congonhas,MG,2007,0
FMAC,Febre Maculosa,311800,Congonhas,MG,2008,0
FMAC,Febre Maculosa,311800,Congonhas,MG,2009,0
FMAC,Febre Maculosa,311800,Congonhas,MG,2010,0
FMAC,Febre Maculosa,311800,Congonhas,MG,2011,0
FMAC,Febre Maculosa,311800,Congonhas,MG,2012,0
FMAC,Febre Maculosa,311800,Congonhas,MG,2013,0
FMAC,Febre Maculosa,311800,Congonhas,MG,2014,0
FMAC,Febre Maculosa,311800,Congonhas,MG,2015,0
FMAC,Febre Maculosa,311800,Congonhas,MG,2016,0
FMAC,Febre Maculosa,311800,Congonhas,MG,2017,0
FMAC,Febre Maculosa,311800,Congonhas,MG,2018,0
FMAC,Febre Maculosa,311800,Congonhas,MG,2019,0
FMAC,Febre Maculosa,311800,Congonhas,MG,2020,0
FMAC,Febre Maculosa,311800,Congonhas,MG,2021,0
FMAC,Febre Maculosa,311800,Congonhas,MG,2022,0
FMAC,Febre Maculosa,311800,Congonhas,MG,2023,1
FMAC,Febre Maculosa,311800,Congonhas,MG,2024,0
FMAC,Febre Maculosa,311800,Congonhas,MG,2025,1
FMAC,Febre Maculosa,311820,Conquista,MG,2001,0
FMAC,Febre Maculosa,311820,Conquista,MG,2006,0
FMAC,Febre Maculosa,311820,Conquista,MG,2007,0
FMAC,Febre Maculosa,311820,Conquista,MG,2008,0
FMAC,Febre Maculosa,311820,Conquista,MG,2009,0
FMAC,Febre Maculosa,311820,Conquista,MG,2010,0
FMAC,Febre Maculosa,311820,Conquista,MG,2011,0
FMAC,Febre Maculosa,311820,Conquista,MG,2012,0
FMAC,Febre Maculosa,311820,Conquista,MG,2013,0
FMAC,Febre Maculosa,311820,Conquista,MG,2014,0
FMAC,Febre Maculosa,311820,Conquista,MG,2015,0
FMAC,Febre Maculosa,311820,Conquista,MG,2016,0
FMAC,Febre Maculosa,311820,Conquista,MG,2017,0
FMAC,Febre Maculosa,311820,Conquista,MG,2018,0
FMAC,Febre Maculosa,311820,Conquista,MG,2019,0
FMAC,Febre Maculosa,311820,Conquista,MG,2020,0
FMAC,Febre Maculosa,311820,Conquista,MG,2021,0
FMAC,Febre Maculosa,311820,Conquista,MG,2022,0
FMAC,Febre Maculosa,311820,Conquista,MG,2023,2
FMAC,Febre Maculosa,311820,Conquista,MG,2024,0
FMAC,Febre Maculosa,311820,Conquista,MG,2025,0
FMAC,Febre Maculosa,311830,Conselheiro Lafaiete,MG,2001,0
FMAC,Febre Maculosa,311830,Conselheiro Lafaiete,MG,2006,0
FMAC,Febre Maculosa,311830,Conselheiro Lafaiete,MG,2007,0
FMAC,Febre Maculosa,311830,Conselheiro Lafaiete,MG,2008,0
FMAC,Febre Maculosa,311830,Conselheiro Lafaiete,MG,2009,0
FMAC,Febre Maculosa,311830,Conselheiro Lafaiete,MG,2010,0
FMAC,Febre Maculosa,311830,Conselheiro Lafaiete,MG,2011,0
FMAC,Febre Maculosa,311830,Conselheiro Lafaiete,MG,2012,0
FMAC,Febre Maculosa,311830,Conselheiro Lafaiete,MG,2013,0
FMAC,Febre Maculosa,311830,Conselheiro Lafaiete,MG,2014,0
FMAC,Febre Maculosa,311830,Conselheiro Lafaiete,MG,2015,0
FMAC,Febre Maculosa,311830,Conselheiro Lafaiete,MG,2016,0
FMAC,Febre Maculosa,311830,Conselheiro Lafaiete,MG,2017,0
FMAC,Febre Maculosa,311830,Conselheiro Lafaiete,MG,2018,0
FMAC,Febre Maculosa,311830,Conselheiro Lafaiete,MG,2019,0
FMAC,Febre Maculosa,311830,Conselheiro Lafaiete,MG,2020,0
FMAC,Febre Maculosa,311830,Conselheiro Lafaiete,MG,2021,0
FMAC,Febre Maculosa,311830,Conselheiro Lafaiete,MG,2022,0
FMAC,Febre Maculosa,311830,Conselheiro Lafaiete,MG,2023,2
FMAC,Febre Maculosa,311830,Conselheiro Lafaiete,MG,2024,0
FMAC,Febre Maculosa,311830,Conselheiro Lafaiete,MG,2025,0
FMAC,Febre Maculosa,311860,Contagem,MG,2001,0
FMAC,Febre Maculosa,311860,Contagem,MG,2006,0
FMAC,Febre Maculosa,311860,Contagem,MG,2007,0
FMAC,Febre Maculosa,311860,Contagem,MG,2008,0
FMAC,Febre Maculosa,311860,Contagem,MG,2009,0
FMAC,Febre Maculosa,311860,Contagem,MG,2010,0
FMAC,Febre Maculosa,311860,Contagem,MG,2011,1
FMAC,Febre Maculosa,311860,Contagem,MG,2012,0
FMAC,Febre Maculosa,311860,Contagem,MG,2013,2
FMAC,Febre Maculosa,311860,Contagem,MG,2014,0
FMAC,Febre Maculosa,311860,Contagem,MG,2015,0
FMAC,Febre Maculosa,311860,Contagem,MG,2016,0
FMAC,Febre Maculosa,311860,Contagem,MG,2017,3
FMAC,Febre Maculosa,311860,Contagem,MG,2018,1
FMAC,Febre Maculosa,311860,Contagem,MG,2019,7
FMAC,Febre Maculosa,311860,Contagem,MG,2020,2
FMAC,Febre Maculosa,311860,Contagem,MG,2021,3
FMAC,Febre Maculosa,311860,Contagem,MG,2022,0
FMAC,Febre Maculosa,311860,Contagem,MG,2023,3
FMAC,Febre Maculosa,311860,Contagem,MG,2024,9
FMAC,Febre Maculosa,311860,Contagem,MG,2025,3
FMAC,Febre Maculosa,311940,Coronel Fabriciano,MG,2001,0
FMAC,Febre Maculosa,311940,Coronel Fabriciano,MG,2006,0
FMAC,Febre Maculosa,311940,Coronel Fabriciano,MG,2007,0
FMAC,Febre Maculosa,311940,Coronel Fabriciano,MG,2008,0
FMAC,Febre Maculosa,311940,Coronel Fabriciano,MG,2009,0
FMAC,Febre Maculosa,311940,Coronel Fabriciano,MG,2010,0
FMAC,Febre Maculosa,311940,Coronel Fabriciano,MG,2011,0
FMAC,Febre Maculosa,311940,Coronel Fabriciano,MG,2012,0
FMAC,Febre Maculosa,311940,Coronel Fabriciano,MG,2013,0
FMAC,Febre Maculosa,311940,Coronel Fabriciano,MG,2014,0
FMAC,Febre Maculosa,311940,Coronel Fabriciano,MG,2015,0
FMAC,Febre Maculosa,311940,Coronel Fabriciano,MG,2016,0
FMAC,Febre Maculosa,311940,Coronel Fabriciano,MG,2017,0
FMAC,Febre Maculosa,311940,Coronel Fabriciano,MG,2018,1
FMAC,Febre Maculosa,311940,Coronel Fabriciano,MG,2019,0
FMAC,Febre Maculosa,311940,Coronel Fabriciano,MG,2020,0
FMAC,Febre Maculosa,311940,Coronel Fabriciano,MG,2021,0
FMAC,Febre Maculosa,311940,Coronel Fabriciano,MG,2022,0
FMAC,Febre Maculosa,311940,Coronel Fabriciano,MG,2023,2
FMAC,Febre Maculosa,311940,Coronel Fabriciano,MG,2024,3
FMAC,Febre Maculosa,311940,Coronel Fabriciano,MG,2025,0
FMAC,Febre Maculosa,311950,Coronel Murta,MG,2001,0
FMAC,Febre Maculosa,311950,Coronel Murta,MG,2006,0
FMAC,Febre Maculosa,311950,Coronel Murta,MG,2007,0
FMAC,Febre Maculosa,311950,Coronel Murta,MG,2008,0
FMAC,Febre Maculosa,311950,Coronel Murta,MG,2009,0
FMAC,Febre Maculosa,311950,Coronel Murta,MG,2010,0
FMAC,Febre Maculosa,311950,Coronel Murta,MG,2011,0
FMAC,Febre Maculosa,311950,Coronel Murta,MG,2012,0
FMAC,Febre Maculosa,311950,Coronel Murta,MG,2013,0
FMAC,Febre Maculosa,311950,Coronel Murta,MG,2014,0
FMAC,Febre Maculosa,311950,Coronel Murta,MG,2015,0
FMAC,Febre Maculosa,311950,Coronel Murta,MG,2016,0
FMAC,Febre Maculosa,311950,Coronel Murta,MG,2017,0
FMAC,Febre Maculosa,311950,Coronel Murta,MG,2018,1
FMAC,Febre Maculosa,311950,Coronel Murta,MG,2019,0
FMAC,Febre Maculosa,311950,Coronel Murta,MG,2020,0
FMAC,Febre Maculosa,311950,Coronel Murta,MG,2021,0
FMAC,Febre Maculosa,311950,Coronel Murta,MG,2022,0
FMAC,Febre Maculosa,311950,Coronel Murta,MG,2023,0
FMAC,Febre Maculosa,311950,Coronel Murta,MG,2024,0
FMAC,Febre Maculosa,311950,Coronel Murta,MG,2025,0
FMAC,Febre Maculosa,311995,Corrego Fundo,MG,2001,0
FMAC,Febre Maculosa,311995,Corrego Fundo,MG,2006,0
FMAC,Febre Maculosa,311995,Corrego Fundo,MG,2007,0
FMAC,Febre Maculosa,311995,Corrego Fundo,MG,2008,0
FMAC,Febre Maculosa,311995,Corrego Fundo,MG,2009,0
FMAC,Febre Maculosa,311995,Corrego Fundo,MG,2010,0
FMAC,Febre Maculosa,311995,Corrego Fundo,MG,2011,0
FMAC,Febre Maculosa,311995,Corrego Fundo,MG,2012,0
FMAC,Febre Maculosa,311995,Corrego Fundo,MG,2013,0
FMAC,Febre Maculosa,311995,Corrego Fundo,MG,2014,0
FMAC,Febre Maculosa,311995,Corrego Fundo,MG,2015,0
FMAC,Febre Maculosa,311995,Corrego Fundo,MG,2016,0
FMAC,Febre Maculosa,311995,Corrego Fundo,MG,2017,0
FMAC,Febre Maculosa,311995,Corrego Fundo,MG,2018,0
FMAC,Febre Maculosa,311995,Corrego Fundo,MG,2019,1
FMAC,Febre Maculosa,311995,Corrego Fundo,MG,2020,0
FMAC,Febre Maculosa,311995,Corrego Fundo,MG,2021,0
FMAC,Febre Maculosa,311995,Corrego Fundo,MG,2022,0
FMAC,Febre Maculosa,311995,Corrego Fundo,MG,2023,0
FMAC,Febre Maculosa,311995,Corrego Fundo,MG,2024,0
FMAC,Febre Maculosa,311995,Corrego Fundo,MG,2025,0
FMAC,Febre Maculosa,312090,Curvelo,MG,2001,0
FMAC,Febre Maculosa,312090,Curvelo,MG,2006,0
FMAC,Febre Maculosa,312090,Curvelo,MG,2007,0
FMAC,Febre Maculosa,312090,Curvelo,MG,2008,0
FMAC,Febre Maculosa,312090,Curvelo,MG,2009,0
FMAC,Febre Maculosa,312090,Curvelo,MG,2010,0
FMAC,Febre Maculosa,312090,Curvelo,MG,2011,0
FMAC,Febre Maculosa,312090,Curvelo,MG,2012,0
FMAC,Febre Maculosa,312090,Curvelo,MG,2013,0
FMAC,Febre Maculosa,312090,Curvelo,MG,2014,0
FMAC,Febre Maculosa,312090,Curvelo,MG,2015,0
FMAC,Febre Maculosa,312090,Curvelo,MG,2016,0
FMAC,Febre Maculosa,312090,Curvelo,MG,2017,1
FMAC,Febre Maculosa,312090,Curvelo,MG,2018,0
FMAC,Febre Maculosa,312090,Curvelo,MG,2019,1
FMAC,Febre Maculosa,312090,Curvelo,MG,2020,0
FMAC,Febre Maculosa,312090,Curvelo,MG,2021,0
FMAC,Febre Maculosa,312090,Curvelo,MG,2022,0
FMAC,Febre Maculosa,312090,Curvelo,MG,2023,0
FMAC,Febre Maculosa,312090,Curvelo,MG,2024,1
FMAC,Febre Maculosa,312090,Curvelo,MG,2025,0
FMAC,Febre Maculosa,312160,Diamantina,MG,2001,0
FMAC,Febre Maculosa,312160,Diamantina,MG,2006,0
FMAC,Febre Maculosa,312160,Diamantina,MG,2007,0
FMAC,Febre Maculosa,312160,Diamantina,MG,2008,0
FMAC,Febre Maculosa,312160,Diamantina,MG,2009,0
FMAC,Febre Maculosa,312160,Diamantina,MG,2010,0
FMAC,Febre Maculosa,312160,Diamantina,MG,2011,0
FMAC,Febre Maculosa,312160,Diamantina,MG,2012,0
FMAC,Febre Maculosa,312160,Diamantina,MG,2013,1
FMAC,Febre Maculosa,312160,Diamantina,MG,2014,0
FMAC,Febre Maculosa,312160,Diamantina,MG,2015,1
FMAC,Febre Maculosa,312160,Diamantina,MG,2016,1
FMAC,Febre Maculosa,312160,Diamantina,MG,2017,2
FMAC,Febre Maculosa,312160,Diamantina,MG,2018,1
FMAC,Febre Maculosa,312160,Diamantina,MG,2019,2
FMAC,Febre Maculosa,312160,Diamantina,MG,2020,0
FMAC,Febre Maculosa,312160,Diamantina,MG,2021,0
FMAC,Febre Maculosa,312160,Diamantina,MG,2022,1
FMAC,Febre Maculosa,312160,Diamantina,MG,2023,1
FMAC,Febre Maculosa,312160,Diamantina,MG,2024,0
FMAC,Febre Maculosa,312160,Diamantina,MG,2025,0
FMAC,Febre Maculosa,312230,Divinopolis,MG,2001,0
FMAC,Febre Maculosa,312230,Divinopolis,MG,2006,0
FMAC,Febre Maculosa,312230,Divinopolis,MG,2007,0
FMAC,Febre Maculosa,312230,Divinopolis,MG,2008,1
FMAC,Febre Maculosa,312230,Divinopolis,MG,2009,0
FMAC,Febre Maculosa,312230,Divinopolis,MG,2010,1
FMAC,Febre Maculosa,312230,Divinopolis,MG,2011,2
FMAC,Febre Maculosa,312230,Divinopolis,MG,2012,0
FMAC,Febre Maculosa,312230,Divinopolis,MG,2013,0
FMAC,Febre Maculosa,312230,Divinopolis,MG,2014,0
FMAC,Febre Maculosa,312230,Divinopolis,MG,2015,0
FMAC,Febre Maculosa,312230,Divinopolis,MG,2016,4
FMAC,Febre Maculosa,312230,Divinopolis,MG,2017,0
FMAC,Febre Maculosa,312230,Divinopolis,MG,2018,6
FMAC,Febre Maculosa,312230,Divinopolis,MG,2019,1
FMAC,Febre Maculosa,312230,Divinopolis,MG,2020,2
FMAC,Febre Maculosa,312230,Divinopolis,MG,2021,2
FMAC,Febre Maculosa,312230,Divinopolis,MG,2022,0
FMAC,Febre Maculosa,312230,Divinopolis,MG,2023,4
FMAC,Febre Maculosa,312230,Divinopolis,MG,2024,9
FMAC,Febre Maculosa,312230,Divinopolis,MG,2025,0
FMAC,Febre Maculosa,312235,Divisa Alegre,MG,2001,0
FMAC,Febre Maculosa,312235,Divisa Alegre,MG,2006,0
FMAC,Febre Maculosa,312235,Divisa Alegre,MG,2007,0
FMAC,Febre Maculosa,312235,Divisa Alegre,MG,2008,0
FMAC,Febre Maculosa,312235,Divisa Alegre,MG,2009,0
FMAC,Febre Maculosa,312235,Divisa Alegre,MG,2010,0
FMAC,Febre Maculosa,312235,Divisa Alegre,MG,2011,0
FMAC,Febre Maculosa,312235,Divisa Alegre,MG,2012,0
FMAC,Febre Maculosa,312235,Divisa Alegre,MG,2013,0
FMAC,Febre Maculosa,312235,Divisa Alegre,MG,2014,0
FMAC,Febre Maculosa,312235,Divisa Alegre,MG,2015,0
FMAC,Febre Maculosa,312235,Divisa Alegre,MG,2016,0
FMAC,Febre Maculosa,312235,Divisa Alegre,MG,2017,0
FMAC,Febre Maculosa,312235,Divisa Alegre,MG,2018,0
FMAC,Febre Maculosa,312235,Divisa Alegre,MG,2019,0
FMAC,Febre Maculosa,312235,Divisa Alegre,MG,2020,0
FMAC,Febre Maculosa,312235,Divisa Alegre,MG,2021,0
FMAC,Febre Maculosa,312235,Divisa Alegre,MG,2022,0
FMAC,Febre Maculosa,312235,Divisa Alegre,MG,2023,0
FMAC,Febre Maculosa,312235,Divisa Alegre,MG,2024,1
FMAC,Febre Maculosa,312235,Divisa Alegre,MG,2025,0
FMAC,Febre Maculosa,312250,Dom Cavati,MG,2001,0
FMAC,Febre Maculosa,312250,Dom Cavati,MG,2006,0
FMAC,Febre Maculosa,312250,Dom Cavati,MG,2007,0
FMAC,Febre Maculosa,312250,Dom Cavati,MG,2008,0
FMAC,Febre Maculosa,312250,Dom Cavati,MG,2009,0
FMAC,Febre Maculosa,312250,Dom Cavati,MG,2010,0
FMAC,Febre Maculosa,312250,Dom Cavati,MG,2011,0
FMAC,Febre Maculosa,312250,Dom Cavati,MG,2012,0
FMAC,Febre Maculosa,312250,Dom Cavati,MG,2013,0
FMAC,Febre Maculosa,312250,Dom Cavati,MG,2014,0
FMAC,Febre Maculosa,312250,Dom Cavati,MG,2015,0
FMAC,Febre Maculosa,312250,Dom Cavati,MG,2016,0
FMAC,Febre Maculosa,312250,Dom Cavati,MG,2017,0
FMAC,Febre Maculosa,312250,Dom Cavati,MG,2018,0
FMAC,Febre Maculosa,312250,Dom Cavati,MG,2019,0
FMAC,Febre Maculosa,312250,Dom Cavati,MG,2020,0
FMAC,Febre Maculosa,312250,Dom Cavati,MG,2021,1
FMAC,Febre Maculosa,312250,Dom Cavati,MG,2022,0
FMAC,Febre Maculosa,312250,Dom Cavati,MG,2023,0
FMAC,Febre Maculosa,312250,Dom Cavati,MG,2024,0
FMAC,Febre Maculosa,312250,Dom Cavati,MG,2025,0
FMAC,Febre Maculosa,312340,Doresopolis,MG,2001,0
FMAC,Febre Maculosa,312340,Doresopolis,MG,2006,0
FMAC,Febre Maculosa,312340,Doresopolis,MG,2007,0
FMAC,Febre Maculosa,312340,Doresopolis,MG,2008,0
FMAC,Febre Maculosa,312340,Doresopolis,MG,2009,0
FMAC,Febre Maculosa,312340,Doresopolis,MG,2010,1
FMAC,Febre Maculosa,312340,Doresopolis,MG,2011,0
FMAC,Febre Maculosa,312340,Doresopolis,MG,2012,0
FMAC,Febre Maculosa,312340,Doresopolis,MG,2013,0
FMAC,Febre Maculosa,312340,Doresopolis,MG,2014,0
FMAC,Febre Maculosa,312340,Doresopolis,MG,2015,0
FMAC,Febre Maculosa,312340,Doresopolis,MG,2016,0
FMAC,Febre Maculosa,312340,Doresopolis,MG,2017,0
FMAC,Febre Maculosa,312340,Doresopolis,MG,2018,0
FMAC,Febre Maculosa,312340,Doresopolis,MG,2019,0
FMAC,Febre Maculosa,312340,Doresopolis,MG,2020,0
FMAC,Febre Maculosa,312340,Doresopolis,MG,2021,0
FMAC,Febre Maculosa,312340,Doresopolis,MG,2022,0
FMAC,Febre Maculosa,312340,Doresopolis,MG,2023,0
FMAC,Febre Maculosa,312340,Doresopolis,MG,2024,0
FMAC,Febre Maculosa,312340,Doresopolis,MG,2025,0
FMAC,Febre Maculosa,312410,Esmeraldas,MG,2001,0
FMAC,Febre Maculosa,312410,Esmeraldas,MG,2006,0
FMAC,Febre Maculosa,312410,Esmeraldas,MG,2007,0
FMAC,Febre Maculosa,312410,Esmeraldas,MG,2008,0
FMAC,Febre Maculosa,312410,Esmeraldas,MG,2009,0
FMAC,Febre Maculosa,312410,Esmeraldas,MG,2010,0
FMAC,Febre Maculosa,312410,Esmeraldas,MG,2011,1
FMAC,Febre Maculosa,312410,Esmeraldas,MG,2012,0
FMAC,Febre Maculosa,312410,Esmeraldas,MG,2013,0
FMAC,Febre Maculosa,312410,Esmeraldas,MG,2014,0
FMAC,Febre Maculosa,312410,Esmeraldas,MG,2015,0
FMAC,Febre Maculosa,312410,Esmeraldas,MG,2016,0
FMAC,Febre Maculosa,312410,Esmeraldas,MG,2017,0
FMAC,Febre Maculosa,312410,Esmeraldas,MG,2018,0
FMAC,Febre Maculosa,312410,Esmeraldas,MG,2019,0
FMAC,Febre Maculosa,312410,Esmeraldas,MG,2020,0
FMAC,Febre Maculosa,312410,Esmeraldas,MG,2021,0
FMAC,Febre Maculosa,312410,Esmeraldas,MG,2022,0
FMAC,Febre Maculosa,312410,Esmeraldas,MG,2023,0
FMAC,Febre Maculosa,312410,Esmeraldas,MG,2024,2
FMAC,Febre Maculosa,312410,Esmeraldas,MG,2025,0
FMAC,Febre Maculosa,312470,Estrela do Indaia,MG,2001,0
FMAC,Febre Maculosa,312470,Estrela do Indaia,MG,2006,0
FMAC,Febre Maculosa,312470,Estrela do Indaia,MG,2007,0
FMAC,Febre Maculosa,312470,Estrela do Indaia,MG,2008,0
FMAC,Febre Maculosa,312470,Estrela do Indaia,MG,2009,0
FMAC,Febre Maculosa,312470,Estrela do Indaia,MG,2010,0
FMAC,Febre Maculosa,312470,Estrela do Indaia,MG,2011,0
FMAC,Febre Maculosa,312470,Estrela do Indaia,MG,2012,0
FMAC,Febre Maculosa,312470,Estrela do Indaia,MG,2013,0
FMAC,Febre Maculosa,312470,Estrela do Indaia,MG,2014,0
FMAC,Febre Maculosa,312470,Estrela do Indaia,MG,2015,0
FMAC,Febre Maculosa,312470,Estrela do Indaia,MG,2016,0
FMAC,Febre Maculosa,312470,Estrela do Indaia,MG,2017,0
FMAC,Febre Maculosa,312470,Estrela do Indaia,MG,2018,0
FMAC,Febre Maculosa,312470,Estrela do Indaia,MG,2019,1
FMAC,Febre Maculosa,312470,Estrela do Indaia,MG,2020,0
FMAC,Febre Maculosa,312470,Estrela do Indaia,MG,2021,0
FMAC,Febre Maculosa,312470,Estrela do Indaia,MG,2022,0
FMAC,Febre Maculosa,312470,Estrela do Indaia,MG,2023,0
FMAC,Febre Maculosa,312470,Estrela do Indaia,MG,2024,0
FMAC,Febre Maculosa,312470,Estrela do Indaia,MG,2025,0
FMAC,Febre Maculosa,312510,Extrema,MG,2001,0
FMAC,Febre Maculosa,312510,Extrema,MG,2006,0
FMAC,Febre Maculosa,312510,Extrema,MG,2007,0
FMAC,Febre Maculosa,312510,Extrema,MG,2008,0
FMAC,Febre Maculosa,312510,Extrema,MG,2009,0
FMAC,Febre Maculosa,312510,Extrema,MG,2010,0
FMAC,Febre Maculosa,312510,Extrema,MG,2011,0
FMAC,Febre Maculosa,312510,Extrema,MG,2012,0
FMAC,Febre Maculosa,312510,Extrema,MG,2013,0
FMAC,Febre Maculosa,312510,Extrema,MG,2014,0
FMAC,Febre Maculosa,312510,Extrema,MG,2015,0
FMAC,Febre Maculosa,312510,Extrema,MG,2016,0
FMAC,Febre Maculosa,312510,Extrema,MG,2017,0
FMAC,Febre Maculosa,312510,Extrema,MG,2018,0
FMAC,Febre Maculosa,312510,Extrema,MG,2019,0
FMAC,Febre Maculosa,312510,Extrema,MG,2020,0
FMAC,Febre Maculosa,312510,Extrema,MG,2021,0
FMAC,Febre Maculosa,312510,Extrema,MG,2022,0
FMAC,Febre Maculosa,312510,Extrema,MG,2023,1
FMAC,Febre Maculosa,312510,Extrema,MG,2024,0
FMAC,Febre Maculosa,312510,Extrema,MG,2025,0
FMAC,Febre Maculosa,312570,Felixlandia,MG,2001,0
FMAC,Febre Maculosa,312570,Felixlandia,MG,2006,0
FMAC,Febre Maculosa,312570,Felixlandia,MG,2007,0
FMAC,Febre Maculosa,312570,Felixlandia,MG,2008,0
FMAC,Febre Maculosa,312570,Felixlandia,MG,2009,0
FMAC,Febre Maculosa,312570,Felixlandia,MG,2010,0
FMAC,Febre Maculosa,312570,Felixlandia,MG,2011,0
FMAC,Febre Maculosa,312570,Felixlandia,MG,2012,0
FMAC,Febre Maculosa,312570,Felixlandia,MG,2013,0
FMAC,Febre Maculosa,312570,Felixlandia,MG,2014,0
FMAC,Febre Maculosa,312570,Felixlandia,MG,2015,0
FMAC,Febre Maculosa,312570,Felixlandia,MG,2016,0
FMAC,Febre Maculosa,312570,Felixlandia,MG,2017,0
FMAC,Febre Maculosa,312570,Felixlandia,MG,2018,0
FMAC,Febre Maculosa,312570,Felixlandia,MG,2019,0
FMAC,Febre Maculosa,312570,Felixlandia,MG,2020,0
FMAC,Febre Maculosa,312570,Felixlandia,MG,2021,0
FMAC,Febre Maculosa,312570,Felixlandia,MG,2022,0
FMAC,Febre Maculosa,312570,Felixlandia,MG,2023,0
FMAC,Febre Maculosa,312570,Felixlandia,MG,2024,1
FMAC,Febre Maculosa,312570,Felixlandia,MG,2025,0
FMAC,Febre Maculosa,312600,Florestal,MG,2001,0
FMAC,Febre Maculosa,312600,Florestal,MG,2006,0
FMAC,Febre Maculosa,312600,Florestal,MG,2007,0
FMAC,Febre Maculosa,312600,Florestal,MG,2008,0
FMAC,Febre Maculosa,312600,Florestal,MG,2009,0
FMAC,Febre Maculosa,312600,Florestal,MG,2010,0
FMAC,Febre Maculosa,312600,Florestal,MG,2011,0
FMAC,Febre Maculosa,312600,Florestal,MG,2012,0
FMAC,Febre Maculosa,312600,Florestal,MG,2013,0
FMAC,Febre Maculosa,312600,Florestal,MG,2014,0
FMAC,Febre Maculosa,312600,Florestal,MG,2015,0
FMAC,Febre Maculosa,312600,Florestal,MG,2016,1
FMAC,Febre Maculosa,312600,Florestal,MG,2017,0
FMAC,Febre Maculosa,312600,Florestal,MG,2018,0
FMAC,Febre Maculosa,312600,Florestal,MG,2019,0
FMAC,Febre Maculosa,312600,Florestal,MG,2020,0
FMAC,Febre Maculosa,312600,Florestal,MG,2021,0
FMAC,Febre Maculosa,312600,Florestal,MG,2022,0
FMAC,Febre Maculosa,312600,Florestal,MG,2023,0
FMAC,Febre Maculosa,312600,Florestal,MG,2024,0
FMAC,Febre Maculosa,312600,Florestal,MG,2025,0
FMAC,Febre Maculosa,312610,Formiga,MG,2001,0
FMAC,Febre Maculosa,312610,Formiga,MG,2006,0
FMAC,Febre Maculosa,312610,Formiga,MG,2007,0
FMAC,Febre Maculosa,312610,Formiga,MG,2008,0
FMAC,Febre Maculosa,312610,Formiga,MG,2009,0
FMAC,Febre Maculosa,312610,Formiga,MG,2010,0
FMAC,Febre Maculosa,312610,Formiga,MG,2011,0
FMAC,Febre Maculosa,312610,Formiga,MG,2012,0
FMAC,Febre Maculosa,312610,Formiga,MG,2013,0
FMAC,Febre Maculosa,312610,Formiga,MG,2014,0
FMAC,Febre Maculosa,312610,Formiga,MG,2015,0
FMAC,Febre Maculosa,312610,Formiga,MG,2016,0
FMAC,Febre Maculosa,312610,Formiga,MG,2017,0
FMAC,Febre Maculosa,312610,Formiga,MG,2018,0
FMAC,Febre Maculosa,312610,Formiga,MG,2019,0
FMAC,Febre Maculosa,312610,Formiga,MG,2020,0
FMAC,Febre Maculosa,312610,Formiga,MG,2021,0
FMAC,Febre Maculosa,312610,Formiga,MG,2022,0
FMAC,Febre Maculosa,312610,Formiga,MG,2023,0
FMAC,Febre Maculosa,312610,Formiga,MG,2024,1
FMAC,Febre Maculosa,312610,Formiga,MG,2025,0
FMAC,Febre Maculosa,312770,Governador Valadares,MG,2001,0
FMAC,Febre Maculosa,312770,Governador Valadares,MG,2006,0
FMAC,Febre Maculosa,312770,Governador Valadares,MG,2007,1
FMAC,Febre Maculosa,312770,Governador Valadares,MG,2008,1
FMAC,Febre Maculosa,312770,Governador Valadares,MG,2009,0
FMAC,Febre Maculosa,312770,Governador Valadares,MG,2010,0
FMAC,Febre Maculosa,312770,Governador Valadares,MG,2011,1
FMAC,Febre Maculosa,312770,Governador Valadares,MG,2012,0
FMAC,Febre Maculosa,312770,Governador Valadares,MG,2013,0
FMAC,Febre Maculosa,312770,Governador Valadares,MG,2014,0
FMAC,Febre Maculosa,312770,Governador Valadares,MG,2015,0
FMAC,Febre Maculosa,312770,Governador Valadares,MG,2016,0
FMAC,Febre Maculosa,312770,Governador Valadares,MG,2017,0
FMAC,Febre Maculosa,312770,Governador Valadares,MG,2018,0
FMAC,Febre Maculosa,312770,Governador Valadares,MG,2019,0
FMAC,Febre Maculosa,312770,Governador Valadares,MG,2020,0
FMAC,Febre Maculosa,312770,Governador Valadares,MG,2021,0
FMAC,Febre Maculosa,312770,Governador Valadares,MG,2022,0
FMAC,Febre Maculosa,312770,Governador Valadares,MG,2023,0
FMAC,Febre Maculosa,312770,Governador Valadares,MG,2024,0
FMAC,Febre Maculosa,312770,Governador Valadares,MG,2025,0
FMAC,Febre Maculosa,312800,Guanhaes,MG,2001,0
FMAC,Febre Maculosa,312800,Guanhaes,MG,2006,0
FMAC,Febre Maculosa,312800,Guanhaes,MG,2007,0
FMAC,Febre Maculosa,312800,Guanhaes,MG,2008,0
FMAC,Febre Maculosa,312800,Guanhaes,MG,2009,1
FMAC,Febre Maculosa,312800,Guanhaes,MG,2010,0
FMAC,Febre Maculosa,312800,Guanhaes,MG,2011,0
FMAC,Febre Maculosa,312800,Guanhaes,MG,2012,0
FMAC,Febre Maculosa,312800,Guanhaes,MG,2013,0
FMAC,Febre Maculosa,312800,Guanhaes,MG,2014,0
FMAC,Febre Maculosa,312800,Guanhaes,MG,2015,0
FMAC,Febre Maculosa,312800,Guanhaes,MG,2016,0
FMAC,Febre Maculosa,312800,Guanhaes,MG,2017,0
FMAC,Febre Maculosa,312800,Guanhaes,MG,2018,0
FMAC,Febre Maculosa,312800,Guanhaes,MG,2019,0
FMAC,Febre Maculosa,312800,Guanhaes,MG,2020,0
FMAC,Febre Maculosa,312800,Guanhaes,MG,2021,0
FMAC,Febre Maculosa,312800,Guanhaes,MG,2022,0
FMAC,Febre Maculosa,312800,Guanhaes,MG,2023,0
FMAC,Febre Maculosa,312800,Guanhaes,MG,2024,0
FMAC,Febre Maculosa,312800,Guanhaes,MG,2025,0
FMAC,Febre Maculosa,312950,Ibia,MG,2001,0
FMAC,Febre Maculosa,312950,Ibia,MG,2006,0
FMAC,Febre Maculosa,312950,Ibia,MG,2007,0
FMAC,Febre Maculosa,312950,Ibia,MG,2008,0
FMAC,Febre Maculosa,312950,Ibia,MG,2009,0
FMAC,Febre Maculosa,312950,Ibia,MG,2010,0
FMAC,Febre Maculosa,312950,Ibia,MG,2011,0
FMAC,Febre Maculosa,312950,Ibia,MG,2012,0
FMAC,Febre Maculosa,312950,Ibia,MG,2013,0
FMAC,Febre Maculosa,312950,Ibia,MG,2014,1
FMAC,Febre Maculosa,312950,Ibia,MG,2015,0
FMAC,Febre Maculosa,312950,Ibia,MG,2016,0
FMAC,Febre Maculosa,312950,Ibia,MG,2017,0
FMAC,Febre Maculosa,312950,Ibia,MG,2018,1
FMAC,Febre Maculosa,312950,Ibia,MG,2019,0
FMAC,Febre Maculosa,312950,Ibia,MG,2020,0
FMAC,Febre Maculosa,312950,Ibia,MG,2021,0
FMAC,Febre Maculosa,312950,Ibia,MG,2022,0
FMAC,Febre Maculosa,312950,Ibia,MG,2023,0
FMAC,Febre Maculosa,312950,Ibia,MG,2024,0
FMAC,Febre Maculosa,312950,Ibia,MG,2025,0
FMAC,Febre Maculosa,313010,Igarape,MG,2001,0
FMAC,Febre Maculosa,313010,Igarape,MG,2006,0
FMAC,Febre Maculosa,313010,Igarape,MG,2007,0
FMAC,Febre Maculosa,313010,Igarape,MG,2008,0
FMAC,Febre Maculosa,313010,Igarape,MG,2009,0
FMAC,Febre Maculosa,313010,Igarape,MG,2010,0
FMAC,Febre Maculosa,313010,Igarape,MG,2011,0
FMAC,Febre Maculosa,313010,Igarape,MG,2012,0
FMAC,Febre Maculosa,313010,Igarape,MG,2013,0
FMAC,Febre Maculosa,313010,Igarape,MG,2014,0
FMAC,Febre Maculosa,313010,Igarape,MG,2015,0
FMAC,Febre Maculosa,313010,Igarape,MG,2016,0
FMAC,Febre Maculosa,313010,Igarape,MG,2017,0
FMAC,Febre Maculosa,313010,Igarape,MG,2018,0
FMAC,Febre Maculosa,313010,Igarape,MG,2019,0
FMAC,Febre Maculosa,313010,Igarape,MG,2020,0
FMAC,Febre Maculosa,313010,Igarape,MG,2021,0
FMAC,Febre Maculosa,313010,Igarape,MG,2022,0
FMAC,Febre Maculosa,313010,Igarape,MG,2023,1
FMAC,Febre Maculosa,313010,Igarape,MG,2024,1
FMAC,Febre Maculosa,313010,Igarape,MG,2025,0
FMAC,Febre Maculosa,313020,Igaratinga,MG,2001,0
FMAC,Febre Maculosa,313020,Igaratinga,MG,2006,0
FMAC,Febre Maculosa,313020,Igaratinga,MG,2007,0
FMAC,Febre Maculosa,313020,Igaratinga,MG,2008,0
FMAC,Febre Maculosa,313020,Igaratinga,MG,2009,0
FMAC,Febre Maculosa,313020,Igaratinga,MG,2010,0
FMAC,Febre Maculosa,313020,Igaratinga,MG,2011,0
FMAC,Febre Maculosa,313020,Igaratinga,MG,2012,0
FMAC,Febre Maculosa,313020,Igaratinga,MG,2013,0
FMAC,Febre Maculosa,313020,Igaratinga,MG,2014,0
FMAC,Febre Maculosa,313020,Igaratinga,MG,2015,0
FMAC,Febre Maculosa,313020,Igaratinga,MG,2016,0
FMAC,Febre Maculosa,313020,Igaratinga,MG,2017,0
FMAC,Febre Maculosa,313020,Igaratinga,MG,2018,0
FMAC,Febre Maculosa,313020,Igaratinga,MG,2019,1
FMAC,Febre Maculosa,313020,Igaratinga,MG,2020,0
FMAC,Febre Maculosa,313020,Igaratinga,MG,2021,0
FMAC,Febre Maculosa,313020,Igaratinga,MG,2022,0
FMAC,Febre Maculosa,313020,Igaratinga,MG,2023,0
FMAC,Febre Maculosa,313020,Igaratinga,MG,2024,0
FMAC,Febre Maculosa,313020,Igaratinga,MG,2025,0
FMAC,Febre Maculosa,313030,Iguatama,MG,2001,0
FMAC,Febre Maculosa,313030,Iguatama,MG,2006,0
FMAC,Febre Maculosa,313030,Iguatama,MG,2007,0
FMAC,Febre Maculosa,313030,Iguatama,MG,2008,0
FMAC,Febre Maculosa,313030,Iguatama,MG,2009,0
FMAC,Febre Maculosa,313030,Iguatama,MG,2010,0
FMAC,Febre Maculosa,313030,Iguatama,MG,2011,1
FMAC,Febre Maculosa,313030,Iguatama,MG,2012,0
FMAC,Febre Maculosa,313030,Iguatama,MG,2013,0
FMAC,Febre Maculosa,313030,Iguatama,MG,2014,0
FMAC,Febre Maculosa,313030,Iguatama,MG,2015,0
FMAC,Febre Maculosa,313030,Iguatama,MG,2016,0
FMAC,Febre Maculosa,313030,Iguatama,MG,2017,0
FMAC,Febre Maculosa,313030,Iguatama,MG,2018,0
FMAC,Febre Maculosa,313030,Iguatama,MG,2019,0
FMAC,Febre Maculosa,313030,Iguatama,MG,2020,0
FMAC,Febre Maculosa,313030,Iguatama,MG,2021,0
FMAC,Febre Maculosa,313030,Iguatama,MG,2022,0
FMAC,Febre Maculosa,313030,Iguatama,MG,2023,0
FMAC,Febre Maculosa,313030,Iguatama,MG,2024,0
FMAC,Febre Maculosa,313030,Iguatama,MG,2025,0
FMAC,Febre Maculosa,313115,Ipaba,MG,2001,0
FMAC,Febre Maculosa,313115,Ipaba,MG,2006,0
FMAC,Febre Maculosa,313115,Ipaba,MG,2007,0
FMAC,Febre Maculosa,313115,Ipaba,MG,2008,0
FMAC,Febre Maculosa,313115,Ipaba,MG,2009,0
FMAC,Febre Maculosa,313115,Ipaba,MG,2010,0
FMAC,Febre Maculosa,313115,Ipaba,MG,2011,0
FMAC,Febre Maculosa,313115,Ipaba,MG,2012,0
FMAC,Febre Maculosa,313115,Ipaba,MG,2013,0
FMAC,Febre Maculosa,313115,Ipaba,MG,2014,0
FMAC,Febre Maculosa,313115,Ipaba,MG,2015,0
FMAC,Febre Maculosa,313115,Ipaba,MG,2016,0
FMAC,Febre Maculosa,313115,Ipaba,MG,2017,0
FMAC,Febre Maculosa,313115,Ipaba,MG,2018,0
FMAC,Febre Maculosa,313115,Ipaba,MG,2019,0
FMAC,Febre Maculosa,313115,Ipaba,MG,2020,0
FMAC,Febre Maculosa,313115,Ipaba,MG,2021,0
FMAC,Febre Maculosa,313115,Ipaba,MG,2022,0
FMAC,Febre Maculosa,313115,Ipaba,MG,2023,3
FMAC,Febre Maculosa,313115,Ipaba,MG,2024,0
FMAC,Febre Maculosa,313115,Ipaba,MG,2025,0
FMAC,Febre Maculosa,313120,Ipanema,MG,2001,0
FMAC,Febre Maculosa,313120,Ipanema,MG,2006,0
FMAC,Febre Maculosa,313120,Ipanema,MG,2007,0
FMAC,Febre Maculosa,313120,Ipanema,MG,2008,0
FMAC,Febre Maculosa,313120,Ipanema,MG,2009,0
FMAC,Febre Maculosa,313120,Ipanema,MG,2010,0
FMAC,Febre Maculosa,313120,Ipanema,MG,2011,0
FMAC,Febre Maculosa,313120,Ipanema,MG,2012,0
FMAC,Febre Maculosa,313120,Ipanema,MG,2013,0
FMAC,Febre Maculosa,313120,Ipanema,MG,2014,0
FMAC,Febre Maculosa,313120,Ipanema,MG,2015,0
FMAC,Febre Maculosa,313120,Ipanema,MG,2016,0
FMAC,Febre Maculosa,313120,Ipanema,MG,2017,0
FMAC,Febre Maculosa,313120,Ipanema,MG,2018,0
FMAC,Febre Maculosa,313120,Ipanema,MG,2019,0
FMAC,Febre Maculosa,313120,Ipanema,MG,2020,0
FMAC,Febre Maculosa,313120,Ipanema,MG,2021,1
FMAC,Febre Maculosa,313120,Ipanema,MG,2022,0
FMAC,Febre Maculosa,313120,Ipanema,MG,2023,0
FMAC,Febre Maculosa,313120,Ipanema,MG,2024,0
FMAC,Febre Maculosa,313120,Ipanema,MG,2025,0
FMAC,Febre Maculosa,313130,Ipatinga,MG,2001,0
FMAC,Febre Maculosa,313130,Ipatinga,MG,2006,0
FMAC,Febre Maculosa,313130,Ipatinga,MG,2007,3
FMAC,Febre Maculosa,313130,Ipatinga,MG,2008,0
FMAC,Febre Maculosa,313130,Ipatinga,MG,2009,3
FMAC,Febre Maculosa,313130,Ipatinga,MG,2010,1
FMAC,Febre Maculosa,313130,Ipatinga,MG,2011,3
FMAC,Febre Maculosa,313130,Ipatinga,MG,2012,2
FMAC,Febre Maculosa,313130,Ipatinga,MG,2013,1
FMAC,Febre Maculosa,313130,Ipatinga,MG,2014,2
FMAC,Febre Maculosa,313130,Ipatinga,MG,2015,1
FMAC,Febre Maculosa,313130,Ipatinga,MG,2016,0
FMAC,Febre Maculosa,313130,Ipatinga,MG,2017,1
FMAC,Febre Maculosa,313130,Ipatinga,MG,2018,3
FMAC,Febre Maculosa,313130,Ipatinga,MG,2019,3
FMAC,Febre Maculosa,313130,Ipatinga,MG,2020,0
FMAC,Febre Maculosa,313130,Ipatinga,MG,2021,1
FMAC,Febre Maculosa,313130,Ipatinga,MG,2022,2
FMAC,Febre Maculosa,313130,Ipatinga,MG,2023,4
FMAC,Febre Maculosa,313130,Ipatinga,MG,2024,1
FMAC,Febre Maculosa,313130,Ipatinga,MG,2025,0
FMAC,Febre Maculosa,313170,Itabira,MG,2001,0
FMAC,Febre Maculosa,313170,Itabira,MG,2006,0
FMAC,Febre Maculosa,313170,Itabira,MG,2007,0
FMAC,Febre Maculosa,313170,Itabira,MG,2008,1
FMAC,Febre Maculosa,313170,Itabira,MG,2009,1
FMAC,Febre Maculosa,313170,Itabira,MG,2010,0
FMAC,Febre Maculosa,313170,Itabira,MG,2011,0
FMAC,Febre Maculosa,313170,Itabira,MG,2012,0
FMAC,Febre Maculosa,313170,Itabira,MG,2013,0
FMAC,Febre Maculosa,313170,Itabira,MG,2014,0
FMAC,Febre Maculosa,313170,Itabira,MG,2015,1
FMAC,Febre Maculosa,313170,Itabira,MG,2016,0
FMAC,Febre Maculosa,313170,Itabira,MG,2017,1
FMAC,Febre Maculosa,313170,Itabira,MG,2018,4
FMAC,Febre Maculosa,313170,Itabira,MG,2019,1
FMAC,Febre Maculosa,313170,Itabira,MG,2020,0
FMAC,Febre Maculosa,313170,Itabira,MG,2021,1
FMAC,Febre Maculosa,313170,Itabira,MG,2022,0
FMAC,Febre Maculosa,313170,Itabira,MG,2023,5
FMAC,Febre Maculosa,313170,Itabira,MG,2024,2
FMAC,Febre Maculosa,313170,Itabira,MG,2025,5
FMAC,Febre Maculosa,313190,Itabirito,MG,2001,0
FMAC,Febre Maculosa,313190,Itabirito,MG,2006,0
FMAC,Febre Maculosa,313190,Itabirito,MG,2007,0
FMAC,Febre Maculosa,313190,Itabirito,MG,2008,0
FMAC,Febre Maculosa,313190,Itabirito,MG,2009,0
FMAC,Febre Maculosa,313190,Itabirito,MG,2010,0
FMAC,Febre Maculosa,313190,Itabirito,MG,2011,0
FMAC,Febre Maculosa,313190,Itabirito,MG,2012,0
FMAC,Febre Maculosa,313190,Itabirito,MG,2013,0
FMAC,Febre Maculosa,313190,Itabirito,MG,2014,0
FMAC,Febre Maculosa,313190,Itabirito,MG,2015,0
FMAC,Febre Maculosa,313190,Itabirito,MG,2016,0
FMAC,Febre Maculosa,313190,Itabirito,MG,2017,0
FMAC,Febre Maculosa,313190,Itabirito,MG,2018,0
FMAC,Febre Maculosa,313190,Itabirito,MG,2019,0
FMAC,Febre Maculosa,313190,Itabirito,MG,2020,0
FMAC,Febre Maculosa,313190,Itabirito,MG,2021,1
FMAC,Febre Maculosa,313190,Itabirito,MG,2022,0
FMAC,Febre Maculosa,313190,Itabirito,MG,2023,1
FMAC,Febre Maculosa,313190,Itabirito,MG,2024,0
FMAC,Febre Maculosa,313190,Itabirito,MG,2025,0
FMAC,Febre Maculosa,313250,Itamarandiba,MG,2001,0
FMAC,Febre Maculosa,313250,Itamarandiba,MG,2006,0
FMAC,Febre Maculosa,313250,Itamarandiba,MG,2007,0
FMAC,Febre Maculosa,313250,Itamarandiba,MG,2008,0
FMAC,Febre Maculosa,313250,Itamarandiba,MG,2009,0
FMAC,Febre Maculosa,313250,Itamarandiba,MG,2010,0
FMAC,Febre Maculosa,313250,Itamarandiba,MG,2011,0
FMAC,Febre Maculosa,313250,Itamarandiba,MG,2012,0
FMAC,Febre Maculosa,313250,Itamarandiba,MG,2013,0
FMAC,Febre Maculosa,313250,Itamarandiba,MG,2014,1
FMAC,Febre Maculosa,313250,Itamarandiba,MG,2015,0
FMAC,Febre Maculosa,313250,Itamarandiba,MG,2016,0
FMAC,Febre Maculosa,313250,Itamarandiba,MG,2017,2
FMAC,Febre Maculosa,313250,Itamarandiba,MG,2018,0
FMAC,Febre Maculosa,313250,Itamarandiba,MG,2019,0
FMAC,Febre Maculosa,313250,Itamarandiba,MG,2020,0
FMAC,Febre Maculosa,313250,Itamarandiba,MG,2021,0
FMAC,Febre Maculosa,313250,Itamarandiba,MG,2022,0
FMAC,Febre Maculosa,313250,Itamarandiba,MG,2023,0
FMAC,Febre Maculosa,313250,Itamarandiba,MG,2024,0
FMAC,Febre Maculosa,313250,Itamarandiba,MG,2025,0
FMAC,Febre Maculosa,313380,Itauna,MG,2001,0
FMAC,Febre Maculosa,313380,Itauna,MG,2006,0
FMAC,Febre Maculosa,313380,Itauna,MG,2007,0
FMAC,Febre Maculosa,313380,Itauna,MG,2008,0
FMAC,Febre Maculosa,313380,Itauna,MG,2009,0
FMAC,Febre Maculosa,313380,Itauna,MG,2010,0
FMAC,Febre Maculosa,313380,Itauna,MG,2011,0
FMAC,Febre Maculosa,313380,Itauna,MG,2012,0
FMAC,Febre Maculosa,313380,Itauna,MG,2013,0
FMAC,Febre Maculosa,313380,Itauna,MG,2014,0
FMAC,Febre Maculosa,313380,Itauna,MG,2015,0
FMAC,Febre Maculosa,313380,Itauna,MG,2016,0
FMAC,Febre Maculosa,313380,Itauna,MG,2017,1
FMAC,Febre Maculosa,313380,Itauna,MG,2018,4
FMAC,Febre Maculosa,313380,Itauna,MG,2019,0
FMAC,Febre Maculosa,313380,Itauna,MG,2020,0
FMAC,Febre Maculosa,313380,Itauna,MG,2021,1
FMAC,Febre Maculosa,313380,Itauna,MG,2022,0
FMAC,Febre Maculosa,313380,Itauna,MG,2023,1
FMAC,Febre Maculosa,313380,Itauna,MG,2024,0
FMAC,Febre Maculosa,313380,Itauna,MG,2025,0
FMAC,Febre Maculosa,313410,Itueta,MG,2001,0
FMAC,Febre Maculosa,313410,Itueta,MG,2006,0
FMAC,Febre Maculosa,313410,Itueta,MG,2007,0
FMAC,Febre Maculosa,313410,Itueta,MG,2008,0
FMAC,Febre Maculosa,313410,Itueta,MG,2009,0
FMAC,Febre Maculosa,313410,Itueta,MG,2010,0
FMAC,Febre Maculosa,313410,Itueta,MG,2011,0
FMAC,Febre Maculosa,313410,Itueta,MG,2012,0
FMAC,Febre Maculosa,313410,Itueta,MG,2013,0
FMAC,Febre Maculosa,313410,Itueta,MG,2014,0
FMAC,Febre Maculosa,313410,Itueta,MG,2015,0
FMAC,Febre Maculosa,313410,Itueta,MG,2016,0
FMAC,Febre Maculosa,313410,Itueta,MG,2017,0
FMAC,Febre Maculosa,313410,Itueta,MG,2018,0
FMAC,Febre Maculosa,313410,Itueta,MG,2019,0
FMAC,Febre Maculosa,313410,Itueta,MG,2020,0
FMAC,Febre Maculosa,313410,Itueta,MG,2021,0
FMAC,Febre Maculosa,313410,Itueta,MG,2022,0
FMAC,Febre Maculosa,313410,Itueta,MG,2023,0
FMAC,Febre Maculosa,313410,Itueta,MG,2024,1
FMAC,Febre Maculosa,313410,Itueta,MG,2025,1
FMAC,Febre Maculosa,313460,Jaboticatubas,MG,2001,0
FMAC,Febre Maculosa,313460,Jaboticatubas,MG,2006,0
FMAC,Febre Maculosa,313460,Jaboticatubas,MG,2007,0
FMAC,Febre Maculosa,313460,Jaboticatubas,MG,2008,0
FMAC,Febre Maculosa,313460,Jaboticatubas,MG,2009,0
FMAC,Febre Maculosa,313460,Jaboticatubas,MG,2010,0
FMAC,Febre Maculosa,313460,Jaboticatubas,MG,2011,0
FMAC,Febre Maculosa,313460,Jaboticatubas,MG,2012,0
FMAC,Febre Maculosa,313460,Jaboticatubas,MG,2013,0
FMAC,Febre Maculosa,313460,Jaboticatubas,MG,2014,0
FMAC,Febre Maculosa,313460,Jaboticatubas,MG,2015,0
FMAC,Febre Maculosa,313460,Jaboticatubas,MG,2016,0
FMAC,Febre Maculosa,313460,Jaboticatubas,MG,2017,1
FMAC,Febre Maculosa,313460,Jaboticatubas,MG,2018,0
FMAC,Febre Maculosa,313460,Jaboticatubas,MG,2019,2
FMAC,Febre Maculosa,313460,Jaboticatubas,MG,2020,0
FMAC,Febre Maculosa,313460,Jaboticatubas,MG,2021,0
FMAC,Febre Maculosa,313460,Jaboticatubas,MG,2022,0
FMAC,Febre Maculosa,313460,Jaboticatubas,MG,2023,0
FMAC,Febre Maculosa,313460,Jaboticatubas,MG,2024,0
FMAC,Febre Maculosa,313460,Jaboticatubas,MG,2025,0
FMAC,Febre Maculosa,313530,Japaraiba,MG,2001,0
FMAC,Febre Maculosa,313530,Japaraiba,MG,2006,0
FMAC,Febre Maculosa,313530,Japaraiba,MG,2007,0
FMAC,Febre Maculosa,313530,Japaraiba,MG,2008,0
FMAC,Febre Maculosa,313530,Japaraiba,MG,2009,0
FMAC,Febre Maculosa,313530,Japaraiba,MG,2010,0
FMAC,Febre Maculosa,313530,Japaraiba,MG,2011,0
FMAC,Febre Maculosa,313530,Japaraiba,MG,2012,0
FMAC,Febre Maculosa,313530,Japaraiba,MG,2013,0
FMAC,Febre Maculosa,313530,Japaraiba,MG,2014,0
FMAC,Febre Maculosa,313530,Japaraiba,MG,2015,0
FMAC,Febre Maculosa,313530,Japaraiba,MG,2016,0
FMAC,Febre Maculosa,313530,Japaraiba,MG,2017,0
FMAC,Febre Maculosa,313530,Japaraiba,MG,2018,0
FMAC,Febre Maculosa,313530,Japaraiba,MG,2019,1
FMAC,Febre Maculosa,313530,Japaraiba,MG,2020,0
FMAC,Febre Maculosa,313530,Japaraiba,MG,2021,0
FMAC,Febre Maculosa,313530,Japaraiba,MG,2022,0
FMAC,Febre Maculosa,313530,Japaraiba,MG,2023,0
FMAC,Febre Maculosa,313530,Japaraiba,MG,2024,0
FMAC,Febre Maculosa,313530,Japaraiba,MG,2025,0
FMAC,Febre Maculosa,313540,Jeceaba,MG,2001,0
FMAC,Febre Maculosa,313540,Jeceaba,MG,2006,0
FMAC,Febre Maculosa,313540,Jeceaba,MG,2007,0
FMAC,Febre Maculosa,313540,Jeceaba,MG,2008,0
FMAC,Febre Maculosa,313540,Jeceaba,MG,2009,0
FMAC,Febre Maculosa,313540,Jeceaba,MG,2010,0
FMAC,Febre Maculosa,313540,Jeceaba,MG,2011,0
FMAC,Febre Maculosa,313540,Jeceaba,MG,2012,0
FMAC,Febre Maculosa,313540,Jeceaba,MG,2013,0
FMAC,Febre Maculosa,313540,Jeceaba,MG,2014,0
FMAC,Febre Maculosa,313540,Jeceaba,MG,2015,0
FMAC,Febre Maculosa,313540,Jeceaba,MG,2016,0
FMAC,Febre Maculosa,313540,Jeceaba,MG,2017,0
FMAC,Febre Maculosa,313540,Jeceaba,MG,2018,0
FMAC,Febre Maculosa,313540,Jeceaba,MG,2019,0
FMAC,Febre Maculosa,313540,Jeceaba,MG,2020,0
FMAC,Febre Maculosa,313540,Jeceaba,MG,2021,0
FMAC,Febre Maculosa,313540,Jeceaba,MG,2022,0
FMAC,Febre Maculosa,313540,Jeceaba,MG,2023,2
FMAC,Febre Maculosa,313540,Jeceaba,MG,2024,0
FMAC,Febre Maculosa,313540,Jeceaba,MG,2025,0
FMAC,Febre Maculosa,313620,Joao Monlevade,MG,2001,0
FMAC,Febre Maculosa,313620,Joao Monlevade,MG,2006,0
FMAC,Febre Maculosa,313620,Joao Monlevade,MG,2007,0
FMAC,Febre Maculosa,313620,Joao Monlevade,MG,2008,0
FMAC,Febre Maculosa,313620,Joao Monlevade,MG,2009,0
FMAC,Febre Maculosa,313620,Joao Monlevade,MG,2010,0
FMAC,Febre Maculosa,313620,Joao Monlevade,MG,2011,0
FMAC,Febre Maculosa,313620,Joao Monlevade,MG,2012,0
FMAC,Febre Maculosa,313620,Joao Monlevade,MG,2013,0
FMAC,Febre Maculosa,313620,Joao Monlevade,MG,2014,0
FMAC,Febre Maculosa,313620,Joao Monlevade,MG,2015,0
FMAC,Febre Maculosa,313620,Joao Monlevade,MG,2016,0
FMAC,Febre Maculosa,313620,Joao Monlevade,MG,2017,0
FMAC,Febre Maculosa,313620,Joao Monlevade,MG,2018,0
FMAC,Febre Maculosa,313620,Joao Monlevade,MG,2019,0
FMAC,Febre Maculosa,313620,Joao Monlevade,MG,2020,0
FMAC,Febre Maculosa,313620,Joao Monlevade,MG,2021,0
FMAC,Febre Maculosa,313620,Joao Monlevade,MG,2022,1
FMAC,Febre Maculosa,313620,Joao Monlevade,MG,2023,0
FMAC,Febre Maculosa,313620,Joao Monlevade,MG,2024,0
FMAC,Febre Maculosa,313620,Joao Monlevade,MG,2025,0
FMAC,Febre Maculosa,313665,Juatuba,MG,2001,0
FMAC,Febre Maculosa,313665,Juatuba,MG,2006,0
FMAC,Febre Maculosa,313665,Juatuba,MG,2007,0
FMAC,Febre Maculosa,313665,Juatuba,MG,2008,0
FMAC,Febre Maculosa,313665,Juatuba,MG,2009,0
FMAC,Febre Maculosa,313665,Juatuba,MG,2010,0
FMAC,Febre Maculosa,313665,Juatuba,MG,2011,0
FMAC,Febre Maculosa,313665,Juatuba,MG,2012,0
FMAC,Febre Maculosa,313665,Juatuba,MG,2013,1
FMAC,Febre Maculosa,313665,Juatuba,MG,2014,0
FMAC,Febre Maculosa,313665,Juatuba,MG,2015,0
FMAC,Febre Maculosa,313665,Juatuba,MG,2016,0
FMAC,Febre Maculosa,313665,Juatuba,MG,2017,0
FMAC,Febre Maculosa,313665,Juatuba,MG,2018,0
FMAC,Febre Maculosa,313665,Juatuba,MG,2019,0
FMAC,Febre Maculosa,313665,Juatuba,MG,2020,0
FMAC,Febre Maculosa,313665,Juatuba,MG,2021,0
FMAC,Febre Maculosa,313665,Juatuba,MG,2022,0
FMAC,Febre Maculosa,313665,Juatuba,MG,2023,0
FMAC,Febre Maculosa,313665,Juatuba,MG,2024,0
FMAC,Febre Maculosa,313665,Juatuba,MG,2025,0
FMAC,Febre Maculosa,313670,Juiz de Fora,MG,2001,0
FMAC,Febre Maculosa,313670,Juiz de Fora,MG,2006,0
FMAC,Febre Maculosa,313670,Juiz de Fora,MG,2007,5
FMAC,Febre Maculosa,313670,Juiz de Fora,MG,2008,3
FMAC,Febre Maculosa,313670,Juiz de Fora,MG,2009,0
FMAC,Febre Maculosa,313670,Juiz de Fora,MG,2010,0
FMAC,Febre Maculosa,313670,Juiz de Fora,MG,2011,1
FMAC,Febre Maculosa,313670,Juiz de Fora,MG,2012,5
FMAC,Febre Maculosa,313670,Juiz de Fora,MG,2013,2
FMAC,Febre Maculosa,313670,Juiz de Fora,MG,2014,2
FMAC,Febre Maculosa,313670,Juiz de Fora,MG,2015,4
FMAC,Febre Maculosa,313670,Juiz de Fora,MG,2016,3
FMAC,Febre Maculosa,313670,Juiz de Fora,MG,2017,1
FMAC,Febre Maculosa,313670,Juiz de Fora,MG,2018,6
FMAC,Febre Maculosa,313670,Juiz de Fora,MG,2019,2
FMAC,Febre Maculosa,313670,Juiz de Fora,MG,2020,2
FMAC,Febre Maculosa,313670,Juiz de Fora,MG,2021,0
FMAC,Febre Maculosa,313670,Juiz de Fora,MG,2022,1
FMAC,Febre Maculosa,313670,Juiz de Fora,MG,2023,2
FMAC,Febre Maculosa,313670,Juiz de Fora,MG,2024,0
FMAC,Febre Maculosa,313670,Juiz de Fora,MG,2025,0
FMAC,Febre Maculosa,313720,Lagoa da Prata,MG,2001,0
FMAC,Febre Maculosa,313720,Lagoa da Prata,MG,2006,0
FMAC,Febre Maculosa,313720,Lagoa da Prata,MG,2007,0
FMAC,Febre Maculosa,313720,Lagoa da Prata,MG,2008,0
FMAC,Febre Maculosa,313720,Lagoa da Prata,MG,2009,0
FMAC,Febre Maculosa,313720,Lagoa da Prata,MG,2010,0
FMAC,Febre Maculosa,313720,Lagoa da Prata,MG,2011,0
FMAC,Febre Maculosa,313720,Lagoa da Prata,MG,2012,0
FMAC,Febre Maculosa,313720,Lagoa da Prata,MG,2013,0
FMAC,Febre Maculosa,313720,Lagoa da Prata,MG,2014,0
FMAC,Febre Maculosa,313720,Lagoa da Prata,MG,2015,1
FMAC,Febre Maculosa,313720,Lagoa da Prata,MG,2016,0
FMAC,Febre Maculosa,313720,Lagoa da Prata,MG,2017,0
FMAC,Febre Maculosa,313720,Lagoa da Prata,MG,2018,0
FMAC,Febre Maculosa,313720,Lagoa da Prata,MG,2019,0
FMAC,Febre Maculosa,313720,Lagoa da Prata,MG,2020,0
FMAC,Febre Maculosa,313720,Lagoa da Prata,MG,2021,0
FMAC,Febre Maculosa,313720,Lagoa da Prata,MG,2022,0
FMAC,Febre Maculosa,313720,Lagoa da Prata,MG,2023,0
FMAC,Febre Maculosa,313720,Lagoa da Prata,MG,2024,0
FMAC,Febre Maculosa,313720,Lagoa da Prata,MG,2025,0
FMAC,Febre Maculosa,313760,Lagoa Santa,MG,2001,0
FMAC,Febre Maculosa,313760,Lagoa Santa,MG,2006,0
FMAC,Febre Maculosa,313760,Lagoa Santa,MG,2007,0
FMAC,Febre Maculosa,313760,Lagoa Santa,MG,2008,0
FMAC,Febre Maculosa,313760,Lagoa Santa,MG,2009,0
FMAC,Febre Maculosa,313760,Lagoa Santa,MG,2010,0
FMAC,Febre Maculosa,313760,Lagoa Santa,MG,2011,0
FMAC,Febre Maculosa,313760,Lagoa Santa,MG,2012,0
FMAC,Febre Maculosa,313760,Lagoa Santa,MG,2013,0
FMAC,Febre Maculosa,313760,Lagoa Santa,MG,2014,0
FMAC,Febre Maculosa,313760,Lagoa Santa,MG,2015,0
FMAC,Febre Maculosa,313760,Lagoa Santa,MG,2016,0
FMAC,Febre Maculosa,313760,Lagoa Santa,MG,2017,2
FMAC,Febre Maculosa,313760,Lagoa Santa,MG,2018,0
FMAC,Febre Maculosa,313760,Lagoa Santa,MG,2019,0
FMAC,Febre Maculosa,313760,Lagoa Santa,MG,2020,0
FMAC,Febre Maculosa,313760,Lagoa Santa,MG,2021,0
FMAC,Febre Maculosa,313760,Lagoa Santa,MG,2022,0
FMAC,Febre Maculosa,313760,Lagoa Santa,MG,2023,1
FMAC,Febre Maculosa,313760,Lagoa Santa,MG,2024,7
FMAC,Febre Maculosa,313760,Lagoa Santa,MG,2025,2
FMAC,Febre Maculosa,313770,Lajinha,MG,2001,0
FMAC,Febre Maculosa,313770,Lajinha,MG,2006,0
FMAC,Febre Maculosa,313770,Lajinha,MG,2007,0
FMAC,Febre Maculosa,313770,Lajinha,MG,2008,0
FMAC,Febre Maculosa,313770,Lajinha,MG,2009,0
FMAC,Febre Maculosa,313770,Lajinha,MG,2010,0
FMAC,Febre Maculosa,313770,Lajinha,MG,2011,0
FMAC,Febre Maculosa,313770,Lajinha,MG,2012,0
FMAC,Febre Maculosa,313770,Lajinha,MG,2013,0
FMAC,Febre Maculosa,313770,Lajinha,MG,2014,0
FMAC,Febre Maculosa,313770,Lajinha,MG,2015,0
FMAC,Febre Maculosa,313770,Lajinha,MG,2016,0
FMAC,Febre Maculosa,313770,Lajinha,MG,2017,1
FMAC,Febre Maculosa,313770,Lajinha,MG,2018,0
FMAC,Febre Maculosa,313770,Lajinha,MG,2019,0
FMAC,Febre Maculosa,313770,Lajinha,MG,2020,0
FMAC,Febre Maculosa,313770,Lajinha,MG,2021,0
FMAC,Febre Maculosa,313770,Lajinha,MG,2022,0
FMAC,Febre Maculosa,313770,Lajinha,MG,2023,0
FMAC,Febre Maculosa,313770,Lajinha,MG,2024,1
FMAC,Febre Maculosa,313770,Lajinha,MG,2025,0
FMAC,Febre Maculosa,313820,Lavras,MG,2001,0
FMAC,Febre Maculosa,313820,Lavras,MG,2006,0
FMAC,Febre Maculosa,313820,Lavras,MG,2007,0
FMAC,Febre Maculosa,313820,Lavras,MG,2008,0
FMAC,Febre Maculosa,313820,Lavras,MG,2009,0
FMAC,Febre Maculosa,313820,Lavras,MG,2010,0
FMAC,Febre Maculosa,313820,Lavras,MG,2011,0
FMAC,Febre Maculosa,313820,Lavras,MG,2012,0
FMAC,Febre Maculosa,313820,Lavras,MG,2013,0
FMAC,Febre Maculosa,313820,Lavras,MG,2014,0
FMAC,Febre Maculosa,313820,Lavras,MG,2015,0
FMAC,Febre Maculosa,313820,Lavras,MG,2016,0
FMAC,Febre Maculosa,313820,Lavras,MG,2017,0
FMAC,Febre Maculosa,313820,Lavras,MG,2018,0
FMAC,Febre Maculosa,313820,Lavras,MG,2019,0
FMAC,Febre Maculosa,313820,Lavras,MG,2020,0
FMAC,Febre Maculosa,313820,Lavras,MG,2021,0
FMAC,Febre Maculosa,313820,Lavras,MG,2022,0
FMAC,Febre Maculosa,313820,Lavras,MG,2023,0
FMAC,Febre Maculosa,313820,Lavras,MG,2024,1
FMAC,Febre Maculosa,313820,Lavras,MG,2025,0
FMAC,Febre Maculosa,313830,Leandro Ferreira,MG,2001,0
FMAC,Febre Maculosa,313830,Leandro Ferreira,MG,2006,0
FMAC,Febre Maculosa,313830,Leandro Ferreira,MG,2007,0
FMAC,Febre Maculosa,313830,Leandro Ferreira,MG,2008,0
FMAC,Febre Maculosa,313830,Leandro Ferreira,MG,2009,0
FMAC,Febre Maculosa,313830,Leandro Ferreira,MG,2010,0
FMAC,Febre Maculosa,313830,Leandro Ferreira,MG,2011,0
FMAC,Febre Maculosa,313830,Leandro Ferreira,MG,2012,0
FMAC,Febre Maculosa,313830,Leandro Ferreira,MG,2013,0
FMAC,Febre Maculosa,313830,Leandro Ferreira,MG,2014,0
FMAC,Febre Maculosa,313830,Leandro Ferreira,MG,2015,0
FMAC,Febre Maculosa,313830,Leandro Ferreira,MG,2016,1
FMAC,Febre Maculosa,313830,Leandro Ferreira,MG,2017,0
FMAC,Febre Maculosa,313830,Leandro Ferreira,MG,2018,0
FMAC,Febre Maculosa,313830,Leandro Ferreira,MG,2019,0
FMAC,Febre Maculosa,313830,Leandro Ferreira,MG,2020,0
FMAC,Febre Maculosa,313830,Leandro Ferreira,MG,2021,0
FMAC,Febre Maculosa,313830,Leandro Ferreira,MG,2022,0
FMAC,Febre Maculosa,313830,Leandro Ferreira,MG,2023,0
FMAC,Febre Maculosa,313830,Leandro Ferreira,MG,2024,0
FMAC,Febre Maculosa,313830,Leandro Ferreira,MG,2025,0
FMAC,Febre Maculosa,313880,Luz,MG,2001,0
FMAC,Febre Maculosa,313880,Luz,MG,2006,0
FMAC,Febre Maculosa,313880,Luz,MG,2007,0
FMAC,Febre Maculosa,313880,Luz,MG,2008,0
FMAC,Febre Maculosa,313880,Luz,MG,2009,1
FMAC,Febre Maculosa,313880,Luz,MG,2010,0
FMAC,Febre Maculosa,313880,Luz,MG,2011,0
FMAC,Febre Maculosa,313880,Luz,MG,2012,0
FMAC,Febre Maculosa,313880,Luz,MG,2013,0
FMAC,Febre Maculosa,313880,Luz,MG,2014,0
FMAC,Febre Maculosa,313880,Luz,MG,2015,0
FMAC,Febre Maculosa,313880,Luz,MG,2016,0
FMAC,Febre Maculosa,313880,Luz,MG,2017,0
FMAC,Febre Maculosa,313880,Luz,MG,2018,0
FMAC,Febre Maculosa,313880,Luz,MG,2019,0
FMAC,Febre Maculosa,313880,Luz,MG,2020,0
FMAC,Febre Maculosa,313880,Luz,MG,2021,0
FMAC,Febre Maculosa,313880,Luz,MG,2022,0
FMAC,Febre Maculosa,313880,Luz,MG,2023,0
FMAC,Febre Maculosa,313880,Luz,MG,2024,0
FMAC,Febre Maculosa,313880,Luz,MG,2025,0
FMAC,Febre Maculosa,313940,Manhuacu,MG,2001,0
FMAC,Febre Maculosa,313940,Manhuacu,MG,2006,0
FMAC,Febre Maculosa,313940,Manhuacu,MG,2007,0
FMAC,Febre Maculosa,313940,Manhuacu,MG,2008,0
FMAC,Febre Maculosa,313940,Manhuacu,MG,2009,0
FMAC,Febre Maculosa,313940,Manhuacu,MG,2010,0
FMAC,Febre Maculosa,313940,Manhuacu,MG,2011,0
FMAC,Febre Maculosa,313940,Manhuacu,MG,2012,0
FMAC,Febre Maculosa,313940,Manhuacu,MG,2013,1
FMAC,Febre Maculosa,313940,Manhuacu,MG,2014,0
FMAC,Febre Maculosa,313940,Manhuacu,MG,2015,0
FMAC,Febre Maculosa,313940,Manhuacu,MG,2016,0
FMAC,Febre Maculosa,313940,Manhuacu,MG,2017,2
FMAC,Febre Maculosa,313940,Manhuacu,MG,2018,3
FMAC,Febre Maculosa,313940,Manhuacu,MG,2019,0
FMAC,Febre Maculosa,313940,Manhuacu,MG,2020,1
FMAC,Febre Maculosa,313940,Manhuacu,MG,2021,2
FMAC,Febre Maculosa,313940,Manhuacu,MG,2022,5
FMAC,Febre Maculosa,313940,Manhuacu,MG,2023,5
FMAC,Febre Maculosa,313940,Manhuacu,MG,2024,2
FMAC,Febre Maculosa,313940,Manhuacu,MG,2025,0
FMAC,Febre Maculosa,313950,Manhumirim,MG,2001,0
FMAC,Febre Maculosa,313950,Manhumirim,MG,2006,0
FMAC,Febre Maculosa,313950,Manhumirim,MG,2007,0
FMAC,Febre Maculosa,313950,Manhumirim,MG,2008,0
FMAC,Febre Maculosa,313950,Manhumirim,MG,2009,0
FMAC,Febre Maculosa,313950,Manhumirim,MG,2010,0
FMAC,Febre Maculosa,313950,Manhumirim,MG,2011,0
FMAC,Febre Maculosa,313950,Manhumirim,MG,2012,0
FMAC,Febre Maculosa,313950,Manhumirim,MG,2013,0
FMAC,Febre Maculosa,313950,Manhumirim,MG,2014,0
FMAC,Febre Maculosa,313950,Manhumirim,MG,2015,0
FMAC,Febre Maculosa,313950,Manhumirim,MG,2016,0
FMAC,Febre Maculosa,313950,Manhumirim,MG,2017,0
FMAC,Febre Maculosa,313950,Manhumirim,MG,2018,0
FMAC,Febre Maculosa,313950,Manhumirim,MG,2019,0
FMAC,Febre Maculosa,313950,Manhumirim,MG,2020,0
FMAC,Febre Maculosa,313950,Manhumirim,MG,2021,0
FMAC,Febre Maculosa,313950,Manhumirim,MG,2022,0
FMAC,Febre Maculosa,313950,Manhumirim,MG,2023,0
FMAC,Febre Maculosa,313950,Manhumirim,MG,2024,0
FMAC,Febre Maculosa,313950,Manhumirim,MG,2025,1
FMAC,Febre Maculosa,313970,Maravilhas,MG,2001,0
FMAC,Febre Maculosa,313970,Maravilhas,MG,2006,0
FMAC,Febre Maculosa,313970,Maravilhas,MG,2007,0
FMAC,Febre Maculosa,313970,Maravilhas,MG,2008,0
FMAC,Febre Maculosa,313970,Maravilhas,MG,2009,0
FMAC,Febre Maculosa,313970,Maravilhas,MG,2010,0
FMAC,Febre Maculosa,313970,Maravilhas,MG,2011,0
FMAC,Febre Maculosa,313970,Maravilhas,MG,2012,0
FMAC,Febre Maculosa,313970,Maravilhas,MG,2013,0
FMAC,Febre Maculosa,313970,Maravilhas,MG,2014,0
FMAC,Febre Maculosa,313970,Maravilhas,MG,2015,0
FMAC,Febre Maculosa,313970,Maravilhas,MG,2016,0
FMAC,Febre Maculosa,313970,Maravilhas,MG,2017,0
FMAC,Febre Maculosa,313970,Maravilhas,MG,2018,0
FMAC,Febre Maculosa,313970,Maravilhas,MG,2019,0
FMAC,Febre Maculosa,313970,Maravilhas,MG,2020,0
FMAC,Febre Maculosa,313970,Maravilhas,MG,2021,0
FMAC,Febre Maculosa,313970,Maravilhas,MG,2022,0
FMAC,Febre Maculosa,313970,Maravilhas,MG,2023,0
FMAC,Febre Maculosa,313970,Maravilhas,MG,2024,0
FMAC,Febre Maculosa,313970,Maravilhas,MG,2025,1
FMAC,Febre Maculosa,314000,Mariana,MG,2001,0
FMAC,Febre Maculosa,314000,Mariana,MG,2006,0
FMAC,Febre Maculosa,314000,Mariana,MG,2007,0
FMAC,Febre Maculosa,314000,Mariana,MG,2008,0
FMAC,Febre Maculosa,314000,Mariana,MG,2009,0
FMAC,Febre Maculosa,314000,Mariana,MG,2010,0
FMAC,Febre Maculosa,314000,Mariana,MG,2011,0
FMAC,Febre Maculosa,314000,Mariana,MG,2012,0
FMAC,Febre Maculosa,314000,Mariana,MG,2013,0
FMAC,Febre Maculosa,314000,Mariana,MG,2014,0
FMAC,Febre Maculosa,314000,Mariana,MG,2015,0
FMAC,Febre Maculosa,314000,Mariana,MG,2016,0
FMAC,Febre Maculosa,314000,Mariana,MG,2017,0
FMAC,Febre Maculosa,314000,Mariana,MG,2018,0
FMAC,Febre Maculosa,314000,Mariana,MG,2019,1
FMAC,Febre Maculosa,314000,Mariana,MG,2020,0
FMAC,Febre Maculosa,314000,Mariana,MG,2021,0
FMAC,Febre Maculosa,314000,Mariana,MG,2022,0
FMAC,Febre Maculosa,314000,Mariana,MG,2023,0
FMAC,Febre Maculosa,314000,Mariana,MG,2024,0
FMAC,Febre Maculosa,314000,Mariana,MG,2025,0
FMAC,Febre Maculosa,314060,Materlandia,MG,2001,0
FMAC,Febre Maculosa,314060,Materlandia,MG,2006,0
FMAC,Febre Maculosa,314060,Materlandia,MG,2007,0
FMAC,Febre Maculosa,314060,Materlandia,MG,2008,0
FMAC,Febre Maculosa,314060,Materlandia,MG,2009,0
FMAC,Febre Maculosa,314060,Materlandia,MG,2010,0
FMAC,Febre Maculosa,314060,Materlandia,MG,2011,0
FMAC,Febre Maculosa,314060,Materlandia,MG,2012,0
FMAC,Febre Maculosa,314060,Materlandia,MG,2013,0
FMAC,Febre Maculosa,314060,Materlandia,MG,2014,0
FMAC,Febre Maculosa,314060,Materlandia,MG,2015,0
FMAC,Febre Maculosa,314060,Materlandia,MG,2016,0
FMAC,Febre Maculosa,314060,Materlandia,MG,2017,1
FMAC,Febre Maculosa,314060,Materlandia,MG,2018,0
FMAC,Febre Maculosa,314060,Materlandia,MG,2019,0
FMAC,Febre Maculosa,314060,Materlandia,MG,2020,0
FMAC,Febre Maculosa,314060,Materlandia,MG,2021,0
FMAC,Febre Maculosa,314060,Materlandia,MG,2022,0
FMAC,Febre Maculosa,314060,Materlandia,MG,2023,0
FMAC,Febre Maculosa,314060,Materlandia,MG,2024,0
FMAC,Febre Maculosa,314060,Materlandia,MG,2025,0
FMAC,Febre Maculosa,314070,Mateus Leme,MG,2001,0
FMAC,Febre Maculosa,314070,Mateus Leme,MG,2006,0
FMAC,Febre Maculosa,314070,Mateus Leme,MG,2007,0
FMAC,Febre Maculosa,314070,Mateus Leme,MG,2008,0
FMAC,Febre Maculosa,314070,Mateus Leme,MG,2009,0
FMAC,Febre Maculosa,314070,Mateus Leme,MG,2010,0
FMAC,Febre Maculosa,314070,Mateus Leme,MG,2011,0
FMAC,Febre Maculosa,314070,Mateus Leme,MG,2012,0
FMAC,Febre Maculosa,314070,Mateus Leme,MG,2013,0
FMAC,Febre Maculosa,314070,Mateus Leme,MG,2014,0
FMAC,Febre Maculosa,314070,Mateus Leme,MG,2015,0
FMAC,Febre Maculosa,314070,Mateus Leme,MG,2016,0
FMAC,Febre Maculosa,314070,Mateus Leme,MG,2017,0
FMAC,Febre Maculosa,314070,Mateus Leme,MG,2018,0
FMAC,Febre Maculosa,314070,Mateus Leme,MG,2019,0
FMAC,Febre Maculosa,314070,Mateus Leme,MG,2020,0
FMAC,Febre Maculosa,314070,Mateus Leme,MG,2021,0
FMAC,Febre Maculosa,314070,Mateus Leme,MG,2022,0
FMAC,Febre Maculosa,314070,Mateus Leme,MG,2023,0
FMAC,Febre Maculosa,314070,Mateus Leme,MG,2024,0
FMAC,Febre Maculosa,314070,Mateus Leme,MG,2025,2
FMAC,Febre Maculosa,314080,Matias Barbosa,MG,2001,0
FMAC,Febre Maculosa,314080,Matias Barbosa,MG,2006,0
FMAC,Febre Maculosa,314080,Matias Barbosa,MG,2007,0
FMAC,Febre Maculosa,314080,Matias Barbosa,MG,2008,0
FMAC,Febre Maculosa,314080,Matias Barbosa,MG,2009,0
FMAC,Febre Maculosa,314080,Matias Barbosa,MG,2010,0
FMAC,Febre Maculosa,314080,Matias Barbosa,MG,2011,0
FMAC,Febre Maculosa,314080,Matias Barbosa,MG,2012,0
FMAC,Febre Maculosa,314080,Matias Barbosa,MG,2013,0
FMAC,Febre Maculosa,314080,Matias Barbosa,MG,2014,1
FMAC,Febre Maculosa,314080,Matias Barbosa,MG,2015,1
FMAC,Febre Maculosa,314080,Matias Barbosa,MG,2016,2
FMAC,Febre Maculosa,314080,Matias Barbosa,MG,2017,0
FMAC,Febre Maculosa,314080,Matias Barbosa,MG,2018,0
FMAC,Febre Maculosa,314080,Matias Barbosa,MG,2019,0
FMAC,Febre Maculosa,314080,Matias Barbosa,MG,2020,0
FMAC,Febre Maculosa,314080,Matias Barbosa,MG,2021,0
FMAC,Febre Maculosa,314080,Matias Barbosa,MG,2022,0
FMAC,Febre Maculosa,314080,Matias Barbosa,MG,2023,0
FMAC,Febre Maculosa,314080,Matias Barbosa,MG,2024,2
FMAC,Febre Maculosa,314080,Matias Barbosa,MG,2025,0
FMAC,Febre Maculosa,314090,Matipo,MG,2001,0
FMAC,Febre Maculosa,314090,Matipo,MG,2006,0
FMAC,Febre Maculosa,314090,Matipo,MG,2007,0
FMAC,Febre Maculosa,314090,Matipo,MG,2008,0
FMAC,Febre Maculosa,314090,Matipo,MG,2009,0
FMAC,Febre Maculosa,314090,Matipo,MG,2010,0
FMAC,Febre Maculosa,314090,Matipo,MG,2011,0
FMAC,Febre Maculosa,314090,Matipo,MG,2012,0
FMAC,Febre Maculosa,314090,Matipo,MG,2013,0
FMAC,Febre Maculosa,314090,Matipo,MG,2014,0
FMAC,Febre Maculosa,314090,Matipo,MG,2015,0
FMAC,Febre Maculosa,314090,Matipo,MG,2016,0
FMAC,Febre Maculosa,314090,Matipo,MG,2017,1
FMAC,Febre Maculosa,314090,Matipo,MG,2018,0
FMAC,Febre Maculosa,314090,Matipo,MG,2019,0
FMAC,Febre Maculosa,314090,Matipo,MG,2020,0
FMAC,Febre Maculosa,314090,Matipo,MG,2021,0
FMAC,Febre Maculosa,314090,Matipo,MG,2022,0
FMAC,Febre Maculosa,314090,Matipo,MG,2023,0
FMAC,Febre Maculosa,314090,Matipo,MG,2024,0
FMAC,Febre Maculosa,314090,Matipo,MG,2025,0
FMAC,Febre Maculosa,314110,Matozinhos,MG,2001,0
FMAC,Febre Maculosa,314110,Matozinhos,MG,2006,0
FMAC,Febre Maculosa,314110,Matozinhos,MG,2007,0
FMAC,Febre Maculosa,314110,Matozinhos,MG,2008,0
FMAC,Febre Maculosa,314110,Matozinhos,MG,2009,0
FMAC,Febre Maculosa,314110,Matozinhos,MG,2010,0
FMAC,Febre Maculosa,314110,Matozinhos,MG,2011,0
FMAC,Febre Maculosa,314110,Matozinhos,MG,2012,0
FMAC,Febre Maculosa,314110,Matozinhos,MG,2013,0
FMAC,Febre Maculosa,314110,Matozinhos,MG,2014,0
FMAC,Febre Maculosa,314110,Matozinhos,MG,2015,0
FMAC,Febre Maculosa,314110,Matozinhos,MG,2016,0
FMAC,Febre Maculosa,314110,Matozinhos,MG,2017,1
FMAC,Febre Maculosa,314110,Matozinhos,MG,2018,0
FMAC,Febre Maculosa,314110,Matozinhos,MG,2019,0
FMAC,Febre Maculosa,314110,Matozinhos,MG,2020,0
FMAC,Febre Maculosa,314110,Matozinhos,MG,2021,0
FMAC,Febre Maculosa,314110,Matozinhos,MG,2022,0
FMAC,Febre Maculosa,314110,Matozinhos,MG,2023,2
FMAC,Febre Maculosa,314110,Matozinhos,MG,2024,0
FMAC,Febre Maculosa,314110,Matozinhos,MG,2025,3
FMAC,Febre Maculosa,314180,Minas Novas,MG,2001,0
FMAC,Febre Maculosa,314180,Minas Novas,MG,2006,0
FMAC,Febre Maculosa,314180,Minas Novas,MG,2007,0
FMAC,Febre Maculosa,314180,Minas Novas,MG,2008,0
FMAC,Febre Maculosa,314180,Minas Novas,MG,2009,0
FMAC,Febre Maculosa,314180,Minas Novas,MG,2010,0
FMAC,Febre Maculosa,314180,Minas Novas,MG,2011,0
FMAC,Febre Maculosa,314180,Minas Novas,MG,2012,0
FMAC,Febre Maculosa,314180,Minas Novas,MG,2013,0
FMAC,Febre Maculosa,314180,Minas Novas,MG,2014,0
FMAC,Febre Maculosa,314180,Minas Novas,MG,2015,0
FMAC,Febre Maculosa,314180,Minas Novas,MG,2016,0
FMAC,Febre Maculosa,314180,Minas Novas,MG,2017,0
FMAC,Febre Maculosa,314180,Minas Novas,MG,2018,0
FMAC,Febre Maculosa,314180,Minas Novas,MG,2019,0
FMAC,Febre Maculosa,314180,Minas Novas,MG,2020,0
FMAC,Febre Maculosa,314180,Minas Novas,MG,2021,0
FMAC,Febre Maculosa,314180,Minas Novas,MG,2022,0
FMAC,Febre Maculosa,314180,Minas Novas,MG,2023,0
FMAC,Febre Maculosa,314180,Minas Novas,MG,2024,0
FMAC,Febre Maculosa,314180,Minas Novas,MG,2025,1
FMAC,Febre Maculosa,314210,Miradouro,MG,2001,0
FMAC,Febre Maculosa,314210,Miradouro,MG,2006,0
FMAC,Febre Maculosa,314210,Miradouro,MG,2007,0
FMAC,Febre Maculosa,314210,Miradouro,MG,2008,1
FMAC,Febre Maculosa,314210,Miradouro,MG,2009,0
FMAC,Febre Maculosa,314210,Miradouro,MG,2010,0
FMAC,Febre Maculosa,314210,Miradouro,MG,2011,0
FMAC,Febre Maculosa,314210,Miradouro,MG,2012,0
FMAC,Febre Maculosa,314210,Miradouro,MG,2013,0
FMAC,Febre Maculosa,314210,Miradouro,MG,2014,0
FMAC,Febre Maculosa,314210,Miradouro,MG,2015,0
FMAC,Febre Maculosa,314210,Miradouro,MG,2016,0
FMAC,Febre Maculosa,314210,Miradouro,MG,2017,0
FMAC,Febre Maculosa,314210,Miradouro,MG,2018,0
FMAC,Febre Maculosa,314210,Miradouro,MG,2019,0
FMAC,Febre Maculosa,314210,Miradouro,MG,2020,0
FMAC,Febre Maculosa,314210,Miradouro,MG,2021,0
FMAC,Febre Maculosa,314210,Miradouro,MG,2022,0
FMAC,Febre Maculosa,314210,Miradouro,MG,2023,0
FMAC,Febre Maculosa,314210,Miradouro,MG,2024,0
FMAC,Febre Maculosa,314210,Miradouro,MG,2025,0
FMAC,Febre Maculosa,314240,Moema,MG,2001,0
FMAC,Febre Maculosa,314240,Moema,MG,2006,0
FMAC,Febre Maculosa,314240,Moema,MG,2007,0
FMAC,Febre Maculosa,314240,Moema,MG,2008,0
FMAC,Febre Maculosa,314240,Moema,MG,2009,0
FMAC,Febre Maculosa,314240,Moema,MG,2010,0
FMAC,Febre Maculosa,314240,Moema,MG,2011,1
FMAC,Febre Maculosa,314240,Moema,MG,2012,0
FMAC,Febre Maculosa,314240,Moema,MG,2013,0
FMAC,Febre Maculosa,314240,Moema,MG,2014,0
FMAC,Febre Maculosa,314240,Moema,MG,2015,0
FMAC,Febre Maculosa,314240,Moema,MG,2016,0
FMAC,Febre Maculosa,314240,Moema,MG,2017,0
FMAC,Febre Maculosa,314240,Moema,MG,2018,0
FMAC,Febre Maculosa,314240,Moema,MG,2019,0
FMAC,Febre Maculosa,314240,Moema,MG,2020,0
FMAC,Febre Maculosa,314240,Moema,MG,2021,0
FMAC,Febre Maculosa,314240,Moema,MG,2022,0
FMAC,Febre Maculosa,314240,Moema,MG,2023,0
FMAC,Febre Maculosa,314240,Moema,MG,2024,0
FMAC,Febre Maculosa,314240,Moema,MG,2025,0
FMAC,Febre Maculosa,314320,Monte Santo de Minas,MG,2001,0
FMAC,Febre Maculosa,314320,Monte Santo de Minas,MG,2006,0
FMAC,Febre Maculosa,314320,Monte Santo de Minas,MG,2007,0
FMAC,Febre Maculosa,314320,Monte Santo de Minas,MG,2008,0
FMAC,Febre Maculosa,314320,Monte Santo de Minas,MG,2009,0
FMAC,Febre Maculosa,314320,Monte Santo de Minas,MG,2010,0
FMAC,Febre Maculosa,314320,Monte Santo de Minas,MG,2011,0
FMAC,Febre Maculosa,314320,Monte Santo de Minas,MG,2012,0
FMAC,Febre Maculosa,314320,Monte Santo de Minas,MG,2013,0
FMAC,Febre Maculosa,314320,Monte Santo de Minas,MG,2014,0
FMAC,Febre Maculosa,314320,Monte Santo de Minas,MG,2015,0
FMAC,Febre Maculosa,314320,Monte Santo de Minas,MG,2016,0
FMAC,Febre Maculosa,314320,Monte Santo de Minas,MG,2017,0
FMAC,Febre Maculosa,314320,Monte Santo de Minas,MG,2018,0
FMAC,Febre Maculosa,314320,Monte Santo de Minas,MG,2019,1
FMAC,Febre Maculosa,314320,Monte Santo de Minas,MG,2020,0
FMAC,Febre Maculosa,314320,Monte Santo de Minas,MG,2021,0
FMAC,Febre Maculosa,314320,Monte Santo de Minas,MG,2022,0
FMAC,Febre Maculosa,314320,Monte Santo de Minas,MG,2023,0
FMAC,Febre Maculosa,314320,Monte Santo de Minas,MG,2024,0
FMAC,Febre Maculosa,314320,Monte Santo de Minas,MG,2025,0
FMAC,Febre Maculosa,314330,Montes Claros,MG,2001,0
FMAC,Febre Maculosa,314330,Montes Claros,MG,2006,0
FMAC,Febre Maculosa,314330,Montes Claros,MG,2007,0
FMAC,Febre Maculosa,314330,Montes Claros,MG,2008,0
FMAC,Febre Maculosa,314330,Montes Claros,MG,2009,0
FMAC,Febre Maculosa,314330,Montes Claros,MG,2010,0
FMAC,Febre Maculosa,314330,Montes Claros,MG,2011,0
FMAC,Febre Maculosa,314330,Montes Claros,MG,2012,0
FMAC,Febre Maculosa,314330,Montes Claros,MG,2013,0
FMAC,Febre Maculosa,314330,Montes Claros,MG,2014,0
FMAC,Febre Maculosa,314330,Montes Claros,MG,2015,0
FMAC,Febre Maculosa,314330,Montes Claros,MG,2016,0
FMAC,Febre Maculosa,314330,Montes Claros,MG,2017,0
FMAC,Febre Maculosa,314330,Montes Claros,MG,2018,0
FMAC,Febre Maculosa,314330,Montes Claros,MG,2019,0
FMAC,Febre Maculosa,314330,Montes Claros,MG,2020,0
FMAC,Febre Maculosa,314330,Montes Claros,MG,2021,0
FMAC,Febre Maculosa,314330,Montes Claros,MG,2022,0
FMAC,Febre Maculosa,314330,Montes Claros,MG,2023,1
FMAC,Febre Maculosa,314330,Montes Claros,MG,2024,8
FMAC,Febre Maculosa,314330,Montes Claros,MG,2025,0
FMAC,Febre Maculosa,314340,Monte Siao,MG,2001,0
FMAC,Febre Maculosa,314340,Monte Siao,MG,2006,0
FMAC,Febre Maculosa,314340,Monte Siao,MG,2007,0
FMAC,Febre Maculosa,314340,Monte Siao,MG,2008,0
FMAC,Febre Maculosa,314340,Monte Siao,MG,2009,0
FMAC,Febre Maculosa,314340,Monte Siao,MG,2010,0
FMAC,Febre Maculosa,314340,Monte Siao,MG,2011,0
FMAC,Febre Maculosa,314340,Monte Siao,MG,2012,0
FMAC,Febre Maculosa,314340,Monte Siao,MG,2013,0
FMAC,Febre Maculosa,314340,Monte Siao,MG,2014,0
FMAC,Febre Maculosa,314340,Monte Siao,MG,2015,0
FMAC,Febre Maculosa,314340,Monte Siao,MG,2016,0
FMAC,Febre Maculosa,314340,Monte Siao,MG,2017,0
FMAC,Febre Maculosa,314340,Monte Siao,MG,2018,1
FMAC,Febre Maculosa,314340,Monte Siao,MG,2019,0
FMAC,Febre Maculosa,314340,Monte Siao,MG,2020,0
FMAC,Febre Maculosa,314340,Monte Siao,MG,2021,0
FMAC,Febre Maculosa,314340,Monte Siao,MG,2022,0
FMAC,Febre Maculosa,314340,Monte Siao,MG,2023,0
FMAC,Febre Maculosa,314340,Monte Siao,MG,2024,0
FMAC,Febre Maculosa,314340,Monte Siao,MG,2025,0
FMAC,Febre Maculosa,314390,Muriae,MG,2001,0
FMAC,Febre Maculosa,314390,Muriae,MG,2006,0
FMAC,Febre Maculosa,314390,Muriae,MG,2007,0
FMAC,Febre Maculosa,314390,Muriae,MG,2008,0
FMAC,Febre Maculosa,314390,Muriae,MG,2009,0
FMAC,Febre Maculosa,314390,Muriae,MG,2010,0
FMAC,Febre Maculosa,314390,Muriae,MG,2011,0
FMAC,Febre Maculosa,314390,Muriae,MG,2012,1
FMAC,Febre Maculosa,314390,Muriae,MG,2013,0
FMAC,Febre Maculosa,314390,Muriae,MG,2014,0
FMAC,Febre Maculosa,314390,Muriae,MG,2015,0
FMAC,Febre Maculosa,314390,Muriae,MG,2016,0
FMAC,Febre Maculosa,314390,Muriae,MG,2017,0
FMAC,Febre Maculosa,314390,Muriae,MG,2018,2
FMAC,Febre Maculosa,314390,Muriae,MG,2019,0
FMAC,Febre Maculosa,314390,Muriae,MG,2020,0
FMAC,Febre Maculosa,314390,Muriae,MG,2021,0
FMAC,Febre Maculosa,314390,Muriae,MG,2022,0
FMAC,Febre Maculosa,314390,Muriae,MG,2023,0
FMAC,Febre Maculosa,314390,Muriae,MG,2024,0
FMAC,Febre Maculosa,314390,Muriae,MG,2025,1
FMAC,Febre Maculosa,314400,Mutum,MG,2001,0
FMAC,Febre Maculosa,314400,Mutum,MG,2006,0
FMAC,Febre Maculosa,314400,Mutum,MG,2007,0
FMAC,Febre Maculosa,314400,Mutum,MG,2008,0
FMAC,Febre Maculosa,314400,Mutum,MG,2009,0
FMAC,Febre Maculosa,314400,Mutum,MG,2010,0
FMAC,Febre Maculosa,314400,Mutum,MG,2011,0
FMAC,Febre Maculosa,314400,Mutum,MG,2012,0
FMAC,Febre Maculosa,314400,Mutum,MG,2013,0
FMAC,Febre Maculosa,314400,Mutum,MG,2014,0
FMAC,Febre Maculosa,314400,Mutum,MG,2015,0
FMAC,Febre Maculosa,314400,Mutum,MG,2016,0
FMAC,Febre Maculosa,314400,Mutum,MG,2017,0
FMAC,Febre Maculosa,314400,Mutum,MG,2018,0
FMAC,Febre Maculosa,314400,Mutum,MG,2019,1
FMAC,Febre Maculosa,314400,Mutum,MG,2020,2
FMAC,Febre Maculosa,314400,Mutum,MG,2021,1
FMAC,Febre Maculosa,314400,Mutum,MG,2022,0
FMAC,Febre Maculosa,314400,Mutum,MG,2023,0
FMAC,Febre Maculosa,314400,Mutum,MG,2024,6
FMAC,Febre Maculosa,314400,Mutum,MG,2025,0
FMAC,Febre Maculosa,314430,Nanuque,MG,2001,0
FMAC,Febre Maculosa,314430,Nanuque,MG,2006,0
FMAC,Febre Maculosa,314430,Nanuque,MG,2007,0
FMAC,Febre Maculosa,314430,Nanuque,MG,2008,0
FMAC,Febre Maculosa,314430,Nanuque,MG,2009,0
FMAC,Febre Maculosa,314430,Nanuque,MG,2010,0
FMAC,Febre Maculosa,314430,Nanuque,MG,2011,0
FMAC,Febre Maculosa,314430,Nanuque,MG,2012,0
FMAC,Febre Maculosa,314430,Nanuque,MG,2013,0
FMAC,Febre Maculosa,314430,Nanuque,MG,2014,0
FMAC,Febre Maculosa,314430,Nanuque,MG,2015,2
FMAC,Febre Maculosa,314430,Nanuque,MG,2016,0
FMAC,Febre Maculosa,314430,Nanuque,MG,2017,0
FMAC,Febre Maculosa,314430,Nanuque,MG,2018,0
FMAC,Febre Maculosa,314430,Nanuque,MG,2019,0
FMAC,Febre Maculosa,314430,Nanuque,MG,2020,0
FMAC,Febre Maculosa,314430,Nanuque,MG,2021,0
FMAC,Febre Maculosa,314430,Nanuque,MG,2022,1
FMAC,Febre Maculosa,314430,Nanuque,MG,2023,0
FMAC,Febre Maculosa,314430,Nanuque,MG,2024,0
FMAC,Febre Maculosa,314430,Nanuque,MG,2025,0
FMAC,Febre Maculosa,314440,Natercia,MG,2001,0
FMAC,Febre Maculosa,314440,Natercia,MG,2006,0
FMAC,Febre Maculosa,314440,Natercia,MG,2007,0
FMAC,Febre Maculosa,314440,Natercia,MG,2008,0
FMAC,Febre Maculosa,314440,Natercia,MG,2009,0
FMAC,Febre Maculosa,314440,Natercia,MG,2010,0
FMAC,Febre Maculosa,314440,Natercia,MG,2011,0
FMAC,Febre Maculosa,314440,Natercia,MG,2012,0
FMAC,Febre Maculosa,314440,Natercia,MG,2013,0
FMAC,Febre Maculosa,314440,Natercia,MG,2014,0
FMAC,Febre Maculosa,314440,Natercia,MG,2015,0
FMAC,Febre Maculosa,314440,Natercia,MG,2016,0
FMAC,Febre Maculosa,314440,Natercia,MG,2017,0
FMAC,Febre Maculosa,314440,Natercia,MG,2018,0
FMAC,Febre Maculosa,314440,Natercia,MG,2019,0
FMAC,Febre Maculosa,314440,Natercia,MG,2020,0
FMAC,Febre Maculosa,314440,Natercia,MG,2021,0
FMAC,Febre Maculosa,314440,Natercia,MG,2022,0
FMAC,Febre Maculosa,314440,Natercia,MG,2023,0
FMAC,Febre Maculosa,314440,Natercia,MG,2024,1
FMAC,Febre Maculosa,314440,Natercia,MG,2025,0
FMAC,Febre Maculosa,314470,Nova Era,MG,2001,0
FMAC,Febre Maculosa,314470,Nova Era,MG,2006,0
FMAC,Febre Maculosa,314470,Nova Era,MG,2007,0
FMAC,Febre Maculosa,314470,Nova Era,MG,2008,0
FMAC,Febre Maculosa,314470,Nova Era,MG,2009,0
FMAC,Febre Maculosa,314470,Nova Era,MG,2010,0
FMAC,Febre Maculosa,314470,Nova Era,MG,2011,0
FMAC,Febre Maculosa,314470,Nova Era,MG,2012,0
FMAC,Febre Maculosa,314470,Nova Era,MG,2013,0
FMAC,Febre Maculosa,314470,Nova Era,MG,2014,0
FMAC,Febre Maculosa,314470,Nova Era,MG,2015,0
FMAC,Febre Maculosa,314470,Nova Era,MG,2016,0
FMAC,Febre Maculosa,314470,Nova Era,MG,2017,0
FMAC,Febre Maculosa,314470,Nova Era,MG,2018,0
FMAC,Febre Maculosa,314470,Nova Era,MG,2019,1
FMAC,Febre Maculosa,314470,Nova Era,MG,2020,0
FMAC,Febre Maculosa,314470,Nova Era,MG,2021,0
FMAC,Febre Maculosa,314470,Nova Era,MG,2022,0
FMAC,Febre Maculosa,314470,Nova Era,MG,2023,0
FMAC,Febre Maculosa,314470,Nova Era,MG,2024,0
FMAC,Febre Maculosa,314470,Nova Era,MG,2025,0
FMAC,Febre Maculosa,314530,Novo Cruzeiro,MG,2001,0
FMAC,Febre Maculosa,314530,Novo Cruzeiro,MG,2006,0
FMAC,Febre Maculosa,314530,Novo Cruzeiro,MG,2007,0
FMAC,Febre Maculosa,314530,Novo Cruzeiro,MG,2008,0
FMAC,Febre Maculosa,314530,Novo Cruzeiro,MG,2009,0
FMAC,Febre Maculosa,314530,Novo Cruzeiro,MG,2010,0
FMAC,Febre Maculosa,314530,Novo Cruzeiro,MG,2011,1
FMAC,Febre Maculosa,314530,Novo Cruzeiro,MG,2012,0
FMAC,Febre Maculosa,314530,Novo Cruzeiro,MG,2013,0
FMAC,Febre Maculosa,314530,Novo Cruzeiro,MG,2014,0
FMAC,Febre Maculosa,314530,Novo Cruzeiro,MG,2015,0
FMAC,Febre Maculosa,314530,Novo Cruzeiro,MG,2016,0
FMAC,Febre Maculosa,314530,Novo Cruzeiro,MG,2017,0
FMAC,Febre Maculosa,314530,Novo Cruzeiro,MG,2018,0
FMAC,Febre Maculosa,314530,Novo Cruzeiro,MG,2019,0
FMAC,Febre Maculosa,314530,Novo Cruzeiro,MG,2020,0
FMAC,Febre Maculosa,314530,Novo Cruzeiro,MG,2021,0
FMAC,Febre Maculosa,314530,Novo Cruzeiro,MG,2022,0
FMAC,Febre Maculosa,314530,Novo Cruzeiro,MG,2023,0
FMAC,Febre Maculosa,314530,Novo Cruzeiro,MG,2024,0
FMAC,Febre Maculosa,314530,Novo Cruzeiro,MG,2025,0
FMAC,Febre Maculosa,314560,Oliveira,MG,2001,0
FMAC,Febre Maculosa,314560,Oliveira,MG,2006,0
FMAC,Febre Maculosa,314560,Oliveira,MG,2007,0
FMAC,Febre Maculosa,314560,Oliveira,MG,2008,0
FMAC,Febre Maculosa,314560,Oliveira,MG,2009,0
FMAC,Febre Maculosa,314560,Oliveira,MG,2010,0
FMAC,Febre Maculosa,314560,Oliveira,MG,2011,0
FMAC,Febre Maculosa,314560,Oliveira,MG,2012,0
FMAC,Febre Maculosa,314560,Oliveira,MG,2013,0
FMAC,Febre Maculosa,314560,Oliveira,MG,2014,0
FMAC,Febre Maculosa,314560,Oliveira,MG,2015,0
FMAC,Febre Maculosa,314560,Oliveira,MG,2016,0
FMAC,Febre Maculosa,314560,Oliveira,MG,2017,0
FMAC,Febre Maculosa,314560,Oliveira,MG,2018,0
FMAC,Febre Maculosa,314560,Oliveira,MG,2019,0
FMAC,Febre Maculosa,314560,Oliveira,MG,2020,0
FMAC,Febre Maculosa,314560,Oliveira,MG,2021,0
FMAC,Febre Maculosa,314560,Oliveira,MG,2022,1
FMAC,Febre Maculosa,314560,Oliveira,MG,2023,1
FMAC,Febre Maculosa,314560,Oliveira,MG,2024,0
FMAC,Febre Maculosa,314560,Oliveira,MG,2025,0
FMAC,Febre Maculosa,314590,Ouro Branco,MG,2001,0
FMAC,Febre Maculosa,314590,Ouro Branco,MG,2006,0
FMAC,Febre Maculosa,314590,Ouro Branco,MG,2007,0
FMAC,Febre Maculosa,314590,Ouro Branco,MG,2008,0
FMAC,Febre Maculosa,314590,Ouro Branco,MG,2009,0
FMAC,Febre Maculosa,314590,Ouro Branco,MG,2010,0
FMAC,Febre Maculosa,314590,Ouro Branco,MG,2011,0
FMAC,Febre Maculosa,314590,Ouro Branco,MG,2012,0
FMAC,Febre Maculosa,314590,Ouro Branco,MG,2013,0
FMAC,Febre Maculosa,314590,Ouro Branco,MG,2014,0
FMAC,Febre Maculosa,314590,Ouro Branco,MG,2015,0
FMAC,Febre Maculosa,314590,Ouro Branco,MG,2016,0
FMAC,Febre Maculosa,314590,Ouro Branco,MG,2017,0
FMAC,Febre Maculosa,314590,Ouro Branco,MG,2018,1
FMAC,Febre Maculosa,314590,Ouro Branco,MG,2019,0
FMAC,Febre Maculosa,314590,Ouro Branco,MG,2020,0
FMAC,Febre Maculosa,314590,Ouro Branco,MG,2021,0
FMAC,Febre Maculosa,314590,Ouro Branco,MG,2022,0
FMAC,Febre Maculosa,314590,Ouro Branco,MG,2023,1
FMAC,Febre Maculosa,314590,Ouro Branco,MG,2024,0
FMAC,Febre Maculosa,314590,Ouro Branco,MG,2025,0
FMAC,Febre Maculosa,314600,Ouro Fino,MG,2001,0
FMAC,Febre Maculosa,314600,Ouro Fino,MG,2006,0
FMAC,Febre Maculosa,314600,Ouro Fino,MG,2007,0
FMAC,Febre Maculosa,314600,Ouro Fino,MG,2008,0
FMAC,Febre Maculosa,314600,Ouro Fino,MG,2009,0
FMAC,Febre Maculosa,314600,Ouro Fino,MG,2010,0
FMAC,Febre Maculosa,314600,Ouro Fino,MG,2011,0
FMAC,Febre Maculosa,314600,Ouro Fino,MG,2012,0
FMAC,Febre Maculosa,314600,Ouro Fino,MG,2013,0
FMAC,Febre Maculosa,314600,Ouro Fino,MG,2014,0
FMAC,Febre Maculosa,314600,Ouro Fino,MG,2015,0
FMAC,Febre Maculosa,314600,Ouro Fino,MG,2016,0
FMAC,Febre Maculosa,314600,Ouro Fino,MG,2017,0
FMAC,Febre Maculosa,314600,Ouro Fino,MG,2018,0
FMAC,Febre Maculosa,314600,Ouro Fino,MG,2019,0
FMAC,Febre Maculosa,314600,Ouro Fino,MG,2020,0
FMAC,Febre Maculosa,314600,Ouro Fino,MG,2021,0
FMAC,Febre Maculosa,314600,Ouro Fino,MG,2022,0
FMAC,Febre Maculosa,314600,Ouro Fino,MG,2023,1
FMAC,Febre Maculosa,314600,Ouro Fino,MG,2024,0
FMAC,Febre Maculosa,314600,Ouro Fino,MG,2025,0
FMAC,Febre Maculosa,314610,Ouro Preto,MG,2001,0
FMAC,Febre Maculosa,314610,Ouro Preto,MG,2006,0
FMAC,Febre Maculosa,314610,Ouro Preto,MG,2007,0
FMAC,Febre Maculosa,314610,Ouro Preto,MG,2008,0
FMAC,Febre Maculosa,314610,Ouro Preto,MG,2009,0
FMAC,Febre Maculosa,314610,Ouro Preto,MG,2010,0
FMAC,Febre Maculosa,314610,Ouro Preto,MG,2011,0
FMAC,Febre Maculosa,314610,Ouro Preto,MG,2012,0
FMAC,Febre Maculosa,314610,Ouro Preto,MG,2013,0
FMAC,Febre Maculosa,314610,Ouro Preto,MG,2014,0
FMAC,Febre Maculosa,314610,Ouro Preto,MG,2015,0
FMAC,Febre Maculosa,314610,Ouro Preto,MG,2016,0
FMAC,Febre Maculosa,314610,Ouro Preto,MG,2017,0
FMAC,Febre Maculosa,314610,Ouro Preto,MG,2018,0
FMAC,Febre Maculosa,314610,Ouro Preto,MG,2019,0
FMAC,Febre Maculosa,314610,Ouro Preto,MG,2020,0
FMAC,Febre Maculosa,314610,Ouro Preto,MG,2021,0
FMAC,Febre Maculosa,314610,Ouro Preto,MG,2022,0
FMAC,Febre Maculosa,314610,Ouro Preto,MG,2023,0
FMAC,Febre Maculosa,314610,Ouro Preto,MG,2024,0
FMAC,Febre Maculosa,314610,Ouro Preto,MG,2025,2
FMAC,Febre Maculosa,314630,Padre Paraiso,MG,2001,0
FMAC,Febre Maculosa,314630,Padre Paraiso,MG,2006,0
FMAC,Febre Maculosa,314630,Padre Paraiso,MG,2007,0
FMAC,Febre Maculosa,314630,Padre Paraiso,MG,2008,0
FMAC,Febre Maculosa,314630,Padre Paraiso,MG,2009,0
FMAC,Febre Maculosa,314630,Padre Paraiso,MG,2010,0
FMAC,Febre Maculosa,314630,Padre Paraiso,MG,2011,0
FMAC,Febre Maculosa,314630,Padre Paraiso,MG,2012,0
FMAC,Febre Maculosa,314630,Padre Paraiso,MG,2013,0
FMAC,Febre Maculosa,314630,Padre Paraiso,MG,2014,0
FMAC,Febre Maculosa,314630,Padre Paraiso,MG,2015,0
FMAC,Febre Maculosa,314630,Padre Paraiso,MG,2016,0
FMAC,Febre Maculosa,314630,Padre Paraiso,MG,2017,1
FMAC,Febre Maculosa,314630,Padre Paraiso,MG,2018,0
FMAC,Febre Maculosa,314630,Padre Paraiso,MG,2019,0
FMAC,Febre Maculosa,314630,Padre Paraiso,MG,2020,0
FMAC,Febre Maculosa,314630,Padre Paraiso,MG,2021,0
FMAC,Febre Maculosa,314630,Padre Paraiso,MG,2022,0
FMAC,Febre Maculosa,314630,Padre Paraiso,MG,2023,0
FMAC,Febre Maculosa,314630,Padre Paraiso,MG,2024,0
FMAC,Febre Maculosa,314630,Padre Paraiso,MG,2025,0
FMAC,Febre Maculosa,314650,Pains,MG,2001,0
FMAC,Febre Maculosa,314650,Pains,MG,2006,0
FMAC,Febre Maculosa,314650,Pains,MG,2007,0
FMAC,Febre Maculosa,314650,Pains,MG,2008,0
FMAC,Febre Maculosa,314650,Pains,MG,2009,0
FMAC,Febre Maculosa,314650,Pains,MG,2010,1
FMAC,Febre Maculosa,314650,Pains,MG,2011,0
FMAC,Febre Maculosa,314650,Pains,MG,2012,0
FMAC,Febre Maculosa,314650,Pains,MG,2013,0
FMAC,Febre Maculosa,314650,Pains,MG,2014,0
FMAC,Febre Maculosa,314650,Pains,MG,2015,0
FMAC,Febre Maculosa,314650,Pains,MG,2016,0
FMAC,Febre Maculosa,314650,Pains,MG,2017,0
FMAC,Febre Maculosa,314650,Pains,MG,2018,0
FMAC,Febre Maculosa,314650,Pains,MG,2019,0
FMAC,Febre Maculosa,314650,Pains,MG,2020,0
FMAC,Febre Maculosa,314650,Pains,MG,2021,0
FMAC,Febre Maculosa,314650,Pains,MG,2022,0
FMAC,Febre Maculosa,314650,Pains,MG,2023,0
FMAC,Febre Maculosa,314650,Pains,MG,2024,0
FMAC,Febre Maculosa,314650,Pains,MG,2025,0
FMAC,Febre Maculosa,314700,Paracatu,MG,2001,0
FMAC,Febre Maculosa,314700,Paracatu,MG,2006,0
FMAC,Febre Maculosa,314700,Paracatu,MG,2007,0
FMAC,Febre Maculosa,314700,Paracatu,MG,2008,0
FMAC,Febre Maculosa,314700,Paracatu,MG,2009,0
FMAC,Febre Maculosa,314700,Paracatu,MG,2010,0
FMAC,Febre Maculosa,314700,Paracatu,MG,2011,0
FMAC,Febre Maculosa,314700,Paracatu,MG,2012,0
FMAC,Febre Maculosa,314700,Paracatu,MG,2013,0
FMAC,Febre Maculosa,314700,Paracatu,MG,2014,0
FMAC,Febre Maculosa,314700,Paracatu,MG,2015,0
FMAC,Febre Maculosa,314700,Paracatu,MG,2016,0
FMAC,Febre Maculosa,314700,Paracatu,MG,2017,0
FMAC,Febre Maculosa,314700,Paracatu,MG,2018,0
FMAC,Febre Maculosa,314700,Paracatu,MG,2019,0
FMAC,Febre Maculosa,314700,Paracatu,MG,2020,3
FMAC,Febre Maculosa,314700,Paracatu,MG,2021,0
FMAC,Febre Maculosa,314700,Paracatu,MG,2022,0
FMAC,Febre Maculosa,314700,Paracatu,MG,2023,0
FMAC,Febre Maculosa,314700,Paracatu,MG,2024,0
FMAC,Febre Maculosa,314700,Paracatu,MG,2025,1
FMAC,Febre Maculosa,314710,Para de Minas,MG,2001,0
FMAC,Febre Maculosa,314710,Para de Minas,MG,2006,0
FMAC,Febre Maculosa,314710,Para de Minas,MG,2007,0
FMAC,Febre Maculosa,314710,Para de Minas,MG,2008,0
FMAC,Febre Maculosa,314710,Para de Minas,MG,2009,1
FMAC,Febre Maculosa,314710,Para de Minas,MG,2010,0
FMAC,Febre Maculosa,314710,Para de Minas,MG,2011,0
FMAC,Febre Maculosa,314710,Para de Minas,MG,2012,0
FMAC,Febre Maculosa,314710,Para de Minas,MG,2013,0
FMAC,Febre Maculosa,314710,Para de Minas,MG,2014,0
FMAC,Febre Maculosa,314710,Para de Minas,MG,2015,0
FMAC,Febre Maculosa,314710,Para de Minas,MG,2016,0
FMAC,Febre Maculosa,314710,Para de Minas,MG,2017,0
FMAC,Febre Maculosa,314710,Para de Minas,MG,2018,2
FMAC,Febre Maculosa,314710,Para de Minas,MG,2019,0
FMAC,Febre Maculosa,314710,Para de Minas,MG,2020,0
FMAC,Febre Maculosa,314710,Para de Minas,MG,2021,1
FMAC,Febre Maculosa,314710,Para de Minas,MG,2022,0
FMAC,Febre Maculosa,314710,Para de Minas,MG,2023,1
FMAC,Febre Maculosa,314710,Para de Minas,MG,2024,2
FMAC,Febre Maculosa,314710,Para de Minas,MG,2025,0
FMAC,Febre Maculosa,314730,Paraisopolis,MG,2001,0
FMAC,Febre Maculosa,314730,Paraisopolis,MG,2006,0
FMAC,Febre Maculosa,314730,Paraisopolis,MG,2007,0
FMAC,Febre Maculosa,314730,Paraisopolis,MG,2008,0
FMAC,Febre Maculosa,314730,Paraisopolis,MG,2009,0
FMAC,Febre Maculosa,314730,Paraisopolis,MG,2010,0
FMAC,Febre Maculosa,314730,Paraisopolis,MG,2011,0
FMAC,Febre Maculosa,314730,Paraisopolis,MG,2012,0
FMAC,Febre Maculosa,314730,Paraisopolis,MG,2013,0
FMAC,Febre Maculosa,314730,Paraisopolis,MG,2014,0
FMAC,Febre Maculosa,314730,Paraisopolis,MG,2015,0
FMAC,Febre Maculosa,314730,Paraisopolis,MG,2016,0
FMAC,Febre Maculosa,314730,Paraisopolis,MG,2017,0
FMAC,Febre Maculosa,314730,Paraisopolis,MG,2018,1
FMAC,Febre Maculosa,314730,Paraisopolis,MG,2019,0
FMAC,Febre Maculosa,314730,Paraisopolis,MG,2020,0
FMAC,Febre Maculosa,314730,Paraisopolis,MG,2021,0
FMAC,Febre Maculosa,314730,Paraisopolis,MG,2022,0
FMAC,Febre Maculosa,314730,Paraisopolis,MG,2023,0
FMAC,Febre Maculosa,314730,Paraisopolis,MG,2024,0
FMAC,Febre Maculosa,314730,Paraisopolis,MG,2025,0
FMAC,Febre Maculosa,314740,Paraopeba,MG,2001,0
FMAC,Febre Maculosa,314740,Paraopeba,MG,2006,0
FMAC,Febre Maculosa,314740,Paraopeba,MG,2007,0
FMAC,Febre Maculosa,314740,Paraopeba,MG,2008,0
FMAC,Febre Maculosa,314740,Paraopeba,MG,2009,0
FMAC,Febre Maculosa,314740,Paraopeba,MG,2010,0
FMAC,Febre Maculosa,314740,Paraopeba,MG,2011,0
FMAC,Febre Maculosa,314740,Paraopeba,MG,2012,0
FMAC,Febre Maculosa,314740,Paraopeba,MG,2013,0
FMAC,Febre Maculosa,314740,Paraopeba,MG,2014,0
FMAC,Febre Maculosa,314740,Paraopeba,MG,2015,0
FMAC,Febre Maculosa,314740,Paraopeba,MG,2016,0
FMAC,Febre Maculosa,314740,Paraopeba,MG,2017,0
FMAC,Febre Maculosa,314740,Paraopeba,MG,2018,0
FMAC,Febre Maculosa,314740,Paraopeba,MG,2019,0
FMAC,Febre Maculosa,314740,Paraopeba,MG,2020,0
FMAC,Febre Maculosa,314740,Paraopeba,MG,2021,0
FMAC,Febre Maculosa,314740,Paraopeba,MG,2022,0
FMAC,Febre Maculosa,314740,Paraopeba,MG,2023,1
FMAC,Febre Maculosa,314740,Paraopeba,MG,2024,0
FMAC,Febre Maculosa,314740,Paraopeba,MG,2025,0
FMAC,Febre Maculosa,314790,Passos,MG,2001,0
FMAC,Febre Maculosa,314790,Passos,MG,2006,0
FMAC,Febre Maculosa,314790,Passos,MG,2007,0
FMAC,Febre Maculosa,314790,Passos,MG,2008,0
FMAC,Febre Maculosa,314790,Passos,MG,2009,0
FMAC,Febre Maculosa,314790,Passos,MG,2010,0
FMAC,Febre Maculosa,314790,Passos,MG,2011,0
FMAC,Febre Maculosa,314790,Passos,MG,2012,0
FMAC,Febre Maculosa,314790,Passos,MG,2013,0
FMAC,Febre Maculosa,314790,Passos,MG,2014,0
FMAC,Febre Maculosa,314790,Passos,MG,2015,0
FMAC,Febre Maculosa,314790,Passos,MG,2016,0
FMAC,Febre Maculosa,314790,Passos,MG,2017,0
FMAC,Febre Maculosa,314790,Passos,MG,2018,0
FMAC,Febre Maculosa,314790,Passos,MG,2019,0
FMAC,Febre Maculosa,314790,Passos,MG,2020,0
FMAC,Febre Maculosa,314790,Passos,MG,2021,0
FMAC,Febre Maculosa,314790,Passos,MG,2022,0
FMAC,Febre Maculosa,314790,Passos,MG,2023,2
FMAC,Febre Maculosa,314790,Passos,MG,2024,0
FMAC,Febre Maculosa,314790,Passos,MG,2025,0
FMAC,Febre Maculosa,314800,Patos de Minas,MG,2001,0
FMAC,Febre Maculosa,314800,Patos de Minas,MG,2006,0
FMAC,Febre Maculosa,314800,Patos de Minas,MG,2007,0
FMAC,Febre Maculosa,314800,Patos de Minas,MG,2008,0
FMAC,Febre Maculosa,314800,Patos de Minas,MG,2009,0
FMAC,Febre Maculosa,314800,Patos de Minas,MG,2010,0
FMAC,Febre Maculosa,314800,Patos de Minas,MG,2011,0
FMAC,Febre Maculosa,314800,Patos de Minas,MG,2012,0
FMAC,Febre Maculosa,314800,Patos de Minas,MG,2013,0
FMAC,Febre Maculosa,314800,Patos de Minas,MG,2014,0
FMAC,Febre Maculosa,314800,Patos de Minas,MG,2015,0
FMAC,Febre Maculosa,314800,Patos de Minas,MG,2016,0
FMAC,Febre Maculosa,314800,Patos de Minas,MG,2017,0
FMAC,Febre Maculosa,314800,Patos de Minas,MG,2018,1
FMAC,Febre Maculosa,314800,Patos de Minas,MG,2019,0
FMAC,Febre Maculosa,314800,Patos de Minas,MG,2020,0
FMAC,Febre Maculosa,314800,Patos de Minas,MG,2021,1
FMAC,Febre Maculosa,314800,Patos de Minas,MG,2022,0
FMAC,Febre Maculosa,314800,Patos de Minas,MG,2023,0
FMAC,Febre Maculosa,314800,Patos de Minas,MG,2024,0
FMAC,Febre Maculosa,314800,Patos de Minas,MG,2025,0
FMAC,Febre Maculosa,314810,Patrocinio,MG,2001,0
FMAC,Febre Maculosa,314810,Patrocinio,MG,2006,0
FMAC,Febre Maculosa,314810,Patrocinio,MG,2007,0
FMAC,Febre Maculosa,314810,Patrocinio,MG,2008,0
FMAC,Febre Maculosa,314810,Patrocinio,MG,2009,0
FMAC,Febre Maculosa,314810,Patrocinio,MG,2010,0
FMAC,Febre Maculosa,314810,Patrocinio,MG,2011,0
FMAC,Febre Maculosa,314810,Patrocinio,MG,2012,0
FMAC,Febre Maculosa,314810,Patrocinio,MG,2013,0
FMAC,Febre Maculosa,314810,Patrocinio,MG,2014,1
FMAC,Febre Maculosa,314810,Patrocinio,MG,2015,0
FMAC,Febre Maculosa,314810,Patrocinio,MG,2016,0
FMAC,Febre Maculosa,314810,Patrocinio,MG,2017,0
FMAC,Febre Maculosa,314810,Patrocinio,MG,2018,0
FMAC,Febre Maculosa,314810,Patrocinio,MG,2019,0
FMAC,Febre Maculosa,314810,Patrocinio,MG,2020,0
FMAC,Febre Maculosa,314810,Patrocinio,MG,2021,1
FMAC,Febre Maculosa,314810,Patrocinio,MG,2022,0
FMAC,Febre Maculosa,314810,Patrocinio,MG,2023,1
FMAC,Febre Maculosa,314810,Patrocinio,MG,2024,0
FMAC,Febre Maculosa,314810,Patrocinio,MG,2025,0
FMAC,Febre Maculosa,314820,Patrocinio do Muriae,MG,2001,0
FMAC,Febre Maculosa,314820,Patrocinio do Muriae,MG,2006,0
FMAC,Febre Maculosa,314820,Patrocinio do Muriae,MG,2007,0
FMAC,Febre Maculosa,314820,Patrocinio do Muriae,MG,2008,1
FMAC,Febre Maculosa,314820,Patrocinio do Muriae,MG,2009,0
FMAC,Febre Maculosa,314820,Patrocinio do Muriae,MG,2010,0
FMAC,Febre Maculosa,314820,Patrocinio do Muriae,MG,2011,0
FMAC,Febre Maculosa,314820,Patrocinio do Muriae,MG,2012,0
FMAC,Febre Maculosa,314820,Patrocinio do Muriae,MG,2013,0
FMAC,Febre Maculosa,314820,Patrocinio do Muriae,MG,2014,0
FMAC,Febre Maculosa,314820,Patrocinio do Muriae,MG,2015,0
FMAC,Febre Maculosa,314820,Patrocinio do Muriae,MG,2016,0
FMAC,Febre Maculosa,314820,Patrocinio do Muriae,MG,2017,0
FMAC,Febre Maculosa,314820,Patrocinio do Muriae,MG,2018,0
FMAC,Febre Maculosa,314820,Patrocinio do Muriae,MG,2019,0
FMAC,Febre Maculosa,314820,Patrocinio do Muriae,MG,2020,0
FMAC,Febre Maculosa,314820,Patrocinio do Muriae,MG,2021,0
FMAC,Febre Maculosa,314820,Patrocinio do Muriae,MG,2022,0
FMAC,Febre Maculosa,314820,Patrocinio do Muriae,MG,2023,0
FMAC,Febre Maculosa,314820,Patrocinio do Muriae,MG,2024,0
FMAC,Febre Maculosa,314820,Patrocinio do Muriae,MG,2025,0
FMAC,Febre Maculosa,314870,Pedra Azul,MG,2001,0
FMAC,Febre Maculosa,314870,Pedra Azul,MG,2006,0
FMAC,Febre Maculosa,314870,Pedra Azul,MG,2007,0
FMAC,Febre Maculosa,314870,Pedra Azul,MG,2008,0
FMAC,Febre Maculosa,314870,Pedra Azul,MG,2009,0
FMAC,Febre Maculosa,314870,Pedra Azul,MG,2010,0
FMAC,Febre Maculosa,314870,Pedra Azul,MG,2011,0
FMAC,Febre Maculosa,314870,Pedra Azul,MG,2012,0
FMAC,Febre Maculosa,314870,Pedra Azul,MG,2013,1
FMAC,Febre Maculosa,314870,Pedra Azul,MG,2014,0
FMAC,Febre Maculosa,314870,Pedra Azul,MG,2015,0
FMAC,Febre Maculosa,314870,Pedra Azul,MG,2016,0
FMAC,Febre Maculosa,314870,Pedra Azul,MG,2017,0
FMAC,Febre Maculosa,314870,Pedra Azul,MG,2018,0
FMAC,Febre Maculosa,314870,Pedra Azul,MG,2019,0
FMAC,Febre Maculosa,314870,Pedra Azul,MG,2020,0
FMAC,Febre Maculosa,314870,Pedra Azul,MG,2021,0
FMAC,Febre Maculosa,314870,Pedra Azul,MG,2022,0
FMAC,Febre Maculosa,314870,Pedra Azul,MG,2023,0
FMAC,Febre Maculosa,314870,Pedra Azul,MG,2024,0
FMAC,Febre Maculosa,314870,Pedra Azul,MG,2025,0
FMAC,Febre Maculosa,314930,Pedro Leopoldo,MG,2001,0
FMAC,Febre Maculosa,314930,Pedro Leopoldo,MG,2006,0
FMAC,Febre Maculosa,314930,Pedro Leopoldo,MG,2007,0
FMAC,Febre Maculosa,314930,Pedro Leopoldo,MG,2008,0
FMAC,Febre Maculosa,314930,Pedro Leopoldo,MG,2009,0
FMAC,Febre Maculosa,314930,Pedro Leopoldo,MG,2010,3
FMAC,Febre Maculosa,314930,Pedro Leopoldo,MG,2011,0
FMAC,Febre Maculosa,314930,Pedro Leopoldo,MG,2012,0
FMAC,Febre Maculosa,314930,Pedro Leopoldo,MG,2013,0
FMAC,Febre Maculosa,314930,Pedro Leopoldo,MG,2014,0
FMAC,Febre Maculosa,314930,Pedro Leopoldo,MG,2015,0
FMAC,Febre Maculosa,314930,Pedro Leopoldo,MG,2016,0
FMAC,Febre Maculosa,314930,Pedro Leopoldo,MG,2017,2
FMAC,Febre Maculosa,314930,Pedro Leopoldo,MG,2018,0
FMAC,Febre Maculosa,314930,Pedro Leopoldo,MG,2019,0
FMAC,Febre Maculosa,314930,Pedro Leopoldo,MG,2020,0
FMAC,Febre Maculosa,314930,Pedro Leopoldo,MG,2021,2
FMAC,Febre Maculosa,314930,Pedro Leopoldo,MG,2022,1
FMAC,Febre Maculosa,314930,Pedro Leopoldo,MG,2023,8
FMAC,Febre Maculosa,314930,Pedro Leopoldo,MG,2024,2
FMAC,Febre Maculosa,314930,Pedro Leopoldo,MG,2025,1
FMAC,Febre Maculosa,315000,Pescador,MG,2001,0
FMAC,Febre Maculosa,315000,Pescador,MG,2006,0
FMAC,Febre Maculosa,315000,Pescador,MG,2007,0
FMAC,Febre Maculosa,315000,Pescador,MG,2008,0
FMAC,Febre Maculosa,315000,Pescador,MG,2009,0
FMAC,Febre Maculosa,315000,Pescador,MG,2010,1
FMAC,Febre Maculosa,315000,Pescador,MG,2011,0
FMAC,Febre Maculosa,315000,Pescador,MG,2012,0
FMAC,Febre Maculosa,315000,Pescador,MG,2013,0
FMAC,Febre Maculosa,315000,Pescador,MG,2014,0
FMAC,Febre Maculosa,315000,Pescador,MG,2015,0
FMAC,Febre Maculosa,315000,Pescador,MG,2016,0
FMAC,Febre Maculosa,315000,Pescador,MG,2017,0
FMAC,Febre Maculosa,315000,Pescador,MG,2018,0
FMAC,Febre Maculosa,315000,Pescador,MG,2019,0
FMAC,Febre Maculosa,315000,Pescador,MG,2020,0
FMAC,Febre Maculosa,315000,Pescador,MG,2021,0
FMAC,Febre Maculosa,315000,Pescador,MG,2022,0
FMAC,Febre Maculosa,315000,Pescador,MG,2023,0
FMAC,Febre Maculosa,315000,Pescador,MG,2024,0
FMAC,Febre Maculosa,315000,Pescador,MG,2025,0
FMAC,Febre Maculosa,315140,Pitangui,MG,2001,0
FMAC,Febre Maculosa,315140,Pitangui,MG,2006,0
FMAC,Febre Maculosa,315140,Pitangui,MG,2007,0
FMAC,Febre Maculosa,315140,Pitangui,MG,2008,0
FMAC,Febre Maculosa,315140,Pitangui,MG,2009,0
FMAC,Febre Maculosa,315140,Pitangui,MG,2010,0
FMAC,Febre Maculosa,315140,Pitangui,MG,2011,0
FMAC,Febre Maculosa,315140,Pitangui,MG,2012,0
FMAC,Febre Maculosa,315140,Pitangui,MG,2013,0
FMAC,Febre Maculosa,315140,Pitangui,MG,2014,0
FMAC,Febre Maculosa,315140,Pitangui,MG,2015,0
FMAC,Febre Maculosa,315140,Pitangui,MG,2016,0
FMAC,Febre Maculosa,315140,Pitangui,MG,2017,0
FMAC,Febre Maculosa,315140,Pitangui,MG,2018,0
FMAC,Febre Maculosa,315140,Pitangui,MG,2019,0
FMAC,Febre Maculosa,315140,Pitangui,MG,2020,0
FMAC,Febre Maculosa,315140,Pitangui,MG,2021,1
FMAC,Febre Maculosa,315140,Pitangui,MG,2022,1
FMAC,Febre Maculosa,315140,Pitangui,MG,2023,0
FMAC,Febre Maculosa,315140,Pitangui,MG,2024,0
FMAC,Febre Maculosa,315140,Pitangui,MG,2025,0
FMAC,Febre Maculosa,315180,Pocos de Caldas,MG,2001,0
FMAC,Febre Maculosa,315180,Pocos de Caldas,MG,2006,0
FMAC,Febre Maculosa,315180,Pocos de Caldas,MG,2007,0
FMAC,Febre Maculosa,315180,Pocos de Caldas,MG,2008,0
FMAC,Febre Maculosa,315180,Pocos de Caldas,MG,2009,0
FMAC,Febre Maculosa,315180,Pocos de Caldas,MG,2010,0
FMAC,Febre Maculosa,315180,Pocos de Caldas,MG,2011,0
FMAC,Febre Maculosa,315180,Pocos de Caldas,MG,2012,0
FMAC,Febre Maculosa,315180,Pocos de Caldas,MG,2013,0
FMAC,Febre Maculosa,315180,Pocos de Caldas,MG,2014,0
FMAC,Febre Maculosa,315180,Pocos de Caldas,MG,2015,0
FMAC,Febre Maculosa,315180,Pocos de Caldas,MG,2016,0
FMAC,Febre Maculosa,315180,Pocos de Caldas,MG,2017,0
FMAC,Febre Maculosa,315180,Pocos de Caldas,MG,2018,1
FMAC,Febre Maculosa,315180,Pocos de Caldas,MG,2019,1
FMAC,Febre Maculosa,315180,Pocos de Caldas,MG,2020,0
FMAC,Febre Maculosa,315180,Pocos de Caldas,MG,2021,0
FMAC,Febre Maculosa,315180,Pocos de Caldas,MG,2022,0
FMAC,Febre Maculosa,315180,Pocos de Caldas,MG,2023,0
FMAC,Febre Maculosa,315180,Pocos de Caldas,MG,2024,0
FMAC,Febre Maculosa,315180,Pocos de Caldas,MG,2025,0
FMAC,Febre Maculosa,315210,Ponte Nova,MG,2001,0
FMAC,Febre Maculosa,315210,Ponte Nova,MG,2006,0
FMAC,Febre Maculosa,315210,Ponte Nova,MG,2007,1
FMAC,Febre Maculosa,315210,Ponte Nova,MG,2008,0
FMAC,Febre Maculosa,315210,Ponte Nova,MG,2009,0
FMAC,Febre Maculosa,315210,Ponte Nova,MG,2010,0
FMAC,Febre Maculosa,315210,Ponte Nova,MG,2011,0
FMAC,Febre Maculosa,315210,Ponte Nova,MG,2012,0
FMAC,Febre Maculosa,315210,Ponte Nova,MG,2013,0
FMAC,Febre Maculosa,315210,Ponte Nova,MG,2014,0
FMAC,Febre Maculosa,315210,Ponte Nova,MG,2015,0
FMAC,Febre Maculosa,315210,Ponte Nova,MG,2016,0
FMAC,Febre Maculosa,315210,Ponte Nova,MG,2017,2
FMAC,Febre Maculosa,315210,Ponte Nova,MG,2018,1
FMAC,Febre Maculosa,315210,Ponte Nova,MG,2019,1
FMAC,Febre Maculosa,315210,Ponte Nova,MG,2020,0
FMAC,Febre Maculosa,315210,Ponte Nova,MG,2021,1
FMAC,Febre Maculosa,315210,Ponte Nova,MG,2022,0
FMAC,Febre Maculosa,315210,Ponte Nova,MG,2023,0
FMAC,Febre Maculosa,315210,Ponte Nova,MG,2024,1
FMAC,Febre Maculosa,315210,Ponte Nova,MG,2025,0
FMAC,Febre Maculosa,315250,Pouso Alegre,MG,2001,0
FMAC,Febre Maculosa,315250,Pouso Alegre,MG,2006,0
FMAC,Febre Maculosa,315250,Pouso Alegre,MG,2007,0
FMAC,Febre Maculosa,315250,Pouso Alegre,MG,2008,0
FMAC,Febre Maculosa,315250,Pouso Alegre,MG,2009,0
FMAC,Febre Maculosa,315250,Pouso Alegre,MG,2010,0
FMAC,Febre Maculosa,315250,Pouso Alegre,MG,2011,0
FMAC,Febre Maculosa,315250,Pouso Alegre,MG,2012,0
FMAC,Febre Maculosa,315250,Pouso Alegre,MG,2013,0
FMAC,Febre Maculosa,315250,Pouso Alegre,MG,2014,0
FMAC,Febre Maculosa,315250,Pouso Alegre,MG,2015,0
FMAC,Febre Maculosa,315250,Pouso Alegre,MG,2016,0
FMAC,Febre Maculosa,315250,Pouso Alegre,MG,2017,0
FMAC,Febre Maculosa,315250,Pouso Alegre,MG,2018,0
FMAC,Febre Maculosa,315250,Pouso Alegre,MG,2019,1
FMAC,Febre Maculosa,315250,Pouso Alegre,MG,2020,0
FMAC,Febre Maculosa,315250,Pouso Alegre,MG,2021,0
FMAC,Febre Maculosa,315250,Pouso Alegre,MG,2022,0
FMAC,Febre Maculosa,315250,Pouso Alegre,MG,2023,1
FMAC,Febre Maculosa,315250,Pouso Alegre,MG,2024,0
FMAC,Febre Maculosa,315250,Pouso Alegre,MG,2025,0
FMAC,Febre Maculosa,315370,Quartel Geral,MG,2001,0
FMAC,Febre Maculosa,315370,Quartel Geral,MG,2006,0
FMAC,Febre Maculosa,315370,Quartel Geral,MG,2007,0
FMAC,Febre Maculosa,315370,Quartel Geral,MG,2008,0
FMAC,Febre Maculosa,315370,Quartel Geral,MG,2009,0
FMAC,Febre Maculosa,315370,Quartel Geral,MG,2010,0
FMAC,Febre Maculosa,315370,Quartel Geral,MG,2011,0
FMAC,Febre Maculosa,315370,Quartel Geral,MG,2012,0
FMAC,Febre Maculosa,315370,Quartel Geral,MG,2013,0
FMAC,Febre Maculosa,315370,Quartel Geral,MG,2014,0
FMAC,Febre Maculosa,315370,Quartel Geral,MG,2015,0
FMAC,Febre Maculosa,315370,Quartel Geral,MG,2016,0
FMAC,Febre Maculosa,315370,Quartel Geral,MG,2017,1
FMAC,Febre Maculosa,315370,Quartel Geral,MG,2018,0
FMAC,Febre Maculosa,315370,Quartel Geral,MG,2019,0
FMAC,Febre Maculosa,315370,Quartel Geral,MG,2020,0
FMAC,Febre Maculosa,315370,Quartel Geral,MG,2021,0
FMAC,Febre Maculosa,315370,Quartel Geral,MG,2022,0
FMAC,Febre Maculosa,315370,Quartel Geral,MG,2023,0
FMAC,Febre Maculosa,315370,Quartel Geral,MG,2024,0
FMAC,Febre Maculosa,315370,Quartel Geral,MG,2025,0
FMAC,Febre Maculosa,315400,Raul Soares,MG,2001,0
FMAC,Febre Maculosa,315400,Raul Soares,MG,2006,0
FMAC,Febre Maculosa,315400,Raul Soares,MG,2007,0
FMAC,Febre Maculosa,315400,Raul Soares,MG,2008,0
FMAC,Febre Maculosa,315400,Raul Soares,MG,2009,0
FMAC,Febre Maculosa,315400,Raul Soares,MG,2010,0
FMAC,Febre Maculosa,315400,Raul Soares,MG,2011,0
FMAC,Febre Maculosa,315400,Raul Soares,MG,2012,0
FMAC,Febre Maculosa,315400,Raul Soares,MG,2013,0
FMAC,Febre Maculosa,315400,Raul Soares,MG,2014,0
FMAC,Febre Maculosa,315400,Raul Soares,MG,2015,0
FMAC,Febre Maculosa,315400,Raul Soares,MG,2016,0
FMAC,Febre Maculosa,315400,Raul Soares,MG,2017,1
FMAC,Febre Maculosa,315400,Raul Soares,MG,2018,0
FMAC,Febre Maculosa,315400,Raul Soares,MG,2019,2
FMAC,Febre Maculosa,315400,Raul Soares,MG,2020,0
FMAC,Febre Maculosa,315400,Raul Soares,MG,2021,0
FMAC,Febre Maculosa,315400,Raul Soares,MG,2022,0
FMAC,Febre Maculosa,315400,Raul Soares,MG,2023,1
FMAC,Febre Maculosa,315400,Raul Soares,MG,2024,1
FMAC,Febre Maculosa,315400,Raul Soares,MG,2025,0
FMAC,Febre Maculosa,315415,Reduto,MG,2001,0
FMAC,Febre Maculosa,315415,Reduto,MG,2006,0
FMAC,Febre Maculosa,315415,Reduto,MG,2007,0
FMAC,Febre Maculosa,315415,Reduto,MG,2008,0
FMAC,Febre Maculosa,315415,Reduto,MG,2009,0
FMAC,Febre Maculosa,315415,Reduto,MG,2010,0
FMAC,Febre Maculosa,315415,Reduto,MG,2011,0
FMAC,Febre Maculosa,315415,Reduto,MG,2012,0
FMAC,Febre Maculosa,315415,Reduto,MG,2013,0
FMAC,Febre Maculosa,315415,Reduto,MG,2014,0
FMAC,Febre Maculosa,315415,Reduto,MG,2015,0
FMAC,Febre Maculosa,315415,Reduto,MG,2016,0
FMAC,Febre Maculosa,315415,Reduto,MG,2017,0
FMAC,Febre Maculosa,315415,Reduto,MG,2018,0
FMAC,Febre Maculosa,315415,Reduto,MG,2019,0
FMAC,Febre Maculosa,315415,Reduto,MG,2020,0
FMAC,Febre Maculosa,315415,Reduto,MG,2021,0
FMAC,Febre Maculosa,315415,Reduto,MG,2022,1
FMAC,Febre Maculosa,315415,Reduto,MG,2023,0
FMAC,Febre Maculosa,315415,Reduto,MG,2024,0
FMAC,Febre Maculosa,315415,Reduto,MG,2025,0
FMAC,Febre Maculosa,315420,Resende Costa,MG,2001,0
FMAC,Febre Maculosa,315420,Resende Costa,MG,2006,0
FMAC,Febre Maculosa,315420,Resende Costa,MG,2007,0
FMAC,Febre Maculosa,315420,Resende Costa,MG,2008,0
FMAC,Febre Maculosa,315420,Resende Costa,MG,2009,0
FMAC,Febre Maculosa,315420,Resende Costa,MG,2010,0
FMAC,Febre Maculosa,315420,Resende Costa,MG,2011,0
FMAC,Febre Maculosa,315420,Resende Costa,MG,2012,0
FMAC,Febre Maculosa,315420,Resende Costa,MG,2013,0
FMAC,Febre Maculosa,315420,Resende Costa,MG,2014,0
FMAC,Febre Maculosa,315420,Resende Costa,MG,2015,0
FMAC,Febre Maculosa,315420,Resende Costa,MG,2016,0
FMAC,Febre Maculosa,315420,Resende Costa,MG,2017,0
FMAC,Febre Maculosa,315420,Resende Costa,MG,2018,0
FMAC,Febre Maculosa,315420,Resende Costa,MG,2019,0
FMAC,Febre Maculosa,315420,Resende Costa,MG,2020,1
FMAC,Febre Maculosa,315420,Resende Costa,MG,2021,0
FMAC,Febre Maculosa,315420,Resende Costa,MG,2022,0
FMAC,Febre Maculosa,315420,Resende Costa,MG,2023,0
FMAC,Febre Maculosa,315420,Resende Costa,MG,2024,0
FMAC,Febre Maculosa,315420,Resende Costa,MG,2025,0
FMAC,Febre Maculosa,315430,Resplendor,MG,2001,0
FMAC,Febre Maculosa,315430,Resplendor,MG,2006,0
FMAC,Febre Maculosa,315430,Resplendor,MG,2007,0
FMAC,Febre Maculosa,315430,Resplendor,MG,2008,0
FMAC,Febre Maculosa,315430,Resplendor,MG,2009,0
FMAC,Febre Maculosa,315430,Resplendor,MG,2010,0
FMAC,Febre Maculosa,315430,Resplendor,MG,2011,0
FMAC,Febre Maculosa,315430,Resplendor,MG,2012,0
FMAC,Febre Maculosa,315430,Resplendor,MG,2013,0
FMAC,Febre Maculosa,315430,Resplendor,MG,2014,0
FMAC,Febre Maculosa,315430,Resplendor,MG,2015,0
FMAC,Febre Maculosa,315430,Resplendor,MG,2016,0
FMAC,Febre Maculosa,315430,Resplendor,MG,2017,0
FMAC,Febre Maculosa,315430,Resplendor,MG,2018,0
FMAC,Febre Maculosa,315430,Resplendor,MG,2019,0
FMAC,Febre Maculosa,315430,Resplendor,MG,2020,0
FMAC,Febre Maculosa,315430,Resplendor,MG,2021,1
FMAC,Febre Maculosa,315430,Resplendor,MG,2022,1
FMAC,Febre Maculosa,315430,Resplendor,MG,2023,0
FMAC,Febre Maculosa,315430,Resplendor,MG,2024,1
FMAC,Febre Maculosa,315430,Resplendor,MG,2025,0
FMAC,Febre Maculosa,315460,Ribeirao Das Neves,MG,2001,0
FMAC,Febre Maculosa,315460,Ribeirao Das Neves,MG,2006,0
FMAC,Febre Maculosa,315460,Ribeirao Das Neves,MG,2007,0
FMAC,Febre Maculosa,315460,Ribeirao Das Neves,MG,2008,0
FMAC,Febre Maculosa,315460,Ribeirao Das Neves,MG,2009,0
FMAC,Febre Maculosa,315460,Ribeirao Das Neves,MG,2010,0
FMAC,Febre Maculosa,315460,Ribeirao Das Neves,MG,2011,0
FMAC,Febre Maculosa,315460,Ribeirao Das Neves,MG,2012,0
FMAC,Febre Maculosa,315460,Ribeirao Das Neves,MG,2013,0
FMAC,Febre Maculosa,315460,Ribeirao Das Neves,MG,2014,0
FMAC,Febre Maculosa,315460,Ribeirao Das Neves,MG,2015,0
FMAC,Febre Maculosa,315460,Ribeirao Das Neves,MG,2016,0
FMAC,Febre Maculosa,315460,Ribeirao Das Neves,MG,2017,0
FMAC,Febre Maculosa,315460,Ribeirao Das Neves,MG,2018,0
FMAC,Febre Maculosa,315460,Ribeirao Das Neves,MG,2019,0
FMAC,Febre Maculosa,315460,Ribeirao Das Neves,MG,2020,0
FMAC,Febre Maculosa,315460,Ribeirao Das Neves,MG,2021,1
FMAC,Febre Maculosa,315460,Ribeirao Das Neves,MG,2022,1
FMAC,Febre Maculosa,315460,Ribeirao Das Neves,MG,2023,0
FMAC,Febre Maculosa,315460,Ribeirao Das Neves,MG,2024,0
FMAC,Febre Maculosa,315460,Ribeirao Das Neves,MG,2025,1
FMAC,Febre Maculosa,315540,Rio Novo,MG,2001,0
FMAC,Febre Maculosa,315540,Rio Novo,MG,2006,0
FMAC,Febre Maculosa,315540,Rio Novo,MG,2007,0
FMAC,Febre Maculosa,315540,Rio Novo,MG,2008,0
FMAC,Febre Maculosa,315540,Rio Novo,MG,2009,0
FMAC,Febre Maculosa,315540,Rio Novo,MG,2010,0
FMAC,Febre Maculosa,315540,Rio Novo,MG,2011,0
FMAC,Febre Maculosa,315540,Rio Novo,MG,2012,0
FMAC,Febre Maculosa,315540,Rio Novo,MG,2013,0
FMAC,Febre Maculosa,315540,Rio Novo,MG,2014,0
FMAC,Febre Maculosa,315540,Rio Novo,MG,2015,0
FMAC,Febre Maculosa,315540,Rio Novo,MG,2016,0
FMAC,Febre Maculosa,315540,Rio Novo,MG,2017,0
FMAC,Febre Maculosa,315540,Rio Novo,MG,2018,1
FMAC,Febre Maculosa,315540,Rio Novo,MG,2019,0
FMAC,Febre Maculosa,315540,Rio Novo,MG,2020,0
FMAC,Febre Maculosa,315540,Rio Novo,MG,2021,0
FMAC,Febre Maculosa,315540,Rio Novo,MG,2022,0
FMAC,Febre Maculosa,315540,Rio Novo,MG,2023,0
FMAC,Febre Maculosa,315540,Rio Novo,MG,2024,0
FMAC,Febre Maculosa,315540,Rio Novo,MG,2025,0
FMAC,Febre Maculosa,315670,Sabara,MG,2001,0
FMAC,Febre Maculosa,315670,Sabara,MG,2006,0
FMAC,Febre Maculosa,315670,Sabara,MG,2007,0
FMAC,Febre Maculosa,315670,Sabara,MG,2008,0
FMAC,Febre Maculosa,315670,Sabara,MG,2009,0
FMAC,Febre Maculosa,315670,Sabara,MG,2010,0
FMAC,Febre Maculosa,315670,Sabara,MG,2011,0
FMAC,Febre Maculosa,315670,Sabara,MG,2012,0
FMAC,Febre Maculosa,315670,Sabara,MG,2013,0
FMAC,Febre Maculosa,315670,Sabara,MG,2014,0
FMAC,Febre Maculosa,315670,Sabara,MG,2015,0
FMAC,Febre Maculosa,315670,Sabara,MG,2016,0
FMAC,Febre Maculosa,315670,Sabara,MG,2017,0
FMAC,Febre Maculosa,315670,Sabara,MG,2018,0
FMAC,Febre Maculosa,315670,Sabara,MG,2019,1
FMAC,Febre Maculosa,315670,Sabara,MG,2020,0
FMAC,Febre Maculosa,315670,Sabara,MG,2021,0
FMAC,Febre Maculosa,315670,Sabara,MG,2022,0
FMAC,Febre Maculosa,315670,Sabara,MG,2023,0
FMAC,Febre Maculosa,315670,Sabara,MG,2024,0
FMAC,Febre Maculosa,315670,Sabara,MG,2025,0
FMAC,Febre Maculosa,315720,Santa Barbara,MG,2001,0
FMAC,Febre Maculosa,315720,Santa Barbara,MG,2006,0
FMAC,Febre Maculosa,315720,Santa Barbara,MG,2007,0
FMAC,Febre Maculosa,315720,Santa Barbara,MG,2008,0
FMAC,Febre Maculosa,315720,Santa Barbara,MG,2009,0
FMAC,Febre Maculosa,315720,Santa Barbara,MG,2010,0
FMAC,Febre Maculosa,315720,Santa Barbara,MG,2011,0
FMAC,Febre Maculosa,315720,Santa Barbara,MG,2012,0
FMAC,Febre Maculosa,315720,Santa Barbara,MG,2013,0
FMAC,Febre Maculosa,315720,Santa Barbara,MG,2014,0
FMAC,Febre Maculosa,315720,Santa Barbara,MG,2015,2
FMAC,Febre Maculosa,315720,Santa Barbara,MG,2016,0
FMAC,Febre Maculosa,315720,Santa Barbara,MG,2017,0
FMAC,Febre Maculosa,315720,Santa Barbara,MG,2018,0
FMAC,Febre Maculosa,315720,Santa Barbara,MG,2019,0
FMAC,Febre Maculosa,315720,Santa Barbara,MG,2020,0
FMAC,Febre Maculosa,315720,Santa Barbara,MG,2021,0
FMAC,Febre Maculosa,315720,Santa Barbara,MG,2022,0
FMAC,Febre Maculosa,315720,Santa Barbara,MG,2023,0
FMAC,Febre Maculosa,315720,Santa Barbara,MG,2024,0
FMAC,Febre Maculosa,315720,Santa Barbara,MG,2025,1
FMAC,Febre Maculosa,315740,Santa Cruz do Escalvado,MG,2001,0
FMAC,Febre Maculosa,315740,Santa Cruz do Escalvado,MG,2006,0
FMAC,Febre Maculosa,315740,Santa Cruz do Escalvado,MG,2007,0
FMAC,Febre Maculosa,315740,Santa Cruz do Escalvado,MG,2008,0
FMAC,Febre Maculosa,315740,Santa Cruz do Escalvado,MG,2009,0
FMAC,Febre Maculosa,315740,Santa Cruz do Escalvado,MG,2010,0
FMAC,Febre Maculosa,315740,Santa Cruz do Escalvado,MG,2011,0
FMAC,Febre Maculosa,315740,Santa Cruz do Escalvado,MG,2012,0
FMAC,Febre Maculosa,315740,Santa Cruz do Escalvado,MG,2013,0
FMAC,Febre Maculosa,315740,Santa Cruz do Escalvado,MG,2014,0
FMAC,Febre Maculosa,315740,Santa Cruz do Escalvado,MG,2015,0
FMAC,Febre Maculosa,315740,Santa Cruz do Escalvado,MG,2016,0
FMAC,Febre Maculosa,315740,Santa Cruz do Escalvado,MG,2017,0
FMAC,Febre Maculosa,315740,Santa Cruz do Escalvado,MG,2018,2
FMAC,Febre Maculosa,315740,Santa Cruz do Escalvado,MG,2019,0
FMAC,Febre Maculosa,315740,Santa Cruz do Escalvado,MG,2020,0
FMAC,Febre Maculosa,315740,Santa Cruz do Escalvado,MG,2021,0
FMAC,Febre Maculosa,315740,Santa Cruz do Escalvado,MG,2022,0
FMAC,Febre Maculosa,315740,Santa Cruz do Escalvado,MG,2023,0
FMAC,Febre Maculosa,315740,Santa Cruz do Escalvado,MG,2024,1
FMAC,Febre Maculosa,315740,Santa Cruz do Escalvado,MG,2025,0
FMAC,Febre Maculosa,315780,Santa Luzia,MG,2001,0
FMAC,Febre Maculosa,315780,Santa Luzia,MG,2006,0
FMAC,Febre Maculosa,315780,Santa Luzia,MG,2007,0
FMAC,Febre Maculosa,315780,Santa Luzia,MG,2008,0
FMAC,Febre Maculosa,315780,Santa Luzia,MG,2009,0
FMAC,Febre Maculosa,315780,Santa Luzia,MG,2010,0
FMAC,Febre Maculosa,315780,Santa Luzia,MG,2011,0
FMAC,Febre Maculosa,315780,Santa Luzia,MG,2012,0
FMAC,Febre Maculosa,315780,Santa Luzia,MG,2013,0
FMAC,Febre Maculosa,315780,Santa Luzia,MG,2014,0
FMAC,Febre Maculosa,315780,Santa Luzia,MG,2015,1
FMAC,Febre Maculosa,315780,Santa Luzia,MG,2016,0
FMAC,Febre Maculosa,315780,Santa Luzia,MG,2017,0
FMAC,Febre Maculosa,315780,Santa Luzia,MG,2018,0
FMAC,Febre Maculosa,315780,Santa Luzia,MG,2019,0
FMAC,Febre Maculosa,315780,Santa Luzia,MG,2020,0
FMAC,Febre Maculosa,315780,Santa Luzia,MG,2021,0
FMAC,Febre Maculosa,315780,Santa Luzia,MG,2022,0
FMAC,Febre Maculosa,315780,Santa Luzia,MG,2023,2
FMAC,Febre Maculosa,315780,Santa Luzia,MG,2024,2
FMAC,Febre Maculosa,315780,Santa Luzia,MG,2025,0
FMAC,Febre Maculosa,315895,Santana do Paraiso,MG,2001,0
FMAC,Febre Maculosa,315895,Santana do Paraiso,MG,2006,0
FMAC,Febre Maculosa,315895,Santana do Paraiso,MG,2007,0
FMAC,Febre Maculosa,315895,Santana do Paraiso,MG,2008,0
FMAC,Febre Maculosa,315895,Santana do Paraiso,MG,2009,0
FMAC,Febre Maculosa,315895,Santana do Paraiso,MG,2010,0
FMAC,Febre Maculosa,315895,Santana do Paraiso,MG,2011,0
FMAC,Febre Maculosa,315895,Santana do Paraiso,MG,2012,0
FMAC,Febre Maculosa,315895,Santana do Paraiso,MG,2013,0
FMAC,Febre Maculosa,315895,Santana do Paraiso,MG,2014,0
FMAC,Febre Maculosa,315895,Santana do Paraiso,MG,2015,0
FMAC,Febre Maculosa,315895,Santana do Paraiso,MG,2016,0
FMAC,Febre Maculosa,315895,Santana do Paraiso,MG,2017,0
FMAC,Febre Maculosa,315895,Santana do Paraiso,MG,2018,0
FMAC,Febre Maculosa,315895,Santana do Paraiso,MG,2019,1
FMAC,Febre Maculosa,315895,Santana do Paraiso,MG,2020,0
FMAC,Febre Maculosa,315895,Santana do Paraiso,MG,2021,0
FMAC,Febre Maculosa,315895,Santana do Paraiso,MG,2022,0
FMAC,Febre Maculosa,315895,Santana do Paraiso,MG,2023,0
FMAC,Febre Maculosa,315895,Santana do Paraiso,MG,2024,0
FMAC,Febre Maculosa,315895,Santana do Paraiso,MG,2025,0
FMAC,Febre Maculosa,316040,Santo Antonio do Monte,MG,2001,0
FMAC,Febre Maculosa,316040,Santo Antonio do Monte,MG,2006,0
FMAC,Febre Maculosa,316040,Santo Antonio do Monte,MG,2007,0
FMAC,Febre Maculosa,316040,Santo Antonio do Monte,MG,2008,0
FMAC,Febre Maculosa,316040,Santo Antonio do Monte,MG,2009,0
FMAC,Febre Maculosa,316040,Santo Antonio do Monte,MG,2010,0
FMAC,Febre Maculosa,316040,Santo Antonio do Monte,MG,2011,0
FMAC,Febre Maculosa,316040,Santo Antonio do Monte,MG,2012,0
FMAC,Febre Maculosa,316040,Santo Antonio do Monte,MG,2013,0
FMAC,Febre Maculosa,316040,Santo Antonio do Monte,MG,2014,0
FMAC,Febre Maculosa,316040,Santo Antonio do Monte,MG,2015,0
FMAC,Febre Maculosa,316040,Santo Antonio do Monte,MG,2016,0
FMAC,Febre Maculosa,316040,Santo Antonio do Monte,MG,2017,0
FMAC,Febre Maculosa,316040,Santo Antonio do Monte,MG,2018,0
FMAC,Febre Maculosa,316040,Santo Antonio do Monte,MG,2019,0
FMAC,Febre Maculosa,316040,Santo Antonio do Monte,MG,2020,0
FMAC,Febre Maculosa,316040,Santo Antonio do Monte,MG,2021,0
FMAC,Febre Maculosa,316040,Santo Antonio do Monte,MG,2022,1
FMAC,Febre Maculosa,316040,Santo Antonio do Monte,MG,2023,0
FMAC,Febre Maculosa,316040,Santo Antonio do Monte,MG,2024,0
FMAC,Febre Maculosa,316040,Santo Antonio do Monte,MG,2025,0
FMAC,Febre Maculosa,316070,Santos Dumont,MG,2001,0
FMAC,Febre Maculosa,316070,Santos Dumont,MG,2006,0
FMAC,Febre Maculosa,316070,Santos Dumont,MG,2007,0
FMAC,Febre Maculosa,316070,Santos Dumont,MG,2008,0
FMAC,Febre Maculosa,316070,Santos Dumont,MG,2009,0
FMAC,Febre Maculosa,316070,Santos Dumont,MG,2010,0
FMAC,Febre Maculosa,316070,Santos Dumont,MG,2011,0
FMAC,Febre Maculosa,316070,Santos Dumont,MG,2012,0
FMAC,Febre Maculosa,316070,Santos Dumont,MG,2013,0
FMAC,Febre Maculosa,316070,Santos Dumont,MG,2014,0
FMAC,Febre Maculosa,316070,Santos Dumont,MG,2015,0
FMAC,Febre Maculosa,316070,Santos Dumont,MG,2016,0
FMAC,Febre Maculosa,316070,Santos Dumont,MG,2017,0
FMAC,Febre Maculosa,316070,Santos Dumont,MG,2018,0
FMAC,Febre Maculosa,316070,Santos Dumont,MG,2019,0
FMAC,Febre Maculosa,316070,Santos Dumont,MG,2020,0
FMAC,Febre Maculosa,316070,Santos Dumont,MG,2021,0
FMAC,Febre Maculosa,316070,Santos Dumont,MG,2022,1
FMAC,Febre Maculosa,316070,Santos Dumont,MG,2023,0
FMAC,Febre Maculosa,316070,Santos Dumont,MG,2024,0
FMAC,Febre Maculosa,316070,Santos Dumont,MG,2025,0
FMAC,Febre Maculosa,316190,Sao Goncalo do Rio Abaixo,MG,2001,0
FMAC,Febre Maculosa,316190,Sao Goncalo do Rio Abaixo,MG,2006,0
FMAC,Febre Maculosa,316190,Sao Goncalo do Rio Abaixo,MG,2007,0
FMAC,Febre Maculosa,316190,Sao Goncalo do Rio Abaixo,MG,2008,0
FMAC,Febre Maculosa,316190,Sao Goncalo do Rio Abaixo,MG,2009,0
FMAC,Febre Maculosa,316190,Sao Goncalo do Rio Abaixo,MG,2010,0
FMAC,Febre Maculosa,316190,Sao Goncalo do Rio Abaixo,MG,2011,0
FMAC,Febre Maculosa,316190,Sao Goncalo do Rio Abaixo,MG,2012,0
FMAC,Febre Maculosa,316190,Sao Goncalo do Rio Abaixo,MG,2013,0
FMAC,Febre Maculosa,316190,Sao Goncalo do Rio Abaixo,MG,2014,0
FMAC,Febre Maculosa,316190,Sao Goncalo do Rio Abaixo,MG,2015,0
FMAC,Febre Maculosa,316190,Sao Goncalo do Rio Abaixo,MG,2016,0
FMAC,Febre Maculosa,316190,Sao Goncalo do Rio Abaixo,MG,2017,1
FMAC,Febre Maculosa,316190,Sao Goncalo do Rio Abaixo,MG,2018,0
FMAC,Febre Maculosa,316190,Sao Goncalo do Rio Abaixo,MG,2019,0
FMAC,Febre Maculosa,316190,Sao Goncalo do Rio Abaixo,MG,2020,0
FMAC,Febre Maculosa,316190,Sao Goncalo do Rio Abaixo,MG,2021,0
FMAC,Febre Maculosa,316190,Sao Goncalo do Rio Abaixo,MG,2022,0
FMAC,Febre Maculosa,316190,Sao Goncalo do Rio Abaixo,MG,2023,0
FMAC,Febre Maculosa,316190,Sao Goncalo do Rio Abaixo,MG,2024,0
FMAC,Febre Maculosa,316190,Sao Goncalo do Rio Abaixo,MG,2025,0
FMAC,Febre Maculosa,316340,Sao Jose do Goiabal,MG,2001,0
FMAC,Febre Maculosa,316340,Sao Jose do Goiabal,MG,2006,0
FMAC,Febre Maculosa,316340,Sao Jose do Goiabal,MG,2007,0
FMAC,Febre Maculosa,316340,Sao Jose do Goiabal,MG,2008,0
FMAC,Febre Maculosa,316340,Sao Jose do Goiabal,MG,2009,0
FMAC,Febre Maculosa,316340,Sao Jose do Goiabal,MG,2010,0
FMAC,Febre Maculosa,316340,Sao Jose do Goiabal,MG,2011,0
FMAC,Febre Maculosa,316340,Sao Jose do Goiabal,MG,2012,0
FMAC,Febre Maculosa,316340,Sao Jose do Goiabal,MG,2013,0
FMAC,Febre Maculosa,316340,Sao Jose do Goiabal,MG,2014,0
FMAC,Febre Maculosa,316340,Sao Jose do Goiabal,MG,2015,0
FMAC,Febre Maculosa,316340,Sao Jose do Goiabal,MG,2016,0
FMAC,Febre Maculosa,316340,Sao Jose do Goiabal,MG,2017,3
FMAC,Febre Maculosa,316340,Sao Jose do Goiabal,MG,2018,0
FMAC,Febre Maculosa,316340,Sao Jose do Goiabal,MG,2019,0
FMAC,Febre Maculosa,316340,Sao Jose do Goiabal,MG,2020,0
FMAC,Febre Maculosa,316340,Sao Jose do Goiabal,MG,2021,0
FMAC,Febre Maculosa,316340,Sao Jose do Goiabal,MG,2022,0
FMAC,Febre Maculosa,316340,Sao Jose do Goiabal,MG,2023,0
FMAC,Febre Maculosa,316340,Sao Jose do Goiabal,MG,2024,0
FMAC,Febre Maculosa,316340,Sao Jose do Goiabal,MG,2025,0
FMAC,Febre Maculosa,316510,Sao Tomas de Aquino,MG,2001,0
FMAC,Febre Maculosa,316510,Sao Tomas de Aquino,MG,2006,0
FMAC,Febre Maculosa,316510,Sao Tomas de Aquino,MG,2007,0
FMAC,Febre Maculosa,316510,Sao Tomas de Aquino,MG,2008,0
FMAC,Febre Maculosa,316510,Sao Tomas de Aquino,MG,2009,0
FMAC,Febre Maculosa,316510,Sao Tomas de Aquino,MG,2010,0
FMAC,Febre Maculosa,316510,Sao Tomas de Aquino,MG,2011,0
FMAC,Febre Maculosa,316510,Sao Tomas de Aquino,MG,2012,0
FMAC,Febre Maculosa,316510,Sao Tomas de Aquino,MG,2013,0
FMAC,Febre Maculosa,316510,Sao Tomas de Aquino,MG,2014,0
FMAC,Febre Maculosa,316510,Sao Tomas de Aquino,MG,2015,0
FMAC,Febre Maculosa,316510,Sao Tomas de Aquino,MG,2016,0
FMAC,Febre Maculosa,316510,Sao Tomas de Aquino,MG,2017,0
FMAC,Febre Maculosa,316510,Sao Tomas de Aquino,MG,2018,0
FMAC,Febre Maculosa,316510,Sao Tomas de Aquino,MG,2019,0
FMAC,Febre Maculosa,316510,Sao Tomas de Aquino,MG,2020,0
FMAC,Febre Maculosa,316510,Sao Tomas de Aquino,MG,2021,0
FMAC,Febre Maculosa,316510,Sao Tomas de Aquino,MG,2022,0
FMAC,Febre Maculosa,316510,Sao Tomas de Aquino,MG,2023,1
FMAC,Febre Maculosa,316510,Sao Tomas de Aquino,MG,2024,0
FMAC,Febre Maculosa,316510,Sao Tomas de Aquino,MG,2025,0
FMAC,Febre Maculosa,316570,Senador Firmino,MG,2001,0
FMAC,Febre Maculosa,316570,Senador Firmino,MG,2006,0
FMAC,Febre Maculosa,316570,Senador Firmino,MG,2007,0
FMAC,Febre Maculosa,316570,Senador Firmino,MG,2008,0
FMAC,Febre Maculosa,316570,Senador Firmino,MG,2009,0
FMAC,Febre Maculosa,316570,Senador Firmino,MG,2010,0
FMAC,Febre Maculosa,316570,Senador Firmino,MG,2011,0
FMAC,Febre Maculosa,316570,Senador Firmino,MG,2012,0
FMAC,Febre Maculosa,316570,Senador Firmino,MG,2013,0
FMAC,Febre Maculosa,316570,Senador Firmino,MG,2014,0
FMAC,Febre Maculosa,316570,Senador Firmino,MG,2015,0
FMAC,Febre Maculosa,316570,Senador Firmino,MG,2016,0
FMAC,Febre Maculosa,316570,Senador Firmino,MG,2017,0
FMAC,Febre Maculosa,316570,Senador Firmino,MG,2018,0
FMAC,Febre Maculosa,316570,Senador Firmino,MG,2019,0
FMAC,Febre Maculosa,316570,Senador Firmino,MG,2020,0
FMAC,Febre Maculosa,316570,Senador Firmino,MG,2021,0
FMAC,Febre Maculosa,316570,Senador Firmino,MG,2022,0
FMAC,Febre Maculosa,316570,Senador Firmino,MG,2023,0
FMAC,Febre Maculosa,316570,Senador Firmino,MG,2024,1
FMAC,Febre Maculosa,316570,Senador Firmino,MG,2025,0
FMAC,Febre Maculosa,316710,Serro,MG,2001,0
FMAC,Febre Maculosa,316710,Serro,MG,2006,0
FMAC,Febre Maculosa,316710,Serro,MG,2007,0
FMAC,Febre Maculosa,316710,Serro,MG,2008,0
FMAC,Febre Maculosa,316710,Serro,MG,2009,0
FMAC,Febre Maculosa,316710,Serro,MG,2010,0
FMAC,Febre Maculosa,316710,Serro,MG,2011,0
FMAC,Febre Maculosa,316710,Serro,MG,2012,1
FMAC,Febre Maculosa,316710,Serro,MG,2013,0
FMAC,Febre Maculosa,316710,Serro,MG,2014,0
FMAC,Febre Maculosa,316710,Serro,MG,2015,0
FMAC,Febre Maculosa,316710,Serro,MG,2016,0
FMAC,Febre Maculosa,316710,Serro,MG,2017,0
FMAC,Febre Maculosa,316710,Serro,MG,2018,0
FMAC,Febre Maculosa,316710,Serro,MG,2019,0
FMAC,Febre Maculosa,316710,Serro,MG,2020,0
FMAC,Febre Maculosa,316710,Serro,MG,2021,0
FMAC,Febre Maculosa,316710,Serro,MG,2022,0
FMAC,Febre Maculosa,316710,Serro,MG,2023,0
FMAC,Febre Maculosa,316710,Serro,MG,2024,1
FMAC,Febre Maculosa,316710,Serro,MG,2025,1
FMAC,Febre Maculosa,316720,Sete Lagoas,MG,2001,0
FMAC,Febre Maculosa,316720,Sete Lagoas,MG,2006,0
FMAC,Febre Maculosa,316720,Sete Lagoas,MG,2007,0
FMAC,Febre Maculosa,316720,Sete Lagoas,MG,2008,0
FMAC,Febre Maculosa,316720,Sete Lagoas,MG,2009,0
FMAC,Febre Maculosa,316720,Sete Lagoas,MG,2010,0
FMAC,Febre Maculosa,316720,Sete Lagoas,MG,2011,0
FMAC,Febre Maculosa,316720,Sete Lagoas,MG,2012,0
FMAC,Febre Maculosa,316720,Sete Lagoas,MG,2013,0
FMAC,Febre Maculosa,316720,Sete Lagoas,MG,2014,0
FMAC,Febre Maculosa,316720,Sete Lagoas,MG,2015,0
FMAC,Febre Maculosa,316720,Sete Lagoas,MG,2016,0
FMAC,Febre Maculosa,316720,Sete Lagoas,MG,2017,0
FMAC,Febre Maculosa,316720,Sete Lagoas,MG,2018,0
FMAC,Febre Maculosa,316720,Sete Lagoas,MG,2019,2
FMAC,Febre Maculosa,316720,Sete Lagoas,MG,2020,0
FMAC,Febre Maculosa,316720,Sete Lagoas,MG,2021,1
FMAC,Febre Maculosa,316720,Sete Lagoas,MG,2022,0
FMAC,Febre Maculosa,316720,Sete Lagoas,MG,2023,0
FMAC,Febre Maculosa,316720,Sete Lagoas,MG,2024,1
FMAC,Febre Maculosa,316720,Sete Lagoas,MG,2025,0
FMAC,Febre Maculosa,316860,Teofilo Otoni,MG,2001,0
FMAC,Febre Maculosa,316860,Teofilo Otoni,MG,2006,0
FMAC,Febre Maculosa,316860,Teofilo Otoni,MG,2007,0
FMAC,Febre Maculosa,316860,Teofilo Otoni,MG,2008,2
FMAC,Febre Maculosa,316860,Teofilo Otoni,MG,2009,0
FMAC,Febre Maculosa,316860,Teofilo Otoni,MG,2010,2
FMAC,Febre Maculosa,316860,Teofilo Otoni,MG,2011,0
FMAC,Febre Maculosa,316860,Teofilo Otoni,MG,2012,1
FMAC,Febre Maculosa,316860,Teofilo Otoni,MG,2013,0
FMAC,Febre Maculosa,316860,Teofilo Otoni,MG,2014,0
FMAC,Febre Maculosa,316860,Teofilo Otoni,MG,2015,0
FMAC,Febre Maculosa,316860,Teofilo Otoni,MG,2016,0
FMAC,Febre Maculosa,316860,Teofilo Otoni,MG,2017,0
FMAC,Febre Maculosa,316860,Teofilo Otoni,MG,2018,1
FMAC,Febre Maculosa,316860,Teofilo Otoni,MG,2019,0
FMAC,Febre Maculosa,316860,Teofilo Otoni,MG,2020,0
FMAC,Febre Maculosa,316860,Teofilo Otoni,MG,2021,0
FMAC,Febre Maculosa,316860,Teofilo Otoni,MG,2022,0
FMAC,Febre Maculosa,316860,Teofilo Otoni,MG,2023,0
FMAC,Febre Maculosa,316860,Teofilo Otoni,MG,2024,1
FMAC,Febre Maculosa,316860,Teofilo Otoni,MG,2025,1
FMAC,Febre Maculosa,316870,Timoteo,MG,2001,0
FMAC,Febre Maculosa,316870,Timoteo,MG,2006,0
FMAC,Febre Maculosa,316870,Timoteo,MG,2007,0
FMAC,Febre Maculosa,316870,Timoteo,MG,2008,0
FMAC,Febre Maculosa,316870,Timoteo,MG,2009,0
FMAC,Febre Maculosa,316870,Timoteo,MG,2010,0
FMAC,Febre Maculosa,316870,Timoteo,MG,2011,1
FMAC,Febre Maculosa,316870,Timoteo,MG,2012,0
FMAC,Febre Maculosa,316870,Timoteo,MG,2013,0
FMAC,Febre Maculosa,316870,Timoteo,MG,2014,0
FMAC,Febre Maculosa,316870,Timoteo,MG,2015,0
FMAC,Febre Maculosa,316870,Timoteo,MG,2016,0
FMAC,Febre Maculosa,316870,Timoteo,MG,2017,0
FMAC,Febre Maculosa,316870,Timoteo,MG,2018,1
FMAC,Febre Maculosa,316870,Timoteo,MG,2019,1
FMAC,Febre Maculosa,316870,Timoteo,MG,2020,0
FMAC,Febre Maculosa,316870,Timoteo,MG,2021,0
FMAC,Febre Maculosa,316870,Timoteo,MG,2022,0
FMAC,Febre Maculosa,316870,Timoteo,MG,2023,0
FMAC,Febre Maculosa,316870,Timoteo,MG,2024,0
FMAC,Febre Maculosa,316870,Timoteo,MG,2025,1
FMAC,Febre Maculosa,316920,Tombos,MG,2001,0
FMAC,Febre Maculosa,316920,Tombos,MG,2006,0
FMAC,Febre Maculosa,316920,Tombos,MG,2007,0
FMAC,Febre Maculosa,316920,Tombos,MG,2008,0
FMAC,Febre Maculosa,316920,Tombos,MG,2009,0
FMAC,Febre Maculosa,316920,Tombos,MG,2010,0
FMAC,Febre Maculosa,316920,Tombos,MG,2011,0
FMAC,Febre Maculosa,316920,Tombos,MG,2012,0
FMAC,Febre Maculosa,316920,Tombos,MG,2013,2
FMAC,Febre Maculosa,316920,Tombos,MG,2014,0
FMAC,Febre Maculosa,316920,Tombos,MG,2015,1
FMAC,Febre Maculosa,316920,Tombos,MG,2016,1
FMAC,Febre Maculosa,316920,Tombos,MG,2017,0
FMAC,Febre Maculosa,316920,Tombos,MG,2018,3
FMAC,Febre Maculosa,316920,Tombos,MG,2019,1
FMAC,Febre Maculosa,316920,Tombos,MG,2020,0
FMAC,Febre Maculosa,316920,Tombos,MG,2021,0
FMAC,Febre Maculosa,316920,Tombos,MG,2022,0
FMAC,Febre Maculosa,316920,Tombos,MG,2023,0
FMAC,Febre Maculosa,316920,Tombos,MG,2024,0
FMAC,Febre Maculosa,316920,Tombos,MG,2025,0
FMAC,Febre Maculosa,316930,Tres Coracoes,MG,2001,0
FMAC,Febre Maculosa,316930,Tres Coracoes,MG,2006,0
FMAC,Febre Maculosa,316930,Tres Coracoes,MG,2007,0
FMAC,Febre Maculosa,316930,Tres Coracoes,MG,2008,0
FMAC,Febre Maculosa,316930,Tres Coracoes,MG,2009,0
FMAC,Febre Maculosa,316930,Tres Coracoes,MG,2010,0
FMAC,Febre Maculosa,316930,Tres Coracoes,MG,2011,0
FMAC,Febre Maculosa,316930,Tres Coracoes,MG,2012,0
FMAC,Febre Maculosa,316930,Tres Coracoes,MG,2013,0
FMAC,Febre Maculosa,316930,Tres Coracoes,MG,2014,0
FMAC,Febre Maculosa,316930,Tres Coracoes,MG,2015,0
FMAC,Febre Maculosa,316930,Tres Coracoes,MG,2016,2
FMAC,Febre Maculosa,316930,Tres Coracoes,MG,2017,0
FMAC,Febre Maculosa,316930,Tres Coracoes,MG,2018,0
FMAC,Febre Maculosa,316930,Tres Coracoes,MG,2019,0
FMAC,Febre Maculosa,316930,Tres Coracoes,MG,2020,0
FMAC,Febre Maculosa,316930,Tres Coracoes,MG,2021,0
FMAC,Febre Maculosa,316930,Tres Coracoes,MG,2022,0
FMAC,Febre Maculosa,316930,Tres Coracoes,MG,2023,0
FMAC,Febre Maculosa,316930,Tres Coracoes,MG,2024,0
FMAC,Febre Maculosa,316930,Tres Coracoes,MG,2025,0
FMAC,Febre Maculosa,316940,Tres Pontas,MG,2001,0
FMAC,Febre Maculosa,316940,Tres Pontas,MG,2006,0
FMAC,Febre Maculosa,316940,Tres Pontas,MG,2007,0
FMAC,Febre Maculosa,316940,Tres Pontas,MG,2008,0
FMAC,Febre Maculosa,316940,Tres Pontas,MG,2009,0
FMAC,Febre Maculosa,316940,Tres Pontas,MG,2010,0
FMAC,Febre Maculosa,316940,Tres Pontas,MG,2011,0
FMAC,Febre Maculosa,316940,Tres Pontas,MG,2012,0
FMAC,Febre Maculosa,316940,Tres Pontas,MG,2013,0
FMAC,Febre Maculosa,316940,Tres Pontas,MG,2014,0
FMAC,Febre Maculosa,316940,Tres Pontas,MG,2015,0
FMAC,Febre Maculosa,316940,Tres Pontas,MG,2016,0
FMAC,Febre Maculosa,316940,Tres Pontas,MG,2017,0
FMAC,Febre Maculosa,316940,Tres Pontas,MG,2018,0
FMAC,Febre Maculosa,316940,Tres Pontas,MG,2019,0
FMAC,Febre Maculosa,316940,Tres Pontas,MG,2020,0
FMAC,Febre Maculosa,316940,Tres Pontas,MG,2021,0
FMAC,Febre Maculosa,316940,Tres Pontas,MG,2022,0
FMAC,Febre Maculosa,316940,Tres Pontas,MG,2023,0
FMAC,Febre Maculosa,316940,Tres Pontas,MG,2024,0
FMAC,Febre Maculosa,316940,Tres Pontas,MG,2025,1
FMAC,Febre Maculosa,316970,Turmalina,MG,2001,0
FMAC,Febre Maculosa,316970,Turmalina,MG,2006,0
FMAC,Febre Maculosa,316970,Turmalina,MG,2007,0
FMAC,Febre Maculosa,316970,Turmalina,MG,2008,0
FMAC,Febre Maculosa,316970,Turmalina,MG,2009,0
FMAC,Febre Maculosa,316970,Turmalina,MG,2010,0
FMAC,Febre Maculosa,316970,Turmalina,MG,2011,0
FMAC,Febre Maculosa,316970,Turmalina,MG,2012,0
FMAC,Febre Maculosa,316970,Turmalina,MG,2013,0
FMAC,Febre Maculosa,316970,Turmalina,MG,2014,0
FMAC,Febre Maculosa,316970,Turmalina,MG,2015,0
FMAC,Febre Maculosa,316970,Turmalina,MG,2016,0
FMAC,Febre Maculosa,316970,Turmalina,MG,2017,0
FMAC,Febre Maculosa,316970,Turmalina,MG,2018,1
FMAC,Febre Maculosa,316970,Turmalina,MG,2019,0
FMAC,Febre Maculosa,316970,Turmalina,MG,2020,0
FMAC,Febre Maculosa,316970,Turmalina,MG,2021,0
FMAC,Febre Maculosa,316970,Turmalina,MG,2022,0
FMAC,Febre Maculosa,316970,Turmalina,MG,2023,0
FMAC,Febre Maculosa,316970,Turmalina,MG,2024,0
FMAC,Febre Maculosa,316970,Turmalina,MG,2025,1
FMAC,Febre Maculosa,316990,Uba,MG,2001,0
FMAC,Febre Maculosa,316990,Uba,MG,2006,0
FMAC,Febre Maculosa,316990,Uba,MG,2007,0
FMAC,Febre Maculosa,316990,Uba,MG,2008,0
FMAC,Febre Maculosa,316990,Uba,MG,2009,0
FMAC,Febre Maculosa,316990,Uba,MG,2010,0
FMAC,Febre Maculosa,316990,Uba,MG,2011,0
FMAC,Febre Maculosa,316990,Uba,MG,2012,0
FMAC,Febre Maculosa,316990,Uba,MG,2013,0
FMAC,Febre Maculosa,316990,Uba,MG,2014,0
FMAC,Febre Maculosa,316990,Uba,MG,2015,1
FMAC,Febre Maculosa,316990,Uba,MG,2016,1
FMAC,Febre Maculosa,316990,Uba,MG,2017,0
FMAC,Febre Maculosa,316990,Uba,MG,2018,1
FMAC,Febre Maculosa,316990,Uba,MG,2019,0
FMAC,Febre Maculosa,316990,Uba,MG,2020,0
FMAC,Febre Maculosa,316990,Uba,MG,2021,0
FMAC,Febre Maculosa,316990,Uba,MG,2022,0
FMAC,Febre Maculosa,316990,Uba,MG,2023,0
FMAC,Febre Maculosa,316990,Uba,MG,2024,0
FMAC,Febre Maculosa,316990,Uba,MG,2025,0
FMAC,Febre Maculosa,317010,Uberaba,MG,2001,0
FMAC,Febre Maculosa,317010,Uberaba,MG,2006,0
FMAC,Febre Maculosa,317010,Uberaba,MG,2007,0
FMAC,Febre Maculosa,317010,Uberaba,MG,2008,0
FMAC,Febre Maculosa,317010,Uberaba,MG,2009,0
FMAC,Febre Maculosa,317010,Uberaba,MG,2010,0
FMAC,Febre Maculosa,317010,Uberaba,MG,2011,0
FMAC,Febre Maculosa,317010,Uberaba,MG,2012,0
FMAC,Febre Maculosa,317010,Uberaba,MG,2013,0
FMAC,Febre Maculosa,317010,Uberaba,MG,2014,0
FMAC,Febre Maculosa,317010,Uberaba,MG,2015,0
FMAC,Febre Maculosa,317010,Uberaba,MG,2016,0
FMAC,Febre Maculosa,317010,Uberaba,MG,2017,0
FMAC,Febre Maculosa,317010,Uberaba,MG,2018,1
FMAC,Febre Maculosa,317010,Uberaba,MG,2019,0
FMAC,Febre Maculosa,317010,Uberaba,MG,2020,0
FMAC,Febre Maculosa,317010,Uberaba,MG,2021,0
FMAC,Febre Maculosa,317010,Uberaba,MG,2022,0
FMAC,Febre Maculosa,317010,Uberaba,MG,2023,1
FMAC,Febre Maculosa,317010,Uberaba,MG,2024,2
FMAC,Febre Maculosa,317010,Uberaba,MG,2025,0
FMAC,Febre Maculosa,317020,Uberlandia,MG,2001,0
FMAC,Febre Maculosa,317020,Uberlandia,MG,2006,0
FMAC,Febre Maculosa,317020,Uberlandia,MG,2007,0
FMAC,Febre Maculosa,317020,Uberlandia,MG,2008,0
FMAC,Febre Maculosa,317020,Uberlandia,MG,2009,0
FMAC,Febre Maculosa,317020,Uberlandia,MG,2010,0
FMAC,Febre Maculosa,317020,Uberlandia,MG,2011,0
FMAC,Febre Maculosa,317020,Uberlandia,MG,2012,0
FMAC,Febre Maculosa,317020,Uberlandia,MG,2013,0
FMAC,Febre Maculosa,317020,Uberlandia,MG,2014,0
FMAC,Febre Maculosa,317020,Uberlandia,MG,2015,0
FMAC,Febre Maculosa,317020,Uberlandia,MG,2016,0
FMAC,Febre Maculosa,317020,Uberlandia,MG,2017,0
FMAC,Febre Maculosa,317020,Uberlandia,MG,2018,0
FMAC,Febre Maculosa,317020,Uberlandia,MG,2019,0
FMAC,Febre Maculosa,317020,Uberlandia,MG,2020,0
FMAC,Febre Maculosa,317020,Uberlandia,MG,2021,0
FMAC,Febre Maculosa,317020,Uberlandia,MG,2022,0
FMAC,Febre Maculosa,317020,Uberlandia,MG,2023,0
FMAC,Febre Maculosa,317020,Uberlandia,MG,2024,2
FMAC,Febre Maculosa,317020,Uberlandia,MG,2025,0
FMAC,Febre Maculosa,317070,Varginha,MG,2001,0
FMAC,Febre Maculosa,317070,Varginha,MG,2006,0
FMAC,Febre Maculosa,317070,Varginha,MG,2007,0
FMAC,Febre Maculosa,317070,Varginha,MG,2008,0
FMAC,Febre Maculosa,317070,Varginha,MG,2009,0
FMAC,Febre Maculosa,317070,Varginha,MG,2010,0
FMAC,Febre Maculosa,317070,Varginha,MG,2011,0
FMAC,Febre Maculosa,317070,Varginha,MG,2012,0
FMAC,Febre Maculosa,317070,Varginha,MG,2013,0
FMAC,Febre Maculosa,317070,Varginha,MG,2014,0
FMAC,Febre Maculosa,317070,Varginha,MG,2015,0
FMAC,Febre Maculosa,317070,Varginha,MG,2016,0
FMAC,Febre Maculosa,317070,Varginha,MG,2017,0
FMAC,Febre Maculosa,317070,Varginha,MG,2018,0
FMAC,Febre Maculosa,317070,Varginha,MG,2019,0
FMAC,Febre Maculosa,317070,Varginha,MG,2020,0
FMAC,Febre Maculosa,317070,Varginha,MG,2021,0
FMAC,Febre Maculosa,317070,Varginha,MG,2022,0
FMAC,Febre Maculosa,317070,Varginha,MG,2023,0
FMAC,Febre Maculosa,317070,Varginha,MG,2024,0
FMAC,Febre Maculosa,317070,Varginha,MG,2025,1
FMAC,Febre Maculosa,317120,Vespasiano,MG,2001,0
FMAC,Febre Maculosa,317120,Vespasiano,MG,2006,0
FMAC,Febre Maculosa,317120,Vespasiano,MG,2007,0
FMAC,Febre Maculosa,317120,Vespasiano,MG,2008,0
FMAC,Febre Maculosa,317120,Vespasiano,MG,2009,0
FMAC,Febre Maculosa,317120,Vespasiano,MG,2010,0
FMAC,Febre Maculosa,317120,Vespasiano,MG,2011,0
FMAC,Febre Maculosa,317120,Vespasiano,MG,2012,0
FMAC,Febre Maculosa,317120,Vespasiano,MG,2013,0
FMAC,Febre Maculosa,317120,Vespasiano,MG,2014,0
FMAC,Febre Maculosa,317120,Vespasiano,MG,2015,0
FMAC,Febre Maculosa,317120,Vespasiano,MG,2016,0
FMAC,Febre Maculosa,317120,Vespasiano,MG,2017,0
FMAC,Febre Maculosa,317120,Vespasiano,MG,2018,0
FMAC,Febre Maculosa,317120,Vespasiano,MG,2019,0
FMAC,Febre Maculosa,317120,Vespasiano,MG,2020,0
FMAC,Febre Maculosa,317120,Vespasiano,MG,2021,0
FMAC,Febre Maculosa,317120,Vespasiano,MG,2022,0
FMAC,Febre Maculosa,317120,Vespasiano,MG,2023,0
FMAC,Febre Maculosa,317120,Vespasiano,MG,2024,0
FMAC,Febre Maculosa,317120,Vespasiano,MG,2025,1
FMAC,Febre Maculosa,317130,Vicosa,MG,2001,0
FMAC,Febre Maculosa,317130,Vicosa,MG,2006,0
FMAC,Febre Maculosa,317130,Vicosa,MG,2007,0
FMAC,Febre Maculosa,317130,Vicosa,MG,2008,0
FMAC,Febre Maculosa,317130,Vicosa,MG,2009,0
FMAC,Febre Maculosa,317130,Vicosa,MG,2010,0
FMAC,Febre Maculosa,317130,Vicosa,MG,2011,0
FMAC,Febre Maculosa,317130,Vicosa,MG,2012,0
FMAC,Febre Maculosa,317130,Vicosa,MG,2013,0
FMAC,Febre Maculosa,317130,Vicosa,MG,2014,0
FMAC,Febre Maculosa,317130,Vicosa,MG,2015,1
FMAC,Febre Maculosa,317130,Vicosa,MG,2016,0
FMAC,Febre Maculosa,317130,Vicosa,MG,2017,0
FMAC,Febre Maculosa,317130,Vicosa,MG,2018,0
FMAC,Febre Maculosa,317130,Vicosa,MG,2019,0
FMAC,Febre Maculosa,317130,Vicosa,MG,2020,0
FMAC,Febre Maculosa,317130,Vicosa,MG,2021,0
FMAC,Febre Maculosa,317130,Vicosa,MG,2022,0
FMAC,Febre Maculosa,317130,Vicosa,MG,2023,1
FMAC,Febre Maculosa,317130,Vicosa,MG,2024,0
FMAC,Febre Maculosa,317130,Vicosa,MG,2025,0
FMAC,Febre Maculosa,317180,Virginopolis,MG,2001,0
FMAC,Febre Maculosa,317180,Virginopolis,MG,2006,0
FMAC,Febre Maculosa,317180,Virginopolis,MG,2007,0
FMAC,Febre Maculosa,317180,Virginopolis,MG,2008,0
FMAC,Febre Maculosa,317180,Virginopolis,MG,2009,0
FMAC,Febre Maculosa,317180,Virginopolis,MG,2010,0
FMAC,Febre Maculosa,317180,Virginopolis,MG,2011,0
FMAC,Febre Maculosa,317180,Virginopolis,MG,2012,0
FMAC,Febre Maculosa,317180,Virginopolis,MG,2013,0
FMAC,Febre Maculosa,317180,Virginopolis,MG,2014,0
FMAC,Febre Maculosa,317180,Virginopolis,MG,2015,0
FMAC,Febre Maculosa,317180,Virginopolis,MG,2016,0
FMAC,Febre Maculosa,317180,Virginopolis,MG,2017,0
FMAC,Febre Maculosa,317180,Virginopolis,MG,2018,0
FMAC,Febre Maculosa,317180,Virginopolis,MG,2019,0
FMAC,Febre Maculosa,317180,Virginopolis,MG,2020,0
FMAC,Febre Maculosa,317180,Virginopolis,MG,2021,0
FMAC,Febre Maculosa,317180,Virginopolis,MG,2022,0
FMAC,Febre Maculosa,317180,Virginopolis,MG,2023,0
FMAC,Febre Maculosa,317180,Virginopolis,MG,2024,1
FMAC,Febre Maculosa,317180,Virginopolis,MG,2025,0
FMAC,Febre Maculosa,317210,Volta Grande,MG,2001,0
FMAC,Febre Maculosa,317210,Volta Grande,MG,2006,0
FMAC,Febre Maculosa,317210,Volta Grande,MG,2007,0
FMAC,Febre Maculosa,317210,Volta Grande,MG,2008,0
FMAC,Febre Maculosa,317210,Volta Grande,MG,2009,0
FMAC,Febre Maculosa,317210,Volta Grande,MG,2010,0
FMAC,Febre Maculosa,317210,Volta Grande,MG,2011,0
FMAC,Febre Maculosa,317210,Volta Grande,MG,2012,0
FMAC,Febre Maculosa,317210,Volta Grande,MG,2013,0
FMAC,Febre Maculosa,317210,Volta Grande,MG,2014,0
FMAC,Febre Maculosa,317210,Volta Grande,MG,2015,0
FMAC,Febre Maculosa,317210,Volta Grande,MG,2016,0
FMAC,Febre Maculosa,317210,Volta Grande,MG,2017,0
FMAC,Febre Maculosa,317210,Volta Grande,MG,2018,0
FMAC,Febre Maculosa,317210,Volta Grande,MG,2019,0
FMAC,Febre Maculosa,317210,Volta Grande,MG,2020,0
FMAC,Febre Maculosa,317210,Volta Grande,MG,2021,0
FMAC,Febre Maculosa,317210,Volta Grande,MG,2022,0
FMAC,Febre Maculosa,317210,Volta Grande,MG,2023,0
FMAC,Febre Maculosa,317210,Volta Grande,MG,2024,0
FMAC,Febre Maculosa,317210,Volta Grande,MG,2025,1
FMAC,Febre Maculosa,500270,Campo Grande,MS,2001,0
FMAC,Febre Maculosa,500270,Campo Grande,MS,2006,0
FMAC,Febre Maculosa,500270,Campo Grande,MS,2007,0
FMAC,Febre Maculosa,500270,Campo Grande,MS,2008,0
FMAC,Febre Maculosa,500270,Campo Grande,MS,2009,0
FMAC,Febre Maculosa,500270,Campo Grande,MS,2010,0
FMAC,Febre Maculosa,500270,Campo Grande,MS,2011,0
FMAC,Febre Maculosa,500270,Campo Grande,MS,2012,0
FMAC,Febre Maculosa,500270,Campo Grande,MS,2013,0
FMAC,Febre Maculosa,500270,Campo Grande,MS,2014,0
FMAC,Febre Maculosa,500270,Campo Grande,MS,2015,3
FMAC,Febre Maculosa,500270,Campo Grande,MS,2016,2
FMAC,Febre Maculosa,500270,Campo Grande,MS,2017,0
FMAC,Febre Maculosa,500270,Campo Grande,MS,2018,1
FMAC,Febre Maculosa,500270,Campo Grande,MS,2019,0
FMAC,Febre Maculosa,500270,Campo Grande,MS,2020,0
FMAC,Febre Maculosa,500270,Campo Grande,MS,2021,0
FMAC,Febre Maculosa,500270,Campo Grande,MS,2022,0
FMAC,Febre Maculosa,500270,Campo Grande,MS,2023,0
FMAC,Febre Maculosa,500270,Campo Grande,MS,2024,0
FMAC,Febre Maculosa,500270,Campo Grande,MS,2025,0
FMAC,Febre Maculosa,500330,Coxim,MS,2001,0
FMAC,Febre Maculosa,500330,Coxim,MS,2006,0
FMAC,Febre Maculosa,500330,Coxim,MS,2007,0
FMAC,Febre Maculosa,500330,Coxim,MS,2008,0
FMAC,Febre Maculosa,500330,Coxim,MS,2009,0
FMAC,Febre Maculosa,500330,Coxim,MS,2010,0
FMAC,Febre Maculosa,500330,Coxim,MS,2011,0
FMAC,Febre Maculosa,500330,Coxim,MS,2012,0
FMAC,Febre Maculosa,500330,Coxim,MS,2013,0
FMAC,Febre Maculosa,500330,Coxim,MS,2014,0
FMAC,Febre Maculosa,500330,Coxim,MS,2015,0
FMAC,Febre Maculosa,500330,Coxim,MS,2016,1
FMAC,Febre Maculosa,500330,Coxim,MS,2017,0
FMAC,Febre Maculosa,500330,Coxim,MS,2018,0
FMAC,Febre Maculosa,500330,Coxim,MS,2019,0
FMAC,Febre Maculosa,500330,Coxim,MS,2020,0
FMAC,Febre Maculosa,500330,Coxim,MS,2021,0
FMAC,Febre Maculosa,500330,Coxim,MS,2022,0
FMAC,Febre Maculosa,500330,Coxim,MS,2023,0
FMAC,Febre Maculosa,500330,Coxim,MS,2024,1
FMAC,Febre Maculosa,500330,Coxim,MS,2025,0
FMAC,Febre Maculosa,500460,Itaquirai,MS,2001,0
FMAC,Febre Maculosa,500460,Itaquirai,MS,2006,0
FMAC,Febre Maculosa,500460,Itaquirai,MS,2007,0
FMAC,Febre Maculosa,500460,Itaquirai,MS,2008,0
FMAC,Febre Maculosa,500460,Itaquirai,MS,2009,0
FMAC,Febre Maculosa,500460,Itaquirai,MS,2010,0
FMAC,Febre Maculosa,500460,Itaquirai,MS,2011,0
FMAC,Febre Maculosa,500460,Itaquirai,MS,2012,0
FMAC,Febre Maculosa,500460,Itaquirai,MS,2013,0
FMAC,Febre Maculosa,500460,Itaquirai,MS,2014,0
FMAC,Febre Maculosa,500460,Itaquirai,MS,2015,0
FMAC,Febre Maculosa,500460,Itaquirai,MS,2016,0
FMAC,Febre Maculosa,500460,Itaquirai,MS,2017,0
FMAC,Febre Maculosa,500460,Itaquirai,MS,2018,0
FMAC,Febre Maculosa,500460,Itaquirai,MS,2019,0
FMAC,Febre Maculosa,500460,Itaquirai,MS,2020,0
FMAC,Febre Maculosa,500460,Itaquirai,MS,2021,0
FMAC,Febre Maculosa,500460,Itaquirai,MS,2022,0
FMAC,Febre Maculosa,500460,Itaquirai,MS,2023,0
FMAC,Febre Maculosa,500460,Itaquirai,MS,2024,0
FMAC,Febre Maculosa,500460,Itaquirai,MS,2025,1
FMAC,Febre Maculosa,510190,Brasnorte,MT,2001,0
FMAC,Febre Maculosa,510190,Brasnorte,MT,2006,0
FMAC,Febre Maculosa,510190,Brasnorte,MT,2007,0
FMAC,Febre Maculosa,510190,Brasnorte,MT,2008,0
FMAC,Febre Maculosa,510190,Brasnorte,MT,2009,0
FMAC,Febre Maculosa,510190,Brasnorte,MT,2010,0
FMAC,Febre Maculosa,510190,Brasnorte,MT,2011,0
FMAC,Febre Maculosa,510190,Brasnorte,MT,2012,0
FMAC,Febre Maculosa,510190,Brasnorte,MT,2013,0
FMAC,Febre Maculosa,510190,Brasnorte,MT,2014,0
FMAC,Febre Maculosa,510190,Brasnorte,MT,2015,0
FMAC,Febre Maculosa,510190,Brasnorte,MT,2016,0
FMAC,Febre Maculosa,510190,Brasnorte,MT,2017,0
FMAC,Febre Maculosa,510190,Brasnorte,MT,2018,0
FMAC,Febre Maculosa,510190,Brasnorte,MT,2019,0
FMAC,Febre Maculosa,510190,Brasnorte,MT,2020,0
FMAC,Febre Maculosa,510190,Brasnorte,MT,2021,0
FMAC,Febre Maculosa,510190,Brasnorte,MT,2022,0
FMAC,Febre Maculosa,510190,Brasnorte,MT,2023,0
FMAC,Febre Maculosa,510190,Brasnorte,MT,2024,0
FMAC,Febre Maculosa,510190,Brasnorte,MT,2025,1
FMAC,Febre Maculosa,510500,Jauru,MT,2001,0
FMAC,Febre Maculosa,510500,Jauru,MT,2006,0
FMAC,Febre Maculosa,510500,Jauru,MT,2007,0
FMAC,Febre Maculosa,510500,Jauru,MT,2008,0
FMAC,Febre Maculosa,510500,Jauru,MT,2009,0
FMAC,Febre Maculosa,510500,Jauru,MT,2010,0
FMAC,Febre Maculosa,510500,Jauru,MT,2011,0
FMAC,Febre Maculosa,510500,Jauru,MT,2012,0
FMAC,Febre Maculosa,510500,Jauru,MT,2013,0
FMAC,Febre Maculosa,510500,Jauru,MT,2014,0
FMAC,Febre Maculosa,510500,Jauru,MT,2015,0
FMAC,Febre Maculosa,510500,Jauru,MT,2016,0
FMAC,Febre Maculosa,510500,Jauru,MT,2017,0
FMAC,Febre Maculosa,510500,Jauru,MT,2018,0
FMAC,Febre Maculosa,510500,Jauru,MT,2019,0
FMAC,Febre Maculosa,510500,Jauru,MT,2020,0
FMAC,Febre Maculosa,510500,Jauru,MT,2021,0
FMAC,Febre Maculosa,510500,Jauru,MT,2022,0
FMAC,Febre Maculosa,510500,Jauru,MT,2023,1
FMAC,Febre Maculosa,510500,Jauru,MT,2024,0
FMAC,Febre Maculosa,510500,Jauru,MT,2025,0
FMAC,Febre Maculosa,510558,Marcelandia,MT,2001,0
FMAC,Febre Maculosa,510558,Marcelandia,MT,2006,0
FMAC,Febre Maculosa,510558,Marcelandia,MT,2007,0
FMAC,Febre Maculosa,510558,Marcelandia,MT,2008,0
FMAC,Febre Maculosa,510558,Marcelandia,MT,2009,0
FMAC,Febre Maculosa,510558,Marcelandia,MT,2010,0
FMAC,Febre Maculosa,510558,Marcelandia,MT,2011,0
FMAC,Febre Maculosa,510558,Marcelandia,MT,2012,0
FMAC,Febre Maculosa,510558,Marcelandia,MT,2013,0
FMAC,Febre Maculosa,510558,Marcelandia,MT,2014,0
FMAC,Febre Maculosa,510558,Marcelandia,MT,2015,0
FMAC,Febre Maculosa,510558,Marcelandia,MT,2016,0
FMAC,Febre Maculosa,510558,Marcelandia,MT,2017,0
FMAC,Febre Maculosa,510558,Marcelandia,MT,2018,0
FMAC,Febre Maculosa,510558,Marcelandia,MT,2019,0
FMAC,Febre Maculosa,510558,Marcelandia,MT,2020,0
FMAC,Febre Maculosa,510558,Marcelandia,MT,2021,1
FMAC,Febre Maculosa,510558,Marcelandia,MT,2022,0
FMAC,Febre Maculosa,510558,Marcelandia,MT,2023,0
FMAC,Febre Maculosa,510558,Marcelandia,MT,2024,0
FMAC,Febre Maculosa,510558,Marcelandia,MT,2025,0
FMAC,Febre Maculosa,510625,Nova Xavantina,MT,2001,0
FMAC,Febre Maculosa,510625,Nova Xavantina,MT,2006,0
FMAC,Febre Maculosa,510625,Nova Xavantina,MT,2007,0
FMAC,Febre Maculosa,510625,Nova Xavantina,MT,2008,0
FMAC,Febre Maculosa,510625,Nova Xavantina,MT,2009,0
FMAC,Febre Maculosa,510625,Nova Xavantina,MT,2010,0
FMAC,Febre Maculosa,510625,Nova Xavantina,MT,2011,0
FMAC,Febre Maculosa,510625,Nova Xavantina,MT,2012,0
FMAC,Febre Maculosa,510625,Nova Xavantina,MT,2013,0
FMAC,Febre Maculosa,510625,Nova Xavantina,MT,2014,0
FMAC,Febre Maculosa,510625,Nova Xavantina,MT,2015,0
FMAC,Febre Maculosa,510625,Nova Xavantina,MT,2016,0
FMAC,Febre Maculosa,510625,Nova Xavantina,MT,2017,0
FMAC,Febre Maculosa,510625,Nova Xavantina,MT,2018,0
FMAC,Febre Maculosa,510625,Nova Xavantina,MT,2019,0
FMAC,Febre Maculosa,510625,Nova Xavantina,MT,2020,0
FMAC,Febre Maculosa,510625,Nova Xavantina,MT,2021,0
FMAC,Febre Maculosa,510625,Nova Xavantina,MT,2022,1
FMAC,Febre Maculosa,510625,Nova Xavantina,MT,2023,0
FMAC,Febre Maculosa,510625,Nova Xavantina,MT,2024,0
FMAC,Febre Maculosa,510625,Nova Xavantina,MT,2025,0
FMAC,Febre Maculosa,510760,Rondonopolis,MT,2001,0
FMAC,Febre Maculosa,510760,Rondonopolis,MT,2006,0
FMAC,Febre Maculosa,510760,Rondonopolis,MT,2007,0
FMAC,Febre Maculosa,510760,Rondonopolis,MT,2008,0
FMAC,Febre Maculosa,510760,Rondonopolis,MT,2009,0
FMAC,Febre Maculosa,510760,Rondonopolis,MT,2010,1
FMAC,Febre Maculosa,510760,Rondonopolis,MT,2011,0
FMAC,Febre Maculosa,510760,Rondonopolis,MT,2012,0
FMAC,Febre Maculosa,510760,Rondonopolis,MT,2013,0
FMAC,Febre Maculosa,510760,Rondonopolis,MT,2014,0
FMAC,Febre Maculosa,510760,Rondonopolis,MT,2015,0
FMAC,Febre Maculosa,510760,Rondonopolis,MT,2016,0
FMAC,Febre Maculosa,510760,Rondonopolis,MT,2017,0
FMAC,Febre Maculosa,510760,Rondonopolis,MT,2018,0
FMAC,Febre Maculosa,510760,Rondonopolis,MT,2019,0
FMAC,Febre Maculosa,510760,Rondonopolis,MT,2020,1
FMAC,Febre Maculosa,510760,Rondonopolis,MT,2021,1
FMAC,Febre Maculosa,510760,Rondonopolis,MT,2022,0
FMAC,Febre Maculosa,510760,Rondonopolis,MT,2023,0
FMAC,Febre Maculosa,510760,Rondonopolis,MT,2024,0
FMAC,Febre Maculosa,510760,Rondonopolis,MT,2025,0
FMAC,Febre Maculosa,510860,Vila Rica,MT,2001,0
FMAC,Febre Maculosa,510860,Vila Rica,MT,2006,0
FMAC,Febre Maculosa,510860,Vila Rica,MT,2007,0
FMAC,Febre Maculosa,510860,Vila Rica,MT,2008,0
FMAC,Febre Maculosa,510860,Vila Rica,MT,2009,0
FMAC,Febre Maculosa,510860,Vila Rica,MT,2010,0
FMAC,Febre Maculosa,510860,Vila Rica,MT,2011,0
FMAC,Febre Maculosa,510860,Vila Rica,MT,2012,0
FMAC,Febre Maculosa,510860,Vila Rica,MT,2013,0
FMAC,Febre Maculosa,510860,Vila Rica,MT,2014,0
FMAC,Febre Maculosa,510860,Vila Rica,MT,2015,0
FMAC,Febre Maculosa,510860,Vila Rica,MT,2016,0
FMAC,Febre Maculosa,510860,Vila Rica,MT,2017,0
FMAC,Febre Maculosa,510860,Vila Rica,MT,2018,0
FMAC,Febre Maculosa,510860,Vila Rica,MT,2019,0
FMAC,Febre Maculosa,510860,Vila Rica,MT,2020,0
FMAC,Febre Maculosa,510860,Vila Rica,MT,2021,0
FMAC,Febre Maculosa,510860,Vila Rica,MT,2022,0
FMAC,Febre Maculosa,510860,Vila Rica,MT,2023,0
FMAC,Febre Maculosa,510860,Vila Rica,MT,2024,1
FMAC,Febre Maculosa,510860,Vila Rica,MT,2025,0
FMAC,Febre Maculosa,150140,Belem,PA,2001,0
FMAC,Febre Maculosa,150140,Belem,PA,2006,0
FMAC,Febre Maculosa,150140,Belem,PA,2007,0
FMAC,Febre Maculosa,150140,Belem,PA,2008,0
FMAC,Febre Maculosa,150140,Belem,PA,2009,0
FMAC,Febre Maculosa,150140,Belem,PA,2010,0
FMAC,Febre Maculosa,150140,Belem,PA,2011,0
FMAC,Febre Maculosa,150140,Belem,PA,2012,0
FMAC,Febre Maculosa,150140,Belem,PA,2013,0
FMAC,Febre Maculosa,150140,Belem,PA,2014,0
FMAC,Febre Maculosa,150140,Belem,PA,2015,0
FMAC,Febre Maculosa,150140,Belem,PA,2016,0
FMAC,Febre Maculosa,150140,Belem,PA,2017,0
FMAC,Febre Maculosa,150140,Belem,PA,2018,0
FMAC,Febre Maculosa,150140,Belem,PA,2019,0
FMAC,Febre Maculosa,150140,Belem,PA,2020,0
FMAC,Febre Maculosa,150140,Belem,PA,2021,1
FMAC,Febre Maculosa,150140,Belem,PA,2022,0
FMAC,Febre Maculosa,150140,Belem,PA,2023,1
FMAC,Febre Maculosa,150140,Belem,PA,2024,0
FMAC,Febre Maculosa,150140,Belem,PA,2025,0
FMAC,Febre Maculosa,150635,Santa Barbara do Para,PA,2001,0
FMAC,Febre Maculosa,150635,Santa Barbara do Para,PA,2006,0
FMAC,Febre Maculosa,150635,Santa Barbara do Para,PA,2007,0
FMAC,Febre Maculosa,150635,Santa Barbara do Para,PA,2008,0
FMAC,Febre Maculosa,150635,Santa Barbara do Para,PA,2009,0
FMAC,Febre Maculosa,150635,Santa Barbara do Para,PA,2010,0
FMAC,Febre Maculosa,150635,Santa Barbara do Para,PA,2011,0
FMAC,Febre Maculosa,150635,Santa Barbara do Para,PA,2012,0
FMAC,Febre Maculosa,150635,Santa Barbara do Para,PA,2013,0
FMAC,Febre Maculosa,150635,Santa Barbara do Para,PA,2014,0
FMAC,Febre Maculosa,150635,Santa Barbara do Para,PA,2015,0
FMAC,Febre Maculosa,150635,Santa Barbara do Para,PA,2016,0
FMAC,Febre Maculosa,150635,Santa Barbara do Para,PA,2017,0
FMAC,Febre Maculosa,150635,Santa Barbara do Para,PA,2018,0
FMAC,Febre Maculosa,150635,Santa Barbara do Para,PA,2019,0
FMAC,Febre Maculosa,150635,Santa Barbara do Para,PA,2020,0
FMAC,Febre Maculosa,150635,Santa Barbara do Para,PA,2021,0
FMAC,Febre Maculosa,150635,Santa Barbara do Para,PA,2022,0
FMAC,Febre Maculosa,150635,Santa Barbara do Para,PA,2023,0
FMAC,Febre Maculosa,150635,Santa Barbara do Para,PA,2024,0
FMAC,Febre Maculosa,150635,Santa Barbara do Para,PA,2025,1
FMAC,Febre Maculosa,250370,Cajazeiras,PB,2001,0
FMAC,Febre Maculosa,250370,Cajazeiras,PB,2006,0
FMAC,Febre Maculosa,250370,Cajazeiras,PB,2007,0
FMAC,Febre Maculosa,250370,Cajazeiras,PB,2008,0
FMAC,Febre Maculosa,250370,Cajazeiras,PB,2009,0
FMAC,Febre Maculosa,250370,Cajazeiras,PB,2010,1
FMAC,Febre Maculosa,250370,Cajazeiras,PB,2011,0
FMAC,Febre Maculosa,250370,Cajazeiras,PB,2012,0
FMAC,Febre Maculosa,250370,Cajazeiras,PB,2013,0
FMAC,Febre Maculosa,250370,Cajazeiras,PB,2014,0
FMAC,Febre Maculosa,250370,Cajazeiras,PB,2015,0
FMAC,Febre Maculosa,250370,Cajazeiras,PB,2016,0
FMAC,Febre Maculosa,250370,Cajazeiras,PB,2017,0
FMAC,Febre Maculosa,250370,Cajazeiras,PB,2018,0
FMAC,Febre Maculosa,250370,Cajazeiras,PB,2019,0
FMAC,Febre Maculosa,250370,Cajazeiras,PB,2020,0
FMAC,Febre Maculosa,250370,Cajazeiras,PB,2021,0
FMAC,Febre Maculosa,250370,Cajazeiras,PB,2022,0
FMAC,Febre Maculosa,250370,Cajazeiras,PB,2023,0
FMAC,Febre Maculosa,250370,Cajazeiras,PB,2024,0
FMAC,Febre Maculosa,250370,Cajazeiras,PB,2025,0
FMAC,Febre Maculosa,260410,Caruaru,PE,2001,0
FMAC,Febre Maculosa,260410,Caruaru,PE,2006,0
FMAC,Febre Maculosa,260410,Caruaru,PE,2007,0
FMAC,Febre Maculosa,260410,Caruaru,PE,2008,0
FMAC,Febre Maculosa,260410,Caruaru,PE,2009,0
FMAC,Febre Maculosa,260410,Caruaru,PE,2010,0
FMAC,Febre Maculosa,260410,Caruaru,PE,2011,0
FMAC,Febre Maculosa,260410,Caruaru,PE,2012,0
FMAC,Febre Maculosa,260410,Caruaru,PE,2013,0
FMAC,Febre Maculosa,260410,Caruaru,PE,2014,0
FMAC,Febre Maculosa,260410,Caruaru,PE,2015,0
FMAC,Febre Maculosa,260410,Caruaru,PE,2016,0
FMAC,Febre Maculosa,260410,Caruaru,PE,2017,0
FMAC,Febre Maculosa,260410,Caruaru,PE,2018,0
FMAC,Febre Maculosa,260410,Caruaru,PE,2019,0
FMAC,Febre Maculosa,260410,Caruaru,PE,2020,0
FMAC,Febre Maculosa,260410,Caruaru,PE,2021,0
FMAC,Febre Maculosa,260410,Caruaru,PE,2022,0
FMAC,Febre Maculosa,260410,Caruaru,PE,2023,0
FMAC,Febre Maculosa,260410,Caruaru,PE,2024,0
FMAC,Febre Maculosa,260410,Caruaru,PE,2025,2
FMAC,Febre Maculosa,261160,Recife,PE,2001,0
FMAC,Febre Maculosa,261160,Recife,PE,2006,0
FMAC,Febre Maculosa,261160,Recife,PE,2007,0
FMAC,Febre Maculosa,261160,Recife,PE,2008,0
FMAC,Febre Maculosa,261160,Recife,PE,2009,0
FMAC,Febre Maculosa,261160,Recife,PE,2010,0
FMAC,Febre Maculosa,261160,Recife,PE,2011,0
FMAC,Febre Maculosa,261160,Recife,PE,2012,0
FMAC,Febre Maculosa,261160,Recife,PE,2013,0
FMAC,Febre Maculosa,261160,Recife,PE,2014,0
FMAC,Febre Maculosa,261160,Recife,PE,2015,1
FMAC,Febre Maculosa,261160,Recife,PE,2016,0
FMAC,Febre Maculosa,261160,Recife,PE,2017,0
FMAC,Febre Maculosa,261160,Recife,PE,2018,0
FMAC,Febre Maculosa,261160,Recife,PE,2019,0
FMAC,Febre Maculosa,261160,Recife,PE,2020,0
FMAC,Febre Maculosa,261160,Recife,PE,2021,0
FMAC,Febre Maculosa,261160,Recife,PE,2022,0
FMAC,Febre Maculosa,261160,Recife,PE,2023,0
FMAC,Febre Maculosa,261160,Recife,PE,2024,0
FMAC,Febre Maculosa,261160,Recife,PE,2025,0
FMAC,Febre Maculosa,410110,Andira,PR,2001,0
FMAC,Febre Maculosa,410110,Andira,PR,2006,0
FMAC,Febre Maculosa,410110,Andira,PR,2007,0
FMAC,Febre Maculosa,410110,Andira,PR,2008,0
FMAC,Febre Maculosa,410110,Andira,PR,2009,1
FMAC,Febre Maculosa,410110,Andira,PR,2010,0
FMAC,Febre Maculosa,410110,Andira,PR,2011,0
FMAC,Febre Maculosa,410110,Andira,PR,2012,0
FMAC,Febre Maculosa,410110,Andira,PR,2013,0
FMAC,Febre Maculosa,410110,Andira,PR,2014,0
FMAC,Febre Maculosa,410110,Andira,PR,2015,0
FMAC,Febre Maculosa,410110,Andira,PR,2016,0
FMAC,Febre Maculosa,410110,Andira,PR,2017,0
FMAC,Febre Maculosa,410110,Andira,PR,2018,0
FMAC,Febre Maculosa,410110,Andira,PR,2019,0
FMAC,Febre Maculosa,410110,Andira,PR,2020,0
FMAC,Febre Maculosa,410110,Andira,PR,2021,0
FMAC,Febre Maculosa,410110,Andira,PR,2022,0
FMAC,Febre Maculosa,410110,Andira,PR,2023,0
FMAC,Febre Maculosa,410110,Andira,PR,2024,0
FMAC,Febre Maculosa,410110,Andira,PR,2025,0
FMAC,Febre Maculosa,410120,Antonina,PR,2001,0
FMAC,Febre Maculosa,410120,Antonina,PR,2006,0
FMAC,Febre Maculosa,410120,Antonina,PR,2007,0
FMAC,Febre Maculosa,410120,Antonina,PR,2008,0
FMAC,Febre Maculosa,410120,Antonina,PR,2009,0
FMAC,Febre Maculosa,410120,Antonina,PR,2010,0
FMAC,Febre Maculosa,410120,Antonina,PR,2011,0
FMAC,Febre Maculosa,410120,Antonina,PR,2012,0
FMAC,Febre Maculosa,410120,Antonina,PR,2013,0
FMAC,Febre Maculosa,410120,Antonina,PR,2014,0
FMAC,Febre Maculosa,410120,Antonina,PR,2015,0
FMAC,Febre Maculosa,410120,Antonina,PR,2016,0
FMAC,Febre Maculosa,410120,Antonina,PR,2017,0
FMAC,Febre Maculosa,410120,Antonina,PR,2018,0
FMAC,Febre Maculosa,410120,Antonina,PR,2019,3
FMAC,Febre Maculosa,410120,Antonina,PR,2020,3
FMAC,Febre Maculosa,410120,Antonina,PR,2021,0
FMAC,Febre Maculosa,410120,Antonina,PR,2022,0
FMAC,Febre Maculosa,410120,Antonina,PR,2023,0
FMAC,Febre Maculosa,410120,Antonina,PR,2024,0
FMAC,Febre Maculosa,410120,Antonina,PR,2025,0
FMAC,Febre Maculosa,410240,Bandeirantes,PR,2001,0
FMAC,Febre Maculosa,410240,Bandeirantes,PR,2006,0
FMAC,Febre Maculosa,410240,Bandeirantes,PR,2007,0
FMAC,Febre Maculosa,410240,Bandeirantes,PR,2008,0
FMAC,Febre Maculosa,410240,Bandeirantes,PR,2009,0
FMAC,Febre Maculosa,410240,Bandeirantes,PR,2010,0
FMAC,Febre Maculosa,410240,Bandeirantes,PR,2011,0
FMAC,Febre Maculosa,410240,Bandeirantes,PR,2012,0
FMAC,Febre Maculosa,410240,Bandeirantes,PR,2013,0
FMAC,Febre Maculosa,410240,Bandeirantes,PR,2014,0
FMAC,Febre Maculosa,410240,Bandeirantes,PR,2015,1
FMAC,Febre Maculosa,410240,Bandeirantes,PR,2016,0
FMAC,Febre Maculosa,410240,Bandeirantes,PR,2017,0
FMAC,Febre Maculosa,410240,Bandeirantes,PR,2018,0
FMAC,Febre Maculosa,410240,Bandeirantes,PR,2019,0
FMAC,Febre Maculosa,410240,Bandeirantes,PR,2020,0
FMAC,Febre Maculosa,410240,Bandeirantes,PR,2021,0
FMAC,Febre Maculosa,410240,Bandeirantes,PR,2022,0
FMAC,Febre Maculosa,410240,Bandeirantes,PR,2023,0
FMAC,Febre Maculosa,410240,Bandeirantes,PR,2024,0
FMAC,Febre Maculosa,410240,Bandeirantes,PR,2025,0
FMAC,Febre Maculosa,410345,Cafelandia,PR,2001,0
FMAC,Febre Maculosa,410345,Cafelandia,PR,2006,0
FMAC,Febre Maculosa,410345,Cafelandia,PR,2007,0
FMAC,Febre Maculosa,410345,Cafelandia,PR,2008,0
FMAC,Febre Maculosa,410345,Cafelandia,PR,2009,0
FMAC,Febre Maculosa,410345,Cafelandia,PR,2010,0
FMAC,Febre Maculosa,410345,Cafelandia,PR,2011,0
FMAC,Febre Maculosa,410345,Cafelandia,PR,2012,0
FMAC,Febre Maculosa,410345,Cafelandia,PR,2013,0
FMAC,Febre Maculosa,410345,Cafelandia,PR,2014,0
FMAC,Febre Maculosa,410345,Cafelandia,PR,2015,0
FMAC,Febre Maculosa,410345,Cafelandia,PR,2016,0
FMAC,Febre Maculosa,410345,Cafelandia,PR,2017,0
FMAC,Febre Maculosa,410345,Cafelandia,PR,2018,0
FMAC,Febre Maculosa,410345,Cafelandia,PR,2019,1
FMAC,Febre Maculosa,410345,Cafelandia,PR,2020,0
FMAC,Febre Maculosa,410345,Cafelandia,PR,2021,0
FMAC,Febre Maculosa,410345,Cafelandia,PR,2022,0
FMAC,Febre Maculosa,410345,Cafelandia,PR,2023,0
FMAC,Febre Maculosa,410345,Cafelandia,PR,2024,0
FMAC,Febre Maculosa,410345,Cafelandia,PR,2025,0
FMAC,Febre Maculosa,410370,Cambe,PR,2001,0
FMAC,Febre Maculosa,410370,Cambe,PR,2006,0
FMAC,Febre Maculosa,410370,Cambe,PR,2007,0
FMAC,Febre Maculosa,410370,Cambe,PR,2008,0
FMAC,Febre Maculosa,410370,Cambe,PR,2009,0
FMAC,Febre Maculosa,410370,Cambe,PR,2010,0
FMAC,Febre Maculosa,410370,Cambe,PR,2011,0
FMAC,Febre Maculosa,410370,Cambe,PR,2012,1
FMAC,Febre Maculosa,410370,Cambe,PR,2013,0
FMAC,Febre Maculosa,410370,Cambe,PR,2014,0
FMAC,Febre Maculosa,410370,Cambe,PR,2015,0
FMAC,Febre Maculosa,410370,Cambe,PR,2016,0
FMAC,Febre Maculosa,410370,Cambe,PR,2017,0
FMAC,Febre Maculosa,410370,Cambe,PR,2018,0
FMAC,Febre Maculosa,410370,Cambe,PR,2019,2
FMAC,Febre Maculosa,410370,Cambe,PR,2020,0
FMAC,Febre Maculosa,410370,Cambe,PR,2021,0
FMAC,Febre Maculosa,410370,Cambe,PR,2022,1
FMAC,Febre Maculosa,410370,Cambe,PR,2023,0
FMAC,Febre Maculosa,410370,Cambe,PR,2024,1
FMAC,Febre Maculosa,410370,Cambe,PR,2025,0
FMAC,Febre Maculosa,410420,Campo Largo,PR,2001,0
FMAC,Febre Maculosa,410420,Campo Largo,PR,2006,0
FMAC,Febre Maculosa,410420,Campo Largo,PR,2007,0
FMAC,Febre Maculosa,410420,Campo Largo,PR,2008,0
FMAC,Febre Maculosa,410420,Campo Largo,PR,2009,0
FMAC,Febre Maculosa,410420,Campo Largo,PR,2010,0
FMAC,Febre Maculosa,410420,Campo Largo,PR,2011,0
FMAC,Febre Maculosa,410420,Campo Largo,PR,2012,0
FMAC,Febre Maculosa,410420,Campo Largo,PR,2013,0
FMAC,Febre Maculosa,410420,Campo Largo,PR,2014,0
FMAC,Febre Maculosa,410420,Campo Largo,PR,2015,0
FMAC,Febre Maculosa,410420,Campo Largo,PR,2016,1
FMAC,Febre Maculosa,410420,Campo Largo,PR,2017,0
FMAC,Febre Maculosa,410420,Campo Largo,PR,2018,0
FMAC,Febre Maculosa,410420,Campo Largo,PR,2019,0
FMAC,Febre Maculosa,410420,Campo Largo,PR,2020,0
FMAC,Febre Maculosa,410420,Campo Largo,PR,2021,0
FMAC,Febre Maculosa,410420,Campo Largo,PR,2022,0
FMAC,Febre Maculosa,410420,Campo Largo,PR,2023,0
FMAC,Febre Maculosa,410420,Campo Largo,PR,2024,0
FMAC,Febre Maculosa,410420,Campo Largo,PR,2025,0
FMAC,Febre Maculosa,410425,Campo Magro,PR,2001,0
FMAC,Febre Maculosa,410425,Campo Magro,PR,2006,0
FMAC,Febre Maculosa,410425,Campo Magro,PR,2007,0
FMAC,Febre Maculosa,410425,Campo Magro,PR,2008,0
FMAC,Febre Maculosa,410425,Campo Magro,PR,2009,0
FMAC,Febre Maculosa,410425,Campo Magro,PR,2010,0
FMAC,Febre Maculosa,410425,Campo Magro,PR,2011,0
FMAC,Febre Maculosa,410425,Campo Magro,PR,2012,0
FMAC,Febre Maculosa,410425,Campo Magro,PR,2013,1
FMAC,Febre Maculosa,410425,Campo Magro,PR,2014,0
FMAC,Febre Maculosa,410425,Campo Magro,PR,2015,0
FMAC,Febre Maculosa,410425,Campo Magro,PR,2016,0
FMAC,Febre Maculosa,410425,Campo Magro,PR,2017,0
FMAC,Febre Maculosa,410425,Campo Magro,PR,2018,0
FMAC,Febre Maculosa,410425,Campo Magro,PR,2019,0
FMAC,Febre Maculosa,410425,Campo Magro,PR,2020,0
FMAC,Febre Maculosa,410425,Campo Magro,PR,2021,0
FMAC,Febre Maculosa,410425,Campo Magro,PR,2022,0
FMAC,Febre Maculosa,410425,Campo Magro,PR,2023,0
FMAC,Febre Maculosa,410425,Campo Magro,PR,2024,0
FMAC,Febre Maculosa,410425,Campo Magro,PR,2025,0
FMAC,Febre Maculosa,410450,Capanema,PR,2001,0
FMAC,Febre Maculosa,410450,Capanema,PR,2006,0
FMAC,Febre Maculosa,410450,Capanema,PR,2007,0
FMAC,Febre Maculosa,410450,Capanema,PR,2008,0
FMAC,Febre Maculosa,410450,Capanema,PR,2009,0
FMAC,Febre Maculosa,410450,Capanema,PR,2010,0
FMAC,Febre Maculosa,410450,Capanema,PR,2011,0
FMAC,Febre Maculosa,410450,Capanema,PR,2012,0
FMAC,Febre Maculosa,410450,Capanema,PR,2013,0
FMAC,Febre Maculosa,410450,Capanema,PR,2014,0
FMAC,Febre Maculosa,410450,Capanema,PR,2015,0
FMAC,Febre Maculosa,410450,Capanema,PR,2016,0
FMAC,Febre Maculosa,410450,Capanema,PR,2017,0
FMAC,Febre Maculosa,410450,Capanema,PR,2018,0
FMAC,Febre Maculosa,410450,Capanema,PR,2019,1
FMAC,Febre Maculosa,410450,Capanema,PR,2020,0
FMAC,Febre Maculosa,410450,Capanema,PR,2021,0
FMAC,Febre Maculosa,410450,Capanema,PR,2022,0
FMAC,Febre Maculosa,410450,Capanema,PR,2023,0
FMAC,Febre Maculosa,410450,Capanema,PR,2024,0
FMAC,Febre Maculosa,410450,Capanema,PR,2025,0
FMAC,Febre Maculosa,410480,Cascavel,PR,2001,1
FMAC,Febre Maculosa,410480,Cascavel,PR,2006,0
FMAC,Febre Maculosa,410480,Cascavel,PR,2007,0
FMAC,Febre Maculosa,410480,Cascavel,PR,2008,0
FMAC,Febre Maculosa,410480,Cascavel,PR,2009,0
FMAC,Febre Maculosa,410480,Cascavel,PR,2010,0
FMAC,Febre Maculosa,410480,Cascavel,PR,2011,0
FMAC,Febre Maculosa,410480,Cascavel,PR,2012,1
FMAC,Febre Maculosa,410480,Cascavel,PR,2013,0
FMAC,Febre Maculosa,410480,Cascavel,PR,2014,0
FMAC,Febre Maculosa,410480,Cascavel,PR,2015,1
FMAC,Febre Maculosa,410480,Cascavel,PR,2016,0
FMAC,Febre Maculosa,410480,Cascavel,PR,2017,0
FMAC,Febre Maculosa,410480,Cascavel,PR,2018,0
FMAC,Febre Maculosa,410480,Cascavel,PR,2019,1
FMAC,Febre Maculosa,410480,Cascavel,PR,2020,0
FMAC,Febre Maculosa,410480,Cascavel,PR,2021,0
FMAC,Febre Maculosa,410480,Cascavel,PR,2022,0
FMAC,Febre Maculosa,410480,Cascavel,PR,2023,1
FMAC,Febre Maculosa,410480,Cascavel,PR,2024,1
FMAC,Febre Maculosa,410480,Cascavel,PR,2025,1
FMAC,Febre Maculosa,410530,Ceu Azul,PR,2001,0
FMAC,Febre Maculosa,410530,Ceu Azul,PR,2006,0
FMAC,Febre Maculosa,410530,Ceu Azul,PR,2007,0
FMAC,Febre Maculosa,410530,Ceu Azul,PR,2008,0
FMAC,Febre Maculosa,410530,Ceu Azul,PR,2009,0
FMAC,Febre Maculosa,410530,Ceu Azul,PR,2010,0
FMAC,Febre Maculosa,410530,Ceu Azul,PR,2011,0
FMAC,Febre Maculosa,410530,Ceu Azul,PR,2012,0
FMAC,Febre Maculosa,410530,Ceu Azul,PR,2013,0
FMAC,Febre Maculosa,410530,Ceu Azul,PR,2014,0
FMAC,Febre Maculosa,410530,Ceu Azul,PR,2015,0
FMAC,Febre Maculosa,410530,Ceu Azul,PR,2016,0
FMAC,Febre Maculosa,410530,Ceu Azul,PR,2017,0
FMAC,Febre Maculosa,410530,Ceu Azul,PR,2018,0
FMAC,Febre Maculosa,410530,Ceu Azul,PR,2019,0
FMAC,Febre Maculosa,410530,Ceu Azul,PR,2020,0
FMAC,Febre Maculosa,410530,Ceu Azul,PR,2021,0
FMAC,Febre Maculosa,410530,Ceu Azul,PR,2022,0
FMAC,Febre Maculosa,410530,Ceu Azul,PR,2023,0
FMAC,Febre Maculosa,410530,Ceu Azul,PR,2024,1
FMAC,Febre Maculosa,410530,Ceu Azul,PR,2025,0
FMAC,Febre Maculosa,410550,Cianorte,PR,2001,0
FMAC,Febre Maculosa,410550,Cianorte,PR,2006,0
FMAC,Febre Maculosa,410550,Cianorte,PR,2007,0
FMAC,Febre Maculosa,410550,Cianorte,PR,2008,0
FMAC,Febre Maculosa,410550,Cianorte,PR,2009,0
FMAC,Febre Maculosa,410550,Cianorte,PR,2010,0
FMAC,Febre Maculosa,410550,Cianorte,PR,2011,0
FMAC,Febre Maculosa,410550,Cianorte,PR,2012,0
FMAC,Febre Maculosa,410550,Cianorte,PR,2013,1
FMAC,Febre Maculosa,410550,Cianorte,PR,2014,0
FMAC,Febre Maculosa,410550,Cianorte,PR,2015,0
FMAC,Febre Maculosa,410550,Cianorte,PR,2016,1
FMAC,Febre Maculosa,410550,Cianorte,PR,2017,0
FMAC,Febre Maculosa,410550,Cianorte,PR,2018,0
FMAC,Febre Maculosa,410550,Cianorte,PR,2019,0
FMAC,Febre Maculosa,410550,Cianorte,PR,2020,0
FMAC,Febre Maculosa,410550,Cianorte,PR,2021,0
FMAC,Febre Maculosa,410550,Cianorte,PR,2022,0
FMAC,Febre Maculosa,410550,Cianorte,PR,2023,0
FMAC,Febre Maculosa,410550,Cianorte,PR,2024,0
FMAC,Febre Maculosa,410550,Cianorte,PR,2025,0
FMAC,Febre Maculosa,410640,Cornelio Procopio,PR,2001,0
FMAC,Febre Maculosa,410640,Cornelio Procopio,PR,2006,0
FMAC,Febre Maculosa,410640,Cornelio Procopio,PR,2007,0
FMAC,Febre Maculosa,410640,Cornelio Procopio,PR,2008,0
FMAC,Febre Maculosa,410640,Cornelio Procopio,PR,2009,0
FMAC,Febre Maculosa,410640,Cornelio Procopio,PR,2010,0
FMAC,Febre Maculosa,410640,Cornelio Procopio,PR,2011,0
FMAC,Febre Maculosa,410640,Cornelio Procopio,PR,2012,0
FMAC,Febre Maculosa,410640,Cornelio Procopio,PR,2013,0
FMAC,Febre Maculosa,410640,Cornelio Procopio,PR,2014,0
FMAC,Febre Maculosa,410640,Cornelio Procopio,PR,2015,0
FMAC,Febre Maculosa,410640,Cornelio Procopio,PR,2016,0
FMAC,Febre Maculosa,410640,Cornelio Procopio,PR,2017,1
FMAC,Febre Maculosa,410640,Cornelio Procopio,PR,2018,0
FMAC,Febre Maculosa,410640,Cornelio Procopio,PR,2019,0
FMAC,Febre Maculosa,410640,Cornelio Procopio,PR,2020,0
FMAC,Febre Maculosa,410640,Cornelio Procopio,PR,2021,0
FMAC,Febre Maculosa,410640,Cornelio Procopio,PR,2022,0
FMAC,Febre Maculosa,410640,Cornelio Procopio,PR,2023,1
FMAC,Febre Maculosa,410640,Cornelio Procopio,PR,2024,0
FMAC,Febre Maculosa,410640,Cornelio Procopio,PR,2025,0
FMAC,Febre Maculosa,410690,Curitiba,PR,2001,0
FMAC,Febre Maculosa,410690,Curitiba,PR,2006,0
FMAC,Febre Maculosa,410690,Curitiba,PR,2007,0
FMAC,Febre Maculosa,410690,Curitiba,PR,2008,0
FMAC,Febre Maculosa,410690,Curitiba,PR,2009,0
FMAC,Febre Maculosa,410690,Curitiba,PR,2010,0
FMAC,Febre Maculosa,410690,Curitiba,PR,2011,0
FMAC,Febre Maculosa,410690,Curitiba,PR,2012,1
FMAC,Febre Maculosa,410690,Curitiba,PR,2013,0
FMAC,Febre Maculosa,410690,Curitiba,PR,2014,1
FMAC,Febre Maculosa,410690,Curitiba,PR,2015,0
FMAC,Febre Maculosa,410690,Curitiba,PR,2016,0
FMAC,Febre Maculosa,410690,Curitiba,PR,2017,1
FMAC,Febre Maculosa,410690,Curitiba,PR,2018,1
FMAC,Febre Maculosa,410690,Curitiba,PR,2019,4
FMAC,Febre Maculosa,410690,Curitiba,PR,2020,1
FMAC,Febre Maculosa,410690,Curitiba,PR,2021,0
FMAC,Febre Maculosa,410690,Curitiba,PR,2022,2
FMAC,Febre Maculosa,410690,Curitiba,PR,2023,0
FMAC,Febre Maculosa,410690,Curitiba,PR,2024,2
FMAC,Febre Maculosa,410690,Curitiba,PR,2025,2
FMAC,Febre Maculosa,410715,Diamante D'oeste,PR,2001,0
FMAC,Febre Maculosa,410715,Diamante D'oeste,PR,2006,0
FMAC,Febre Maculosa,410715,Diamante D'oeste,PR,2007,1
FMAC,Febre Maculosa,410715,Diamante D'oeste,PR,2008,0
FMAC,Febre Maculosa,410715,Diamante D'oeste,PR,2009,0
FMAC,Febre Maculosa,410715,Diamante D'oeste,PR,2010,0
FMAC,Febre Maculosa,410715,Diamante D'oeste,PR,2011,0
FMAC,Febre Maculosa,410715,Diamante D'oeste,PR,2012,0
FMAC,Febre Maculosa,410715,Diamante D'oeste,PR,2013,0
FMAC,Febre Maculosa,410715,Diamante D'oeste,PR,2014,0
FMAC,Febre Maculosa,410715,Diamante D'oeste,PR,2015,0
FMAC,Febre Maculosa,410715,Diamante D'oeste,PR,2016,0
FMAC,Febre Maculosa,410715,Diamante D'oeste,PR,2017,0
FMAC,Febre Maculosa,410715,Diamante D'oeste,PR,2018,0
FMAC,Febre Maculosa,410715,Diamante D'oeste,PR,2019,0
FMAC,Febre Maculosa,410715,Diamante D'oeste,PR,2020,0
FMAC,Febre Maculosa,410715,Diamante D'oeste,PR,2021,0
FMAC,Febre Maculosa,410715,Diamante D'oeste,PR,2022,0
FMAC,Febre Maculosa,410715,Diamante D'oeste,PR,2023,0
FMAC,Febre Maculosa,410715,Diamante D'oeste,PR,2024,0
FMAC,Febre Maculosa,410715,Diamante D'oeste,PR,2025,0
FMAC,Febre Maculosa,410725,Douradina,PR,2001,0
FMAC,Febre Maculosa,410725,Douradina,PR,2006,0
FMAC,Febre Maculosa,410725,Douradina,PR,2007,0
FMAC,Febre Maculosa,410725,Douradina,PR,2008,0
FMAC,Febre Maculosa,410725,Douradina,PR,2009,0
FMAC,Febre Maculosa,410725,Douradina,PR,2010,0
FMAC,Febre Maculosa,410725,Douradina,PR,2011,0
FMAC,Febre Maculosa,410725,Douradina,PR,2012,0
FMAC,Febre Maculosa,410725,Douradina,PR,2013,0
FMAC,Febre Maculosa,410725,Douradina,PR,2014,0
FMAC,Febre Maculosa,410725,Douradina,PR,2015,0
FMAC,Febre Maculosa,410725,Douradina,PR,2016,0
FMAC,Febre Maculosa,410725,Douradina,PR,2017,0
FMAC,Febre Maculosa,410725,Douradina,PR,2018,0
FMAC,Febre Maculosa,410725,Douradina,PR,2019,1
FMAC,Febre Maculosa,410725,Douradina,PR,2020,0
FMAC,Febre Maculosa,410725,Douradina,PR,2021,0
FMAC,Febre Maculosa,410725,Douradina,PR,2022,0
FMAC,Febre Maculosa,410725,Douradina,PR,2023,0
FMAC,Febre Maculosa,410725,Douradina,PR,2024,0
FMAC,Febre Maculosa,410725,Douradina,PR,2025,0
FMAC,Febre Maculosa,410830,Foz do Iguacu,PR,2001,0
FMAC,Febre Maculosa,410830,Foz do Iguacu,PR,2006,0
FMAC,Febre Maculosa,410830,Foz do Iguacu,PR,2007,0
FMAC,Febre Maculosa,410830,Foz do Iguacu,PR,2008,0
FMAC,Febre Maculosa,410830,Foz do Iguacu,PR,2009,0
FMAC,Febre Maculosa,410830,Foz do Iguacu,PR,2010,0
FMAC,Febre Maculosa,410830,Foz do Iguacu,PR,2011,0
FMAC,Febre Maculosa,410830,Foz do Iguacu,PR,2012,0
FMAC,Febre Maculosa,410830,Foz do Iguacu,PR,2013,0
FMAC,Febre Maculosa,410830,Foz do Iguacu,PR,2014,0
FMAC,Febre Maculosa,410830,Foz do Iguacu,PR,2015,0
FMAC,Febre Maculosa,410830,Foz do Iguacu,PR,2016,0
FMAC,Febre Maculosa,410830,Foz do Iguacu,PR,2017,0
FMAC,Febre Maculosa,410830,Foz do Iguacu,PR,2018,0
FMAC,Febre Maculosa,410830,Foz do Iguacu,PR,2019,0
FMAC,Febre Maculosa,410830,Foz do Iguacu,PR,2020,1
FMAC,Febre Maculosa,410830,Foz do Iguacu,PR,2021,0
FMAC,Febre Maculosa,410830,Foz do Iguacu,PR,2022,1
FMAC,Febre Maculosa,410830,Foz do Iguacu,PR,2023,0
FMAC,Febre Maculosa,410830,Foz do Iguacu,PR,2024,1
FMAC,Febre Maculosa,410830,Foz do Iguacu,PR,2025,0
FMAC,Febre Maculosa,410832,Francisco Alves,PR,2001,0
FMAC,Febre Maculosa,410832,Francisco Alves,PR,2006,0
FMAC,Febre Maculosa,410832,Francisco Alves,PR,2007,0
FMAC,Febre Maculosa,410832,Francisco Alves,PR,2008,0
FMAC,Febre Maculosa,410832,Francisco Alves,PR,2009,0
FMAC,Febre Maculosa,410832,Francisco Alves,PR,2010,0
FMAC,Febre Maculosa,410832,Francisco Alves,PR,2011,0
FMAC,Febre Maculosa,410832,Francisco Alves,PR,2012,0
FMAC,Febre Maculosa,410832,Francisco Alves,PR,2013,0
FMAC,Febre Maculosa,410832,Francisco Alves,PR,2014,0
FMAC,Febre Maculosa,410832,Francisco Alves,PR,2015,0
FMAC,Febre Maculosa,410832,Francisco Alves,PR,2016,0
FMAC,Febre Maculosa,410832,Francisco Alves,PR,2017,0
FMAC,Febre Maculosa,410832,Francisco Alves,PR,2018,0
FMAC,Febre Maculosa,410832,Francisco Alves,PR,2019,0
FMAC,Febre Maculosa,410832,Francisco Alves,PR,2020,0
FMAC,Febre Maculosa,410832,Francisco Alves,PR,2021,0
FMAC,Febre Maculosa,410832,Francisco Alves,PR,2022,0
FMAC,Febre Maculosa,410832,Francisco Alves,PR,2023,0
FMAC,Febre Maculosa,410832,Francisco Alves,PR,2024,1
FMAC,Febre Maculosa,410832,Francisco Alves,PR,2025,0
FMAC,Febre Maculosa,410840,Francisco Beltrao,PR,2001,0
FMAC,Febre Maculosa,410840,Francisco Beltrao,PR,2006,0
FMAC,Febre Maculosa,410840,Francisco Beltrao,PR,2007,0
FMAC,Febre Maculosa,410840,Francisco Beltrao,PR,2008,0
FMAC,Febre Maculosa,410840,Francisco Beltrao,PR,2009,0
FMAC,Febre Maculosa,410840,Francisco Beltrao,PR,2010,0
FMAC,Febre Maculosa,410840,Francisco Beltrao,PR,2011,0
FMAC,Febre Maculosa,410840,Francisco Beltrao,PR,2012,0
FMAC,Febre Maculosa,410840,Francisco Beltrao,PR,2013,0
FMAC,Febre Maculosa,410840,Francisco Beltrao,PR,2014,0
FMAC,Febre Maculosa,410840,Francisco Beltrao,PR,2015,0
FMAC,Febre Maculosa,410840,Francisco Beltrao,PR,2016,0
FMAC,Febre Maculosa,410840,Francisco Beltrao,PR,2017,0
FMAC,Febre Maculosa,410840,Francisco Beltrao,PR,2018,0
FMAC,Febre Maculosa,410840,Francisco Beltrao,PR,2019,0
FMAC,Febre Maculosa,410840,Francisco Beltrao,PR,2020,0
FMAC,Febre Maculosa,410840,Francisco Beltrao,PR,2021,0
FMAC,Febre Maculosa,410840,Francisco Beltrao,PR,2022,0
FMAC,Febre Maculosa,410840,Francisco Beltrao,PR,2023,1
FMAC,Febre Maculosa,410840,Francisco Beltrao,PR,2024,0
FMAC,Febre Maculosa,410840,Francisco Beltrao,PR,2025,0
FMAC,Febre Maculosa,410950,Guaraquecaba,PR,2001,0
FMAC,Febre Maculosa,410950,Guaraquecaba,PR,2006,0
FMAC,Febre Maculosa,410950,Guaraquecaba,PR,2007,0
FMAC,Febre Maculosa,410950,Guaraquecaba,PR,2008,0
FMAC,Febre Maculosa,410950,Guaraquecaba,PR,2009,0
FMAC,Febre Maculosa,410950,Guaraquecaba,PR,2010,1
FMAC,Febre Maculosa,410950,Guaraquecaba,PR,2011,0
FMAC,Febre Maculosa,410950,Guaraquecaba,PR,2012,0
FMAC,Febre Maculosa,410950,Guaraquecaba,PR,2013,0
FMAC,Febre Maculosa,410950,Guaraquecaba,PR,2014,0
FMAC,Febre Maculosa,410950,Guaraquecaba,PR,2015,0
FMAC,Febre Maculosa,410950,Guaraquecaba,PR,2016,0
FMAC,Febre Maculosa,410950,Guaraquecaba,PR,2017,0
FMAC,Febre Maculosa,410950,Guaraquecaba,PR,2018,0
FMAC,Febre Maculosa,410950,Guaraquecaba,PR,2019,1
FMAC,Febre Maculosa,410950,Guaraquecaba,PR,2020,0
FMAC,Febre Maculosa,410950,Guaraquecaba,PR,2021,0
FMAC,Febre Maculosa,410950,Guaraquecaba,PR,2022,0
FMAC,Febre Maculosa,410950,Guaraquecaba,PR,2023,0
FMAC,Febre Maculosa,410950,Guaraquecaba,PR,2024,3
FMAC,Febre Maculosa,410950,Guaraquecaba,PR,2025,0
FMAC,Febre Maculosa,410960,Guaratuba,PR,2001,0
FMAC,Febre Maculosa,410960,Guaratuba,PR,2006,0
FMAC,Febre Maculosa,410960,Guaratuba,PR,2007,1
FMAC,Febre Maculosa,410960,Guaratuba,PR,2008,0
FMAC,Febre Maculosa,410960,Guaratuba,PR,2009,0
FMAC,Febre Maculosa,410960,Guaratuba,PR,2010,0
FMAC,Febre Maculosa,410960,Guaratuba,PR,2011,0
FMAC,Febre Maculosa,410960,Guaratuba,PR,2012,0
FMAC,Febre Maculosa,410960,Guaratuba,PR,2013,0
FMAC,Febre Maculosa,410960,Guaratuba,PR,2014,0
FMAC,Febre Maculosa,410960,Guaratuba,PR,2015,0
FMAC,Febre Maculosa,410960,Guaratuba,PR,2016,0
FMAC,Febre Maculosa,410960,Guaratuba,PR,2017,0
FMAC,Febre Maculosa,410960,Guaratuba,PR,2018,0
FMAC,Febre Maculosa,410960,Guaratuba,PR,2019,3
FMAC,Febre Maculosa,410960,Guaratuba,PR,2020,2
FMAC,Febre Maculosa,410960,Guaratuba,PR,2021,1
FMAC,Febre Maculosa,410960,Guaratuba,PR,2022,0
FMAC,Febre Maculosa,410960,Guaratuba,PR,2023,0
FMAC,Febre Maculosa,410960,Guaratuba,PR,2024,0
FMAC,Febre Maculosa,410960,Guaratuba,PR,2025,0
FMAC,Febre Maculosa,410980,Ibipora,PR,2001,0
FMAC,Febre Maculosa,410980,Ibipora,PR,2006,0
FMAC,Febre Maculosa,410980,Ibipora,PR,2007,0
FMAC,Febre Maculosa,410980,Ibipora,PR,2008,0
FMAC,Febre Maculosa,410980,Ibipora,PR,2009,0
FMAC,Febre Maculosa,410980,Ibipora,PR,2010,0
FMAC,Febre Maculosa,410980,Ibipora,PR,2011,0
FMAC,Febre Maculosa,410980,Ibipora,PR,2012,0
FMAC,Febre Maculosa,410980,Ibipora,PR,2013,0
FMAC,Febre Maculosa,410980,Ibipora,PR,2014,0
FMAC,Febre Maculosa,410980,Ibipora,PR,2015,0
FMAC,Febre Maculosa,410980,Ibipora,PR,2016,0
FMAC,Febre Maculosa,410980,Ibipora,PR,2017,0
FMAC,Febre Maculosa,410980,Ibipora,PR,2018,0
FMAC,Febre Maculosa,410980,Ibipora,PR,2019,0
FMAC,Febre Maculosa,410980,Ibipora,PR,2020,0
FMAC,Febre Maculosa,410980,Ibipora,PR,2021,0
FMAC,Febre Maculosa,410980,Ibipora,PR,2022,0
FMAC,Febre Maculosa,410980,Ibipora,PR,2023,1
FMAC,Febre Maculosa,410980,Ibipora,PR,2024,1
FMAC,Febre Maculosa,410980,Ibipora,PR,2025,0
FMAC,Febre Maculosa,411100,Itambaraca,PR,2001,0
FMAC,Febre Maculosa,411100,Itambaraca,PR,2006,0
FMAC,Febre Maculosa,411100,Itambaraca,PR,2007,0
FMAC,Febre Maculosa,411100,Itambaraca,PR,2008,0
FMAC,Febre Maculosa,411100,Itambaraca,PR,2009,0
FMAC,Febre Maculosa,411100,Itambaraca,PR,2010,0
FMAC,Febre Maculosa,411100,Itambaraca,PR,2011,0
FMAC,Febre Maculosa,411100,Itambaraca,PR,2012,0
FMAC,Febre Maculosa,411100,Itambaraca,PR,2013,0
FMAC,Febre Maculosa,411100,Itambaraca,PR,2014,0
FMAC,Febre Maculosa,411100,Itambaraca,PR,2015,0
FMAC,Febre Maculosa,411100,Itambaraca,PR,2016,1
FMAC,Febre Maculosa,411100,Itambaraca,PR,2017,0
FMAC,Febre Maculosa,411100,Itambaraca,PR,2018,0
FMAC,Febre Maculosa,411100,Itambaraca,PR,2019,0
FMAC,Febre Maculosa,411100,Itambaraca,PR,2020,0
FMAC,Febre Maculosa,411100,Itambaraca,PR,2021,0
FMAC,Febre Maculosa,411100,Itambaraca,PR,2022,0
FMAC,Febre Maculosa,411100,Itambaraca,PR,2023,0
FMAC,Febre Maculosa,411100,Itambaraca,PR,2024,0
FMAC,Febre Maculosa,411100,Itambaraca,PR,2025,0
FMAC,Febre Maculosa,411120,Itapejara D'oeste,PR,2001,0
FMAC,Febre Maculosa,411120,Itapejara D'oeste,PR,2006,0
FMAC,Febre Maculosa,411120,Itapejara D'oeste,PR,2007,0
FMAC,Febre Maculosa,411120,Itapejara D'oeste,PR,2008,0
FMAC,Febre Maculosa,411120,Itapejara D'oeste,PR,2009,0
FMAC,Febre Maculosa,411120,Itapejara D'oeste,PR,2010,0
FMAC,Febre Maculosa,411120,Itapejara D'oeste,PR,2011,0
FMAC,Febre Maculosa,411120,Itapejara D'oeste,PR,2012,0
FMAC,Febre Maculosa,411120,Itapejara D'oeste,PR,2013,0
FMAC,Febre Maculosa,411120,Itapejara D'oeste,PR,2014,0
FMAC,Febre Maculosa,411120,Itapejara D'oeste,PR,2015,0
FMAC,Febre Maculosa,411120,Itapejara D'oeste,PR,2016,0
FMAC,Febre Maculosa,411120,Itapejara D'oeste,PR,2017,0
FMAC,Febre Maculosa,411120,Itapejara D'oeste,PR,2018,0
FMAC,Febre Maculosa,411120,Itapejara D'oeste,PR,2019,0
FMAC,Febre Maculosa,411120,Itapejara D'oeste,PR,2020,0
FMAC,Febre Maculosa,411120,Itapejara D'oeste,PR,2021,0
FMAC,Febre Maculosa,411120,Itapejara D'oeste,PR,2022,0
FMAC,Febre Maculosa,411120,Itapejara D'oeste,PR,2023,0
FMAC,Febre Maculosa,411120,Itapejara D'oeste,PR,2024,1
FMAC,Febre Maculosa,411120,Itapejara D'oeste,PR,2025,0
FMAC,Febre Maculosa,411240,Japura,PR,2001,0
FMAC,Febre Maculosa,411240,Japura,PR,2006,0
FMAC,Febre Maculosa,411240,Japura,PR,2007,0
FMAC,Febre Maculosa,411240,Japura,PR,2008,0
FMAC,Febre Maculosa,411240,Japura,PR,2009,0
FMAC,Febre Maculosa,411240,Japura,PR,2010,0
FMAC,Febre Maculosa,411240,Japura,PR,2011,0
FMAC,Febre Maculosa,411240,Japura,PR,2012,0
FMAC,Febre Maculosa,411240,Japura,PR,2013,0
FMAC,Febre Maculosa,411240,Japura,PR,2014,0
FMAC,Febre Maculosa,411240,Japura,PR,2015,0
FMAC,Febre Maculosa,411240,Japura,PR,2016,0
FMAC,Febre Maculosa,411240,Japura,PR,2017,2
FMAC,Febre Maculosa,411240,Japura,PR,2018,0
FMAC,Febre Maculosa,411240,Japura,PR,2019,0
FMAC,Febre Maculosa,411240,Japura,PR,2020,0
FMAC,Febre Maculosa,411240,Japura,PR,2021,0
FMAC,Febre Maculosa,411240,Japura,PR,2022,0
FMAC,Febre Maculosa,411240,Japura,PR,2023,0
FMAC,Febre Maculosa,411240,Japura,PR,2024,0
FMAC,Febre Maculosa,411240,Japura,PR,2025,0
FMAC,Febre Maculosa,411340,Leopolis,PR,2001,0
FMAC,Febre Maculosa,411340,Leopolis,PR,2006,0
FMAC,Febre Maculosa,411340,Leopolis,PR,2007,0
FMAC,Febre Maculosa,411340,Leopolis,PR,2008,0
FMAC,Febre Maculosa,411340,Leopolis,PR,2009,0
FMAC,Febre Maculosa,411340,Leopolis,PR,2010,1
FMAC,Febre Maculosa,411340,Leopolis,PR,2011,0
FMAC,Febre Maculosa,411340,Leopolis,PR,2012,0
FMAC,Febre Maculosa,411340,Leopolis,PR,2013,0
FMAC,Febre Maculosa,411340,Leopolis,PR,2014,0
FMAC,Febre Maculosa,411340,Leopolis,PR,2015,0
FMAC,Febre Maculosa,411340,Leopolis,PR,2016,0
FMAC,Febre Maculosa,411340,Leopolis,PR,2017,0
FMAC,Febre Maculosa,411340,Leopolis,PR,2018,0
FMAC,Febre Maculosa,411340,Leopolis,PR,2019,0
FMAC,Febre Maculosa,411340,Leopolis,PR,2020,0
FMAC,Febre Maculosa,411340,Leopolis,PR,2021,0
FMAC,Febre Maculosa,411340,Leopolis,PR,2022,0
FMAC,Febre Maculosa,411340,Leopolis,PR,2023,0
FMAC,Febre Maculosa,411340,Leopolis,PR,2024,0
FMAC,Febre Maculosa,411340,Leopolis,PR,2025,0
FMAC,Febre Maculosa,411370,Londrina,PR,2001,0
FMAC,Febre Maculosa,411370,Londrina,PR,2006,0
FMAC,Febre Maculosa,411370,Londrina,PR,2007,0
FMAC,Febre Maculosa,411370,Londrina,PR,2008,0
FMAC,Febre Maculosa,411370,Londrina,PR,2009,0
FMAC,Febre Maculosa,411370,Londrina,PR,2010,0
FMAC,Febre Maculosa,411370,Londrina,PR,2011,0
FMAC,Febre Maculosa,411370,Londrina,PR,2012,0
FMAC,Febre Maculosa,411370,Londrina,PR,2013,0
FMAC,Febre Maculosa,411370,Londrina,PR,2014,0
FMAC,Febre Maculosa,411370,Londrina,PR,2015,0
FMAC,Febre Maculosa,411370,Londrina,PR,2016,0
FMAC,Febre Maculosa,411370,Londrina,PR,2017,1
FMAC,Febre Maculosa,411370,Londrina,PR,2018,1
FMAC,Febre Maculosa,411370,Londrina,PR,2019,0
FMAC,Febre Maculosa,411370,Londrina,PR,2020,0
FMAC,Febre Maculosa,411370,Londrina,PR,2021,0
FMAC,Febre Maculosa,411370,Londrina,PR,2022,1
FMAC,Febre Maculosa,411370,Londrina,PR,2023,0
FMAC,Febre Maculosa,411370,Londrina,PR,2024,1
FMAC,Febre Maculosa,411370,Londrina,PR,2025,1
FMAC,Febre Maculosa,411460,Marechal Candido Rondon,PR,2001,0
FMAC,Febre Maculosa,411460,Marechal Candido Rondon,PR,2006,0
FMAC,Febre Maculosa,411460,Marechal Candido Rondon,PR,2007,0
FMAC,Febre Maculosa,411460,Marechal Candido Rondon,PR,2008,0
FMAC,Febre Maculosa,411460,Marechal Candido Rondon,PR,2009,0
FMAC,Febre Maculosa,411460,Marechal Candido Rondon,PR,2010,0
FMAC,Febre Maculosa,411460,Marechal Candido Rondon,PR,2011,0
FMAC,Febre Maculosa,411460,Marechal Candido Rondon,PR,2012,0
FMAC,Febre Maculosa,411460,Marechal Candido Rondon,PR,2013,0
FMAC,Febre Maculosa,411460,Marechal Candido Rondon,PR,2014,0
FMAC,Febre Maculosa,411460,Marechal Candido Rondon,PR,2015,0
FMAC,Febre Maculosa,411460,Marechal Candido Rondon,PR,2016,0
FMAC,Febre Maculosa,411460,Marechal Candido Rondon,PR,2017,0
FMAC,Febre Maculosa,411460,Marechal Candido Rondon,PR,2018,0
FMAC,Febre Maculosa,411460,Marechal Candido Rondon,PR,2019,0
FMAC,Febre Maculosa,411460,Marechal Candido Rondon,PR,2020,0
FMAC,Febre Maculosa,411460,Marechal Candido Rondon,PR,2021,0
FMAC,Febre Maculosa,411460,Marechal Candido Rondon,PR,2022,0
FMAC,Febre Maculosa,411460,Marechal Candido Rondon,PR,2023,0
FMAC,Febre Maculosa,411460,Marechal Candido Rondon,PR,2024,1
FMAC,Febre Maculosa,411460,Marechal Candido Rondon,PR,2025,0
FMAC,Febre Maculosa,411480,Marialva,PR,2001,0
FMAC,Febre Maculosa,411480,Marialva,PR,2006,0
FMAC,Febre Maculosa,411480,Marialva,PR,2007,0
FMAC,Febre Maculosa,411480,Marialva,PR,2008,0
FMAC,Febre Maculosa,411480,Marialva,PR,2009,0
FMAC,Febre Maculosa,411480,Marialva,PR,2010,1
FMAC,Febre Maculosa,411480,Marialva,PR,2011,0
FMAC,Febre Maculosa,411480,Marialva,PR,2012,0
FMAC,Febre Maculosa,411480,Marialva,PR,2013,0
FMAC,Febre Maculosa,411480,Marialva,PR,2014,0
FMAC,Febre Maculosa,411480,Marialva,PR,2015,0
FMAC,Febre Maculosa,411480,Marialva,PR,2016,0
FMAC,Febre Maculosa,411480,Marialva,PR,2017,0
FMAC,Febre Maculosa,411480,Marialva,PR,2018,0
FMAC,Febre Maculosa,411480,Marialva,PR,2019,0
FMAC,Febre Maculosa,411480,Marialva,PR,2020,0
FMAC,Febre Maculosa,411480,Marialva,PR,2021,0
FMAC,Febre Maculosa,411480,Marialva,PR,2022,0
FMAC,Febre Maculosa,411480,Marialva,PR,2023,0
FMAC,Febre Maculosa,411480,Marialva,PR,2024,0
FMAC,Febre Maculosa,411480,Marialva,PR,2025,0
FMAC,Febre Maculosa,411520,Maringa,PR,2001,0
FMAC,Febre Maculosa,411520,Maringa,PR,2006,0
FMAC,Febre Maculosa,411520,Maringa,PR,2007,0
FMAC,Febre Maculosa,411520,Maringa,PR,2008,0
FMAC,Febre Maculosa,411520,Maringa,PR,2009,0
FMAC,Febre Maculosa,411520,Maringa,PR,2010,0
FMAC,Febre Maculosa,411520,Maringa,PR,2011,0
FMAC,Febre Maculosa,411520,Maringa,PR,2012,0
FMAC,Febre Maculosa,411520,Maringa,PR,2013,0
FMAC,Febre Maculosa,411520,Maringa,PR,2014,0
FMAC,Febre Maculosa,411520,Maringa,PR,2015,1
FMAC,Febre Maculosa,411520,Maringa,PR,2016,0
FMAC,Febre Maculosa,411520,Maringa,PR,2017,0
FMAC,Febre Maculosa,411520,Maringa,PR,2018,0
FMAC,Febre Maculosa,411520,Maringa,PR,2019,0
FMAC,Febre Maculosa,411520,Maringa,PR,2020,0
FMAC,Febre Maculosa,411520,Maringa,PR,2021,0
FMAC,Febre Maculosa,411520,Maringa,PR,2022,0
FMAC,Febre Maculosa,411520,Maringa,PR,2023,0
FMAC,Febre Maculosa,411520,Maringa,PR,2024,1
FMAC,Febre Maculosa,411520,Maringa,PR,2025,0
FMAC,Febre Maculosa,411560,Matelandia,PR,2001,0
FMAC,Febre Maculosa,411560,Matelandia,PR,2006,0
FMAC,Febre Maculosa,411560,Matelandia,PR,2007,0
FMAC,Febre Maculosa,411560,Matelandia,PR,2008,0
FMAC,Febre Maculosa,411560,Matelandia,PR,2009,0
FMAC,Febre Maculosa,411560,Matelandia,PR,2010,0
FMAC,Febre Maculosa,411560,Matelandia,PR,2011,0
FMAC,Febre Maculosa,411560,Matelandia,PR,2012,0
FMAC,Febre Maculosa,411560,Matelandia,PR,2013,0
FMAC,Febre Maculosa,411560,Matelandia,PR,2014,0
FMAC,Febre Maculosa,411560,Matelandia,PR,2015,0
FMAC,Febre Maculosa,411560,Matelandia,PR,2016,0
FMAC,Febre Maculosa,411560,Matelandia,PR,2017,0
FMAC,Febre Maculosa,411560,Matelandia,PR,2018,0
FMAC,Febre Maculosa,411560,Matelandia,PR,2019,1
FMAC,Febre Maculosa,411560,Matelandia,PR,2020,0
FMAC,Febre Maculosa,411560,Matelandia,PR,2021,0
FMAC,Febre Maculosa,411560,Matelandia,PR,2022,0
FMAC,Febre Maculosa,411560,Matelandia,PR,2023,0
FMAC,Febre Maculosa,411560,Matelandia,PR,2024,0
FMAC,Febre Maculosa,411560,Matelandia,PR,2025,0
FMAC,Febre Maculosa,411570,Matinhos,PR,2001,0
FMAC,Febre Maculosa,411570,Matinhos,PR,2006,0
FMAC,Febre Maculosa,411570,Matinhos,PR,2007,0
FMAC,Febre Maculosa,411570,Matinhos,PR,2008,1
FMAC,Febre Maculosa,411570,Matinhos,PR,2009,0
FMAC,Febre Maculosa,411570,Matinhos,PR,2010,0
FMAC,Febre Maculosa,411570,Matinhos,PR,2011,1
FMAC,Febre Maculosa,411570,Matinhos,PR,2012,0
FMAC,Febre Maculosa,411570,Matinhos,PR,2013,0
FMAC,Febre Maculosa,411570,Matinhos,PR,2014,0
FMAC,Febre Maculosa,411570,Matinhos,PR,2015,0
FMAC,Febre Maculosa,411570,Matinhos,PR,2016,0
FMAC,Febre Maculosa,411570,Matinhos,PR,2017,0
FMAC,Febre Maculosa,411570,Matinhos,PR,2018,0
FMAC,Febre Maculosa,411570,Matinhos,PR,2019,0
FMAC,Febre Maculosa,411570,Matinhos,PR,2020,0
FMAC,Febre Maculosa,411570,Matinhos,PR,2021,0
FMAC,Febre Maculosa,411570,Matinhos,PR,2022,0
FMAC,Febre Maculosa,411570,Matinhos,PR,2023,0
FMAC,Febre Maculosa,411570,Matinhos,PR,2024,0
FMAC,Febre Maculosa,411570,Matinhos,PR,2025,0
FMAC,Febre Maculosa,411585,Mercedes,PR,2001,0
FMAC,Febre Maculosa,411585,Mercedes,PR,2006,0
FMAC,Febre Maculosa,411585,Mercedes,PR,2007,0
FMAC,Febre Maculosa,411585,Mercedes,PR,2008,0
FMAC,Febre Maculosa,411585,Mercedes,PR,2009,0
FMAC,Febre Maculosa,411585,Mercedes,PR,2010,0
FMAC,Febre Maculosa,411585,Mercedes,PR,2011,0
FMAC,Febre Maculosa,411585,Mercedes,PR,2012,0
FMAC,Febre Maculosa,411585,Mercedes,PR,2013,0
FMAC,Febre Maculosa,411585,Mercedes,PR,2014,0
FMAC,Febre Maculosa,411585,Mercedes,PR,2015,0
FMAC,Febre Maculosa,411585,Mercedes,PR,2016,0
FMAC,Febre Maculosa,411585,Mercedes,PR,2017,0
FMAC,Febre Maculosa,411585,Mercedes,PR,2018,0
FMAC,Febre Maculosa,411585,Mercedes,PR,2019,0
FMAC,Febre Maculosa,411585,Mercedes,PR,2020,0
FMAC,Febre Maculosa,411585,Mercedes,PR,2021,0
FMAC,Febre Maculosa,411585,Mercedes,PR,2022,0
FMAC,Febre Maculosa,411585,Mercedes,PR,2023,0
FMAC,Febre Maculosa,411585,Mercedes,PR,2024,0
FMAC,Febre Maculosa,411585,Mercedes,PR,2025,1
FMAC,Febre Maculosa,411620,Morretes,PR,2001,0
FMAC,Febre Maculosa,411620,Morretes,PR,2006,0
FMAC,Febre Maculosa,411620,Morretes,PR,2007,0
FMAC,Febre Maculosa,411620,Morretes,PR,2008,0
FMAC,Febre Maculosa,411620,Morretes,PR,2009,0
FMAC,Febre Maculosa,411620,Morretes,PR,2010,0
FMAC,Febre Maculosa,411620,Morretes,PR,2011,0
FMAC,Febre Maculosa,411620,Morretes,PR,2012,0
FMAC,Febre Maculosa,411620,Morretes,PR,2013,0
FMAC,Febre Maculosa,411620,Morretes,PR,2014,0
FMAC,Febre Maculosa,411620,Morretes,PR,2015,0
FMAC,Febre Maculosa,411620,Morretes,PR,2016,0
FMAC,Febre Maculosa,411620,Morretes,PR,2017,0
FMAC,Febre Maculosa,411620,Morretes,PR,2018,0
FMAC,Febre Maculosa,411620,Morretes,PR,2019,1
FMAC,Febre Maculosa,411620,Morretes,PR,2020,2
FMAC,Febre Maculosa,411620,Morretes,PR,2021,0
FMAC,Febre Maculosa,411620,Morretes,PR,2022,1
FMAC,Febre Maculosa,411620,Morretes,PR,2023,0
FMAC,Febre Maculosa,411620,Morretes,PR,2024,0
FMAC,Febre Maculosa,411620,Morretes,PR,2025,0
FMAC,Febre Maculosa,411750,Paicandu,PR,2001,0
FMAC,Febre Maculosa,411750,Paicandu,PR,2006,0
FMAC,Febre Maculosa,411750,Paicandu,PR,2007,0
FMAC,Febre Maculosa,411750,Paicandu,PR,2008,0
FMAC,Febre Maculosa,411750,Paicandu,PR,2009,0
FMAC,Febre Maculosa,411750,Paicandu,PR,2010,0
FMAC,Febre Maculosa,411750,Paicandu,PR,2011,0
FMAC,Febre Maculosa,411750,Paicandu,PR,2012,0
FMAC,Febre Maculosa,411750,Paicandu,PR,2013,0
FMAC,Febre Maculosa,411750,Paicandu,PR,2014,0
FMAC,Febre Maculosa,411750,Paicandu,PR,2015,0
FMAC,Febre Maculosa,411750,Paicandu,PR,2016,0
FMAC,Febre Maculosa,411750,Paicandu,PR,2017,1
FMAC,Febre Maculosa,411750,Paicandu,PR,2018,0
FMAC,Febre Maculosa,411750,Paicandu,PR,2019,0
FMAC,Febre Maculosa,411750,Paicandu,PR,2020,0
FMAC,Febre Maculosa,411750,Paicandu,PR,2021,0
FMAC,Febre Maculosa,411750,Paicandu,PR,2022,0
FMAC,Febre Maculosa,411750,Paicandu,PR,2023,0
FMAC,Febre Maculosa,411750,Paicandu,PR,2024,0
FMAC,Febre Maculosa,411750,Paicandu,PR,2025,0
FMAC,Febre Maculosa,411820,Paranagua,PR,2001,0
FMAC,Febre Maculosa,411820,Paranagua,PR,2006,0
FMAC,Febre Maculosa,411820,Paranagua,PR,2007,0
FMAC,Febre Maculosa,411820,Paranagua,PR,2008,0
FMAC,Febre Maculosa,411820,Paranagua,PR,2009,0
FMAC,Febre Maculosa,411820,Paranagua,PR,2010,0
FMAC,Febre Maculosa,411820,Paranagua,PR,2011,0
FMAC,Febre Maculosa,411820,Paranagua,PR,2012,1
FMAC,Febre Maculosa,411820,Paranagua,PR,2013,0
FMAC,Febre Maculosa,411820,Paranagua,PR,2014,0
FMAC,Febre Maculosa,411820,Paranagua,PR,2015,0
FMAC,Febre Maculosa,411820,Paranagua,PR,2016,0
FMAC,Febre Maculosa,411820,Paranagua,PR,2017,2
FMAC,Febre Maculosa,411820,Paranagua,PR,2018,0
FMAC,Febre Maculosa,411820,Paranagua,PR,2019,1
FMAC,Febre Maculosa,411820,Paranagua,PR,2020,0
FMAC,Febre Maculosa,411820,Paranagua,PR,2021,0
FMAC,Febre Maculosa,411820,Paranagua,PR,2022,0
FMAC,Febre Maculosa,411820,Paranagua,PR,2023,0
FMAC,Febre Maculosa,411820,Paranagua,PR,2024,1
FMAC,Febre Maculosa,411820,Paranagua,PR,2025,1
FMAC,Febre Maculosa,411845,Pato Bragado,PR,2001,0
FMAC,Febre Maculosa,411845,Pato Bragado,PR,2006,0
FMAC,Febre Maculosa,411845,Pato Bragado,PR,2007,0
FMAC,Febre Maculosa,411845,Pato Bragado,PR,2008,0
FMAC,Febre Maculosa,411845,Pato Bragado,PR,2009,0
FMAC,Febre Maculosa,411845,Pato Bragado,PR,2010,0
FMAC,Febre Maculosa,411845,Pato Bragado,PR,2011,0
FMAC,Febre Maculosa,411845,Pato Bragado,PR,2012,0
FMAC,Febre Maculosa,411845,Pato Bragado,PR,2013,0
FMAC,Febre Maculosa,411845,Pato Bragado,PR,2014,0
FMAC,Febre Maculosa,411845,Pato Bragado,PR,2015,1
FMAC,Febre Maculosa,411845,Pato Bragado,PR,2016,0
FMAC,Febre Maculosa,411845,Pato Bragado,PR,2017,0
FMAC,Febre Maculosa,411845,Pato Bragado,PR,2018,0
FMAC,Febre Maculosa,411845,Pato Bragado,PR,2019,0
FMAC,Febre Maculosa,411845,Pato Bragado,PR,2020,0
FMAC,Febre Maculosa,411845,Pato Bragado,PR,2021,0
FMAC,Febre Maculosa,411845,Pato Bragado,PR,2022,0
FMAC,Febre Maculosa,411845,Pato Bragado,PR,2023,0
FMAC,Febre Maculosa,411845,Pato Bragado,PR,2024,0
FMAC,Febre Maculosa,411845,Pato Bragado,PR,2025,0
FMAC,Febre Maculosa,412080,Quatro Barras,PR,2001,0
FMAC,Febre Maculosa,412080,Quatro Barras,PR,2006,0
FMAC,Febre Maculosa,412080,Quatro Barras,PR,2007,0
FMAC,Febre Maculosa,412080,Quatro Barras,PR,2008,0
FMAC,Febre Maculosa,412080,Quatro Barras,PR,2009,0
FMAC,Febre Maculosa,412080,Quatro Barras,PR,2010,0
FMAC,Febre Maculosa,412080,Quatro Barras,PR,2011,0
FMAC,Febre Maculosa,412080,Quatro Barras,PR,2012,0
FMAC,Febre Maculosa,412080,Quatro Barras,PR,2013,0
FMAC,Febre Maculosa,412080,Quatro Barras,PR,2014,0
FMAC,Febre Maculosa,412080,Quatro Barras,PR,2015,0
FMAC,Febre Maculosa,412080,Quatro Barras,PR,2016,0
FMAC,Febre Maculosa,412080,Quatro Barras,PR,2017,0
FMAC,Febre Maculosa,412080,Quatro Barras,PR,2018,0
FMAC,Febre Maculosa,412080,Quatro Barras,PR,2019,0
FMAC,Febre Maculosa,412080,Quatro Barras,PR,2020,0
FMAC,Febre Maculosa,412080,Quatro Barras,PR,2021,0
FMAC,Febre Maculosa,412080,Quatro Barras,PR,2022,1
FMAC,Febre Maculosa,412080,Quatro Barras,PR,2023,0
FMAC,Febre Maculosa,412080,Quatro Barras,PR,2024,0
FMAC,Febre Maculosa,412080,Quatro Barras,PR,2025,0
FMAC,Febre Maculosa,412090,Quedas do Iguacu,PR,2001,0
FMAC,Febre Maculosa,412090,Quedas do Iguacu,PR,2006,0
FMAC,Febre Maculosa,412090,Quedas do Iguacu,PR,2007,0
FMAC,Febre Maculosa,412090,Quedas do Iguacu,PR,2008,0
FMAC,Febre Maculosa,412090,Quedas do Iguacu,PR,2009,0
FMAC,Febre Maculosa,412090,Quedas do Iguacu,PR,2010,0
FMAC,Febre Maculosa,412090,Quedas do Iguacu,PR,2011,0
FMAC,Febre Maculosa,412090,Quedas do Iguacu,PR,2012,0
FMAC,Febre Maculosa,412090,Quedas do Iguacu,PR,2013,0
FMAC,Febre Maculosa,412090,Quedas do Iguacu,PR,2014,0
FMAC,Febre Maculosa,412090,Quedas do Iguacu,PR,2015,0
FMAC,Febre Maculosa,412090,Quedas do Iguacu,PR,2016,0
FMAC,Febre Maculosa,412090,Quedas do Iguacu,PR,2017,1
FMAC,Febre Maculosa,412090,Quedas do Iguacu,PR,2018,0
FMAC,Febre Maculosa,412090,Quedas do Iguacu,PR,2019,0
FMAC,Febre Maculosa,412090,Quedas do Iguacu,PR,2020,0
FMAC,Febre Maculosa,412090,Quedas do Iguacu,PR,2021,0
FMAC,Febre Maculosa,412090,Quedas do Iguacu,PR,2022,0
FMAC,Febre Maculosa,412090,Quedas do Iguacu,PR,2023,0
FMAC,Febre Maculosa,412090,Quedas do Iguacu,PR,2024,0
FMAC,Febre Maculosa,412090,Quedas do Iguacu,PR,2025,0
FMAC,Febre Maculosa,412170,Reserva,PR,2001,0
FMAC,Febre Maculosa,412170,Reserva,PR,2006,0
FMAC,Febre Maculosa,412170,Reserva,PR,2007,0
FMAC,Febre Maculosa,412170,Reserva,PR,2008,0
FMAC,Febre Maculosa,412170,Reserva,PR,2009,0
FMAC,Febre Maculosa,412170,Reserva,PR,2010,0
FMAC,Febre Maculosa,412170,Reserva,PR,2011,0
FMAC,Febre Maculosa,412170,Reserva,PR,2012,0
FMAC,Febre Maculosa,412170,Reserva,PR,2013,0
FMAC,Febre Maculosa,412170,Reserva,PR,2014,0
FMAC,Febre Maculosa,412170,Reserva,PR,2015,0
FMAC,Febre Maculosa,412170,Reserva,PR,2016,0
FMAC,Febre Maculosa,412170,Reserva,PR,2017,0
FMAC,Febre Maculosa,412170,Reserva,PR,2018,0
FMAC,Febre Maculosa,412170,Reserva,PR,2019,0
FMAC,Febre Maculosa,412170,Reserva,PR,2020,0
FMAC,Febre Maculosa,412170,Reserva,PR,2021,0
FMAC,Febre Maculosa,412170,Reserva,PR,2022,0
FMAC,Febre Maculosa,412170,Reserva,PR,2023,1
FMAC,Febre Maculosa,412170,Reserva,PR,2024,0
FMAC,Febre Maculosa,412170,Reserva,PR,2025,0
FMAC,Febre Maculosa,412180,Ribeirao Claro,PR,2001,0
FMAC,Febre Maculosa,412180,Ribeirao Claro,PR,2006,0
FMAC,Febre Maculosa,412180,Ribeirao Claro,PR,2007,0
FMAC,Febre Maculosa,412180,Ribeirao Claro,PR,2008,0
FMAC,Febre Maculosa,412180,Ribeirao Claro,PR,2009,0
FMAC,Febre Maculosa,412180,Ribeirao Claro,PR,2010,0
FMAC,Febre Maculosa,412180,Ribeirao Claro,PR,2011,0
FMAC,Febre Maculosa,412180,Ribeirao Claro,PR,2012,0
FMAC,Febre Maculosa,412180,Ribeirao Claro,PR,2013,0
FMAC,Febre Maculosa,412180,Ribeirao Claro,PR,2014,0
FMAC,Febre Maculosa,412180,Ribeirao Claro,PR,2015,0
FMAC,Febre Maculosa,412180,Ribeirao Claro,PR,2016,0
FMAC,Febre Maculosa,412180,Ribeirao Claro,PR,2017,0
FMAC,Febre Maculosa,412180,Ribeirao Claro,PR,2018,0
FMAC,Febre Maculosa,412180,Ribeirao Claro,PR,2019,0
FMAC,Febre Maculosa,412180,Ribeirao Claro,PR,2020,0
FMAC,Febre Maculosa,412180,Ribeirao Claro,PR,2021,0
FMAC,Febre Maculosa,412180,Ribeirao Claro,PR,2022,1
FMAC,Febre Maculosa,412180,Ribeirao Claro,PR,2023,0
FMAC,Febre Maculosa,412180,Ribeirao Claro,PR,2024,0
FMAC,Febre Maculosa,412180,Ribeirao Claro,PR,2025,0
FMAC,Febre Maculosa,412190,Ribeirao do Pinhal,PR,2001,0
FMAC,Febre Maculosa,412190,Ribeirao do Pinhal,PR,2006,0
FMAC,Febre Maculosa,412190,Ribeirao do Pinhal,PR,2007,0
FMAC,Febre Maculosa,412190,Ribeirao do Pinhal,PR,2008,0
FMAC,Febre Maculosa,412190,Ribeirao do Pinhal,PR,2009,0
FMAC,Febre Maculosa,412190,Ribeirao do Pinhal,PR,2010,0
FMAC,Febre Maculosa,412190,Ribeirao do Pinhal,PR,2011,0
FMAC,Febre Maculosa,412190,Ribeirao do Pinhal,PR,2012,0
FMAC,Febre Maculosa,412190,Ribeirao do Pinhal,PR,2013,0
FMAC,Febre Maculosa,412190,Ribeirao do Pinhal,PR,2014,0
FMAC,Febre Maculosa,412190,Ribeirao do Pinhal,PR,2015,0
FMAC,Febre Maculosa,412190,Ribeirao do Pinhal,PR,2016,0
FMAC,Febre Maculosa,412190,Ribeirao do Pinhal,PR,2017,0
FMAC,Febre Maculosa,412190,Ribeirao do Pinhal,PR,2018,0
FMAC,Febre Maculosa,412190,Ribeirao do Pinhal,PR,2019,0
FMAC,Febre Maculosa,412190,Ribeirao do Pinhal,PR,2020,0
FMAC,Febre Maculosa,412190,Ribeirao do Pinhal,PR,2021,0
FMAC,Febre Maculosa,412190,Ribeirao do Pinhal,PR,2022,0
FMAC,Febre Maculosa,412190,Ribeirao do Pinhal,PR,2023,1
FMAC,Febre Maculosa,412190,Ribeirao do Pinhal,PR,2024,0
FMAC,Febre Maculosa,412190,Ribeirao do Pinhal,PR,2025,0
FMAC,Febre Maculosa,412215,Rio Bonito do Iguacu,PR,2001,0
FMAC,Febre Maculosa,412215,Rio Bonito do Iguacu,PR,2006,0
FMAC,Febre Maculosa,412215,Rio Bonito do Iguacu,PR,2007,0
FMAC,Febre Maculosa,412215,Rio Bonito do Iguacu,PR,2008,0
FMAC,Febre Maculosa,412215,Rio Bonito do Iguacu,PR,2009,0
FMAC,Febre Maculosa,412215,Rio Bonito do Iguacu,PR,2010,0
FMAC,Febre Maculosa,412215,Rio Bonito do Iguacu,PR,2011,0
FMAC,Febre Maculosa,412215,Rio Bonito do Iguacu,PR,2012,0
FMAC,Febre Maculosa,412215,Rio Bonito do Iguacu,PR,2013,0
FMAC,Febre Maculosa,412215,Rio Bonito do Iguacu,PR,2014,0
FMAC,Febre Maculosa,412215,Rio Bonito do Iguacu,PR,2015,0
FMAC,Febre Maculosa,412215,Rio Bonito do Iguacu,PR,2016,0
FMAC,Febre Maculosa,412215,Rio Bonito do Iguacu,PR,2017,0
FMAC,Febre Maculosa,412215,Rio Bonito do Iguacu,PR,2018,0
FMAC,Febre Maculosa,412215,Rio Bonito do Iguacu,PR,2019,0
FMAC,Febre Maculosa,412215,Rio Bonito do Iguacu,PR,2020,0
FMAC,Febre Maculosa,412215,Rio Bonito do Iguacu,PR,2021,0
FMAC,Febre Maculosa,412215,Rio Bonito do Iguacu,PR,2022,0
FMAC,Febre Maculosa,412215,Rio Bonito do Iguacu,PR,2023,1
FMAC,Febre Maculosa,412215,Rio Bonito do Iguacu,PR,2024,0
FMAC,Febre Maculosa,412215,Rio Bonito do Iguacu,PR,2025,0
FMAC,Febre Maculosa,412240,Rolandia,PR,2001,0
FMAC,Febre Maculosa,412240,Rolandia,PR,2006,0
FMAC,Febre Maculosa,412240,Rolandia,PR,2007,0
FMAC,Febre Maculosa,412240,Rolandia,PR,2008,0
FMAC,Febre Maculosa,412240,Rolandia,PR,2009,0
FMAC,Febre Maculosa,412240,Rolandia,PR,2010,0
FMAC,Febre Maculosa,412240,Rolandia,PR,2011,0
FMAC,Febre Maculosa,412240,Rolandia,PR,2012,0
FMAC,Febre Maculosa,412240,Rolandia,PR,2013,0
FMAC,Febre Maculosa,412240,Rolandia,PR,2014,0
FMAC,Febre Maculosa,412240,Rolandia,PR,2015,0
FMAC,Febre Maculosa,412240,Rolandia,PR,2016,0
FMAC,Febre Maculosa,412240,Rolandia,PR,2017,0
FMAC,Febre Maculosa,412240,Rolandia,PR,2018,0
FMAC,Febre Maculosa,412240,Rolandia,PR,2019,0
FMAC,Febre Maculosa,412240,Rolandia,PR,2020,0
FMAC,Febre Maculosa,412240,Rolandia,PR,2021,0
FMAC,Febre Maculosa,412240,Rolandia,PR,2022,0
FMAC,Febre Maculosa,412240,Rolandia,PR,2023,0
FMAC,Febre Maculosa,412240,Rolandia,PR,2024,1
FMAC,Febre Maculosa,412240,Rolandia,PR,2025,0
FMAC,Febre Maculosa,412410,Santo Antonio da Platina,PR,2001,0
FMAC,Febre Maculosa,412410,Santo Antonio da Platina,PR,2006,0
FMAC,Febre Maculosa,412410,Santo Antonio da Platina,PR,2007,0
FMAC,Febre Maculosa,412410,Santo Antonio da Platina,PR,2008,0
FMAC,Febre Maculosa,412410,Santo Antonio da Platina,PR,2009,0
FMAC,Febre Maculosa,412410,Santo Antonio da Platina,PR,2010,0
FMAC,Febre Maculosa,412410,Santo Antonio da Platina,PR,2011,0
FMAC,Febre Maculosa,412410,Santo Antonio da Platina,PR,2012,0
FMAC,Febre Maculosa,412410,Santo Antonio da Platina,PR,2013,0
FMAC,Febre Maculosa,412410,Santo Antonio da Platina,PR,2014,0
FMAC,Febre Maculosa,412410,Santo Antonio da Platina,PR,2015,0
FMAC,Febre Maculosa,412410,Santo Antonio da Platina,PR,2016,0
FMAC,Febre Maculosa,412410,Santo Antonio da Platina,PR,2017,0
FMAC,Febre Maculosa,412410,Santo Antonio da Platina,PR,2018,0
FMAC,Febre Maculosa,412410,Santo Antonio da Platina,PR,2019,0
FMAC,Febre Maculosa,412410,Santo Antonio da Platina,PR,2020,0
FMAC,Febre Maculosa,412410,Santo Antonio da Platina,PR,2021,0
FMAC,Febre Maculosa,412410,Santo Antonio da Platina,PR,2022,0
FMAC,Febre Maculosa,412410,Santo Antonio da Platina,PR,2023,0
FMAC,Febre Maculosa,412410,Santo Antonio da Platina,PR,2024,1
FMAC,Febre Maculosa,412410,Santo Antonio da Platina,PR,2025,0
FMAC,Febre Maculosa,412450,Santo Inacio,PR,2001,0
FMAC,Febre Maculosa,412450,Santo Inacio,PR,2006,0
FMAC,Febre Maculosa,412450,Santo Inacio,PR,2007,0
FMAC,Febre Maculosa,412450,Santo Inacio,PR,2008,0
FMAC,Febre Maculosa,412450,Santo Inacio,PR,2009,0
FMAC,Febre Maculosa,412450,Santo Inacio,PR,2010,0
FMAC,Febre Maculosa,412450,Santo Inacio,PR,2011,0
FMAC,Febre Maculosa,412450,Santo Inacio,PR,2012,0
FMAC,Febre Maculosa,412450,Santo Inacio,PR,2013,0
FMAC,Febre Maculosa,412450,Santo Inacio,PR,2014,0
FMAC,Febre Maculosa,412450,Santo Inacio,PR,2015,0
FMAC,Febre Maculosa,412450,Santo Inacio,PR,2016,0
FMAC,Febre Maculosa,412450,Santo Inacio,PR,2017,0
FMAC,Febre Maculosa,412450,Santo Inacio,PR,2018,0
FMAC,Febre Maculosa,412450,Santo Inacio,PR,2019,0
FMAC,Febre Maculosa,412450,Santo Inacio,PR,2020,0
FMAC,Febre Maculosa,412450,Santo Inacio,PR,2021,0
FMAC,Febre Maculosa,412450,Santo Inacio,PR,2022,0
FMAC,Febre Maculosa,412450,Santo Inacio,PR,2023,1
FMAC,Febre Maculosa,412450,Santo Inacio,PR,2024,0
FMAC,Febre Maculosa,412450,Santo Inacio,PR,2025,0
FMAC,Febre Maculosa,412470,Sao Jeronimo da Serra,PR,2001,0
FMAC,Febre Maculosa,412470,Sao Jeronimo da Serra,PR,2006,0
FMAC,Febre Maculosa,412470,Sao Jeronimo da Serra,PR,2007,0
FMAC,Febre Maculosa,412470,Sao Jeronimo da Serra,PR,2008,0
FMAC,Febre Maculosa,412470,Sao Jeronimo da Serra,PR,2009,0
FMAC,Febre Maculosa,412470,Sao Jeronimo da Serra,PR,2010,0
FMAC,Febre Maculosa,412470,Sao Jeronimo da Serra,PR,2011,0
FMAC,Febre Maculosa,412470,Sao Jeronimo da Serra,PR,2012,0
FMAC,Febre Maculosa,412470,Sao Jeronimo da Serra,PR,2013,0
FMAC,Febre Maculosa,412470,Sao Jeronimo da Serra,PR,2014,1
FMAC,Febre Maculosa,412470,Sao Jeronimo da Serra,PR,2015,0
FMAC,Febre Maculosa,412470,Sao Jeronimo da Serra,PR,2016,0
FMAC,Febre Maculosa,412470,Sao Jeronimo da Serra,PR,2017,0
FMAC,Febre Maculosa,412470,Sao Jeronimo da Serra,PR,2018,0
FMAC,Febre Maculosa,412470,Sao Jeronimo da Serra,PR,2019,0
FMAC,Febre Maculosa,412470,Sao Jeronimo da Serra,PR,2020,0
FMAC,Febre Maculosa,412470,Sao Jeronimo da Serra,PR,2021,0
FMAC,Febre Maculosa,412470,Sao Jeronimo da Serra,PR,2022,0
FMAC,Febre Maculosa,412470,Sao Jeronimo da Serra,PR,2023,0
FMAC,Febre Maculosa,412470,Sao Jeronimo da Serra,PR,2024,0
FMAC,Febre Maculosa,412470,Sao Jeronimo da Serra,PR,2025,0
FMAC,Febre Maculosa,412550,Sao Jose Dos Pinhais,PR,2001,0
FMAC,Febre Maculosa,412550,Sao Jose Dos Pinhais,PR,2006,0
FMAC,Febre Maculosa,412550,Sao Jose Dos Pinhais,PR,2007,0
FMAC,Febre Maculosa,412550,Sao Jose Dos Pinhais,PR,2008,0
FMAC,Febre Maculosa,412550,Sao Jose Dos Pinhais,PR,2009,0
FMAC,Febre Maculosa,412550,Sao Jose Dos Pinhais,PR,2010,0
FMAC,Febre Maculosa,412550,Sao Jose Dos Pinhais,PR,2011,0
FMAC,Febre Maculosa,412550,Sao Jose Dos Pinhais,PR,2012,0
FMAC,Febre Maculosa,412550,Sao Jose Dos Pinhais,PR,2013,0
FMAC,Febre Maculosa,412550,Sao Jose Dos Pinhais,PR,2014,0
FMAC,Febre Maculosa,412550,Sao Jose Dos Pinhais,PR,2015,0
FMAC,Febre Maculosa,412550,Sao Jose Dos Pinhais,PR,2016,0
FMAC,Febre Maculosa,412550,Sao Jose Dos Pinhais,PR,2017,1
FMAC,Febre Maculosa,412550,Sao Jose Dos Pinhais,PR,2018,0
FMAC,Febre Maculosa,412550,Sao Jose Dos Pinhais,PR,2019,0
FMAC,Febre Maculosa,412550,Sao Jose Dos Pinhais,PR,2020,0
FMAC,Febre Maculosa,412550,Sao Jose Dos Pinhais,PR,2021,0
FMAC,Febre Maculosa,412550,Sao Jose Dos Pinhais,PR,2022,0
FMAC,Febre Maculosa,412550,Sao Jose Dos Pinhais,PR,2023,0
FMAC,Febre Maculosa,412550,Sao Jose Dos Pinhais,PR,2024,3
FMAC,Febre Maculosa,412550,Sao Jose Dos Pinhais,PR,2025,0
FMAC,Febre Maculosa,412575,Sao Pedro do Iguacu,PR,2001,0
FMAC,Febre Maculosa,412575,Sao Pedro do Iguacu,PR,2006,0
FMAC,Febre Maculosa,412575,Sao Pedro do Iguacu,PR,2007,0
FMAC,Febre Maculosa,412575,Sao Pedro do Iguacu,PR,2008,0
FMAC,Febre Maculosa,412575,Sao Pedro do Iguacu,PR,2009,0
FMAC,Febre Maculosa,412575,Sao Pedro do Iguacu,PR,2010,0
FMAC,Febre Maculosa,412575,Sao Pedro do Iguacu,PR,2011,0
FMAC,Febre Maculosa,412575,Sao Pedro do Iguacu,PR,2012,0
FMAC,Febre Maculosa,412575,Sao Pedro do Iguacu,PR,2013,0
FMAC,Febre Maculosa,412575,Sao Pedro do Iguacu,PR,2014,0
FMAC,Febre Maculosa,412575,Sao Pedro do Iguacu,PR,2015,0
FMAC,Febre Maculosa,412575,Sao Pedro do Iguacu,PR,2016,0
FMAC,Febre Maculosa,412575,Sao Pedro do Iguacu,PR,2017,0
FMAC,Febre Maculosa,412575,Sao Pedro do Iguacu,PR,2018,0
FMAC,Febre Maculosa,412575,Sao Pedro do Iguacu,PR,2019,0
FMAC,Febre Maculosa,412575,Sao Pedro do Iguacu,PR,2020,0
FMAC,Febre Maculosa,412575,Sao Pedro do Iguacu,PR,2021,0
FMAC,Febre Maculosa,412575,Sao Pedro do Iguacu,PR,2022,0
FMAC,Febre Maculosa,412575,Sao Pedro do Iguacu,PR,2023,0
FMAC,Febre Maculosa,412575,Sao Pedro do Iguacu,PR,2024,0
FMAC,Febre Maculosa,412575,Sao Pedro do Iguacu,PR,2025,1
FMAC,Febre Maculosa,412625,Sarandi,PR,2001,0
FMAC,Febre Maculosa,412625,Sarandi,PR,2006,0
FMAC,Febre Maculosa,412625,Sarandi,PR,2007,0
FMAC,Febre Maculosa,412625,Sarandi,PR,2008,0
FMAC,Febre Maculosa,412625,Sarandi,PR,2009,0
FMAC,Febre Maculosa,412625,Sarandi,PR,2010,0
FMAC,Febre Maculosa,412625,Sarandi,PR,2011,0
FMAC,Febre Maculosa,412625,Sarandi,PR,2012,0
FMAC,Febre Maculosa,412625,Sarandi,PR,2013,0
FMAC,Febre Maculosa,412625,Sarandi,PR,2014,0
FMAC,Febre Maculosa,412625,Sarandi,PR,2015,0
FMAC,Febre Maculosa,412625,Sarandi,PR,2016,0
FMAC,Febre Maculosa,412625,Sarandi,PR,2017,0
FMAC,Febre Maculosa,412625,Sarandi,PR,2018,0
FMAC,Febre Maculosa,412625,Sarandi,PR,2019,0
FMAC,Febre Maculosa,412625,Sarandi,PR,2020,0
FMAC,Febre Maculosa,412625,Sarandi,PR,2021,0
FMAC,Febre Maculosa,412625,Sarandi,PR,2022,0
FMAC,Febre Maculosa,412625,Sarandi,PR,2023,1
FMAC,Febre Maculosa,412625,Sarandi,PR,2024,0
FMAC,Febre Maculosa,412625,Sarandi,PR,2025,0
FMAC,Febre Maculosa,412630,Senges,PR,2001,0
FMAC,Febre Maculosa,412630,Senges,PR,2006,0
FMAC,Febre Maculosa,412630,Senges,PR,2007,0
FMAC,Febre Maculosa,412630,Senges,PR,2008,0
FMAC,Febre Maculosa,412630,Senges,PR,2009,0
FMAC,Febre Maculosa,412630,Senges,PR,2010,0
FMAC,Febre Maculosa,412630,Senges,PR,2011,0
FMAC,Febre Maculosa,412630,Senges,PR,2012,0
FMAC,Febre Maculosa,412630,Senges,PR,2013,0
FMAC,Febre Maculosa,412630,Senges,PR,2014,0
FMAC,Febre Maculosa,412630,Senges,PR,2015,0
FMAC,Febre Maculosa,412630,Senges,PR,2016,0
FMAC,Febre Maculosa,412630,Senges,PR,2017,0
FMAC,Febre Maculosa,412630,Senges,PR,2018,0
FMAC,Febre Maculosa,412630,Senges,PR,2019,0
FMAC,Febre Maculosa,412630,Senges,PR,2020,0
FMAC,Febre Maculosa,412630,Senges,PR,2021,0
FMAC,Febre Maculosa,412630,Senges,PR,2022,0
FMAC,Febre Maculosa,412630,Senges,PR,2023,0
FMAC,Febre Maculosa,412630,Senges,PR,2024,1
FMAC,Febre Maculosa,412630,Senges,PR,2025,0
FMAC,Febre Maculosa,412660,Siqueira Campos,PR,2001,0
FMAC,Febre Maculosa,412660,Siqueira Campos,PR,2006,0
FMAC,Febre Maculosa,412660,Siqueira Campos,PR,2007,0
FMAC,Febre Maculosa,412660,Siqueira Campos,PR,2008,0
FMAC,Febre Maculosa,412660,Siqueira Campos,PR,2009,0
FMAC,Febre Maculosa,412660,Siqueira Campos,PR,2010,0
FMAC,Febre Maculosa,412660,Siqueira Campos,PR,2011,0
FMAC,Febre Maculosa,412660,Siqueira Campos,PR,2012,0
FMAC,Febre Maculosa,412660,Siqueira Campos,PR,2013,0
FMAC,Febre Maculosa,412660,Siqueira Campos,PR,2014,0
FMAC,Febre Maculosa,412660,Siqueira Campos,PR,2015,0
FMAC,Febre Maculosa,412660,Siqueira Campos,PR,2016,0
FMAC,Febre Maculosa,412660,Siqueira Campos,PR,2017,0
FMAC,Febre Maculosa,412660,Siqueira Campos,PR,2018,0
FMAC,Febre Maculosa,412660,Siqueira Campos,PR,2019,0
FMAC,Febre Maculosa,412660,Siqueira Campos,PR,2020,0
FMAC,Febre Maculosa,412660,Siqueira Campos,PR,2021,0
FMAC,Febre Maculosa,412660,Siqueira Campos,PR,2022,0
FMAC,Febre Maculosa,412660,Siqueira Campos,PR,2023,1
FMAC,Febre Maculosa,412660,Siqueira Campos,PR,2024,0
FMAC,Febre Maculosa,412660,Siqueira Campos,PR,2025,0
FMAC,Febre Maculosa,412760,Tijucas do Sul,PR,2001,0
FMAC,Febre Maculosa,412760,Tijucas do Sul,PR,2006,0
FMAC,Febre Maculosa,412760,Tijucas do Sul,PR,2007,0
FMAC,Febre Maculosa,412760,Tijucas do Sul,PR,2008,0
FMAC,Febre Maculosa,412760,Tijucas do Sul,PR,2009,0
FMAC,Febre Maculosa,412760,Tijucas do Sul,PR,2010,0
FMAC,Febre Maculosa,412760,Tijucas do Sul,PR,2011,0
FMAC,Febre Maculosa,412760,Tijucas do Sul,PR,2012,0
FMAC,Febre Maculosa,412760,Tijucas do Sul,PR,2013,0
FMAC,Febre Maculosa,412760,Tijucas do Sul,PR,2014,1
FMAC,Febre Maculosa,412760,Tijucas do Sul,PR,2015,0
FMAC,Febre Maculosa,412760,Tijucas do Sul,PR,2016,0
FMAC,Febre Maculosa,412760,Tijucas do Sul,PR,2017,0
FMAC,Febre Maculosa,412760,Tijucas do Sul,PR,2018,1
FMAC,Febre Maculosa,412760,Tijucas do Sul,PR,2019,0
FMAC,Febre Maculosa,412760,Tijucas do Sul,PR,2020,0
FMAC,Febre Maculosa,412760,Tijucas do Sul,PR,2021,0
FMAC,Febre Maculosa,412760,Tijucas do Sul,PR,2022,0
FMAC,Febre Maculosa,412760,Tijucas do Sul,PR,2023,0
FMAC,Febre Maculosa,412760,Tijucas do Sul,PR,2024,0
FMAC,Febre Maculosa,412760,Tijucas do Sul,PR,2025,0
FMAC,Febre Maculosa,412770,Toledo,PR,2001,0
FMAC,Febre Maculosa,412770,Toledo,PR,2006,0
FMAC,Febre Maculosa,412770,Toledo,PR,2007,0
FMAC,Febre Maculosa,412770,Toledo,PR,2008,0
FMAC,Febre Maculosa,412770,Toledo,PR,2009,0
FMAC,Febre Maculosa,412770,Toledo,PR,2010,0
FMAC,Febre Maculosa,412770,Toledo,PR,2011,0
FMAC,Febre Maculosa,412770,Toledo,PR,2012,0
FMAC,Febre Maculosa,412770,Toledo,PR,2013,0
FMAC,Febre Maculosa,412770,Toledo,PR,2014,0
FMAC,Febre Maculosa,412770,Toledo,PR,2015,1
FMAC,Febre Maculosa,412770,Toledo,PR,2016,0
FMAC,Febre Maculosa,412770,Toledo,PR,2017,0
FMAC,Febre Maculosa,412770,Toledo,PR,2018,0
FMAC,Febre Maculosa,412770,Toledo,PR,2019,0
FMAC,Febre Maculosa,412770,Toledo,PR,2020,0
FMAC,Febre Maculosa,412770,Toledo,PR,2021,0
FMAC,Febre Maculosa,412770,Toledo,PR,2022,0
FMAC,Febre Maculosa,412770,Toledo,PR,2023,0
FMAC,Febre Maculosa,412770,Toledo,PR,2024,0
FMAC,Febre Maculosa,412770,Toledo,PR,2025,0
FMAC,Febre Maculosa,412810,Umuarama,PR,2001,0
FMAC,Febre Maculosa,412810,Umuarama,PR,2006,0
FMAC,Febre Maculosa,412810,Umuarama,PR,2007,0
FMAC,Febre Maculosa,412810,Umuarama,PR,2008,0
FMAC,Febre Maculosa,412810,Umuarama,PR,2009,0
FMAC,Febre Maculosa,412810,Umuarama,PR,2010,0
FMAC,Febre Maculosa,412810,Umuarama,PR,2011,0
FMAC,Febre Maculosa,412810,Umuarama,PR,2012,0
FMAC,Febre Maculosa,412810,Umuarama,PR,2013,0
FMAC,Febre Maculosa,412810,Umuarama,PR,2014,0
FMAC,Febre Maculosa,412810,Umuarama,PR,2015,1
FMAC,Febre Maculosa,412810,Umuarama,PR,2016,0
FMAC,Febre Maculosa,412810,Umuarama,PR,2017,0
FMAC,Febre Maculosa,412810,Umuarama,PR,2018,2
FMAC,Febre Maculosa,412810,Umuarama,PR,2019,0
FMAC,Febre Maculosa,412810,Umuarama,PR,2020,0
FMAC,Febre Maculosa,412810,Umuarama,PR,2021,0
FMAC,Febre Maculosa,412810,Umuarama,PR,2022,0
FMAC,Febre Maculosa,412810,Umuarama,PR,2023,0
FMAC,Febre Maculosa,412810,Umuarama,PR,2024,0
FMAC,Febre Maculosa,412810,Umuarama,PR,2025,0
FMAC,Febre Maculosa,412855,Vera Cruz do Oeste,PR,2001,0
FMAC,Febre Maculosa,412855,Vera Cruz do Oeste,PR,2006,0
FMAC,Febre Maculosa,412855,Vera Cruz do Oeste,PR,2007,0
FMAC,Febre Maculosa,412855,Vera Cruz do Oeste,PR,2008,1
FMAC,Febre Maculosa,412855,Vera Cruz do Oeste,PR,2009,0
FMAC,Febre Maculosa,412855,Vera Cruz do Oeste,PR,2010,0
FMAC,Febre Maculosa,412855,Vera Cruz do Oeste,PR,2011,0
FMAC,Febre Maculosa,412855,Vera Cruz do Oeste,PR,2012,0
FMAC,Febre Maculosa,412855,Vera Cruz do Oeste,PR,2013,0
FMAC,Febre Maculosa,412855,Vera Cruz do Oeste,PR,2014,0
FMAC,Febre Maculosa,412855,Vera Cruz do Oeste,PR,2015,0
FMAC,Febre Maculosa,412855,Vera Cruz do Oeste,PR,2016,0
FMAC,Febre Maculosa,412855,Vera Cruz do Oeste,PR,2017,0
FMAC,Febre Maculosa,412855,Vera Cruz do Oeste,PR,2018,1
FMAC,Febre Maculosa,412855,Vera Cruz do Oeste,PR,2019,0
FMAC,Febre Maculosa,412855,Vera Cruz do Oeste,PR,2020,0
FMAC,Febre Maculosa,412855,Vera Cruz do Oeste,PR,2021,0
FMAC,Febre Maculosa,412855,Vera Cruz do Oeste,PR,2022,0
FMAC,Febre Maculosa,412855,Vera Cruz do Oeste,PR,2023,0
FMAC,Febre Maculosa,412855,Vera Cruz do Oeste,PR,2024,1
FMAC,Febre Maculosa,412855,Vera Cruz do Oeste,PR,2025,0
FMAC,Febre Maculosa,330010,Angra Dos Reis,RJ,2001,0
FMAC,Febre Maculosa,330010,Angra Dos Reis,RJ,2006,0
FMAC,Febre Maculosa,330010,Angra Dos Reis,RJ,2007,1
FMAC,Febre Maculosa,330010,Angra Dos Reis,RJ,2008,0
FMAC,Febre Maculosa,330010,Angra Dos Reis,RJ,2009,0
FMAC,Febre Maculosa,330010,Angra Dos Reis,RJ,2010,1
FMAC,Febre Maculosa,330010,Angra Dos Reis,RJ,2011,0
FMAC,Febre Maculosa,330010,Angra Dos Reis,RJ,2012,0
FMAC,Febre Maculosa,330010,Angra Dos Reis,RJ,2013,0
FMAC,Febre Maculosa,330010,Angra Dos Reis,RJ,2014,0
FMAC,Febre Maculosa,330010,Angra Dos Reis,RJ,2015,0
FMAC,Febre Maculosa,330010,Angra Dos Reis,RJ,2016,0
FMAC,Febre Maculosa,330010,Angra Dos Reis,RJ,2017,0
FMAC,Febre Maculosa,330010,Angra Dos Reis,RJ,2018,0
FMAC,Febre Maculosa,330010,Angra Dos Reis,RJ,2019,0
FMAC,Febre Maculosa,330010,Angra Dos Reis,RJ,2020,1
FMAC,Febre Maculosa,330010,Angra Dos Reis,RJ,2021,0
FMAC,Febre Maculosa,330010,Angra Dos Reis,RJ,2022,1
FMAC,Febre Maculosa,330010,Angra Dos Reis,RJ,2023,1
FMAC,Febre Maculosa,330010,Angra Dos Reis,RJ,2024,0
FMAC,Febre Maculosa,330010,Angra Dos Reis,RJ,2025,1
FMAC,Febre Maculosa,330030,Barra do Pirai,RJ,2001,0
FMAC,Febre Maculosa,330030,Barra do Pirai,RJ,2006,0
FMAC,Febre Maculosa,330030,Barra do Pirai,RJ,2007,3
FMAC,Febre Maculosa,330030,Barra do Pirai,RJ,2008,0
FMAC,Febre Maculosa,330030,Barra do Pirai,RJ,2009,0
FMAC,Febre Maculosa,330030,Barra do Pirai,RJ,2010,0
FMAC,Febre Maculosa,330030,Barra do Pirai,RJ,2011,0
FMAC,Febre Maculosa,330030,Barra do Pirai,RJ,2012,0
FMAC,Febre Maculosa,330030,Barra do Pirai,RJ,2013,0
FMAC,Febre Maculosa,330030,Barra do Pirai,RJ,2014,0
FMAC,Febre Maculosa,330030,Barra do Pirai,RJ,2015,0
FMAC,Febre Maculosa,330030,Barra do Pirai,RJ,2016,0
FMAC,Febre Maculosa,330030,Barra do Pirai,RJ,2017,1
FMAC,Febre Maculosa,330030,Barra do Pirai,RJ,2018,0
FMAC,Febre Maculosa,330030,Barra do Pirai,RJ,2019,3
FMAC,Febre Maculosa,330030,Barra do Pirai,RJ,2020,1
FMAC,Febre Maculosa,330030,Barra do Pirai,RJ,2021,1
FMAC,Febre Maculosa,330030,Barra do Pirai,RJ,2022,0
FMAC,Febre Maculosa,330030,Barra do Pirai,RJ,2023,0
FMAC,Febre Maculosa,330030,Barra do Pirai,RJ,2024,0
FMAC,Febre Maculosa,330030,Barra do Pirai,RJ,2025,0
FMAC,Febre Maculosa,330040,Barra Mansa,RJ,2001,0
FMAC,Febre Maculosa,330040,Barra Mansa,RJ,2006,0
FMAC,Febre Maculosa,330040,Barra Mansa,RJ,2007,0
FMAC,Febre Maculosa,330040,Barra Mansa,RJ,2008,0
FMAC,Febre Maculosa,330040,Barra Mansa,RJ,2009,0
FMAC,Febre Maculosa,330040,Barra Mansa,RJ,2010,0
FMAC,Febre Maculosa,330040,Barra Mansa,RJ,2011,0
FMAC,Febre Maculosa,330040,Barra Mansa,RJ,2012,0
FMAC,Febre Maculosa,330040,Barra Mansa,RJ,2013,0
FMAC,Febre Maculosa,330040,Barra Mansa,RJ,2014,0
FMAC,Febre Maculosa,330040,Barra Mansa,RJ,2015,0
FMAC,Febre Maculosa,330040,Barra Mansa,RJ,2016,1
FMAC,Febre Maculosa,330040,Barra Mansa,RJ,2017,0
FMAC,Febre Maculosa,330040,Barra Mansa,RJ,2018,1
FMAC,Febre Maculosa,330040,Barra Mansa,RJ,2019,1
FMAC,Febre Maculosa,330040,Barra Mansa,RJ,2020,0
FMAC,Febre Maculosa,330040,Barra Mansa,RJ,2021,0
FMAC,Febre Maculosa,330040,Barra Mansa,RJ,2022,0
FMAC,Febre Maculosa,330040,Barra Mansa,RJ,2023,1
FMAC,Febre Maculosa,330040,Barra Mansa,RJ,2024,0
FMAC,Febre Maculosa,330040,Barra Mansa,RJ,2025,0
FMAC,Febre Maculosa,330045,Belford Roxo,RJ,2001,0
FMAC,Febre Maculosa,330045,Belford Roxo,RJ,2006,0
FMAC,Febre Maculosa,330045,Belford Roxo,RJ,2007,0
FMAC,Febre Maculosa,330045,Belford Roxo,RJ,2008,0
FMAC,Febre Maculosa,330045,Belford Roxo,RJ,2009,0
FMAC,Febre Maculosa,330045,Belford Roxo,RJ,2010,0
FMAC,Febre Maculosa,330045,Belford Roxo,RJ,2011,0
FMAC,Febre Maculosa,330045,Belford Roxo,RJ,2012,1
FMAC,Febre Maculosa,330045,Belford Roxo,RJ,2013,0
FMAC,Febre Maculosa,330045,Belford Roxo,RJ,2014,0
FMAC,Febre Maculosa,330045,Belford Roxo,RJ,2015,0
FMAC,Febre Maculosa,330045,Belford Roxo,RJ,2016,0
FMAC,Febre Maculosa,330045,Belford Roxo,RJ,2017,0
FMAC,Febre Maculosa,330045,Belford Roxo,RJ,2018,0
FMAC,Febre Maculosa,330045,Belford Roxo,RJ,2019,0
FMAC,Febre Maculosa,330045,Belford Roxo,RJ,2020,0
FMAC,Febre Maculosa,330045,Belford Roxo,RJ,2021,0
FMAC,Febre Maculosa,330045,Belford Roxo,RJ,2022,1
FMAC,Febre Maculosa,330045,Belford Roxo,RJ,2023,0
FMAC,Febre Maculosa,330045,Belford Roxo,RJ,2024,0
FMAC,Febre Maculosa,330045,Belford Roxo,RJ,2025,0
FMAC,Febre Maculosa,330050,Bom Jardim,RJ,2001,0
FMAC,Febre Maculosa,330050,Bom Jardim,RJ,2006,0
FMAC,Febre Maculosa,330050,Bom Jardim,RJ,2007,0
FMAC,Febre Maculosa,330050,Bom Jardim,RJ,2008,0
FMAC,Febre Maculosa,330050,Bom Jardim,RJ,2009,1
FMAC,Febre Maculosa,330050,Bom Jardim,RJ,2010,0
FMAC,Febre Maculosa,330050,Bom Jardim,RJ,2011,0
FMAC,Febre Maculosa,330050,Bom Jardim,RJ,2012,0
FMAC,Febre Maculosa,330050,Bom Jardim,RJ,2013,0
FMAC,Febre Maculosa,330050,Bom Jardim,RJ,2014,1
FMAC,Febre Maculosa,330050,Bom Jardim,RJ,2015,0
FMAC,Febre Maculosa,330050,Bom Jardim,RJ,2016,0
FMAC,Febre Maculosa,330050,Bom Jardim,RJ,2017,0
FMAC,Febre Maculosa,330050,Bom Jardim,RJ,2018,0
FMAC,Febre Maculosa,330050,Bom Jardim,RJ,2019,0
FMAC,Febre Maculosa,330050,Bom Jardim,RJ,2020,0
FMAC,Febre Maculosa,330050,Bom Jardim,RJ,2021,0
FMAC,Febre Maculosa,330050,Bom Jardim,RJ,2022,0
FMAC,Febre Maculosa,330050,Bom Jardim,RJ,2023,0
FMAC,Febre Maculosa,330050,Bom Jardim,RJ,2024,0
FMAC,Febre Maculosa,330050,Bom Jardim,RJ,2025,0
FMAC,Febre Maculosa,330060,Bom Jesus do Itabapoana,RJ,2001,0
FMAC,Febre Maculosa,330060,Bom Jesus do Itabapoana,RJ,2006,0
FMAC,Febre Maculosa,330060,Bom Jesus do Itabapoana,RJ,2007,0
FMAC,Febre Maculosa,330060,Bom Jesus do Itabapoana,RJ,2008,0
FMAC,Febre Maculosa,330060,Bom Jesus do Itabapoana,RJ,2009,0
FMAC,Febre Maculosa,330060,Bom Jesus do Itabapoana,RJ,2010,0
FMAC,Febre Maculosa,330060,Bom Jesus do Itabapoana,RJ,2011,0
FMAC,Febre Maculosa,330060,Bom Jesus do Itabapoana,RJ,2012,0
FMAC,Febre Maculosa,330060,Bom Jesus do Itabapoana,RJ,2013,0
FMAC,Febre Maculosa,330060,Bom Jesus do Itabapoana,RJ,2014,0
FMAC,Febre Maculosa,330060,Bom Jesus do Itabapoana,RJ,2015,1
FMAC,Febre Maculosa,330060,Bom Jesus do Itabapoana,RJ,2016,1
FMAC,Febre Maculosa,330060,Bom Jesus do Itabapoana,RJ,2017,0
FMAC,Febre Maculosa,330060,Bom Jesus do Itabapoana,RJ,2018,0
FMAC,Febre Maculosa,330060,Bom Jesus do Itabapoana,RJ,2019,0
FMAC,Febre Maculosa,330060,Bom Jesus do Itabapoana,RJ,2020,0
FMAC,Febre Maculosa,330060,Bom Jesus do Itabapoana,RJ,2021,0
FMAC,Febre Maculosa,330060,Bom Jesus do Itabapoana,RJ,2022,0
FMAC,Febre Maculosa,330060,Bom Jesus do Itabapoana,RJ,2023,0
FMAC,Febre Maculosa,330060,Bom Jesus do Itabapoana,RJ,2024,0
FMAC,Febre Maculosa,330060,Bom Jesus do Itabapoana,RJ,2025,0
FMAC,Febre Maculosa,330095,Comendador Levy Gasparian,RJ,2001,0
FMAC,Febre Maculosa,330095,Comendador Levy Gasparian,RJ,2006,0
FMAC,Febre Maculosa,330095,Comendador Levy Gasparian,RJ,2007,0
FMAC,Febre Maculosa,330095,Comendador Levy Gasparian,RJ,2008,0
FMAC,Febre Maculosa,330095,Comendador Levy Gasparian,RJ,2009,0
FMAC,Febre Maculosa,330095,Comendador Levy Gasparian,RJ,2010,0
FMAC,Febre Maculosa,330095,Comendador Levy Gasparian,RJ,2011,0
FMAC,Febre Maculosa,330095,Comendador Levy Gasparian,RJ,2012,1
FMAC,Febre Maculosa,330095,Comendador Levy Gasparian,RJ,2013,0
FMAC,Febre Maculosa,330095,Comendador Levy Gasparian,RJ,2014,0
FMAC,Febre Maculosa,330095,Comendador Levy Gasparian,RJ,2015,0
FMAC,Febre Maculosa,330095,Comendador Levy Gasparian,RJ,2016,0
FMAC,Febre Maculosa,330095,Comendador Levy Gasparian,RJ,2017,0
FMAC,Febre Maculosa,330095,Comendador Levy Gasparian,RJ,2018,0
FMAC,Febre Maculosa,330095,Comendador Levy Gasparian,RJ,2019,0
FMAC,Febre Maculosa,330095,Comendador Levy Gasparian,RJ,2020,0
FMAC,Febre Maculosa,330095,Comendador Levy Gasparian,RJ,2021,0
FMAC,Febre Maculosa,330095,Comendador Levy Gasparian,RJ,2022,0
FMAC,Febre Maculosa,330095,Comendador Levy Gasparian,RJ,2023,0
FMAC,Febre Maculosa,330095,Comendador Levy Gasparian,RJ,2024,0
FMAC,Febre Maculosa,330095,Comendador Levy Gasparian,RJ,2025,0
FMAC,Febre Maculosa,330100,Campos Dos Goytacazes,RJ,2001,0
FMAC,Febre Maculosa,330100,Campos Dos Goytacazes,RJ,2006,0
FMAC,Febre Maculosa,330100,Campos Dos Goytacazes,RJ,2007,0
FMAC,Febre Maculosa,330100,Campos Dos Goytacazes,RJ,2008,0
FMAC,Febre Maculosa,330100,Campos Dos Goytacazes,RJ,2009,0
FMAC,Febre Maculosa,330100,Campos Dos Goytacazes,RJ,2010,1
FMAC,Febre Maculosa,330100,Campos Dos Goytacazes,RJ,2011,0
FMAC,Febre Maculosa,330100,Campos Dos Goytacazes,RJ,2012,0
FMAC,Febre Maculosa,330100,Campos Dos Goytacazes,RJ,2013,0
FMAC,Febre Maculosa,330100,Campos Dos Goytacazes,RJ,2014,0
FMAC,Febre Maculosa,330100,Campos Dos Goytacazes,RJ,2015,1
FMAC,Febre Maculosa,330100,Campos Dos Goytacazes,RJ,2016,1
FMAC,Febre Maculosa,330100,Campos Dos Goytacazes,RJ,2017,0
FMAC,Febre Maculosa,330100,Campos Dos Goytacazes,RJ,2018,0
FMAC,Febre Maculosa,330100,Campos Dos Goytacazes,RJ,2019,0
FMAC,Febre Maculosa,330100,Campos Dos Goytacazes,RJ,2020,0
FMAC,Febre Maculosa,330100,Campos Dos Goytacazes,RJ,2021,1
FMAC,Febre Maculosa,330100,Campos Dos Goytacazes,RJ,2022,9
FMAC,Febre Maculosa,330100,Campos Dos Goytacazes,RJ,2023,10
FMAC,Febre Maculosa,330100,Campos Dos Goytacazes,RJ,2024,23
FMAC,Febre Maculosa,330100,Campos Dos Goytacazes,RJ,2025,10
FMAC,Febre Maculosa,330120,Carmo,RJ,2001,0
FMAC,Febre Maculosa,330120,Carmo,RJ,2006,0
FMAC,Febre Maculosa,330120,Carmo,RJ,2007,0
FMAC,Febre Maculosa,330120,Carmo,RJ,2008,0
FMAC,Febre Maculosa,330120,Carmo,RJ,2009,0
FMAC,Febre Maculosa,330120,Carmo,RJ,2010,0
FMAC,Febre Maculosa,330120,Carmo,RJ,2011,0
FMAC,Febre Maculosa,330120,Carmo,RJ,2012,0
FMAC,Febre Maculosa,330120,Carmo,RJ,2013,0
FMAC,Febre Maculosa,330120,Carmo,RJ,2014,0
FMAC,Febre Maculosa,330120,Carmo,RJ,2015,0
FMAC,Febre Maculosa,330120,Carmo,RJ,2016,0
FMAC,Febre Maculosa,330120,Carmo,RJ,2017,0
FMAC,Febre Maculosa,330120,Carmo,RJ,2018,0
FMAC,Febre Maculosa,330120,Carmo,RJ,2019,0
FMAC,Febre Maculosa,330120,Carmo,RJ,2020,0
FMAC,Febre Maculosa,330120,Carmo,RJ,2021,0
FMAC,Febre Maculosa,330120,Carmo,RJ,2022,0
FMAC,Febre Maculosa,330120,Carmo,RJ,2023,1
FMAC,Febre Maculosa,330120,Carmo,RJ,2024,1
FMAC,Febre Maculosa,330120,Carmo,RJ,2025,0
FMAC,Febre Maculosa,330130,Casimiro de Abreu,RJ,2001,0
FMAC,Febre Maculosa,330130,Casimiro de Abreu,RJ,2006,0
FMAC,Febre Maculosa,330130,Casimiro de Abreu,RJ,2007,0
FMAC,Febre Maculosa,330130,Casimiro de Abreu,RJ,2008,0
FMAC,Febre Maculosa,330130,Casimiro de Abreu,RJ,2009,0
FMAC,Febre Maculosa,330130,Casimiro de Abreu,RJ,2010,0
FMAC,Febre Maculosa,330130,Casimiro de Abreu,RJ,2011,0
FMAC,Febre Maculosa,330130,Casimiro de Abreu,RJ,2012,0
FMAC,Febre Maculosa,330130,Casimiro de Abreu,RJ,2013,0
FMAC,Febre Maculosa,330130,Casimiro de Abreu,RJ,2014,0
FMAC,Febre Maculosa,330130,Casimiro de Abreu,RJ,2015,0
FMAC,Febre Maculosa,330130,Casimiro de Abreu,RJ,2016,0
FMAC,Febre Maculosa,330130,Casimiro de Abreu,RJ,2017,0
FMAC,Febre Maculosa,330130,Casimiro de Abreu,RJ,2018,0
FMAC,Febre Maculosa,330130,Casimiro de Abreu,RJ,2019,1
FMAC,Febre Maculosa,330130,Casimiro de Abreu,RJ,2020,0
FMAC,Febre Maculosa,330130,Casimiro de Abreu,RJ,2021,0
FMAC,Febre Maculosa,330130,Casimiro de Abreu,RJ,2022,0
FMAC,Febre Maculosa,330130,Casimiro de Abreu,RJ,2023,0
FMAC,Febre Maculosa,330130,Casimiro de Abreu,RJ,2024,0
FMAC,Febre Maculosa,330130,Casimiro de Abreu,RJ,2025,0
FMAC,Febre Maculosa,330170,Duque de Caxias,RJ,2001,0
FMAC,Febre Maculosa,330170,Duque de Caxias,RJ,2006,0
FMAC,Febre Maculosa,330170,Duque de Caxias,RJ,2007,0
FMAC,Febre Maculosa,330170,Duque de Caxias,RJ,2008,0
FMAC,Febre Maculosa,330170,Duque de Caxias,RJ,2009,0
FMAC,Febre Maculosa,330170,Duque de Caxias,RJ,2010,0
FMAC,Febre Maculosa,330170,Duque de Caxias,RJ,2011,0
FMAC,Febre Maculosa,330170,Duque de Caxias,RJ,2012,0
FMAC,Febre Maculosa,330170,Duque de Caxias,RJ,2013,0
FMAC,Febre Maculosa,330170,Duque de Caxias,RJ,2014,0
FMAC,Febre Maculosa,330170,Duque de Caxias,RJ,2015,0
FMAC,Febre Maculosa,330170,Duque de Caxias,RJ,2016,0
FMAC,Febre Maculosa,330170,Duque de Caxias,RJ,2017,0
FMAC,Febre Maculosa,330170,Duque de Caxias,RJ,2018,0
FMAC,Febre Maculosa,330170,Duque de Caxias,RJ,2019,0
FMAC,Febre Maculosa,330170,Duque de Caxias,RJ,2020,1
FMAC,Febre Maculosa,330170,Duque de Caxias,RJ,2021,0
FMAC,Febre Maculosa,330170,Duque de Caxias,RJ,2022,0
FMAC,Febre Maculosa,330170,Duque de Caxias,RJ,2023,0
FMAC,Febre Maculosa,330170,Duque de Caxias,RJ,2024,0
FMAC,Febre Maculosa,330170,Duque de Caxias,RJ,2025,1
FMAC,Febre Maculosa,330190,Itaborai,RJ,2001,0
FMAC,Febre Maculosa,330190,Itaborai,RJ,2006,0
FMAC,Febre Maculosa,330190,Itaborai,RJ,2007,0
FMAC,Febre Maculosa,330190,Itaborai,RJ,2008,0
FMAC,Febre Maculosa,330190,Itaborai,RJ,2009,0
FMAC,Febre Maculosa,330190,Itaborai,RJ,2010,1
FMAC,Febre Maculosa,330190,Itaborai,RJ,2011,0
FMAC,Febre Maculosa,330190,Itaborai,RJ,2012,0
FMAC,Febre Maculosa,330190,Itaborai,RJ,2013,0
FMAC,Febre Maculosa,330190,Itaborai,RJ,2014,0
FMAC,Febre Maculosa,330190,Itaborai,RJ,2015,0
FMAC,Febre Maculosa,330190,Itaborai,RJ,2016,0
FMAC,Febre Maculosa,330190,Itaborai,RJ,2017,0
FMAC,Febre Maculosa,330190,Itaborai,RJ,2018,0
FMAC,Febre Maculosa,330190,Itaborai,RJ,2019,0
FMAC,Febre Maculosa,330190,Itaborai,RJ,2020,0
FMAC,Febre Maculosa,330190,Itaborai,RJ,2021,0
FMAC,Febre Maculosa,330190,Itaborai,RJ,2022,0
FMAC,Febre Maculosa,330190,Itaborai,RJ,2023,0
FMAC,Febre Maculosa,330190,Itaborai,RJ,2024,0
FMAC,Febre Maculosa,330190,Itaborai,RJ,2025,0
FMAC,Febre Maculosa,330200,Itaguai,RJ,2001,0
FMAC,Febre Maculosa,330200,Itaguai,RJ,2006,0
FMAC,Febre Maculosa,330200,Itaguai,RJ,2007,1
FMAC,Febre Maculosa,330200,Itaguai,RJ,2008,0
FMAC,Febre Maculosa,330200,Itaguai,RJ,2009,0
FMAC,Febre Maculosa,330200,Itaguai,RJ,2010,0
FMAC,Febre Maculosa,330200,Itaguai,RJ,2011,0
FMAC,Febre Maculosa,330200,Itaguai,RJ,2012,0
FMAC,Febre Maculosa,330200,Itaguai,RJ,2013,0
FMAC,Febre Maculosa,330200,Itaguai,RJ,2014,0
FMAC,Febre Maculosa,330200,Itaguai,RJ,2015,0
FMAC,Febre Maculosa,330200,Itaguai,RJ,2016,0
FMAC,Febre Maculosa,330200,Itaguai,RJ,2017,0
FMAC,Febre Maculosa,330200,Itaguai,RJ,2018,0
FMAC,Febre Maculosa,330200,Itaguai,RJ,2019,0
FMAC,Febre Maculosa,330200,Itaguai,RJ,2020,0
FMAC,Febre Maculosa,330200,Itaguai,RJ,2021,0
FMAC,Febre Maculosa,330200,Itaguai,RJ,2022,1
FMAC,Febre Maculosa,330200,Itaguai,RJ,2023,0
FMAC,Febre Maculosa,330200,Itaguai,RJ,2024,0
FMAC,Febre Maculosa,330200,Itaguai,RJ,2025,0
FMAC,Febre Maculosa,330205,Italva,RJ,2001,0
FMAC,Febre Maculosa,330205,Italva,RJ,2006,0
FMAC,Febre Maculosa,330205,Italva,RJ,2007,0
FMAC,Febre Maculosa,330205,Italva,RJ,2008,0
FMAC,Febre Maculosa,330205,Italva,RJ,2009,0
FMAC,Febre Maculosa,330205,Italva,RJ,2010,0
FMAC,Febre Maculosa,330205,Italva,RJ,2011,0
FMAC,Febre Maculosa,330205,Italva,RJ,2012,0
FMAC,Febre Maculosa,330205,Italva,RJ,2013,0
FMAC,Febre Maculosa,330205,Italva,RJ,2014,0
FMAC,Febre Maculosa,330205,Italva,RJ,2015,0
FMAC,Febre Maculosa,330205,Italva,RJ,2016,0
FMAC,Febre Maculosa,330205,Italva,RJ,2017,0
FMAC,Febre Maculosa,330205,Italva,RJ,2018,0
FMAC,Febre Maculosa,330205,Italva,RJ,2019,0
FMAC,Febre Maculosa,330205,Italva,RJ,2020,0
FMAC,Febre Maculosa,330205,Italva,RJ,2021,0
FMAC,Febre Maculosa,330205,Italva,RJ,2022,1
FMAC,Febre Maculosa,330205,Italva,RJ,2023,0
FMAC,Febre Maculosa,330205,Italva,RJ,2024,1
FMAC,Febre Maculosa,330205,Italva,RJ,2025,2
FMAC,Febre Maculosa,330220,Itaperuna,RJ,2001,0
FMAC,Febre Maculosa,330220,Itaperuna,RJ,2006,0
FMAC,Febre Maculosa,330220,Itaperuna,RJ,2007,0
FMAC,Febre Maculosa,330220,Itaperuna,RJ,2008,2
FMAC,Febre Maculosa,330220,Itaperuna,RJ,2009,0
FMAC,Febre Maculosa,330220,Itaperuna,RJ,2010,2
FMAC,Febre Maculosa,330220,Itaperuna,RJ,2011,5
FMAC,Febre Maculosa,330220,Itaperuna,RJ,2012,1
FMAC,Febre Maculosa,330220,Itaperuna,RJ,2013,0
FMAC,Febre Maculosa,330220,Itaperuna,RJ,2014,8
FMAC,Febre Maculosa,330220,Itaperuna,RJ,2015,5
FMAC,Febre Maculosa,330220,Itaperuna,RJ,2016,5
FMAC,Febre Maculosa,330220,Itaperuna,RJ,2017,7
FMAC,Febre Maculosa,330220,Itaperuna,RJ,2018,3
FMAC,Febre Maculosa,330220,Itaperuna,RJ,2019,10
FMAC,Febre Maculosa,330220,Itaperuna,RJ,2020,5
FMAC,Febre Maculosa,330220,Itaperuna,RJ,2021,8
FMAC,Febre Maculosa,330220,Itaperuna,RJ,2022,3
FMAC,Febre Maculosa,330220,Itaperuna,RJ,2023,5
FMAC,Febre Maculosa,330220,Itaperuna,RJ,2024,3
FMAC,Febre Maculosa,330220,Itaperuna,RJ,2025,1
FMAC,Febre Maculosa,330225,Itatiaia,RJ,2001,0
FMAC,Febre Maculosa,330225,Itatiaia,RJ,2006,0
FMAC,Febre Maculosa,330225,Itatiaia,RJ,2007,0
FMAC,Febre Maculosa,330225,Itatiaia,RJ,2008,0
FMAC,Febre Maculosa,330225,Itatiaia,RJ,2009,0
FMAC,Febre Maculosa,330225,Itatiaia,RJ,2010,0
FMAC,Febre Maculosa,330225,Itatiaia,RJ,2011,0
FMAC,Febre Maculosa,330225,Itatiaia,RJ,2012,0
FMAC,Febre Maculosa,330225,Itatiaia,RJ,2013,0
FMAC,Febre Maculosa,330225,Itatiaia,RJ,2014,0
FMAC,Febre Maculosa,330225,Itatiaia,RJ,2015,0
FMAC,Febre Maculosa,330225,Itatiaia,RJ,2016,0
FMAC,Febre Maculosa,330225,Itatiaia,RJ,2017,0
FMAC,Febre Maculosa,330225,Itatiaia,RJ,2018,0
FMAC,Febre Maculosa,330225,Itatiaia,RJ,2019,1
FMAC,Febre Maculosa,330225,Itatiaia,RJ,2020,0
FMAC,Febre Maculosa,330225,Itatiaia,RJ,2021,0
FMAC,Febre Maculosa,330225,Itatiaia,RJ,2022,0
FMAC,Febre Maculosa,330225,Itatiaia,RJ,2023,0
FMAC,Febre Maculosa,330225,Itatiaia,RJ,2024,0
FMAC,Febre Maculosa,330225,Itatiaia,RJ,2025,0
FMAC,Febre Maculosa,330227,Japeri,RJ,2001,0
FMAC,Febre Maculosa,330227,Japeri,RJ,2006,0
FMAC,Febre Maculosa,330227,Japeri,RJ,2007,2
FMAC,Febre Maculosa,330227,Japeri,RJ,2008,0
FMAC,Febre Maculosa,330227,Japeri,RJ,2009,0
FMAC,Febre Maculosa,330227,Japeri,RJ,2010,1
FMAC,Febre Maculosa,330227,Japeri,RJ,2011,0
FMAC,Febre Maculosa,330227,Japeri,RJ,2012,0
FMAC,Febre Maculosa,330227,Japeri,RJ,2013,0
FMAC,Febre Maculosa,330227,Japeri,RJ,2014,0
FMAC,Febre Maculosa,330227,Japeri,RJ,2015,0
FMAC,Febre Maculosa,330227,Japeri,RJ,2016,0
FMAC,Febre Maculosa,330227,Japeri,RJ,2017,0
FMAC,Febre Maculosa,330227,Japeri,RJ,2018,0
FMAC,Febre Maculosa,330227,Japeri,RJ,2019,0
FMAC,Febre Maculosa,330227,Japeri,RJ,2020,0
FMAC,Febre Maculosa,330227,Japeri,RJ,2021,0
FMAC,Febre Maculosa,330227,Japeri,RJ,2022,0
FMAC,Febre Maculosa,330227,Japeri,RJ,2023,0
FMAC,Febre Maculosa,330227,Japeri,RJ,2024,0
FMAC,Febre Maculosa,330227,Japeri,RJ,2025,0
FMAC,Febre Maculosa,330250,Mage,RJ,2001,0
FMAC,Febre Maculosa,330250,Mage,RJ,2006,0
FMAC,Febre Maculosa,330250,Mage,RJ,2007,0
FMAC,Febre Maculosa,330250,Mage,RJ,2008,0
FMAC,Febre Maculosa,330250,Mage,RJ,2009,0
FMAC,Febre Maculosa,330250,Mage,RJ,2010,0
FMAC,Febre Maculosa,330250,Mage,RJ,2011,0
FMAC,Febre Maculosa,330250,Mage,RJ,2012,0
FMAC,Febre Maculosa,330250,Mage,RJ,2013,0
FMAC,Febre Maculosa,330250,Mage,RJ,2014,2
FMAC,Febre Maculosa,330250,Mage,RJ,2015,1
FMAC,Febre Maculosa,330250,Mage,RJ,2016,0
FMAC,Febre Maculosa,330250,Mage,RJ,2017,0
FMAC,Febre Maculosa,330250,Mage,RJ,2018,0
FMAC,Febre Maculosa,330250,Mage,RJ,2019,0
FMAC,Febre Maculosa,330250,Mage,RJ,2020,1
FMAC,Febre Maculosa,330250,Mage,RJ,2021,0
FMAC,Febre Maculosa,330250,Mage,RJ,2022,0
FMAC,Febre Maculosa,330250,Mage,RJ,2023,0
FMAC,Febre Maculosa,330250,Mage,RJ,2024,0
FMAC,Febre Maculosa,330250,Mage,RJ,2025,0
FMAC,Febre Maculosa,330310,Natividade,RJ,2001,0
FMAC,Febre Maculosa,330310,Natividade,RJ,2006,0
FMAC,Febre Maculosa,330310,Natividade,RJ,2007,0
FMAC,Febre Maculosa,330310,Natividade,RJ,2008,0
FMAC,Febre Maculosa,330310,Natividade,RJ,2009,0
FMAC,Febre Maculosa,330310,Natividade,RJ,2010,0
FMAC,Febre Maculosa,330310,Natividade,RJ,2011,0
FMAC,Febre Maculosa,330310,Natividade,RJ,2012,0
FMAC,Febre Maculosa,330310,Natividade,RJ,2013,0
FMAC,Febre Maculosa,330310,Natividade,RJ,2014,0
FMAC,Febre Maculosa,330310,Natividade,RJ,2015,0
FMAC,Febre Maculosa,330310,Natividade,RJ,2016,0
FMAC,Febre Maculosa,330310,Natividade,RJ,2017,0
FMAC,Febre Maculosa,330310,Natividade,RJ,2018,0
FMAC,Febre Maculosa,330310,Natividade,RJ,2019,2
FMAC,Febre Maculosa,330310,Natividade,RJ,2020,0
FMAC,Febre Maculosa,330310,Natividade,RJ,2021,1
FMAC,Febre Maculosa,330310,Natividade,RJ,2022,1
FMAC,Febre Maculosa,330310,Natividade,RJ,2023,0
FMAC,Febre Maculosa,330310,Natividade,RJ,2024,0
FMAC,Febre Maculosa,330310,Natividade,RJ,2025,0
FMAC,Febre Maculosa,330330,Niteroi,RJ,2001,0
FMAC,Febre Maculosa,330330,Niteroi,RJ,2006,0
FMAC,Febre Maculosa,330330,Niteroi,RJ,2007,0
FMAC,Febre Maculosa,330330,Niteroi,RJ,2008,0
FMAC,Febre Maculosa,330330,Niteroi,RJ,2009,1
FMAC,Febre Maculosa,330330,Niteroi,RJ,2010,1
FMAC,Febre Maculosa,330330,Niteroi,RJ,2011,0
FMAC,Febre Maculosa,330330,Niteroi,RJ,2012,0
FMAC,Febre Maculosa,330330,Niteroi,RJ,2013,0
FMAC,Febre Maculosa,330330,Niteroi,RJ,2014,0
FMAC,Febre Maculosa,330330,Niteroi,RJ,2015,0
FMAC,Febre Maculosa,330330,Niteroi,RJ,2016,0
FMAC,Febre Maculosa,330330,Niteroi,RJ,2017,0
FMAC,Febre Maculosa,330330,Niteroi,RJ,2018,0
FMAC,Febre Maculosa,330330,Niteroi,RJ,2019,0
FMAC,Febre Maculosa,330330,Niteroi,RJ,2020,0
FMAC,Febre Maculosa,330330,Niteroi,RJ,2021,0
FMAC,Febre Maculosa,330330,Niteroi,RJ,2022,0
FMAC,Febre Maculosa,330330,Niteroi,RJ,2023,0
FMAC,Febre Maculosa,330330,Niteroi,RJ,2024,0
FMAC,Febre Maculosa,330330,Niteroi,RJ,2025,0
FMAC,Febre Maculosa,330340,Nova Friburgo,RJ,2001,0
FMAC,Febre Maculosa,330340,Nova Friburgo,RJ,2006,0
FMAC,Febre Maculosa,330340,Nova Friburgo,RJ,2007,0
FMAC,Febre Maculosa,330340,Nova Friburgo,RJ,2008,2
FMAC,Febre Maculosa,330340,Nova Friburgo,RJ,2009,1
FMAC,Febre Maculosa,330340,Nova Friburgo,RJ,2010,0
FMAC,Febre Maculosa,330340,Nova Friburgo,RJ,2011,0
FMAC,Febre Maculosa,330340,Nova Friburgo,RJ,2012,0
FMAC,Febre Maculosa,330340,Nova Friburgo,RJ,2013,0
FMAC,Febre Maculosa,330340,Nova Friburgo,RJ,2014,0
FMAC,Febre Maculosa,330340,Nova Friburgo,RJ,2015,0
FMAC,Febre Maculosa,330340,Nova Friburgo,RJ,2016,0
FMAC,Febre Maculosa,330340,Nova Friburgo,RJ,2017,0
FMAC,Febre Maculosa,330340,Nova Friburgo,RJ,2018,0
FMAC,Febre Maculosa,330340,Nova Friburgo,RJ,2019,0
FMAC,Febre Maculosa,330340,Nova Friburgo,RJ,2020,0
FMAC,Febre Maculosa,330340,Nova Friburgo,RJ,2021,0
FMAC,Febre Maculosa,330340,Nova Friburgo,RJ,2022,0
FMAC,Febre Maculosa,330340,Nova Friburgo,RJ,2023,0
FMAC,Febre Maculosa,330340,Nova Friburgo,RJ,2024,0
FMAC,Febre Maculosa,330340,Nova Friburgo,RJ,2025,0
FMAC,Febre Maculosa,330350,Nova Iguacu,RJ,2001,0
FMAC,Febre Maculosa,330350,Nova Iguacu,RJ,2006,0
FMAC,Febre Maculosa,330350,Nova Iguacu,RJ,2007,0
FMAC,Febre Maculosa,330350,Nova Iguacu,RJ,2008,0
FMAC,Febre Maculosa,330350,Nova Iguacu,RJ,2009,0
FMAC,Febre Maculosa,330350,Nova Iguacu,RJ,2010,0
FMAC,Febre Maculosa,330350,Nova Iguacu,RJ,2011,0
FMAC,Febre Maculosa,330350,Nova Iguacu,RJ,2012,0
FMAC,Febre Maculosa,330350,Nova Iguacu,RJ,2013,0
FMAC,Febre Maculosa,330350,Nova Iguacu,RJ,2014,0
FMAC,Febre Maculosa,330350,Nova Iguacu,RJ,2015,0
FMAC,Febre Maculosa,330350,Nova Iguacu,RJ,2016,0
FMAC,Febre Maculosa,330350,Nova Iguacu,RJ,2017,1
FMAC,Febre Maculosa,330350,Nova Iguacu,RJ,2018,0
FMAC,Febre Maculosa,330350,Nova Iguacu,RJ,2019,0
FMAC,Febre Maculosa,330350,Nova Iguacu,RJ,2020,0
FMAC,Febre Maculosa,330350,Nova Iguacu,RJ,2021,2
FMAC,Febre Maculosa,330350,Nova Iguacu,RJ,2022,0
FMAC,Febre Maculosa,330350,Nova Iguacu,RJ,2023,0
FMAC,Febre Maculosa,330350,Nova Iguacu,RJ,2024,2
FMAC,Febre Maculosa,330350,Nova Iguacu,RJ,2025,0
FMAC,Febre Maculosa,330370,Paraiba do Sul,RJ,2001,0
FMAC,Febre Maculosa,330370,Paraiba do Sul,RJ,2006,0
FMAC,Febre Maculosa,330370,Paraiba do Sul,RJ,2007,0
FMAC,Febre Maculosa,330370,Paraiba do Sul,RJ,2008,0
FMAC,Febre Maculosa,330370,Paraiba do Sul,RJ,2009,0
FMAC,Febre Maculosa,330370,Paraiba do Sul,RJ,2010,0
FMAC,Febre Maculosa,330370,Paraiba do Sul,RJ,2011,0
FMAC,Febre Maculosa,330370,Paraiba do Sul,RJ,2012,0
FMAC,Febre Maculosa,330370,Paraiba do Sul,RJ,2013,0
FMAC,Febre Maculosa,330370,Paraiba do Sul,RJ,2014,0
FMAC,Febre Maculosa,330370,Paraiba do Sul,RJ,2015,0
FMAC,Febre Maculosa,330370,Paraiba do Sul,RJ,2016,0
FMAC,Febre Maculosa,330370,Paraiba do Sul,RJ,2017,1
FMAC,Febre Maculosa,330370,Paraiba do Sul,RJ,2018,2
FMAC,Febre Maculosa,330370,Paraiba do Sul,RJ,2019,1
FMAC,Febre Maculosa,330370,Paraiba do Sul,RJ,2020,0
FMAC,Febre Maculosa,330370,Paraiba do Sul,RJ,2021,1
FMAC,Febre Maculosa,330370,Paraiba do Sul,RJ,2022,0
FMAC,Febre Maculosa,330370,Paraiba do Sul,RJ,2023,0
FMAC,Febre Maculosa,330370,Paraiba do Sul,RJ,2024,0
FMAC,Febre Maculosa,330370,Paraiba do Sul,RJ,2025,3
FMAC,Febre Maculosa,330380,Paraty,RJ,2001,0
FMAC,Febre Maculosa,330380,Paraty,RJ,2006,0
FMAC,Febre Maculosa,330380,Paraty,RJ,2007,0
FMAC,Febre Maculosa,330380,Paraty,RJ,2008,0
FMAC,Febre Maculosa,330380,Paraty,RJ,2009,2
FMAC,Febre Maculosa,330380,Paraty,RJ,2010,0
FMAC,Febre Maculosa,330380,Paraty,RJ,2011,2
FMAC,Febre Maculosa,330380,Paraty,RJ,2012,0
FMAC,Febre Maculosa,330380,Paraty,RJ,2013,0
FMAC,Febre Maculosa,330380,Paraty,RJ,2014,1
FMAC,Febre Maculosa,330380,Paraty,RJ,2015,1
FMAC,Febre Maculosa,330380,Paraty,RJ,2016,0
FMAC,Febre Maculosa,330380,Paraty,RJ,2017,0
FMAC,Febre Maculosa,330380,Paraty,RJ,2018,1
FMAC,Febre Maculosa,330380,Paraty,RJ,2019,1
FMAC,Febre Maculosa,330380,Paraty,RJ,2020,0
FMAC,Febre Maculosa,330380,Paraty,RJ,2021,0
FMAC,Febre Maculosa,330380,Paraty,RJ,2022,0
FMAC,Febre Maculosa,330380,Paraty,RJ,2023,0
FMAC,Febre Maculosa,330380,Paraty,RJ,2024,2
FMAC,Febre Maculosa,330380,Paraty,RJ,2025,1
FMAC,Febre Maculosa,330385,Paty do Alferes,RJ,2001,0
FMAC,Febre Maculosa,330385,Paty do Alferes,RJ,2006,0
FMAC,Febre Maculosa,330385,Paty do Alferes,RJ,2007,0
FMAC,Febre Maculosa,330385,Paty do Alferes,RJ,2008,0
FMAC,Febre Maculosa,330385,Paty do Alferes,RJ,2009,0
FMAC,Febre Maculosa,330385,Paty do Alferes,RJ,2010,0
FMAC,Febre Maculosa,330385,Paty do Alferes,RJ,2011,0
FMAC,Febre Maculosa,330385,Paty do Alferes,RJ,2012,0
FMAC,Febre Maculosa,330385,Paty do Alferes,RJ,2013,0
FMAC,Febre Maculosa,330385,Paty do Alferes,RJ,2014,0
FMAC,Febre Maculosa,330385,Paty do Alferes,RJ,2015,0
FMAC,Febre Maculosa,330385,Paty do Alferes,RJ,2016,0
FMAC,Febre Maculosa,330385,Paty do Alferes,RJ,2017,0
FMAC,Febre Maculosa,330385,Paty do Alferes,RJ,2018,0
FMAC,Febre Maculosa,330385,Paty do Alferes,RJ,2019,1
FMAC,Febre Maculosa,330385,Paty do Alferes,RJ,2020,0
FMAC,Febre Maculosa,330385,Paty do Alferes,RJ,2021,0
FMAC,Febre Maculosa,330385,Paty do Alferes,RJ,2022,0
FMAC,Febre Maculosa,330385,Paty do Alferes,RJ,2023,0
FMAC,Febre Maculosa,330385,Paty do Alferes,RJ,2024,0
FMAC,Febre Maculosa,330385,Paty do Alferes,RJ,2025,0
FMAC,Febre Maculosa,330390,Petropolis,RJ,2001,0
FMAC,Febre Maculosa,330390,Petropolis,RJ,2006,0
FMAC,Febre Maculosa,330390,Petropolis,RJ,2007,1
FMAC,Febre Maculosa,330390,Petropolis,RJ,2008,0
FMAC,Febre Maculosa,330390,Petropolis,RJ,2009,0
FMAC,Febre Maculosa,330390,Petropolis,RJ,2010,0
FMAC,Febre Maculosa,330390,Petropolis,RJ,2011,0
FMAC,Febre Maculosa,330390,Petropolis,RJ,2012,0
FMAC,Febre Maculosa,330390,Petropolis,RJ,2013,1
FMAC,Febre Maculosa,330390,Petropolis,RJ,2014,0
FMAC,Febre Maculosa,330390,Petropolis,RJ,2015,0
FMAC,Febre Maculosa,330390,Petropolis,RJ,2016,0
FMAC,Febre Maculosa,330390,Petropolis,RJ,2017,0
FMAC,Febre Maculosa,330390,Petropolis,RJ,2018,0
FMAC,Febre Maculosa,330390,Petropolis,RJ,2019,0
FMAC,Febre Maculosa,330390,Petropolis,RJ,2020,0
FMAC,Febre Maculosa,330390,Petropolis,RJ,2021,0
FMAC,Febre Maculosa,330390,Petropolis,RJ,2022,0
FMAC,Febre Maculosa,330390,Petropolis,RJ,2023,0
FMAC,Febre Maculosa,330390,Petropolis,RJ,2024,1
FMAC,Febre Maculosa,330390,Petropolis,RJ,2025,1
FMAC,Febre Maculosa,330395,Pinheiral,RJ,2001,0
FMAC,Febre Maculosa,330395,Pinheiral,RJ,2006,0
FMAC,Febre Maculosa,330395,Pinheiral,RJ,2007,0
FMAC,Febre Maculosa,330395,Pinheiral,RJ,2008,0
FMAC,Febre Maculosa,330395,Pinheiral,RJ,2009,0
FMAC,Febre Maculosa,330395,Pinheiral,RJ,2010,0
FMAC,Febre Maculosa,330395,Pinheiral,RJ,2011,0
FMAC,Febre Maculosa,330395,Pinheiral,RJ,2012,0
FMAC,Febre Maculosa,330395,Pinheiral,RJ,2013,0
FMAC,Febre Maculosa,330395,Pinheiral,RJ,2014,0
FMAC,Febre Maculosa,330395,Pinheiral,RJ,2015,0
FMAC,Febre Maculosa,330395,Pinheiral,RJ,2016,0
FMAC,Febre Maculosa,330395,Pinheiral,RJ,2017,0
FMAC,Febre Maculosa,330395,Pinheiral,RJ,2018,0
FMAC,Febre Maculosa,330395,Pinheiral,RJ,2019,1
FMAC,Febre Maculosa,330395,Pinheiral,RJ,2020,0
FMAC,Febre Maculosa,330395,Pinheiral,RJ,2021,0
FMAC,Febre Maculosa,330395,Pinheiral,RJ,2022,0
FMAC,Febre Maculosa,330395,Pinheiral,RJ,2023,0
FMAC,Febre Maculosa,330395,Pinheiral,RJ,2024,0
FMAC,Febre Maculosa,330395,Pinheiral,RJ,2025,0
FMAC,Febre Maculosa,330400,Pirai,RJ,2001,0
FMAC,Febre Maculosa,330400,Pirai,RJ,2006,0
FMAC,Febre Maculosa,330400,Pirai,RJ,2007,0
FMAC,Febre Maculosa,330400,Pirai,RJ,2008,0
FMAC,Febre Maculosa,330400,Pirai,RJ,2009,1
FMAC,Febre Maculosa,330400,Pirai,RJ,2010,0
FMAC,Febre Maculosa,330400,Pirai,RJ,2011,0
FMAC,Febre Maculosa,330400,Pirai,RJ,2012,0
FMAC,Febre Maculosa,330400,Pirai,RJ,2013,0
FMAC,Febre Maculosa,330400,Pirai,RJ,2014,0
FMAC,Febre Maculosa,330400,Pirai,RJ,2015,0
FMAC,Febre Maculosa,330400,Pirai,RJ,2016,1
FMAC,Febre Maculosa,330400,Pirai,RJ,2017,0
FMAC,Febre Maculosa,330400,Pirai,RJ,2018,1
FMAC,Febre Maculosa,330400,Pirai,RJ,2019,0
FMAC,Febre Maculosa,330400,Pirai,RJ,2020,0
FMAC,Febre Maculosa,330400,Pirai,RJ,2021,0
FMAC,Febre Maculosa,330400,Pirai,RJ,2022,0
FMAC,Febre Maculosa,330400,Pirai,RJ,2023,0
FMAC,Febre Maculosa,330400,Pirai,RJ,2024,0
FMAC,Febre Maculosa,330400,Pirai,RJ,2025,0
FMAC,Febre Maculosa,330410,Porciuncula,RJ,2001,0
FMAC,Febre Maculosa,330410,Porciuncula,RJ,2006,0
FMAC,Febre Maculosa,330410,Porciuncula,RJ,2007,0
FMAC,Febre Maculosa,330410,Porciuncula,RJ,2008,2
FMAC,Febre Maculosa,330410,Porciuncula,RJ,2009,0
FMAC,Febre Maculosa,330410,Porciuncula,RJ,2010,0
FMAC,Febre Maculosa,330410,Porciuncula,RJ,2011,4
FMAC,Febre Maculosa,330410,Porciuncula,RJ,2012,0
FMAC,Febre Maculosa,330410,Porciuncula,RJ,2013,0
FMAC,Febre Maculosa,330410,Porciuncula,RJ,2014,2
FMAC,Febre Maculosa,330410,Porciuncula,RJ,2015,0
FMAC,Febre Maculosa,330410,Porciuncula,RJ,2016,0
FMAC,Febre Maculosa,330410,Porciuncula,RJ,2017,0
FMAC,Febre Maculosa,330410,Porciuncula,RJ,2018,1
FMAC,Febre Maculosa,330410,Porciuncula,RJ,2019,1
FMAC,Febre Maculosa,330410,Porciuncula,RJ,2020,0
FMAC,Febre Maculosa,330410,Porciuncula,RJ,2021,0
FMAC,Febre Maculosa,330410,Porciuncula,RJ,2022,1
FMAC,Febre Maculosa,330410,Porciuncula,RJ,2023,0
FMAC,Febre Maculosa,330410,Porciuncula,RJ,2024,1
FMAC,Febre Maculosa,330410,Porciuncula,RJ,2025,0
FMAC,Febre Maculosa,330420,Resende,RJ,2001,0
FMAC,Febre Maculosa,330420,Resende,RJ,2006,0
FMAC,Febre Maculosa,330420,Resende,RJ,2007,0
FMAC,Febre Maculosa,330420,Resende,RJ,2008,0
FMAC,Febre Maculosa,330420,Resende,RJ,2009,0
FMAC,Febre Maculosa,330420,Resende,RJ,2010,0
FMAC,Febre Maculosa,330420,Resende,RJ,2011,0
FMAC,Febre Maculosa,330420,Resende,RJ,2012,0
FMAC,Febre Maculosa,330420,Resende,RJ,2013,0
FMAC,Febre Maculosa,330420,Resende,RJ,2014,0
FMAC,Febre Maculosa,330420,Resende,RJ,2015,0
FMAC,Febre Maculosa,330420,Resende,RJ,2016,1
FMAC,Febre Maculosa,330420,Resende,RJ,2017,1
FMAC,Febre Maculosa,330420,Resende,RJ,2018,0
FMAC,Febre Maculosa,330420,Resende,RJ,2019,3
FMAC,Febre Maculosa,330420,Resende,RJ,2020,0
FMAC,Febre Maculosa,330420,Resende,RJ,2021,0
FMAC,Febre Maculosa,330420,Resende,RJ,2022,0
FMAC,Febre Maculosa,330420,Resende,RJ,2023,0
FMAC,Febre Maculosa,330420,Resende,RJ,2024,0
FMAC,Febre Maculosa,330420,Resende,RJ,2025,1
FMAC,Febre Maculosa,330450,Rio Das Flores,RJ,2001,0
FMAC,Febre Maculosa,330450,Rio Das Flores,RJ,2006,0
FMAC,Febre Maculosa,330450,Rio Das Flores,RJ,2007,0
FMAC,Febre Maculosa,330450,Rio Das Flores,RJ,2008,0
FMAC,Febre Maculosa,330450,Rio Das Flores,RJ,2009,0
FMAC,Febre Maculosa,330450,Rio Das Flores,RJ,2010,0
FMAC,Febre Maculosa,330450,Rio Das Flores,RJ,2011,0
FMAC,Febre Maculosa,330450,Rio Das Flores,RJ,2012,0
FMAC,Febre Maculosa,330450,Rio Das Flores,RJ,2013,0
FMAC,Febre Maculosa,330450,Rio Das Flores,RJ,2014,0
FMAC,Febre Maculosa,330450,Rio Das Flores,RJ,2015,0
FMAC,Febre Maculosa,330450,Rio Das Flores,RJ,2016,0
FMAC,Febre Maculosa,330450,Rio Das Flores,RJ,2017,1
FMAC,Febre Maculosa,330450,Rio Das Flores,RJ,2018,0
FMAC,Febre Maculosa,330450,Rio Das Flores,RJ,2019,0
FMAC,Febre Maculosa,330450,Rio Das Flores,RJ,2020,0
FMAC,Febre Maculosa,330450,Rio Das Flores,RJ,2021,0
FMAC,Febre Maculosa,330450,Rio Das Flores,RJ,2022,0
FMAC,Febre Maculosa,330450,Rio Das Flores,RJ,2023,0
FMAC,Febre Maculosa,330450,Rio Das Flores,RJ,2024,0
FMAC,Febre Maculosa,330450,Rio Das Flores,RJ,2025,0
FMAC,Febre Maculosa,330455,Rio de Janeiro,RJ,2001,0
FMAC,Febre Maculosa,330455,Rio de Janeiro,RJ,2006,0
FMAC,Febre Maculosa,330455,Rio de Janeiro,RJ,2007,4
FMAC,Febre Maculosa,330455,Rio de Janeiro,RJ,2008,2
FMAC,Febre Maculosa,330455,Rio de Janeiro,RJ,2009,1
FMAC,Febre Maculosa,330455,Rio de Janeiro,RJ,2010,0
FMAC,Febre Maculosa,330455,Rio de Janeiro,RJ,2011,5
FMAC,Febre Maculosa,330455,Rio de Janeiro,RJ,2012,1
FMAC,Febre Maculosa,330455,Rio de Janeiro,RJ,2013,2
FMAC,Febre Maculosa,330455,Rio de Janeiro,RJ,2014,3
FMAC,Febre Maculosa,330455,Rio de Janeiro,RJ,2015,2
FMAC,Febre Maculosa,330455,Rio de Janeiro,RJ,2016,0
FMAC,Febre Maculosa,330455,Rio de Janeiro,RJ,2017,6
FMAC,Febre Maculosa,330455,Rio de Janeiro,RJ,2018,0
FMAC,Febre Maculosa,330455,Rio de Janeiro,RJ,2019,1
FMAC,Febre Maculosa,330455,Rio de Janeiro,RJ,2020,0
FMAC,Febre Maculosa,330455,Rio de Janeiro,RJ,2021,1
FMAC,Febre Maculosa,330455,Rio de Janeiro,RJ,2022,10
FMAC,Febre Maculosa,330455,Rio de Janeiro,RJ,2023,1
FMAC,Febre Maculosa,330455,Rio de Janeiro,RJ,2024,2
FMAC,Febre Maculosa,330455,Rio de Janeiro,RJ,2025,3
FMAC,Febre Maculosa,330480,Sao Fidelis,RJ,2001,0
FMAC,Febre Maculosa,330480,Sao Fidelis,RJ,2006,0
FMAC,Febre Maculosa,330480,Sao Fidelis,RJ,2007,0
FMAC,Febre Maculosa,330480,Sao Fidelis,RJ,2008,0
FMAC,Febre Maculosa,330480,Sao Fidelis,RJ,2009,0
FMAC,Febre Maculosa,330480,Sao Fidelis,RJ,2010,0
FMAC,Febre Maculosa,330480,Sao Fidelis,RJ,2011,0
FMAC,Febre Maculosa,330480,Sao Fidelis,RJ,2012,0
FMAC,Febre Maculosa,330480,Sao Fidelis,RJ,2013,0
FMAC,Febre Maculosa,330480,Sao Fidelis,RJ,2014,0
FMAC,Febre Maculosa,330480,Sao Fidelis,RJ,2015,0
FMAC,Febre Maculosa,330480,Sao Fidelis,RJ,2016,0
FMAC,Febre Maculosa,330480,Sao Fidelis,RJ,2017,0
FMAC,Febre Maculosa,330480,Sao Fidelis,RJ,2018,0
FMAC,Febre Maculosa,330480,Sao Fidelis,RJ,2019,0
FMAC,Febre Maculosa,330480,Sao Fidelis,RJ,2020,0
FMAC,Febre Maculosa,330480,Sao Fidelis,RJ,2021,0
FMAC,Febre Maculosa,330480,Sao Fidelis,RJ,2022,0
FMAC,Febre Maculosa,330480,Sao Fidelis,RJ,2023,0
FMAC,Febre Maculosa,330480,Sao Fidelis,RJ,2024,1
FMAC,Febre Maculosa,330480,Sao Fidelis,RJ,2025,0
FMAC,Febre Maculosa,330490,Sao Goncalo,RJ,2001,0
FMAC,Febre Maculosa,330490,Sao Goncalo,RJ,2006,0
FMAC,Febre Maculosa,330490,Sao Goncalo,RJ,2007,0
FMAC,Febre Maculosa,330490,Sao Goncalo,RJ,2008,0
FMAC,Febre Maculosa,330490,Sao Goncalo,RJ,2009,0
FMAC,Febre Maculosa,330490,Sao Goncalo,RJ,2010,0
FMAC,Febre Maculosa,330490,Sao Goncalo,RJ,2011,0
FMAC,Febre Maculosa,330490,Sao Goncalo,RJ,2012,0
FMAC,Febre Maculosa,330490,Sao Goncalo,RJ,2013,0
FMAC,Febre Maculosa,330490,Sao Goncalo,RJ,2014,0
FMAC,Febre Maculosa,330490,Sao Goncalo,RJ,2015,0
FMAC,Febre Maculosa,330490,Sao Goncalo,RJ,2016,0
FMAC,Febre Maculosa,330490,Sao Goncalo,RJ,2017,0
FMAC,Febre Maculosa,330490,Sao Goncalo,RJ,2018,1
FMAC,Febre Maculosa,330490,Sao Goncalo,RJ,2019,0
FMAC,Febre Maculosa,330490,Sao Goncalo,RJ,2020,0
FMAC,Febre Maculosa,330490,Sao Goncalo,RJ,2021,2
FMAC,Febre Maculosa,330490,Sao Goncalo,RJ,2022,0
FMAC,Febre Maculosa,330490,Sao Goncalo,RJ,2023,0
FMAC,Febre Maculosa,330490,Sao Goncalo,RJ,2024,3
FMAC,Febre Maculosa,330490,Sao Goncalo,RJ,2025,0
FMAC,Febre Maculosa,330500,Sao Joao da Barra,RJ,2001,0
FMAC,Febre Maculosa,330500,Sao Joao da Barra,RJ,2006,0
FMAC,Febre Maculosa,330500,Sao Joao da Barra,RJ,2007,0
FMAC,Febre Maculosa,330500,Sao Joao da Barra,RJ,2008,0
FMAC,Febre Maculosa,330500,Sao Joao da Barra,RJ,2009,0
FMAC,Febre Maculosa,330500,Sao Joao da Barra,RJ,2010,0
FMAC,Febre Maculosa,330500,Sao Joao da Barra,RJ,2011,0
FMAC,Febre Maculosa,330500,Sao Joao da Barra,RJ,2012,0
FMAC,Febre Maculosa,330500,Sao Joao da Barra,RJ,2013,0
FMAC,Febre Maculosa,330500,Sao Joao da Barra,RJ,2014,0
FMAC,Febre Maculosa,330500,Sao Joao da Barra,RJ,2015,0
FMAC,Febre Maculosa,330500,Sao Joao da Barra,RJ,2016,0
FMAC,Febre Maculosa,330500,Sao Joao da Barra,RJ,2017,0
FMAC,Febre Maculosa,330500,Sao Joao da Barra,RJ,2018,0
FMAC,Febre Maculosa,330500,Sao Joao da Barra,RJ,2019,0
FMAC,Febre Maculosa,330500,Sao Joao da Barra,RJ,2020,0
FMAC,Febre Maculosa,330500,Sao Joao da Barra,RJ,2021,0
FMAC,Febre Maculosa,330500,Sao Joao da Barra,RJ,2022,0
FMAC,Febre Maculosa,330500,Sao Joao da Barra,RJ,2023,0
FMAC,Febre Maculosa,330500,Sao Joao da Barra,RJ,2024,0
FMAC,Febre Maculosa,330500,Sao Joao da Barra,RJ,2025,1
FMAC,Febre Maculosa,330515,Sao Jose do Vale do Rio Preto,RJ,2001,0
FMAC,Febre Maculosa,330515,Sao Jose do Vale do Rio Preto,RJ,2006,0
FMAC,Febre Maculosa,330515,Sao Jose do Vale do Rio Preto,RJ,2007,0
FMAC,Febre Maculosa,330515,Sao Jose do Vale do Rio Preto,RJ,2008,1
FMAC,Febre Maculosa,330515,Sao Jose do Vale do Rio Preto,RJ,2009,0
FMAC,Febre Maculosa,330515,Sao Jose do Vale do Rio Preto,RJ,2010,0
FMAC,Febre Maculosa,330515,Sao Jose do Vale do Rio Preto,RJ,2011,0
FMAC,Febre Maculosa,330515,Sao Jose do Vale do Rio Preto,RJ,2012,0
FMAC,Febre Maculosa,330515,Sao Jose do Vale do Rio Preto,RJ,2013,0
FMAC,Febre Maculosa,330515,Sao Jose do Vale do Rio Preto,RJ,2014,0
FMAC,Febre Maculosa,330515,Sao Jose do Vale do Rio Preto,RJ,2015,0
FMAC,Febre Maculosa,330515,Sao Jose do Vale do Rio Preto,RJ,2016,0
FMAC,Febre Maculosa,330515,Sao Jose do Vale do Rio Preto,RJ,2017,0
FMAC,Febre Maculosa,330515,Sao Jose do Vale do Rio Preto,RJ,2018,0
FMAC,Febre Maculosa,330515,Sao Jose do Vale do Rio Preto,RJ,2019,0
FMAC,Febre Maculosa,330515,Sao Jose do Vale do Rio Preto,RJ,2020,0
FMAC,Febre Maculosa,330515,Sao Jose do Vale do Rio Preto,RJ,2021,0
FMAC,Febre Maculosa,330515,Sao Jose do Vale do Rio Preto,RJ,2022,0
FMAC,Febre Maculosa,330515,Sao Jose do Vale do Rio Preto,RJ,2023,0
FMAC,Febre Maculosa,330515,Sao Jose do Vale do Rio Preto,RJ,2024,0
FMAC,Febre Maculosa,330515,Sao Jose do Vale do Rio Preto,RJ,2025,0
FMAC,Febre Maculosa,330520,Sao Pedro da Aldeia,RJ,2001,0
FMAC,Febre Maculosa,330520,Sao Pedro da Aldeia,RJ,2006,0
FMAC,Febre Maculosa,330520,Sao Pedro da Aldeia,RJ,2007,0
FMAC,Febre Maculosa,330520,Sao Pedro da Aldeia,RJ,2008,0
FMAC,Febre Maculosa,330520,Sao Pedro da Aldeia,RJ,2009,0
FMAC,Febre Maculosa,330520,Sao Pedro da Aldeia,RJ,2010,0
FMAC,Febre Maculosa,330520,Sao Pedro da Aldeia,RJ,2011,0
FMAC,Febre Maculosa,330520,Sao Pedro da Aldeia,RJ,2012,0
FMAC,Febre Maculosa,330520,Sao Pedro da Aldeia,RJ,2013,0
FMAC,Febre Maculosa,330520,Sao Pedro da Aldeia,RJ,2014,0
FMAC,Febre Maculosa,330520,Sao Pedro da Aldeia,RJ,2015,0
FMAC,Febre Maculosa,330520,Sao Pedro da Aldeia,RJ,2016,0
FMAC,Febre Maculosa,330520,Sao Pedro da Aldeia,RJ,2017,0
FMAC,Febre Maculosa,330520,Sao Pedro da Aldeia,RJ,2018,0
FMAC,Febre Maculosa,330520,Sao Pedro da Aldeia,RJ,2019,0
FMAC,Febre Maculosa,330520,Sao Pedro da Aldeia,RJ,2020,0
FMAC,Febre Maculosa,330520,Sao Pedro da Aldeia,RJ,2021,1
FMAC,Febre Maculosa,330520,Sao Pedro da Aldeia,RJ,2022,0
FMAC,Febre Maculosa,330520,Sao Pedro da Aldeia,RJ,2023,0
FMAC,Febre Maculosa,330520,Sao Pedro da Aldeia,RJ,2024,0
FMAC,Febre Maculosa,330520,Sao Pedro da Aldeia,RJ,2025,0
FMAC,Febre Maculosa,330540,Sapucaia,RJ,2001,0
FMAC,Febre Maculosa,330540,Sapucaia,RJ,2006,0
FMAC,Febre Maculosa,330540,Sapucaia,RJ,2007,0
FMAC,Febre Maculosa,330540,Sapucaia,RJ,2008,0
FMAC,Febre Maculosa,330540,Sapucaia,RJ,2009,0
FMAC,Febre Maculosa,330540,Sapucaia,RJ,2010,0
FMAC,Febre Maculosa,330540,Sapucaia,RJ,2011,0
FMAC,Febre Maculosa,330540,Sapucaia,RJ,2012,0
FMAC,Febre Maculosa,330540,Sapucaia,RJ,2013,0
FMAC,Febre Maculosa,330540,Sapucaia,RJ,2014,0
FMAC,Febre Maculosa,330540,Sapucaia,RJ,2015,0
FMAC,Febre Maculosa,330540,Sapucaia,RJ,2016,1
FMAC,Febre Maculosa,330540,Sapucaia,RJ,2017,2
FMAC,Febre Maculosa,330540,Sapucaia,RJ,2018,0
FMAC,Febre Maculosa,330540,Sapucaia,RJ,2019,0
FMAC,Febre Maculosa,330540,Sapucaia,RJ,2020,0
FMAC,Febre Maculosa,330540,Sapucaia,RJ,2021,0
FMAC,Febre Maculosa,330540,Sapucaia,RJ,2022,0
FMAC,Febre Maculosa,330540,Sapucaia,RJ,2023,0
FMAC,Febre Maculosa,330540,Sapucaia,RJ,2024,1
FMAC,Febre Maculosa,330540,Sapucaia,RJ,2025,0
FMAC,Febre Maculosa,330555,Seropedica,RJ,2001,0
FMAC,Febre Maculosa,330555,Seropedica,RJ,2006,0
FMAC,Febre Maculosa,330555,Seropedica,RJ,2007,0
FMAC,Febre Maculosa,330555,Seropedica,RJ,2008,0
FMAC,Febre Maculosa,330555,Seropedica,RJ,2009,0
FMAC,Febre Maculosa,330555,Seropedica,RJ,2010,0
FMAC,Febre Maculosa,330555,Seropedica,RJ,2011,0
FMAC,Febre Maculosa,330555,Seropedica,RJ,2012,0
FMAC,Febre Maculosa,330555,Seropedica,RJ,2013,0
FMAC,Febre Maculosa,330555,Seropedica,RJ,2014,0
FMAC,Febre Maculosa,330555,Seropedica,RJ,2015,0
FMAC,Febre Maculosa,330555,Seropedica,RJ,2016,0
FMAC,Febre Maculosa,330555,Seropedica,RJ,2017,0
FMAC,Febre Maculosa,330555,Seropedica,RJ,2018,0
FMAC,Febre Maculosa,330555,Seropedica,RJ,2019,0
FMAC,Febre Maculosa,330555,Seropedica,RJ,2020,0
FMAC,Febre Maculosa,330555,Seropedica,RJ,2021,0
FMAC,Febre Maculosa,330555,Seropedica,RJ,2022,0
FMAC,Febre Maculosa,330555,Seropedica,RJ,2023,0
FMAC,Febre Maculosa,330555,Seropedica,RJ,2024,0
FMAC,Febre Maculosa,330555,Seropedica,RJ,2025,1
FMAC,Febre Maculosa,330580,Teresopolis,RJ,2001,0
FMAC,Febre Maculosa,330580,Teresopolis,RJ,2006,0
FMAC,Febre Maculosa,330580,Teresopolis,RJ,2007,0
FMAC,Febre Maculosa,330580,Teresopolis,RJ,2008,0
FMAC,Febre Maculosa,330580,Teresopolis,RJ,2009,0
FMAC,Febre Maculosa,330580,Teresopolis,RJ,2010,0
FMAC,Febre Maculosa,330580,Teresopolis,RJ,2011,0
FMAC,Febre Maculosa,330580,Teresopolis,RJ,2012,0
FMAC,Febre Maculosa,330580,Teresopolis,RJ,2013,0
FMAC,Febre Maculosa,330580,Teresopolis,RJ,2014,0
FMAC,Febre Maculosa,330580,Teresopolis,RJ,2015,0
FMAC,Febre Maculosa,330580,Teresopolis,RJ,2016,0
FMAC,Febre Maculosa,330580,Teresopolis,RJ,2017,0
FMAC,Febre Maculosa,330580,Teresopolis,RJ,2018,0
FMAC,Febre Maculosa,330580,Teresopolis,RJ,2019,0
FMAC,Febre Maculosa,330580,Teresopolis,RJ,2020,0
FMAC,Febre Maculosa,330580,Teresopolis,RJ,2021,1
FMAC,Febre Maculosa,330580,Teresopolis,RJ,2022,0
FMAC,Febre Maculosa,330580,Teresopolis,RJ,2023,0
FMAC,Febre Maculosa,330580,Teresopolis,RJ,2024,0
FMAC,Febre Maculosa,330580,Teresopolis,RJ,2025,0
FMAC,Febre Maculosa,330600,Tres Rios,RJ,2001,0
FMAC,Febre Maculosa,330600,Tres Rios,RJ,2006,0
FMAC,Febre Maculosa,330600,Tres Rios,RJ,2007,1
FMAC,Febre Maculosa,330600,Tres Rios,RJ,2008,0
FMAC,Febre Maculosa,330600,Tres Rios,RJ,2009,0
FMAC,Febre Maculosa,330600,Tres Rios,RJ,2010,0
FMAC,Febre Maculosa,330600,Tres Rios,RJ,2011,0
FMAC,Febre Maculosa,330600,Tres Rios,RJ,2012,1
FMAC,Febre Maculosa,330600,Tres Rios,RJ,2013,0
FMAC,Febre Maculosa,330600,Tres Rios,RJ,2014,3
FMAC,Febre Maculosa,330600,Tres Rios,RJ,2015,0
FMAC,Febre Maculosa,330600,Tres Rios,RJ,2016,0
FMAC,Febre Maculosa,330600,Tres Rios,RJ,2017,0
FMAC,Febre Maculosa,330600,Tres Rios,RJ,2018,0
FMAC,Febre Maculosa,330600,Tres Rios,RJ,2019,2
FMAC,Febre Maculosa,330600,Tres Rios,RJ,2020,1
FMAC,Febre Maculosa,330600,Tres Rios,RJ,2021,0
FMAC,Febre Maculosa,330600,Tres Rios,RJ,2022,2
FMAC,Febre Maculosa,330600,Tres Rios,RJ,2023,0
FMAC,Febre Maculosa,330600,Tres Rios,RJ,2024,3
FMAC,Febre Maculosa,330600,Tres Rios,RJ,2025,1
FMAC,Febre Maculosa,330610,Valenca,RJ,2001,0
FMAC,Febre Maculosa,330610,Valenca,RJ,2006,0
FMAC,Febre Maculosa,330610,Valenca,RJ,2007,0
FMAC,Febre Maculosa,330610,Valenca,RJ,2008,0
FMAC,Febre Maculosa,330610,Valenca,RJ,2009,1
FMAC,Febre Maculosa,330610,Valenca,RJ,2010,0
FMAC,Febre Maculosa,330610,Valenca,RJ,2011,0
FMAC,Febre Maculosa,330610,Valenca,RJ,2012,0
FMAC,Febre Maculosa,330610,Valenca,RJ,2013,1
FMAC,Febre Maculosa,330610,Valenca,RJ,2014,0
FMAC,Febre Maculosa,330610,Valenca,RJ,2015,0
FMAC,Febre Maculosa,330610,Valenca,RJ,2016,0
FMAC,Febre Maculosa,330610,Valenca,RJ,2017,0
FMAC,Febre Maculosa,330610,Valenca,RJ,2018,0
FMAC,Febre Maculosa,330610,Valenca,RJ,2019,3
FMAC,Febre Maculosa,330610,Valenca,RJ,2020,0
FMAC,Febre Maculosa,330610,Valenca,RJ,2021,0
FMAC,Febre Maculosa,330610,Valenca,RJ,2022,1
FMAC,Febre Maculosa,330610,Valenca,RJ,2023,0
FMAC,Febre Maculosa,330610,Valenca,RJ,2024,1
FMAC,Febre Maculosa,330610,Valenca,RJ,2025,0
FMAC,Febre Maculosa,330615,Varre-sai,RJ,2001,0
FMAC,Febre Maculosa,330615,Varre-sai,RJ,2006,0
FMAC,Febre Maculosa,330615,Varre-sai,RJ,2007,0
FMAC,Febre Maculosa,330615,Varre-sai,RJ,2008,0
FMAC,Febre Maculosa,330615,Varre-sai,RJ,2009,0
FMAC,Febre Maculosa,330615,Varre-sai,RJ,2010,0
FMAC,Febre Maculosa,330615,Varre-sai,RJ,2011,0
FMAC,Febre Maculosa,330615,Varre-sai,RJ,2012,0
FMAC,Febre Maculosa,330615,Varre-sai,RJ,2013,0
FMAC,Febre Maculosa,330615,Varre-sai,RJ,2014,2
FMAC,Febre Maculosa,330615,Varre-sai,RJ,2015,0
FMAC,Febre Maculosa,330615,Varre-sai,RJ,2016,0
FMAC,Febre Maculosa,330615,Varre-sai,RJ,2017,0
FMAC,Febre Maculosa,330615,Varre-sai,RJ,2018,0
FMAC,Febre Maculosa,330615,Varre-sai,RJ,2019,0
FMAC,Febre Maculosa,330615,Varre-sai,RJ,2020,0
FMAC,Febre Maculosa,330615,Varre-sai,RJ,2021,0
FMAC,Febre Maculosa,330615,Varre-sai,RJ,2022,0
FMAC,Febre Maculosa,330615,Varre-sai,RJ,2023,0
FMAC,Febre Maculosa,330615,Varre-sai,RJ,2024,0
FMAC,Febre Maculosa,330615,Varre-sai,RJ,2025,0
FMAC,Febre Maculosa,330620,Vassouras,RJ,2001,0
FMAC,Febre Maculosa,330620,Vassouras,RJ,2006,0
FMAC,Febre Maculosa,330620,Vassouras,RJ,2007,0
FMAC,Febre Maculosa,330620,Vassouras,RJ,2008,0
FMAC,Febre Maculosa,330620,Vassouras,RJ,2009,0
FMAC,Febre Maculosa,330620,Vassouras,RJ,2010,0
FMAC,Febre Maculosa,330620,Vassouras,RJ,2011,0
FMAC,Febre Maculosa,330620,Vassouras,RJ,2012,0
FMAC,Febre Maculosa,330620,Vassouras,RJ,2013,0
FMAC,Febre Maculosa,330620,Vassouras,RJ,2014,0
FMAC,Febre Maculosa,330620,Vassouras,RJ,2015,0
FMAC,Febre Maculosa,330620,Vassouras,RJ,2016,0
FMAC,Febre Maculosa,330620,Vassouras,RJ,2017,0
FMAC,Febre Maculosa,330620,Vassouras,RJ,2018,0
FMAC,Febre Maculosa,330620,Vassouras,RJ,2019,1
FMAC,Febre Maculosa,330620,Vassouras,RJ,2020,0
FMAC,Febre Maculosa,330620,Vassouras,RJ,2021,1
FMAC,Febre Maculosa,330620,Vassouras,RJ,2022,0
FMAC,Febre Maculosa,330620,Vassouras,RJ,2023,0
FMAC,Febre Maculosa,330620,Vassouras,RJ,2024,0
FMAC,Febre Maculosa,330620,Vassouras,RJ,2025,0
FMAC,Febre Maculosa,330630,Volta Redonda,RJ,2001,0
FMAC,Febre Maculosa,330630,Volta Redonda,RJ,2006,0
FMAC,Febre Maculosa,330630,Volta Redonda,RJ,2007,1
FMAC,Febre Maculosa,330630,Volta Redonda,RJ,2008,0
FMAC,Febre Maculosa,330630,Volta Redonda,RJ,2009,0
FMAC,Febre Maculosa,330630,Volta Redonda,RJ,2010,0
FMAC,Febre Maculosa,330630,Volta Redonda,RJ,2011,0
FMAC,Febre Maculosa,330630,Volta Redonda,RJ,2012,0
FMAC,Febre Maculosa,330630,Volta Redonda,RJ,2013,2
FMAC,Febre Maculosa,330630,Volta Redonda,RJ,2014,0
FMAC,Febre Maculosa,330630,Volta Redonda,RJ,2015,0
FMAC,Febre Maculosa,330630,Volta Redonda,RJ,2016,3
FMAC,Febre Maculosa,330630,Volta Redonda,RJ,2017,0
FMAC,Febre Maculosa,330630,Volta Redonda,RJ,2018,0
FMAC,Febre Maculosa,330630,Volta Redonda,RJ,2019,3
FMAC,Febre Maculosa,330630,Volta Redonda,RJ,2020,0
FMAC,Febre Maculosa,330630,Volta Redonda,RJ,2021,1
FMAC,Febre Maculosa,330630,Volta Redonda,RJ,2022,1
FMAC,Febre Maculosa,330630,Volta Redonda,RJ,2023,0
FMAC,Febre Maculosa,330630,Volta Redonda,RJ,2024,1
FMAC,Febre Maculosa,330630,Volta Redonda,RJ,2025,0
FMAC,Febre Maculosa,240810,Natal,RN,2001,0
FMAC,Febre Maculosa,240810,Natal,RN,2006,0
FMAC,Febre Maculosa,240810,Natal,RN,2007,0
FMAC,Febre Maculosa,240810,Natal,RN,2008,0
FMAC,Febre Maculosa,240810,Natal,RN,2009,0
FMAC,Febre Maculosa,240810,Natal,RN,2010,0
FMAC,Febre Maculosa,240810,Natal,RN,2011,0
FMAC,Febre Maculosa,240810,Natal,RN,2012,0
FMAC,Febre Maculosa,240810,Natal,RN,2013,0
FMAC,Febre Maculosa,240810,Natal,RN,2014,0
FMAC,Febre Maculosa,240810,Natal,RN,2015,0
FMAC,Febre Maculosa,240810,Natal,RN,2016,0
FMAC,Febre Maculosa,240810,Natal,RN,2017,0
FMAC,Febre Maculosa,240810,Natal,RN,2018,0
FMAC,Febre Maculosa,240810,Natal,RN,2019,0
FMAC,Febre Maculosa,240810,Natal,RN,2020,0
FMAC,Febre Maculosa,240810,Natal,RN,2021,0
FMAC,Febre Maculosa,240810,Natal,RN,2022,0
FMAC,Febre Maculosa,240810,Natal,RN,2023,0
FMAC,Febre Maculosa,240810,Natal,RN,2024,0
FMAC,Febre Maculosa,240810,Natal,RN,2025,1
FMAC,Febre Maculosa,110002,Ariquemes,RO,2001,0
FMAC,Febre Maculosa,110002,Ariquemes,RO,2006,0
FMAC,Febre Maculosa,110002,Ariquemes,RO,2007,0
FMAC,Febre Maculosa,110002,Ariquemes,RO,2008,0
FMAC,Febre Maculosa,110002,Ariquemes,RO,2009,0
FMAC,Febre Maculosa,110002,Ariquemes,RO,2010,0
FMAC,Febre Maculosa,110002,Ariquemes,RO,2011,0
FMAC,Febre Maculosa,110002,Ariquemes,RO,2012,0
FMAC,Febre Maculosa,110002,Ariquemes,RO,2013,0
FMAC,Febre Maculosa,110002,Ariquemes,RO,2014,0
FMAC,Febre Maculosa,110002,Ariquemes,RO,2015,1
FMAC,Febre Maculosa,110002,Ariquemes,RO,2016,0
FMAC,Febre Maculosa,110002,Ariquemes,RO,2017,0
FMAC,Febre Maculosa,110002,Ariquemes,RO,2018,0
FMAC,Febre Maculosa,110002,Ariquemes,RO,2019,0
FMAC,Febre Maculosa,110002,Ariquemes,RO,2020,0
FMAC,Febre Maculosa,110002,Ariquemes,RO,2021,0
FMAC,Febre Maculosa,110002,Ariquemes,RO,2022,0
FMAC,Febre Maculosa,110002,Ariquemes,RO,2023,0
FMAC,Febre Maculosa,110002,Ariquemes,RO,2024,0
FMAC,Febre Maculosa,110002,Ariquemes,RO,2025,0
FMAC,Febre Maculosa,110020,Porto Velho,RO,2001,0
FMAC,Febre Maculosa,110020,Porto Velho,RO,2006,0
FMAC,Febre Maculosa,110020,Porto Velho,RO,2007,0
FMAC,Febre Maculosa,110020,Porto Velho,RO,2008,0
FMAC,Febre Maculosa,110020,Porto Velho,RO,2009,0
FMAC,Febre Maculosa,110020,Porto Velho,RO,2010,0
FMAC,Febre Maculosa,110020,Porto Velho,RO,2011,0
FMAC,Febre Maculosa,110020,Porto Velho,RO,2012,0
FMAC,Febre Maculosa,110020,Porto Velho,RO,2013,0
FMAC,Febre Maculosa,110020,Porto Velho,RO,2014,0
FMAC,Febre Maculosa,110020,Porto Velho,RO,2015,1
FMAC,Febre Maculosa,110020,Porto Velho,RO,2016,1
FMAC,Febre Maculosa,110020,Porto Velho,RO,2017,0
FMAC,Febre Maculosa,110020,Porto Velho,RO,2018,0
FMAC,Febre Maculosa,110020,Porto Velho,RO,2019,0
FMAC,Febre Maculosa,110020,Porto Velho,RO,2020,0
FMAC,Febre Maculosa,110020,Porto Velho,RO,2021,0
FMAC,Febre Maculosa,110020,Porto Velho,RO,2022,0
FMAC,Febre Maculosa,110020,Porto Velho,RO,2023,0
FMAC,Febre Maculosa,110020,Porto Velho,RO,2024,0
FMAC,Febre Maculosa,110020,Porto Velho,RO,2025,0
FMAC,Febre Maculosa,110028,Rolim de Moura,RO,2001,0
FMAC,Febre Maculosa,110028,Rolim de Moura,RO,2006,0
FMAC,Febre Maculosa,110028,Rolim de Moura,RO,2007,0
FMAC,Febre Maculosa,110028,Rolim de Moura,RO,2008,0
FMAC,Febre Maculosa,110028,Rolim de Moura,RO,2009,0
FMAC,Febre Maculosa,110028,Rolim de Moura,RO,2010,0
FMAC,Febre Maculosa,110028,Rolim de Moura,RO,2011,0
FMAC,Febre Maculosa,110028,Rolim de Moura,RO,2012,0
FMAC,Febre Maculosa,110028,Rolim de Moura,RO,2013,0
FMAC,Febre Maculosa,110028,Rolim de Moura,RO,2014,0
FMAC,Febre Maculosa,110028,Rolim de Moura,RO,2015,0
FMAC,Febre Maculosa,110028,Rolim de Moura,RO,2016,0
FMAC,Febre Maculosa,110028,Rolim de Moura,RO,2017,1
FMAC,Febre Maculosa,110028,Rolim de Moura,RO,2018,0
FMAC,Febre Maculosa,110028,Rolim de Moura,RO,2019,0
FMAC,Febre Maculosa,110028,Rolim de Moura,RO,2020,0
FMAC,Febre Maculosa,110028,Rolim de Moura,RO,2021,0
FMAC,Febre Maculosa,110028,Rolim de Moura,RO,2022,0
FMAC,Febre Maculosa,110028,Rolim de Moura,RO,2023,0
FMAC,Febre Maculosa,110028,Rolim de Moura,RO,2024,0
FMAC,Febre Maculosa,110028,Rolim de Moura,RO,2025,0
FMAC,Febre Maculosa,110034,Alvorada D'oeste,RO,2001,0
FMAC,Febre Maculosa,110034,Alvorada D'oeste,RO,2006,0
FMAC,Febre Maculosa,110034,Alvorada D'oeste,RO,2007,0
FMAC,Febre Maculosa,110034,Alvorada D'oeste,RO,2008,0
FMAC,Febre Maculosa,110034,Alvorada D'oeste,RO,2009,0
FMAC,Febre Maculosa,110034,Alvorada D'oeste,RO,2010,0
FMAC,Febre Maculosa,110034,Alvorada D'oeste,RO,2011,0
FMAC,Febre Maculosa,110034,Alvorada D'oeste,RO,2012,0
FMAC,Febre Maculosa,110034,Alvorada D'oeste,RO,2013,0
FMAC,Febre Maculosa,110034,Alvorada D'oeste,RO,2014,0
FMAC,Febre Maculosa,110034,Alvorada D'oeste,RO,2015,0
FMAC,Febre Maculosa,110034,Alvorada D'oeste,RO,2016,1
FMAC,Febre Maculosa,110034,Alvorada D'oeste,RO,2017,0
FMAC,Febre Maculosa,110034,Alvorada D'oeste,RO,2018,0
FMAC,Febre Maculosa,110034,Alvorada D'oeste,RO,2019,0
FMAC,Febre Maculosa,110034,Alvorada D'oeste,RO,2020,0
FMAC,Febre Maculosa,110034,Alvorada D'oeste,RO,2021,0
FMAC,Febre Maculosa,110034,Alvorada D'oeste,RO,2022,0
FMAC,Febre Maculosa,110034,Alvorada D'oeste,RO,2023,0
FMAC,Febre Maculosa,110034,Alvorada D'oeste,RO,2024,0
FMAC,Febre Maculosa,110034,Alvorada D'oeste,RO,2025,0
FMAC,Febre Maculosa,140010,Boa Vista,RR,2001,0
FMAC,Febre Maculosa,140010,Boa Vista,RR,2006,0
FMAC,Febre Maculosa,140010,Boa Vista,RR,2007,0
FMAC,Febre Maculosa,140010,Boa Vista,RR,2008,0
FMAC,Febre Maculosa,140010,Boa Vista,RR,2009,0
FMAC,Febre Maculosa,140010,Boa Vista,RR,2010,0
FMAC,Febre Maculosa,140010,Boa Vista,RR,2011,0
FMAC,Febre Maculosa,140010,Boa Vista,RR,2012,0
FMAC,Febre Maculosa,140010,Boa Vista,RR,2013,0
FMAC,Febre Maculosa,140010,Boa Vista,RR,2014,0
FMAC,Febre Maculosa,140010,Boa Vista,RR,2015,0
FMAC,Febre Maculosa,140010,Boa Vista,RR,2016,0
FMAC,Febre Maculosa,140010,Boa Vista,RR,2017,0
FMAC,Febre Maculosa,140010,Boa Vista,RR,2018,0
FMAC,Febre Maculosa,140010,Boa Vista,RR,2019,0
FMAC,Febre Maculosa,140010,Boa Vista,RR,2020,1
FMAC,Febre Maculosa,140010,Boa Vista,RR,2021,1
FMAC,Febre Maculosa,140010,Boa Vista,RR,2022,1
FMAC,Febre Maculosa,140010,Boa Vista,RR,2023,0
FMAC,Febre Maculosa,140010,Boa Vista,RR,2024,0
FMAC,Febre Maculosa,140010,Boa Vista,RR,2025,1
FMAC,Febre Maculosa,430045,Alegria,RS,2001,0
FMAC,Febre Maculosa,430045,Alegria,RS,2006,0
FMAC,Febre Maculosa,430045,Alegria,RS,2007,0
FMAC,Febre Maculosa,430045,Alegria,RS,2008,0
FMAC,Febre Maculosa,430045,Alegria,RS,2009,0
FMAC,Febre Maculosa,430045,Alegria,RS,2010,0
FMAC,Febre Maculosa,430045,Alegria,RS,2011,0
FMAC,Febre Maculosa,430045,Alegria,RS,2012,0
FMAC,Febre Maculosa,430045,Alegria,RS,2013,0
FMAC,Febre Maculosa,430045,Alegria,RS,2014,0
FMAC,Febre Maculosa,430045,Alegria,RS,2015,0
FMAC,Febre Maculosa,430045,Alegria,RS,2016,0
FMAC,Febre Maculosa,430045,Alegria,RS,2017,1
FMAC,Febre Maculosa,430045,Alegria,RS,2018,0
FMAC,Febre Maculosa,430045,Alegria,RS,2019,0
FMAC,Febre Maculosa,430045,Alegria,RS,2020,0
FMAC,Febre Maculosa,430045,Alegria,RS,2021,0
FMAC,Febre Maculosa,430045,Alegria,RS,2022,0
FMAC,Febre Maculosa,430045,Alegria,RS,2023,0
FMAC,Febre Maculosa,430045,Alegria,RS,2024,0
FMAC,Febre Maculosa,430045,Alegria,RS,2025,0
FMAC,Febre Maculosa,430245,Boqueirao do Leao,RS,2001,0
FMAC,Febre Maculosa,430245,Boqueirao do Leao,RS,2006,0
FMAC,Febre Maculosa,430245,Boqueirao do Leao,RS,2007,0
FMAC,Febre Maculosa,430245,Boqueirao do Leao,RS,2008,0
FMAC,Febre Maculosa,430245,Boqueirao do Leao,RS,2009,0
FMAC,Febre Maculosa,430245,Boqueirao do Leao,RS,2010,0
FMAC,Febre Maculosa,430245,Boqueirao do Leao,RS,2011,0
FMAC,Febre Maculosa,430245,Boqueirao do Leao,RS,2012,0
FMAC,Febre Maculosa,430245,Boqueirao do Leao,RS,2013,0
FMAC,Febre Maculosa,430245,Boqueirao do Leao,RS,2014,0
FMAC,Febre Maculosa,430245,Boqueirao do Leao,RS,2015,0
FMAC,Febre Maculosa,430245,Boqueirao do Leao,RS,2016,0
FMAC,Febre Maculosa,430245,Boqueirao do Leao,RS,2017,0
FMAC,Febre Maculosa,430245,Boqueirao do Leao,RS,2018,0
FMAC,Febre Maculosa,430245,Boqueirao do Leao,RS,2019,0
FMAC,Febre Maculosa,430245,Boqueirao do Leao,RS,2020,0
FMAC,Febre Maculosa,430245,Boqueirao do Leao,RS,2021,0
FMAC,Febre Maculosa,430245,Boqueirao do Leao,RS,2022,0
FMAC,Febre Maculosa,430245,Boqueirao do Leao,RS,2023,0
FMAC,Febre Maculosa,430245,Boqueirao do Leao,RS,2024,0
FMAC,Febre Maculosa,430245,Boqueirao do Leao,RS,2025,1
FMAC,Febre Maculosa,430440,Canela,RS,2001,0
FMAC,Febre Maculosa,430440,Canela,RS,2006,0
FMAC,Febre Maculosa,430440,Canela,RS,2007,0
FMAC,Febre Maculosa,430440,Canela,RS,2008,0
FMAC,Febre Maculosa,430440,Canela,RS,2009,0
FMAC,Febre Maculosa,430440,Canela,RS,2010,0
FMAC,Febre Maculosa,430440,Canela,RS,2011,0
FMAC,Febre Maculosa,430440,Canela,RS,2012,0
FMAC,Febre Maculosa,430440,Canela,RS,2013,0
FMAC,Febre Maculosa,430440,Canela,RS,2014,0
FMAC,Febre Maculosa,430440,Canela,RS,2015,0
FMAC,Febre Maculosa,430440,Canela,RS,2016,0
FMAC,Febre Maculosa,430440,Canela,RS,2017,0
FMAC,Febre Maculosa,430440,Canela,RS,2018,0
FMAC,Febre Maculosa,430440,Canela,RS,2019,1
FMAC,Febre Maculosa,430440,Canela,RS,2020,0
FMAC,Febre Maculosa,430440,Canela,RS,2021,0
FMAC,Febre Maculosa,430440,Canela,RS,2022,0
FMAC,Febre Maculosa,430440,Canela,RS,2023,0
FMAC,Febre Maculosa,430440,Canela,RS,2024,0
FMAC,Febre Maculosa,430440,Canela,RS,2025,0
FMAC,Febre Maculosa,430520,Cerro Largo,RS,2001,0
FMAC,Febre Maculosa,430520,Cerro Largo,RS,2006,0
FMAC,Febre Maculosa,430520,Cerro Largo,RS,2007,1
FMAC,Febre Maculosa,430520,Cerro Largo,RS,2008,0
FMAC,Febre Maculosa,430520,Cerro Largo,RS,2009,1
FMAC,Febre Maculosa,430520,Cerro Largo,RS,2010,0
FMAC,Febre Maculosa,430520,Cerro Largo,RS,2011,0
FMAC,Febre Maculosa,430520,Cerro Largo,RS,2012,0
FMAC,Febre Maculosa,430520,Cerro Largo,RS,2013,0
FMAC,Febre Maculosa,430520,Cerro Largo,RS,2014,0
FMAC,Febre Maculosa,430520,Cerro Largo,RS,2015,0
FMAC,Febre Maculosa,430520,Cerro Largo,RS,2016,0
FMAC,Febre Maculosa,430520,Cerro Largo,RS,2017,0
FMAC,Febre Maculosa,430520,Cerro Largo,RS,2018,0
FMAC,Febre Maculosa,430520,Cerro Largo,RS,2019,0
FMAC,Febre Maculosa,430520,Cerro Largo,RS,2020,0
FMAC,Febre Maculosa,430520,Cerro Largo,RS,2021,0
FMAC,Febre Maculosa,430520,Cerro Largo,RS,2022,0
FMAC,Febre Maculosa,430520,Cerro Largo,RS,2023,0
FMAC,Febre Maculosa,430520,Cerro Largo,RS,2024,0
FMAC,Febre Maculosa,430520,Cerro Largo,RS,2025,0
FMAC,Febre Maculosa,430770,Esteio,RS,2001,0
FMAC,Febre Maculosa,430770,Esteio,RS,2006,0
FMAC,Febre Maculosa,430770,Esteio,RS,2007,0
FMAC,Febre Maculosa,430770,Esteio,RS,2008,0
FMAC,Febre Maculosa,430770,Esteio,RS,2009,0
FMAC,Febre Maculosa,430770,Esteio,RS,2010,0
FMAC,Febre Maculosa,430770,Esteio,RS,2011,0
FMAC,Febre Maculosa,430770,Esteio,RS,2012,0
FMAC,Febre Maculosa,430770,Esteio,RS,2013,0
FMAC,Febre Maculosa,430770,Esteio,RS,2014,0
FMAC,Febre Maculosa,430770,Esteio,RS,2015,0
FMAC,Febre Maculosa,430770,Esteio,RS,2016,0
FMAC,Febre Maculosa,430770,Esteio,RS,2017,0
FMAC,Febre Maculosa,430770,Esteio,RS,2018,0
FMAC,Febre Maculosa,430770,Esteio,RS,2019,0
FMAC,Febre Maculosa,430770,Esteio,RS,2020,0
FMAC,Febre Maculosa,430770,Esteio,RS,2021,0
FMAC,Febre Maculosa,430770,Esteio,RS,2022,0
FMAC,Febre Maculosa,430770,Esteio,RS,2023,1
FMAC,Febre Maculosa,430770,Esteio,RS,2024,0
FMAC,Febre Maculosa,430770,Esteio,RS,2025,0
FMAC,Febre Maculosa,430800,Faxinal do Soturno,RS,2001,0
FMAC,Febre Maculosa,430800,Faxinal do Soturno,RS,2006,0
FMAC,Febre Maculosa,430800,Faxinal do Soturno,RS,2007,0
FMAC,Febre Maculosa,430800,Faxinal do Soturno,RS,2008,0
FMAC,Febre Maculosa,430800,Faxinal do Soturno,RS,2009,0
FMAC,Febre Maculosa,430800,Faxinal do Soturno,RS,2010,0
FMAC,Febre Maculosa,430800,Faxinal do Soturno,RS,2011,0
FMAC,Febre Maculosa,430800,Faxinal do Soturno,RS,2012,0
FMAC,Febre Maculosa,430800,Faxinal do Soturno,RS,2013,0
FMAC,Febre Maculosa,430800,Faxinal do Soturno,RS,2014,0
FMAC,Febre Maculosa,430800,Faxinal do Soturno,RS,2015,0
FMAC,Febre Maculosa,430800,Faxinal do Soturno,RS,2016,0
FMAC,Febre Maculosa,430800,Faxinal do Soturno,RS,2017,0
FMAC,Febre Maculosa,430800,Faxinal do Soturno,RS,2018,0
FMAC,Febre Maculosa,430800,Faxinal do Soturno,RS,2019,0
FMAC,Febre Maculosa,430800,Faxinal do Soturno,RS,2020,0
FMAC,Febre Maculosa,430800,Faxinal do Soturno,RS,2021,0
FMAC,Febre Maculosa,430800,Faxinal do Soturno,RS,2022,0
FMAC,Febre Maculosa,430800,Faxinal do Soturno,RS,2023,0
FMAC,Febre Maculosa,430800,Faxinal do Soturno,RS,2024,0
FMAC,Febre Maculosa,430800,Faxinal do Soturno,RS,2025,1
FMAC,Febre Maculosa,430910,Gramado,RS,2001,0
FMAC,Febre Maculosa,430910,Gramado,RS,2006,0
FMAC,Febre Maculosa,430910,Gramado,RS,2007,0
FMAC,Febre Maculosa,430910,Gramado,RS,2008,0
FMAC,Febre Maculosa,430910,Gramado,RS,2009,1
FMAC,Febre Maculosa,430910,Gramado,RS,2010,0
FMAC,Febre Maculosa,430910,Gramado,RS,2011,0
FMAC,Febre Maculosa,430910,Gramado,RS,2012,0
FMAC,Febre Maculosa,430910,Gramado,RS,2013,0
FMAC,Febre Maculosa,430910,Gramado,RS,2014,0
FMAC,Febre Maculosa,430910,Gramado,RS,2015,0
FMAC,Febre Maculosa,430910,Gramado,RS,2016,0
FMAC,Febre Maculosa,430910,Gramado,RS,2017,0
FMAC,Febre Maculosa,430910,Gramado,RS,2018,0
FMAC,Febre Maculosa,430910,Gramado,RS,2019,0
FMAC,Febre Maculosa,430910,Gramado,RS,2020,0
FMAC,Febre Maculosa,430910,Gramado,RS,2021,0
FMAC,Febre Maculosa,430910,Gramado,RS,2022,0
FMAC,Febre Maculosa,430910,Gramado,RS,2023,0
FMAC,Febre Maculosa,430910,Gramado,RS,2024,0
FMAC,Febre Maculosa,430910,Gramado,RS,2025,0
FMAC,Febre Maculosa,431055,Itacurubi,RS,2001,0
FMAC,Febre Maculosa,431055,Itacurubi,RS,2006,0
FMAC,Febre Maculosa,431055,Itacurubi,RS,2007,0
FMAC,Febre Maculosa,431055,Itacurubi,RS,2008,0
FMAC,Febre Maculosa,431055,Itacurubi,RS,2009,0
FMAC,Febre Maculosa,431055,Itacurubi,RS,2010,0
FMAC,Febre Maculosa,431055,Itacurubi,RS,2011,0
FMAC,Febre Maculosa,431055,Itacurubi,RS,2012,0
FMAC,Febre Maculosa,431055,Itacurubi,RS,2013,0
FMAC,Febre Maculosa,431055,Itacurubi,RS,2014,0
FMAC,Febre Maculosa,431055,Itacurubi,RS,2015,0
FMAC,Febre Maculosa,431055,Itacurubi,RS,2016,0
FMAC,Febre Maculosa,431055,Itacurubi,RS,2017,1
FMAC,Febre Maculosa,431055,Itacurubi,RS,2018,0
FMAC,Febre Maculosa,431055,Itacurubi,RS,2019,0
FMAC,Febre Maculosa,431055,Itacurubi,RS,2020,0
FMAC,Febre Maculosa,431055,Itacurubi,RS,2021,0
FMAC,Febre Maculosa,431055,Itacurubi,RS,2022,0
FMAC,Febre Maculosa,431055,Itacurubi,RS,2023,0
FMAC,Febre Maculosa,431055,Itacurubi,RS,2024,0
FMAC,Febre Maculosa,431055,Itacurubi,RS,2025,0
FMAC,Febre Maculosa,431162,Lindolfo Collor,RS,2001,0
FMAC,Febre Maculosa,431162,Lindolfo Collor,RS,2006,0
FMAC,Febre Maculosa,431162,Lindolfo Collor,RS,2007,0
FMAC,Febre Maculosa,431162,Lindolfo Collor,RS,2008,0
FMAC,Febre Maculosa,431162,Lindolfo Collor,RS,2009,0
FMAC,Febre Maculosa,431162,Lindolfo Collor,RS,2010,0
FMAC,Febre Maculosa,431162,Lindolfo Collor,RS,2011,0
FMAC,Febre Maculosa,431162,Lindolfo Collor,RS,2012,0
FMAC,Febre Maculosa,431162,Lindolfo Collor,RS,2013,2
FMAC,Febre Maculosa,431162,Lindolfo Collor,RS,2014,0
FMAC,Febre Maculosa,431162,Lindolfo Collor,RS,2015,0
FMAC,Febre Maculosa,431162,Lindolfo Collor,RS,2016,0
FMAC,Febre Maculosa,431162,Lindolfo Collor,RS,2017,0
FMAC,Febre Maculosa,431162,Lindolfo Collor,RS,2018,0
FMAC,Febre Maculosa,431162,Lindolfo Collor,RS,2019,0
FMAC,Febre Maculosa,431162,Lindolfo Collor,RS,2020,0
FMAC,Febre Maculosa,431162,Lindolfo Collor,RS,2021,0
FMAC,Febre Maculosa,431162,Lindolfo Collor,RS,2022,0
FMAC,Febre Maculosa,431162,Lindolfo Collor,RS,2023,0
FMAC,Febre Maculosa,431162,Lindolfo Collor,RS,2024,0
FMAC,Febre Maculosa,431162,Lindolfo Collor,RS,2025,0
FMAC,Febre Maculosa,431320,Nova Petropolis,RS,2001,0
FMAC,Febre Maculosa,431320,Nova Petropolis,RS,2006,0
FMAC,Febre Maculosa,431320,Nova Petropolis,RS,2007,0
FMAC,Febre Maculosa,431320,Nova Petropolis,RS,2008,0
FMAC,Febre Maculosa,431320,Nova Petropolis,RS,2009,0
FMAC,Febre Maculosa,431320,Nova Petropolis,RS,2010,0
FMAC,Febre Maculosa,431320,Nova Petropolis,RS,2011,0
FMAC,Febre Maculosa,431320,Nova Petropolis,RS,2012,0
FMAC,Febre Maculosa,431320,Nova Petropolis,RS,2013,0
FMAC,Febre Maculosa,431320,Nova Petropolis,RS,2014,0
FMAC,Febre Maculosa,431320,Nova Petropolis,RS,2015,0
FMAC,Febre Maculosa,431320,Nova Petropolis,RS,2016,0
FMAC,Febre Maculosa,431320,Nova Petropolis,RS,2017,0
FMAC,Febre Maculosa,431320,Nova Petropolis,RS,2018,0
FMAC,Febre Maculosa,431320,Nova Petropolis,RS,2019,0
FMAC,Febre Maculosa,431320,Nova Petropolis,RS,2020,0
FMAC,Febre Maculosa,431320,Nova Petropolis,RS,2021,0
FMAC,Febre Maculosa,431320,Nova Petropolis,RS,2022,0
FMAC,Febre Maculosa,431320,Nova Petropolis,RS,2023,2
FMAC,Febre Maculosa,431320,Nova Petropolis,RS,2024,0
FMAC,Febre Maculosa,431320,Nova Petropolis,RS,2025,0
FMAC,Febre Maculosa,431335,Nova Roma do Sul,RS,2001,0
FMAC,Febre Maculosa,431335,Nova Roma do Sul,RS,2006,0
FMAC,Febre Maculosa,431335,Nova Roma do Sul,RS,2007,0
FMAC,Febre Maculosa,431335,Nova Roma do Sul,RS,2008,0
FMAC,Febre Maculosa,431335,Nova Roma do Sul,RS,2009,0
FMAC,Febre Maculosa,431335,Nova Roma do Sul,RS,2010,0
FMAC,Febre Maculosa,431335,Nova Roma do Sul,RS,2011,0
FMAC,Febre Maculosa,431335,Nova Roma do Sul,RS,2012,0
FMAC,Febre Maculosa,431335,Nova Roma do Sul,RS,2013,0
FMAC,Febre Maculosa,431335,Nova Roma do Sul,RS,2014,0
FMAC,Febre Maculosa,431335,Nova Roma do Sul,RS,2015,0
FMAC,Febre Maculosa,431335,Nova Roma do Sul,RS,2016,0
FMAC,Febre Maculosa,431335,Nova Roma do Sul,RS,2017,0
FMAC,Febre Maculosa,431335,Nova Roma do Sul,RS,2018,0
FMAC,Febre Maculosa,431335,Nova Roma do Sul,RS,2019,0
FMAC,Febre Maculosa,431335,Nova Roma do Sul,RS,2020,0
FMAC,Febre Maculosa,431335,Nova Roma do Sul,RS,2021,0
FMAC,Febre Maculosa,431335,Nova Roma do Sul,RS,2022,0
FMAC,Febre Maculosa,431335,Nova Roma do Sul,RS,2023,1
FMAC,Febre Maculosa,431335,Nova Roma do Sul,RS,2024,0
FMAC,Febre Maculosa,431335,Nova Roma do Sul,RS,2025,0
FMAC,Febre Maculosa,431337,Nova Santa Rita,RS,2001,0
FMAC,Febre Maculosa,431337,Nova Santa Rita,RS,2006,0
FMAC,Febre Maculosa,431337,Nova Santa Rita,RS,2007,0
FMAC,Febre Maculosa,431337,Nova Santa Rita,RS,2008,0
FMAC,Febre Maculosa,431337,Nova Santa Rita,RS,2009,0
FMAC,Febre Maculosa,431337,Nova Santa Rita,RS,2010,0
FMAC,Febre Maculosa,431337,Nova Santa Rita,RS,2011,0
FMAC,Febre Maculosa,431337,Nova Santa Rita,RS,2012,0
FMAC,Febre Maculosa,431337,Nova Santa Rita,RS,2013,0
FMAC,Febre Maculosa,431337,Nova Santa Rita,RS,2014,0
FMAC,Febre Maculosa,431337,Nova Santa Rita,RS,2015,0
FMAC,Febre Maculosa,431337,Nova Santa Rita,RS,2016,0
FMAC,Febre Maculosa,431337,Nova Santa Rita,RS,2017,0
FMAC,Febre Maculosa,431337,Nova Santa Rita,RS,2018,0
FMAC,Febre Maculosa,431337,Nova Santa Rita,RS,2019,0
FMAC,Febre Maculosa,431337,Nova Santa Rita,RS,2020,0
FMAC,Febre Maculosa,431337,Nova Santa Rita,RS,2021,0
FMAC,Febre Maculosa,431337,Nova Santa Rita,RS,2022,0
FMAC,Febre Maculosa,431337,Nova Santa Rita,RS,2023,0
FMAC,Febre Maculosa,431337,Nova Santa Rita,RS,2024,2
FMAC,Febre Maculosa,431337,Nova Santa Rita,RS,2025,0
FMAC,Febre Maculosa,431510,Porto Xavier,RS,2001,0
FMAC,Febre Maculosa,431510,Porto Xavier,RS,2006,0
FMAC,Febre Maculosa,431510,Porto Xavier,RS,2007,1
FMAC,Febre Maculosa,431510,Porto Xavier,RS,2008,0
FMAC,Febre Maculosa,431510,Porto Xavier,RS,2009,0
FMAC,Febre Maculosa,431510,Porto Xavier,RS,2010,0
FMAC,Febre Maculosa,431510,Porto Xavier,RS,2011,0
FMAC,Febre Maculosa,431510,Porto Xavier,RS,2012,0
FMAC,Febre Maculosa,431510,Porto Xavier,RS,2013,0
FMAC,Febre Maculosa,431510,Porto Xavier,RS,2014,0
FMAC,Febre Maculosa,431510,Porto Xavier,RS,2015,0
FMAC,Febre Maculosa,431510,Porto Xavier,RS,2016,0
FMAC,Febre Maculosa,431510,Porto Xavier,RS,2017,0
FMAC,Febre Maculosa,431510,Porto Xavier,RS,2018,0
FMAC,Febre Maculosa,431510,Porto Xavier,RS,2019,0
FMAC,Febre Maculosa,431510,Porto Xavier,RS,2020,0
FMAC,Febre Maculosa,431510,Porto Xavier,RS,2021,0
FMAC,Febre Maculosa,431510,Porto Xavier,RS,2022,0
FMAC,Febre Maculosa,431510,Porto Xavier,RS,2023,0
FMAC,Febre Maculosa,431510,Porto Xavier,RS,2024,0
FMAC,Febre Maculosa,431510,Porto Xavier,RS,2025,0
FMAC,Febre Maculosa,431640,Rosario do Sul,RS,2001,0
FMAC,Febre Maculosa,431640,Rosario do Sul,RS,2006,0
FMAC,Febre Maculosa,431640,Rosario do Sul,RS,2007,0
FMAC,Febre Maculosa,431640,Rosario do Sul,RS,2008,0
FMAC,Febre Maculosa,431640,Rosario do Sul,RS,2009,0
FMAC,Febre Maculosa,431640,Rosario do Sul,RS,2010,0
FMAC,Febre Maculosa,431640,Rosario do Sul,RS,2011,1
FMAC,Febre Maculosa,431640,Rosario do Sul,RS,2012,0
FMAC,Febre Maculosa,431640,Rosario do Sul,RS,2013,0
FMAC,Febre Maculosa,431640,Rosario do Sul,RS,2014,0
FMAC,Febre Maculosa,431640,Rosario do Sul,RS,2015,0
FMAC,Febre Maculosa,431640,Rosario do Sul,RS,2016,0
FMAC,Febre Maculosa,431640,Rosario do Sul,RS,2017,0
FMAC,Febre Maculosa,431640,Rosario do Sul,RS,2018,0
FMAC,Febre Maculosa,431640,Rosario do Sul,RS,2019,0
FMAC,Febre Maculosa,431640,Rosario do Sul,RS,2020,0
FMAC,Febre Maculosa,431640,Rosario do Sul,RS,2021,0
FMAC,Febre Maculosa,431640,Rosario do Sul,RS,2022,1
FMAC,Febre Maculosa,431640,Rosario do Sul,RS,2023,0
FMAC,Febre Maculosa,431640,Rosario do Sul,RS,2024,0
FMAC,Febre Maculosa,431640,Rosario do Sul,RS,2025,0
FMAC,Febre Maculosa,431690,Santa Maria,RS,2001,0
FMAC,Febre Maculosa,431690,Santa Maria,RS,2006,0
FMAC,Febre Maculosa,431690,Santa Maria,RS,2007,0
FMAC,Febre Maculosa,431690,Santa Maria,RS,2008,0
FMAC,Febre Maculosa,431690,Santa Maria,RS,2009,0
FMAC,Febre Maculosa,431690,Santa Maria,RS,2010,0
FMAC,Febre Maculosa,431690,Santa Maria,RS,2011,0
FMAC,Febre Maculosa,431690,Santa Maria,RS,2012,0
FMAC,Febre Maculosa,431690,Santa Maria,RS,2013,0
FMAC,Febre Maculosa,431690,Santa Maria,RS,2014,1
FMAC,Febre Maculosa,431690,Santa Maria,RS,2015,0
FMAC,Febre Maculosa,431690,Santa Maria,RS,2016,0
FMAC,Febre Maculosa,431690,Santa Maria,RS,2017,0
FMAC,Febre Maculosa,431690,Santa Maria,RS,2018,0
FMAC,Febre Maculosa,431690,Santa Maria,RS,2019,0
FMAC,Febre Maculosa,431690,Santa Maria,RS,2020,0
FMAC,Febre Maculosa,431690,Santa Maria,RS,2021,0
FMAC,Febre Maculosa,431690,Santa Maria,RS,2022,0
FMAC,Febre Maculosa,431690,Santa Maria,RS,2023,0
FMAC,Febre Maculosa,431690,Santa Maria,RS,2024,0
FMAC,Febre Maculosa,431690,Santa Maria,RS,2025,1
FMAC,Febre Maculosa,431720,Santa Rosa,RS,2001,0
FMAC,Febre Maculosa,431720,Santa Rosa,RS,2006,0
FMAC,Febre Maculosa,431720,Santa Rosa,RS,2007,0
FMAC,Febre Maculosa,431720,Santa Rosa,RS,2008,0
FMAC,Febre Maculosa,431720,Santa Rosa,RS,2009,0
FMAC,Febre Maculosa,431720,Santa Rosa,RS,2010,0
FMAC,Febre Maculosa,431720,Santa Rosa,RS,2011,0
FMAC,Febre Maculosa,431720,Santa Rosa,RS,2012,0
FMAC,Febre Maculosa,431720,Santa Rosa,RS,2013,0
FMAC,Febre Maculosa,431720,Santa Rosa,RS,2014,0
FMAC,Febre Maculosa,431720,Santa Rosa,RS,2015,0
FMAC,Febre Maculosa,431720,Santa Rosa,RS,2016,0
FMAC,Febre Maculosa,431720,Santa Rosa,RS,2017,0
FMAC,Febre Maculosa,431720,Santa Rosa,RS,2018,0
FMAC,Febre Maculosa,431720,Santa Rosa,RS,2019,0
FMAC,Febre Maculosa,431720,Santa Rosa,RS,2020,0
FMAC,Febre Maculosa,431720,Santa Rosa,RS,2021,0
FMAC,Febre Maculosa,431720,Santa Rosa,RS,2022,1
FMAC,Febre Maculosa,431720,Santa Rosa,RS,2023,0
FMAC,Febre Maculosa,431720,Santa Rosa,RS,2024,0
FMAC,Febre Maculosa,431720,Santa Rosa,RS,2025,1
FMAC,Febre Maculosa,431725,Santa Tereza,RS,2001,0
FMAC,Febre Maculosa,431725,Santa Tereza,RS,2006,0
FMAC,Febre Maculosa,431725,Santa Tereza,RS,2007,0
FMAC,Febre Maculosa,431725,Santa Tereza,RS,2008,0
FMAC,Febre Maculosa,431725,Santa Tereza,RS,2009,0
FMAC,Febre Maculosa,431725,Santa Tereza,RS,2010,0
FMAC,Febre Maculosa,431725,Santa Tereza,RS,2011,0
FMAC,Febre Maculosa,431725,Santa Tereza,RS,2012,0
FMAC,Febre Maculosa,431725,Santa Tereza,RS,2013,0
FMAC,Febre Maculosa,431725,Santa Tereza,RS,2014,0
FMAC,Febre Maculosa,431725,Santa Tereza,RS,2015,0
FMAC,Febre Maculosa,431725,Santa Tereza,RS,2016,0
FMAC,Febre Maculosa,431725,Santa Tereza,RS,2017,0
FMAC,Febre Maculosa,431725,Santa Tereza,RS,2018,0
FMAC,Febre Maculosa,431725,Santa Tereza,RS,2019,1
FMAC,Febre Maculosa,431725,Santa Tereza,RS,2020,0
FMAC,Febre Maculosa,431725,Santa Tereza,RS,2021,0
FMAC,Febre Maculosa,431725,Santa Tereza,RS,2022,0
FMAC,Febre Maculosa,431725,Santa Tereza,RS,2023,0
FMAC,Febre Maculosa,431725,Santa Tereza,RS,2024,0
FMAC,Febre Maculosa,431725,Santa Tereza,RS,2025,0
FMAC,Febre Maculosa,431740,Santiago,RS,2001,0
FMAC,Febre Maculosa,431740,Santiago,RS,2006,0
FMAC,Febre Maculosa,431740,Santiago,RS,2007,0
FMAC,Febre Maculosa,431740,Santiago,RS,2008,0
FMAC,Febre Maculosa,431740,Santiago,RS,2009,0
FMAC,Febre Maculosa,431740,Santiago,RS,2010,0
FMAC,Febre Maculosa,431740,Santiago,RS,2011,0
FMAC,Febre Maculosa,431740,Santiago,RS,2012,0
FMAC,Febre Maculosa,431740,Santiago,RS,2013,0
FMAC,Febre Maculosa,431740,Santiago,RS,2014,0
FMAC,Febre Maculosa,431740,Santiago,RS,2015,0
FMAC,Febre Maculosa,431740,Santiago,RS,2016,0
FMAC,Febre Maculosa,431740,Santiago,RS,2017,1
FMAC,Febre Maculosa,431740,Santiago,RS,2018,0
FMAC,Febre Maculosa,431740,Santiago,RS,2019,0
FMAC,Febre Maculosa,431740,Santiago,RS,2020,0
FMAC,Febre Maculosa,431740,Santiago,RS,2021,0
FMAC,Febre Maculosa,431740,Santiago,RS,2022,0
FMAC,Febre Maculosa,431740,Santiago,RS,2023,0
FMAC,Febre Maculosa,431740,Santiago,RS,2024,0
FMAC,Febre Maculosa,431740,Santiago,RS,2025,0
FMAC,Febre Maculosa,431750,Santo Angelo,RS,2001,0
FMAC,Febre Maculosa,431750,Santo Angelo,RS,2006,0
FMAC,Febre Maculosa,431750,Santo Angelo,RS,2007,0
FMAC,Febre Maculosa,431750,Santo Angelo,RS,2008,0
FMAC,Febre Maculosa,431750,Santo Angelo,RS,2009,0
FMAC,Febre Maculosa,431750,Santo Angelo,RS,2010,0
FMAC,Febre Maculosa,431750,Santo Angelo,RS,2011,0
FMAC,Febre Maculosa,431750,Santo Angelo,RS,2012,0
FMAC,Febre Maculosa,431750,Santo Angelo,RS,2013,0
FMAC,Febre Maculosa,431750,Santo Angelo,RS,2014,0
FMAC,Febre Maculosa,431750,Santo Angelo,RS,2015,0
FMAC,Febre Maculosa,431750,Santo Angelo,RS,2016,0
FMAC,Febre Maculosa,431750,Santo Angelo,RS,2017,0
FMAC,Febre Maculosa,431750,Santo Angelo,RS,2018,0
FMAC,Febre Maculosa,431750,Santo Angelo,RS,2019,0
FMAC,Febre Maculosa,431750,Santo Angelo,RS,2020,0
FMAC,Febre Maculosa,431750,Santo Angelo,RS,2021,0
FMAC,Febre Maculosa,431750,Santo Angelo,RS,2022,1
FMAC,Febre Maculosa,431750,Santo Angelo,RS,2023,0
FMAC,Febre Maculosa,431750,Santo Angelo,RS,2024,0
FMAC,Febre Maculosa,431750,Santo Angelo,RS,2025,0
FMAC,Febre Maculosa,431790,Santo Cristo,RS,2001,0
FMAC,Febre Maculosa,431790,Santo Cristo,RS,2006,0
FMAC,Febre Maculosa,431790,Santo Cristo,RS,2007,0
FMAC,Febre Maculosa,431790,Santo Cristo,RS,2008,0
FMAC,Febre Maculosa,431790,Santo Cristo,RS,2009,0
FMAC,Febre Maculosa,431790,Santo Cristo,RS,2010,0
FMAC,Febre Maculosa,431790,Santo Cristo,RS,2011,0
FMAC,Febre Maculosa,431790,Santo Cristo,RS,2012,0
FMAC,Febre Maculosa,431790,Santo Cristo,RS,2013,0
FMAC,Febre Maculosa,431790,Santo Cristo,RS,2014,0
FMAC,Febre Maculosa,431790,Santo Cristo,RS,2015,0
FMAC,Febre Maculosa,431790,Santo Cristo,RS,2016,0
FMAC,Febre Maculosa,431790,Santo Cristo,RS,2017,0
FMAC,Febre Maculosa,431790,Santo Cristo,RS,2018,1
FMAC,Febre Maculosa,431790,Santo Cristo,RS,2019,0
FMAC,Febre Maculosa,431790,Santo Cristo,RS,2020,0
FMAC,Febre Maculosa,431790,Santo Cristo,RS,2021,0
FMAC,Febre Maculosa,431790,Santo Cristo,RS,2022,0
FMAC,Febre Maculosa,431790,Santo Cristo,RS,2023,0
FMAC,Febre Maculosa,431790,Santo Cristo,RS,2024,0
FMAC,Febre Maculosa,431790,Santo Cristo,RS,2025,0
FMAC,Febre Maculosa,431900,Sao Marcos,RS,2001,0
FMAC,Febre Maculosa,431900,Sao Marcos,RS,2006,0
FMAC,Febre Maculosa,431900,Sao Marcos,RS,2007,0
FMAC,Febre Maculosa,431900,Sao Marcos,RS,2008,0
FMAC,Febre Maculosa,431900,Sao Marcos,RS,2009,0
FMAC,Febre Maculosa,431900,Sao Marcos,RS,2010,0
FMAC,Febre Maculosa,431900,Sao Marcos,RS,2011,0
FMAC,Febre Maculosa,431900,Sao Marcos,RS,2012,0
FMAC,Febre Maculosa,431900,Sao Marcos,RS,2013,0
FMAC,Febre Maculosa,431900,Sao Marcos,RS,2014,0
FMAC,Febre Maculosa,431900,Sao Marcos,RS,2015,0
FMAC,Febre Maculosa,431900,Sao Marcos,RS,2016,0
FMAC,Febre Maculosa,431900,Sao Marcos,RS,2017,0
FMAC,Febre Maculosa,431900,Sao Marcos,RS,2018,0
FMAC,Febre Maculosa,431900,Sao Marcos,RS,2019,0
FMAC,Febre Maculosa,431900,Sao Marcos,RS,2020,0
FMAC,Febre Maculosa,431900,Sao Marcos,RS,2021,0
FMAC,Febre Maculosa,431900,Sao Marcos,RS,2022,0
FMAC,Febre Maculosa,431900,Sao Marcos,RS,2023,0
FMAC,Febre Maculosa,431900,Sao Marcos,RS,2024,1
FMAC,Febre Maculosa,431900,Sao Marcos,RS,2025,0
FMAC,Febre Maculosa,420050,Aguas de Chapeco,SC,2001,0
FMAC,Febre Maculosa,420050,Aguas de Chapeco,SC,2006,0
FMAC,Febre Maculosa,420050,Aguas de Chapeco,SC,2007,0
FMAC,Febre Maculosa,420050,Aguas de Chapeco,SC,2008,0
FMAC,Febre Maculosa,420050,Aguas de Chapeco,SC,2009,0
FMAC,Febre Maculosa,420050,Aguas de Chapeco,SC,2010,0
FMAC,Febre Maculosa,420050,Aguas de Chapeco,SC,2011,0
FMAC,Febre Maculosa,420050,Aguas de Chapeco,SC,2012,0
FMAC,Febre Maculosa,420050,Aguas de Chapeco,SC,2013,0
FMAC,Febre Maculosa,420050,Aguas de Chapeco,SC,2014,0
FMAC,Febre Maculosa,420050,Aguas de Chapeco,SC,2015,0
FMAC,Febre Maculosa,420050,Aguas de Chapeco,SC,2016,0
FMAC,Febre Maculosa,420050,Aguas de Chapeco,SC,2017,0
FMAC,Febre Maculosa,420050,Aguas de Chapeco,SC,2018,0
FMAC,Febre Maculosa,420050,Aguas de Chapeco,SC,2019,0
FMAC,Febre Maculosa,420050,Aguas de Chapeco,SC,2020,0
FMAC,Febre Maculosa,420050,Aguas de Chapeco,SC,2021,0
FMAC,Febre Maculosa,420050,Aguas de Chapeco,SC,2022,0
FMAC,Febre Maculosa,420050,Aguas de Chapeco,SC,2023,1
FMAC,Febre Maculosa,420050,Aguas de Chapeco,SC,2024,0
FMAC,Febre Maculosa,420050,Aguas de Chapeco,SC,2025,0
FMAC,Febre Maculosa,420120,Antonio Carlos,SC,2001,0
FMAC,Febre Maculosa,420120,Antonio Carlos,SC,2006,0
FMAC,Febre Maculosa,420120,Antonio Carlos,SC,2007,1
FMAC,Febre Maculosa,420120,Antonio Carlos,SC,2008,0
FMAC,Febre Maculosa,420120,Antonio Carlos,SC,2009,1
FMAC,Febre Maculosa,420120,Antonio Carlos,SC,2010,0
FMAC,Febre Maculosa,420120,Antonio Carlos,SC,2011,0
FMAC,Febre Maculosa,420120,Antonio Carlos,SC,2012,0
FMAC,Febre Maculosa,420120,Antonio Carlos,SC,2013,0
FMAC,Febre Maculosa,420120,Antonio Carlos,SC,2014,0
FMAC,Febre Maculosa,420120,Antonio Carlos,SC,2015,0
FMAC,Febre Maculosa,420120,Antonio Carlos,SC,2016,0
FMAC,Febre Maculosa,420120,Antonio Carlos,SC,2017,0
FMAC,Febre Maculosa,420120,Antonio Carlos,SC,2018,0
FMAC,Febre Maculosa,420120,Antonio Carlos,SC,2019,0
FMAC,Febre Maculosa,420120,Antonio Carlos,SC,2020,0
FMAC,Febre Maculosa,420120,Antonio Carlos,SC,2021,0
FMAC,Febre Maculosa,420120,Antonio Carlos,SC,2022,0
FMAC,Febre Maculosa,420120,Antonio Carlos,SC,2023,0
FMAC,Febre Maculosa,420120,Antonio Carlos,SC,2024,0
FMAC,Febre Maculosa,420120,Antonio Carlos,SC,2025,0
FMAC,Febre Maculosa,420125,Apiuna,SC,2001,0
FMAC,Febre Maculosa,420125,Apiuna,SC,2006,0
FMAC,Febre Maculosa,420125,Apiuna,SC,2007,0
FMAC,Febre Maculosa,420125,Apiuna,SC,2008,1
FMAC,Febre Maculosa,420125,Apiuna,SC,2009,0
FMAC,Febre Maculosa,420125,Apiuna,SC,2010,0
FMAC,Febre Maculosa,420125,Apiuna,SC,2011,0
FMAC,Febre Maculosa,420125,Apiuna,SC,2012,0
FMAC,Febre Maculosa,420125,Apiuna,SC,2013,0
FMAC,Febre Maculosa,420125,Apiuna,SC,2014,0
FMAC,Febre Maculosa,420125,Apiuna,SC,2015,0
FMAC,Febre Maculosa,420125,Apiuna,SC,2016,0
FMAC,Febre Maculosa,420125,Apiuna,SC,2017,2
FMAC,Febre Maculosa,420125,Apiuna,SC,2018,0
FMAC,Febre Maculosa,420125,Apiuna,SC,2019,0
FMAC,Febre Maculosa,420125,Apiuna,SC,2020,2
FMAC,Febre Maculosa,420125,Apiuna,SC,2021,0
FMAC,Febre Maculosa,420125,Apiuna,SC,2022,0
FMAC,Febre Maculosa,420125,Apiuna,SC,2023,0
FMAC,Febre Maculosa,420125,Apiuna,SC,2024,0
FMAC,Febre Maculosa,420125,Apiuna,SC,2025,0
FMAC,Febre Maculosa,420130,Araquari,SC,2001,0
FMAC,Febre Maculosa,420130,Araquari,SC,2006,0
FMAC,Febre Maculosa,420130,Araquari,SC,2007,0
FMAC,Febre Maculosa,420130,Araquari,SC,2008,0
FMAC,Febre Maculosa,420130,Araquari,SC,2009,0
FMAC,Febre Maculosa,420130,Araquari,SC,2010,0
FMAC,Febre Maculosa,420130,Araquari,SC,2011,0
FMAC,Febre Maculosa,420130,Araquari,SC,2012,0
FMAC,Febre Maculosa,420130,Araquari,SC,2013,0
FMAC,Febre Maculosa,420130,Araquari,SC,2014,0
FMAC,Febre Maculosa,420130,Araquari,SC,2015,0
FMAC,Febre Maculosa,420130,Araquari,SC,2016,0
FMAC,Febre Maculosa,420130,Araquari,SC,2017,0
FMAC,Febre Maculosa,420130,Araquari,SC,2018,0
FMAC,Febre Maculosa,420130,Araquari,SC,2019,0
FMAC,Febre Maculosa,420130,Araquari,SC,2020,0
FMAC,Febre Maculosa,420130,Araquari,SC,2021,0
FMAC,Febre Maculosa,420130,Araquari,SC,2022,1
FMAC,Febre Maculosa,420130,Araquari,SC,2023,1
FMAC,Febre Maculosa,420130,Araquari,SC,2024,4
FMAC,Febre Maculosa,420130,Araquari,SC,2025,1
FMAC,Febre Maculosa,420140,Ararangua,SC,2001,0
FMAC,Febre Maculosa,420140,Ararangua,SC,2006,0
FMAC,Febre Maculosa,420140,Ararangua,SC,2007,0
FMAC,Febre Maculosa,420140,Ararangua,SC,2008,0
FMAC,Febre Maculosa,420140,Ararangua,SC,2009,0
FMAC,Febre Maculosa,420140,Ararangua,SC,2010,0
FMAC,Febre Maculosa,420140,Ararangua,SC,2011,0
FMAC,Febre Maculosa,420140,Ararangua,SC,2012,0
FMAC,Febre Maculosa,420140,Ararangua,SC,2013,0
FMAC,Febre Maculosa,420140,Ararangua,SC,2014,0
FMAC,Febre Maculosa,420140,Ararangua,SC,2015,0
FMAC,Febre Maculosa,420140,Ararangua,SC,2016,0
FMAC,Febre Maculosa,420140,Ararangua,SC,2017,1
FMAC,Febre Maculosa,420140,Ararangua,SC,2018,0
FMAC,Febre Maculosa,420140,Ararangua,SC,2019,0
FMAC,Febre Maculosa,420140,Ararangua,SC,2020,0
FMAC,Febre Maculosa,420140,Ararangua,SC,2021,0
FMAC,Febre Maculosa,420140,Ararangua,SC,2022,0
FMAC,Febre Maculosa,420140,Ararangua,SC,2023,0
FMAC,Febre Maculosa,420140,Ararangua,SC,2024,1
FMAC,Febre Maculosa,420140,Ararangua,SC,2025,0
FMAC,Febre Maculosa,420170,Ascurra,SC,2001,0
FMAC,Febre Maculosa,420170,Ascurra,SC,2006,0
FMAC,Febre Maculosa,420170,Ascurra,SC,2007,0
FMAC,Febre Maculosa,420170,Ascurra,SC,2008,0
FMAC,Febre Maculosa,420170,Ascurra,SC,2009,1
FMAC,Febre Maculosa,420170,Ascurra,SC,2010,0
FMAC,Febre Maculosa,420170,Ascurra,SC,2011,0
FMAC,Febre Maculosa,420170,Ascurra,SC,2012,0
FMAC,Febre Maculosa,420170,Ascurra,SC,2013,0
FMAC,Febre Maculosa,420170,Ascurra,SC,2014,1
FMAC,Febre Maculosa,420170,Ascurra,SC,2015,1
FMAC,Febre Maculosa,420170,Ascurra,SC,2016,2
FMAC,Febre Maculosa,420170,Ascurra,SC,2017,0
FMAC,Febre Maculosa,420170,Ascurra,SC,2018,0
FMAC,Febre Maculosa,420170,Ascurra,SC,2019,0
FMAC,Febre Maculosa,420170,Ascurra,SC,2020,0
FMAC,Febre Maculosa,420170,Ascurra,SC,2021,1
FMAC,Febre Maculosa,420170,Ascurra,SC,2022,1
FMAC,Febre Maculosa,420170,Ascurra,SC,2023,0
FMAC,Febre Maculosa,420170,Ascurra,SC,2024,0
FMAC,Febre Maculosa,420170,Ascurra,SC,2025,0
FMAC,Febre Maculosa,420190,Aurora,SC,2001,0
FMAC,Febre Maculosa,420190,Aurora,SC,2006,0
FMAC,Febre Maculosa,420190,Aurora,SC,2007,0
FMAC,Febre Maculosa,420190,Aurora,SC,2008,0
FMAC,Febre Maculosa,420190,Aurora,SC,2009,0
FMAC,Febre Maculosa,420190,Aurora,SC,2010,0
FMAC,Febre Maculosa,420190,Aurora,SC,2011,0
FMAC,Febre Maculosa,420190,Aurora,SC,2012,0
FMAC,Febre Maculosa,420190,Aurora,SC,2013,0
FMAC,Febre Maculosa,420190,Aurora,SC,2014,0
FMAC,Febre Maculosa,420190,Aurora,SC,2015,0
FMAC,Febre Maculosa,420190,Aurora,SC,2016,0
FMAC,Febre Maculosa,420190,Aurora,SC,2017,0
FMAC,Febre Maculosa,420190,Aurora,SC,2018,0
FMAC,Febre Maculosa,420190,Aurora,SC,2019,0
FMAC,Febre Maculosa,420190,Aurora,SC,2020,0
FMAC,Febre Maculosa,420190,Aurora,SC,2021,0
FMAC,Febre Maculosa,420190,Aurora,SC,2022,0
FMAC,Febre Maculosa,420190,Aurora,SC,2023,0
FMAC,Febre Maculosa,420190,Aurora,SC,2024,1
FMAC,Febre Maculosa,420190,Aurora,SC,2025,1
FMAC,Febre Maculosa,420200,Balneario Camboriu,SC,2001,0
FMAC,Febre Maculosa,420200,Balneario Camboriu,SC,2006,0
FMAC,Febre Maculosa,420200,Balneario Camboriu,SC,2007,0
FMAC,Febre Maculosa,420200,Balneario Camboriu,SC,2008,1
FMAC,Febre Maculosa,420200,Balneario Camboriu,SC,2009,0
FMAC,Febre Maculosa,420200,Balneario Camboriu,SC,2010,0
FMAC,Febre Maculosa,420200,Balneario Camboriu,SC,2011,0
FMAC,Febre Maculosa,420200,Balneario Camboriu,SC,2012,1
FMAC,Febre Maculosa,420200,Balneario Camboriu,SC,2013,0
FMAC,Febre Maculosa,420200,Balneario Camboriu,SC,2014,0
FMAC,Febre Maculosa,420200,Balneario Camboriu,SC,2015,0
FMAC,Febre Maculosa,420200,Balneario Camboriu,SC,2016,0
FMAC,Febre Maculosa,420200,Balneario Camboriu,SC,2017,0
FMAC,Febre Maculosa,420200,Balneario Camboriu,SC,2018,2
FMAC,Febre Maculosa,420200,Balneario Camboriu,SC,2019,3
FMAC,Febre Maculosa,420200,Balneario Camboriu,SC,2020,1
FMAC,Febre Maculosa,420200,Balneario Camboriu,SC,2021,1
FMAC,Febre Maculosa,420200,Balneario Camboriu,SC,2022,0
FMAC,Febre Maculosa,420200,Balneario Camboriu,SC,2023,2
FMAC,Febre Maculosa,420200,Balneario Camboriu,SC,2024,1
FMAC,Febre Maculosa,420200,Balneario Camboriu,SC,2025,0
FMAC,Febre Maculosa,420205,Balneario Barra do Sul,SC,2001,0
FMAC,Febre Maculosa,420205,Balneario Barra do Sul,SC,2006,0
FMAC,Febre Maculosa,420205,Balneario Barra do Sul,SC,2007,0
FMAC,Febre Maculosa,420205,Balneario Barra do Sul,SC,2008,0
FMAC,Febre Maculosa,420205,Balneario Barra do Sul,SC,2009,0
FMAC,Febre Maculosa,420205,Balneario Barra do Sul,SC,2010,0
FMAC,Febre Maculosa,420205,Balneario Barra do Sul,SC,2011,0
FMAC,Febre Maculosa,420205,Balneario Barra do Sul,SC,2012,0
FMAC,Febre Maculosa,420205,Balneario Barra do Sul,SC,2013,0
FMAC,Febre Maculosa,420205,Balneario Barra do Sul,SC,2014,0
FMAC,Febre Maculosa,420205,Balneario Barra do Sul,SC,2015,0
FMAC,Febre Maculosa,420205,Balneario Barra do Sul,SC,2016,0
FMAC,Febre Maculosa,420205,Balneario Barra do Sul,SC,2017,0
FMAC,Febre Maculosa,420205,Balneario Barra do Sul,SC,2018,0
FMAC,Febre Maculosa,420205,Balneario Barra do Sul,SC,2019,0
FMAC,Febre Maculosa,420205,Balneario Barra do Sul,SC,2020,0
FMAC,Febre Maculosa,420205,Balneario Barra do Sul,SC,2021,0
FMAC,Febre Maculosa,420205,Balneario Barra do Sul,SC,2022,0
FMAC,Febre Maculosa,420205,Balneario Barra do Sul,SC,2023,1
FMAC,Febre Maculosa,420205,Balneario Barra do Sul,SC,2024,0
FMAC,Febre Maculosa,420205,Balneario Barra do Sul,SC,2025,0
FMAC,Febre Maculosa,420210,Barra Velha,SC,2001,0
FMAC,Febre Maculosa,420210,Barra Velha,SC,2006,0
FMAC,Febre Maculosa,420210,Barra Velha,SC,2007,0
FMAC,Febre Maculosa,420210,Barra Velha,SC,2008,0
FMAC,Febre Maculosa,420210,Barra Velha,SC,2009,0
FMAC,Febre Maculosa,420210,Barra Velha,SC,2010,0
FMAC,Febre Maculosa,420210,Barra Velha,SC,2011,0
FMAC,Febre Maculosa,420210,Barra Velha,SC,2012,0
FMAC,Febre Maculosa,420210,Barra Velha,SC,2013,0
FMAC,Febre Maculosa,420210,Barra Velha,SC,2014,0
FMAC,Febre Maculosa,420210,Barra Velha,SC,2015,0
FMAC,Febre Maculosa,420210,Barra Velha,SC,2016,0
FMAC,Febre Maculosa,420210,Barra Velha,SC,2017,0
FMAC,Febre Maculosa,420210,Barra Velha,SC,2018,0
FMAC,Febre Maculosa,420210,Barra Velha,SC,2019,0
FMAC,Febre Maculosa,420210,Barra Velha,SC,2020,0
FMAC,Febre Maculosa,420210,Barra Velha,SC,2021,0
FMAC,Febre Maculosa,420210,Barra Velha,SC,2022,0
FMAC,Febre Maculosa,420210,Barra Velha,SC,2023,0
FMAC,Febre Maculosa,420210,Barra Velha,SC,2024,1
FMAC,Febre Maculosa,420210,Barra Velha,SC,2025,0
FMAC,Febre Maculosa,420215,Belmonte,SC,2001,0
FMAC,Febre Maculosa,420215,Belmonte,SC,2006,0
FMAC,Febre Maculosa,420215,Belmonte,SC,2007,0
FMAC,Febre Maculosa,420215,Belmonte,SC,2008,0
FMAC,Febre Maculosa,420215,Belmonte,SC,2009,0
FMAC,Febre Maculosa,420215,Belmonte,SC,2010,0
FMAC,Febre Maculosa,420215,Belmonte,SC,2011,0
FMAC,Febre Maculosa,420215,Belmonte,SC,2012,0
FMAC,Febre Maculosa,420215,Belmonte,SC,2013,0
FMAC,Febre Maculosa,420215,Belmonte,SC,2014,0
FMAC,Febre Maculosa,420215,Belmonte,SC,2015,0
FMAC,Febre Maculosa,420215,Belmonte,SC,2016,0
FMAC,Febre Maculosa,420215,Belmonte,SC,2017,0
FMAC,Febre Maculosa,420215,Belmonte,SC,2018,1
FMAC,Febre Maculosa,420215,Belmonte,SC,2019,0
FMAC,Febre Maculosa,420215,Belmonte,SC,2020,0
FMAC,Febre Maculosa,420215,Belmonte,SC,2021,0
FMAC,Febre Maculosa,420215,Belmonte,SC,2022,0
FMAC,Febre Maculosa,420215,Belmonte,SC,2023,0
FMAC,Febre Maculosa,420215,Belmonte,SC,2024,0
FMAC,Febre Maculosa,420215,Belmonte,SC,2025,0
FMAC,Febre Maculosa,420220,Benedito Novo,SC,2001,0
FMAC,Febre Maculosa,420220,Benedito Novo,SC,2006,0
FMAC,Febre Maculosa,420220,Benedito Novo,SC,2007,3
FMAC,Febre Maculosa,420220,Benedito Novo,SC,2008,0
FMAC,Febre Maculosa,420220,Benedito Novo,SC,2009,0
FMAC,Febre Maculosa,420220,Benedito Novo,SC,2010,1
FMAC,Febre Maculosa,420220,Benedito Novo,SC,2011,0
FMAC,Febre Maculosa,420220,Benedito Novo,SC,2012,0
FMAC,Febre Maculosa,420220,Benedito Novo,SC,2013,0
FMAC,Febre Maculosa,420220,Benedito Novo,SC,2014,2
FMAC,Febre Maculosa,420220,Benedito Novo,SC,2015,1
FMAC,Febre Maculosa,420220,Benedito Novo,SC,2016,0
FMAC,Febre Maculosa,420220,Benedito Novo,SC,2017,0
FMAC,Febre Maculosa,420220,Benedito Novo,SC,2018,1
FMAC,Febre Maculosa,420220,Benedito Novo,SC,2019,1
FMAC,Febre Maculosa,420220,Benedito Novo,SC,2020,0
FMAC,Febre Maculosa,420220,Benedito Novo,SC,2021,0
FMAC,Febre Maculosa,420220,Benedito Novo,SC,2022,0
FMAC,Febre Maculosa,420220,Benedito Novo,SC,2023,2
FMAC,Febre Maculosa,420220,Benedito Novo,SC,2024,0
FMAC,Febre Maculosa,420220,Benedito Novo,SC,2025,2
FMAC,Febre Maculosa,420230,Biguacu,SC,2001,0
FMAC,Febre Maculosa,420230,Biguacu,SC,2006,0
FMAC,Febre Maculosa,420230,Biguacu,SC,2007,0
FMAC,Febre Maculosa,420230,Biguacu,SC,2008,0
FMAC,Febre Maculosa,420230,Biguacu,SC,2009,0
FMAC,Febre Maculosa,420230,Biguacu,SC,2010,0
FMAC,Febre Maculosa,420230,Biguacu,SC,2011,1
FMAC,Febre Maculosa,420230,Biguacu,SC,2012,0
FMAC,Febre Maculosa,420230,Biguacu,SC,2013,0
FMAC,Febre Maculosa,420230,Biguacu,SC,2014,0
FMAC,Febre Maculosa,420230,Biguacu,SC,2015,0
FMAC,Febre Maculosa,420230,Biguacu,SC,2016,0
FMAC,Febre Maculosa,420230,Biguacu,SC,2017,0
FMAC,Febre Maculosa,420230,Biguacu,SC,2018,0
FMAC,Febre Maculosa,420230,Biguacu,SC,2019,0
FMAC,Febre Maculosa,420230,Biguacu,SC,2020,1
FMAC,Febre Maculosa,420230,Biguacu,SC,2021,0
FMAC,Febre Maculosa,420230,Biguacu,SC,2022,0
FMAC,Febre Maculosa,420230,Biguacu,SC,2023,0
FMAC,Febre Maculosa,420230,Biguacu,SC,2024,0
FMAC,Febre Maculosa,420230,Biguacu,SC,2025,0
FMAC,Febre Maculosa,420240,Blumenau,SC,2001,0
FMAC,Febre Maculosa,420240,Blumenau,SC,2006,1
FMAC,Febre Maculosa,420240,Blumenau,SC,2007,8
FMAC,Febre Maculosa,420240,Blumenau,SC,2008,9
FMAC,Febre Maculosa,420240,Blumenau,SC,2009,7
FMAC,Febre Maculosa,420240,Blumenau,SC,2010,3
FMAC,Febre Maculosa,420240,Blumenau,SC,2011,10
FMAC,Febre Maculosa,420240,Blumenau,SC,2012,9
FMAC,Febre Maculosa,420240,Blumenau,SC,2013,11
FMAC,Febre Maculosa,420240,Blumenau,SC,2014,6
FMAC,Febre Maculosa,420240,Blumenau,SC,2015,1
FMAC,Febre Maculosa,420240,Blumenau,SC,2016,0
FMAC,Febre Maculosa,420240,Blumenau,SC,2017,2
FMAC,Febre Maculosa,420240,Blumenau,SC,2018,6
FMAC,Febre Maculosa,420240,Blumenau,SC,2019,7
FMAC,Febre Maculosa,420240,Blumenau,SC,2020,11
FMAC,Febre Maculosa,420240,Blumenau,SC,2021,9
FMAC,Febre Maculosa,420240,Blumenau,SC,2022,13
FMAC,Febre Maculosa,420240,Blumenau,SC,2023,10
FMAC,Febre Maculosa,420240,Blumenau,SC,2024,5
FMAC,Febre Maculosa,420240,Blumenau,SC,2025,4
FMAC,Febre Maculosa,420245,Bombinhas,SC,2001,0
FMAC,Febre Maculosa,420245,Bombinhas,SC,2006,0
FMAC,Febre Maculosa,420245,Bombinhas,SC,2007,0
FMAC,Febre Maculosa,420245,Bombinhas,SC,2008,0
FMAC,Febre Maculosa,420245,Bombinhas,SC,2009,0
FMAC,Febre Maculosa,420245,Bombinhas,SC,2010,0
FMAC,Febre Maculosa,420245,Bombinhas,SC,2011,0
FMAC,Febre Maculosa,420245,Bombinhas,SC,2012,2
FMAC,Febre Maculosa,420245,Bombinhas,SC,2013,0
FMAC,Febre Maculosa,420245,Bombinhas,SC,2014,0
FMAC,Febre Maculosa,420245,Bombinhas,SC,2015,0
FMAC,Febre Maculosa,420245,Bombinhas,SC,2016,1
FMAC,Febre Maculosa,420245,Bombinhas,SC,2017,0
FMAC,Febre Maculosa,420245,Bombinhas,SC,2018,0
FMAC,Febre Maculosa,420245,Bombinhas,SC,2019,0
FMAC,Febre Maculosa,420245,Bombinhas,SC,2020,0
FMAC,Febre Maculosa,420245,Bombinhas,SC,2021,0
FMAC,Febre Maculosa,420245,Bombinhas,SC,2022,0
FMAC,Febre Maculosa,420245,Bombinhas,SC,2023,0
FMAC,Febre Maculosa,420245,Bombinhas,SC,2024,0
FMAC,Febre Maculosa,420245,Bombinhas,SC,2025,0
FMAC,Febre Maculosa,420270,Botuvera,SC,2001,0
FMAC,Febre Maculosa,420270,Botuvera,SC,2006,0
FMAC,Febre Maculosa,420270,Botuvera,SC,2007,0
FMAC,Febre Maculosa,420270,Botuvera,SC,2008,0
FMAC,Febre Maculosa,420270,Botuvera,SC,2009,2
FMAC,Febre Maculosa,420270,Botuvera,SC,2010,0
FMAC,Febre Maculosa,420270,Botuvera,SC,2011,0
FMAC,Febre Maculosa,420270,Botuvera,SC,2012,0
FMAC,Febre Maculosa,420270,Botuvera,SC,2013,0
FMAC,Febre Maculosa,420270,Botuvera,SC,2014,0
FMAC,Febre Maculosa,420270,Botuvera,SC,2015,0
FMAC,Febre Maculosa,420270,Botuvera,SC,2016,0
FMAC,Febre Maculosa,420270,Botuvera,SC,2017,0
FMAC,Febre Maculosa,420270,Botuvera,SC,2018,0
FMAC,Febre Maculosa,420270,Botuvera,SC,2019,1
FMAC,Febre Maculosa,420270,Botuvera,SC,2020,0
FMAC,Febre Maculosa,420270,Botuvera,SC,2021,0
FMAC,Febre Maculosa,420270,Botuvera,SC,2022,2
FMAC,Febre Maculosa,420270,Botuvera,SC,2023,0
FMAC,Febre Maculosa,420270,Botuvera,SC,2024,0
FMAC,Febre Maculosa,420270,Botuvera,SC,2025,0
FMAC,Febre Maculosa,420280,Braco do Norte,SC,2001,0
FMAC,Febre Maculosa,420280,Braco do Norte,SC,2006,0
FMAC,Febre Maculosa,420280,Braco do Norte,SC,2007,0
FMAC,Febre Maculosa,420280,Braco do Norte,SC,2008,0
FMAC,Febre Maculosa,420280,Braco do Norte,SC,2009,0
FMAC,Febre Maculosa,420280,Braco do Norte,SC,2010,0
FMAC,Febre Maculosa,420280,Braco do Norte,SC,2011,0
FMAC,Febre Maculosa,420280,Braco do Norte,SC,2012,0
FMAC,Febre Maculosa,420280,Braco do Norte,SC,2013,0
FMAC,Febre Maculosa,420280,Braco do Norte,SC,2014,0
FMAC,Febre Maculosa,420280,Braco do Norte,SC,2015,0
FMAC,Febre Maculosa,420280,Braco do Norte,SC,2016,0
FMAC,Febre Maculosa,420280,Braco do Norte,SC,2017,0
FMAC,Febre Maculosa,420280,Braco do Norte,SC,2018,0
FMAC,Febre Maculosa,420280,Braco do Norte,SC,2019,0
FMAC,Febre Maculosa,420280,Braco do Norte,SC,2020,0
FMAC,Febre Maculosa,420280,Braco do Norte,SC,2021,0
FMAC,Febre Maculosa,420280,Braco do Norte,SC,2022,2
FMAC,Febre Maculosa,420280,Braco do Norte,SC,2023,0
FMAC,Febre Maculosa,420280,Braco do Norte,SC,2024,0
FMAC,Febre Maculosa,420280,Braco do Norte,SC,2025,0
FMAC,Febre Maculosa,420290,Brusque,SC,2001,0
FMAC,Febre Maculosa,420290,Brusque,SC,2006,0
FMAC,Febre Maculosa,420290,Brusque,SC,2007,0
FMAC,Febre Maculosa,420290,Brusque,SC,2008,0
FMAC,Febre Maculosa,420290,Brusque,SC,2009,1
FMAC,Febre Maculosa,420290,Brusque,SC,2010,1
FMAC,Febre Maculosa,420290,Brusque,SC,2011,0
FMAC,Febre Maculosa,420290,Brusque,SC,2012,2
FMAC,Febre Maculosa,420290,Brusque,SC,2013,2
FMAC,Febre Maculosa,420290,Brusque,SC,2014,2
FMAC,Febre Maculosa,420290,Brusque,SC,2015,1
FMAC,Febre Maculosa,420290,Brusque,SC,2016,1
FMAC,Febre Maculosa,420290,Brusque,SC,2017,1
FMAC,Febre Maculosa,420290,Brusque,SC,2018,2
FMAC,Febre Maculosa,420290,Brusque,SC,2019,2
FMAC,Febre Maculosa,420290,Brusque,SC,2020,1
FMAC,Febre Maculosa,420290,Brusque,SC,2021,0
FMAC,Febre Maculosa,420290,Brusque,SC,2022,0
FMAC,Febre Maculosa,420290,Brusque,SC,2023,0
FMAC,Febre Maculosa,420290,Brusque,SC,2024,2
FMAC,Febre Maculosa,420290,Brusque,SC,2025,3
FMAC,Febre Maculosa,420370,Canelinha,SC,2001,0
FMAC,Febre Maculosa,420370,Canelinha,SC,2006,0
FMAC,Febre Maculosa,420370,Canelinha,SC,2007,0
FMAC,Febre Maculosa,420370,Canelinha,SC,2008,0
FMAC,Febre Maculosa,420370,Canelinha,SC,2009,0
FMAC,Febre Maculosa,420370,Canelinha,SC,2010,0
FMAC,Febre Maculosa,420370,Canelinha,SC,2011,0
FMAC,Febre Maculosa,420370,Canelinha,SC,2012,0
FMAC,Febre Maculosa,420370,Canelinha,SC,2013,0
FMAC,Febre Maculosa,420370,Canelinha,SC,2014,0
FMAC,Febre Maculosa,420370,Canelinha,SC,2015,0
FMAC,Febre Maculosa,420370,Canelinha,SC,2016,0
FMAC,Febre Maculosa,420370,Canelinha,SC,2017,0
FMAC,Febre Maculosa,420370,Canelinha,SC,2018,0
FMAC,Febre Maculosa,420370,Canelinha,SC,2019,0
FMAC,Febre Maculosa,420370,Canelinha,SC,2020,0
FMAC,Febre Maculosa,420370,Canelinha,SC,2021,0
FMAC,Febre Maculosa,420370,Canelinha,SC,2022,1
FMAC,Febre Maculosa,420370,Canelinha,SC,2023,1
FMAC,Febre Maculosa,420370,Canelinha,SC,2024,0
FMAC,Febre Maculosa,420370,Canelinha,SC,2025,0
FMAC,Febre Maculosa,420420,Chapeco,SC,2001,0
FMAC,Febre Maculosa,420420,Chapeco,SC,2006,0
FMAC,Febre Maculosa,420420,Chapeco,SC,2007,0
FMAC,Febre Maculosa,420420,Chapeco,SC,2008,0
FMAC,Febre Maculosa,420420,Chapeco,SC,2009,0
FMAC,Febre Maculosa,420420,Chapeco,SC,2010,0
FMAC,Febre Maculosa,420420,Chapeco,SC,2011,0
FMAC,Febre Maculosa,420420,Chapeco,SC,2012,0
FMAC,Febre Maculosa,420420,Chapeco,SC,2013,0
FMAC,Febre Maculosa,420420,Chapeco,SC,2014,0
FMAC,Febre Maculosa,420420,Chapeco,SC,2015,0
FMAC,Febre Maculosa,420420,Chapeco,SC,2016,0
FMAC,Febre Maculosa,420420,Chapeco,SC,2017,0
FMAC,Febre Maculosa,420420,Chapeco,SC,2018,0
FMAC,Febre Maculosa,420420,Chapeco,SC,2019,1
FMAC,Febre Maculosa,420420,Chapeco,SC,2020,0
FMAC,Febre Maculosa,420420,Chapeco,SC,2021,0
FMAC,Febre Maculosa,420420,Chapeco,SC,2022,0
FMAC,Febre Maculosa,420420,Chapeco,SC,2023,0
FMAC,Febre Maculosa,420420,Chapeco,SC,2024,1
FMAC,Febre Maculosa,420420,Chapeco,SC,2025,0
FMAC,Febre Maculosa,420425,Cocal do Sul,SC,2001,0
FMAC,Febre Maculosa,420425,Cocal do Sul,SC,2006,0
FMAC,Febre Maculosa,420425,Cocal do Sul,SC,2007,0
FMAC,Febre Maculosa,420425,Cocal do Sul,SC,2008,0
FMAC,Febre Maculosa,420425,Cocal do Sul,SC,2009,0
FMAC,Febre Maculosa,420425,Cocal do Sul,SC,2010,0
FMAC,Febre Maculosa,420425,Cocal do Sul,SC,2011,0
FMAC,Febre Maculosa,420425,Cocal do Sul,SC,2012,1
FMAC,Febre Maculosa,420425,Cocal do Sul,SC,2013,0
FMAC,Febre Maculosa,420425,Cocal do Sul,SC,2014,1
FMAC,Febre Maculosa,420425,Cocal do Sul,SC,2015,0
FMAC,Febre Maculosa,420425,Cocal do Sul,SC,2016,0
FMAC,Febre Maculosa,420425,Cocal do Sul,SC,2017,0
FMAC,Febre Maculosa,420425,Cocal do Sul,SC,2018,0
FMAC,Febre Maculosa,420425,Cocal do Sul,SC,2019,0
FMAC,Febre Maculosa,420425,Cocal do Sul,SC,2020,0
FMAC,Febre Maculosa,420425,Cocal do Sul,SC,2021,0
FMAC,Febre Maculosa,420425,Cocal do Sul,SC,2022,0
FMAC,Febre Maculosa,420425,Cocal do Sul,SC,2023,0
FMAC,Febre Maculosa,420425,Cocal do Sul,SC,2024,0
FMAC,Febre Maculosa,420425,Cocal do Sul,SC,2025,0
FMAC,Febre Maculosa,420450,Corupa,SC,2001,0
FMAC,Febre Maculosa,420450,Corupa,SC,2006,0
FMAC,Febre Maculosa,420450,Corupa,SC,2007,3
FMAC,Febre Maculosa,420450,Corupa,SC,2008,4
FMAC,Febre Maculosa,420450,Corupa,SC,2009,3
FMAC,Febre Maculosa,420450,Corupa,SC,2010,1
FMAC,Febre Maculosa,420450,Corupa,SC,2011,0
FMAC,Febre Maculosa,420450,Corupa,SC,2012,2
FMAC,Febre Maculosa,420450,Corupa,SC,2013,1
FMAC,Febre Maculosa,420450,Corupa,SC,2014,3
FMAC,Febre Maculosa,420450,Corupa,SC,2015,1
FMAC,Febre Maculosa,420450,Corupa,SC,2016,2
FMAC,Febre Maculosa,420450,Corupa,SC,2017,1
FMAC,Febre Maculosa,420450,Corupa,SC,2018,0
FMAC,Febre Maculosa,420450,Corupa,SC,2019,0
FMAC,Febre Maculosa,420450,Corupa,SC,2020,1
FMAC,Febre Maculosa,420450,Corupa,SC,2021,3
FMAC,Febre Maculosa,420450,Corupa,SC,2022,0
FMAC,Febre Maculosa,420450,Corupa,SC,2023,2
FMAC,Febre Maculosa,420450,Corupa,SC,2024,2
FMAC,Febre Maculosa,420450,Corupa,SC,2025,0
FMAC,Febre Maculosa,420460,Criciuma,SC,2001,0
FMAC,Febre Maculosa,420460,Criciuma,SC,2006,0
FMAC,Febre Maculosa,420460,Criciuma,SC,2007,0
FMAC,Febre Maculosa,420460,Criciuma,SC,2008,0
FMAC,Febre Maculosa,420460,Criciuma,SC,2009,0
FMAC,Febre Maculosa,420460,Criciuma,SC,2010,0
FMAC,Febre Maculosa,420460,Criciuma,SC,2011,0
FMAC,Febre Maculosa,420460,Criciuma,SC,2012,0
FMAC,Febre Maculosa,420460,Criciuma,SC,2013,0
FMAC,Febre Maculosa,420460,Criciuma,SC,2014,1
FMAC,Febre Maculosa,420460,Criciuma,SC,2015,1
FMAC,Febre Maculosa,420460,Criciuma,SC,2016,0
FMAC,Febre Maculosa,420460,Criciuma,SC,2017,0
FMAC,Febre Maculosa,420460,Criciuma,SC,2018,1
FMAC,Febre Maculosa,420460,Criciuma,SC,2019,0
FMAC,Febre Maculosa,420460,Criciuma,SC,2020,0
FMAC,Febre Maculosa,420460,Criciuma,SC,2021,0
FMAC,Febre Maculosa,420460,Criciuma,SC,2022,0
FMAC,Febre Maculosa,420460,Criciuma,SC,2023,2
FMAC,Febre Maculosa,420460,Criciuma,SC,2024,2
FMAC,Febre Maculosa,420460,Criciuma,SC,2025,0
FMAC,Febre Maculosa,420540,Florianopolis,SC,2001,0
FMAC,Febre Maculosa,420540,Florianopolis,SC,2006,0
FMAC,Febre Maculosa,420540,Florianopolis,SC,2007,0
FMAC,Febre Maculosa,420540,Florianopolis,SC,2008,0
FMAC,Febre Maculosa,420540,Florianopolis,SC,2009,0
FMAC,Febre Maculosa,420540,Florianopolis,SC,2010,0
FMAC,Febre Maculosa,420540,Florianopolis,SC,2011,0
FMAC,Febre Maculosa,420540,Florianopolis,SC,2012,1
FMAC,Febre Maculosa,420540,Florianopolis,SC,2013,3
FMAC,Febre Maculosa,420540,Florianopolis,SC,2014,5
FMAC,Febre Maculosa,420540,Florianopolis,SC,2015,1
FMAC,Febre Maculosa,420540,Florianopolis,SC,2016,1
FMAC,Febre Maculosa,420540,Florianopolis,SC,2017,0
FMAC,Febre Maculosa,420540,Florianopolis,SC,2018,4
FMAC,Febre Maculosa,420540,Florianopolis,SC,2019,4
FMAC,Febre Maculosa,420540,Florianopolis,SC,2020,0
FMAC,Febre Maculosa,420540,Florianopolis,SC,2021,2
FMAC,Febre Maculosa,420540,Florianopolis,SC,2022,0
FMAC,Febre Maculosa,420540,Florianopolis,SC,2023,1
FMAC,Febre Maculosa,420540,Florianopolis,SC,2024,4
FMAC,Febre Maculosa,420540,Florianopolis,SC,2025,1
FMAC,Febre Maculosa,420570,Garopaba,SC,2001,0
FMAC,Febre Maculosa,420570,Garopaba,SC,2006,0
FMAC,Febre Maculosa,420570,Garopaba,SC,2007,0
FMAC,Febre Maculosa,420570,Garopaba,SC,2008,0
FMAC,Febre Maculosa,420570,Garopaba,SC,2009,0
FMAC,Febre Maculosa,420570,Garopaba,SC,2010,0
FMAC,Febre Maculosa,420570,Garopaba,SC,2011,0
FMAC,Febre Maculosa,420570,Garopaba,SC,2012,0
FMAC,Febre Maculosa,420570,Garopaba,SC,2013,0
FMAC,Febre Maculosa,420570,Garopaba,SC,2014,0
FMAC,Febre Maculosa,420570,Garopaba,SC,2015,0
FMAC,Febre Maculosa,420570,Garopaba,SC,2016,0
FMAC,Febre Maculosa,420570,Garopaba,SC,2017,0
FMAC,Febre Maculosa,420570,Garopaba,SC,2018,0
FMAC,Febre Maculosa,420570,Garopaba,SC,2019,0
FMAC,Febre Maculosa,420570,Garopaba,SC,2020,0
FMAC,Febre Maculosa,420570,Garopaba,SC,2021,0
FMAC,Febre Maculosa,420570,Garopaba,SC,2022,0
FMAC,Febre Maculosa,420570,Garopaba,SC,2023,0
FMAC,Febre Maculosa,420570,Garopaba,SC,2024,1
FMAC,Febre Maculosa,420570,Garopaba,SC,2025,0
FMAC,Febre Maculosa,420580,Garuva,SC,2001,0
FMAC,Febre Maculosa,420580,Garuva,SC,2006,0
FMAC,Febre Maculosa,420580,Garuva,SC,2007,0
FMAC,Febre Maculosa,420580,Garuva,SC,2008,1
FMAC,Febre Maculosa,420580,Garuva,SC,2009,1
FMAC,Febre Maculosa,420580,Garuva,SC,2010,0
FMAC,Febre Maculosa,420580,Garuva,SC,2011,1
FMAC,Febre Maculosa,420580,Garuva,SC,2012,0
FMAC,Febre Maculosa,420580,Garuva,SC,2013,1
FMAC,Febre Maculosa,420580,Garuva,SC,2014,4
FMAC,Febre Maculosa,420580,Garuva,SC,2015,0
FMAC,Febre Maculosa,420580,Garuva,SC,2016,0
FMAC,Febre Maculosa,420580,Garuva,SC,2017,0
FMAC,Febre Maculosa,420580,Garuva,SC,2018,0
FMAC,Febre Maculosa,420580,Garuva,SC,2019,1
FMAC,Febre Maculosa,420580,Garuva,SC,2020,0
FMAC,Febre Maculosa,420580,Garuva,SC,2021,0
FMAC,Febre Maculosa,420580,Garuva,SC,2022,0
FMAC,Febre Maculosa,420580,Garuva,SC,2023,0
FMAC,Febre Maculosa,420580,Garuva,SC,2024,1
FMAC,Febre Maculosa,420580,Garuva,SC,2025,3
FMAC,Febre Maculosa,420590,Gaspar,SC,2001,0
FMAC,Febre Maculosa,420590,Gaspar,SC,2006,0
FMAC,Febre Maculosa,420590,Gaspar,SC,2007,0
FMAC,Febre Maculosa,420590,Gaspar,SC,2008,1
FMAC,Febre Maculosa,420590,Gaspar,SC,2009,1
FMAC,Febre Maculosa,420590,Gaspar,SC,2010,1
FMAC,Febre Maculosa,420590,Gaspar,SC,2011,1
FMAC,Febre Maculosa,420590,Gaspar,SC,2012,1
FMAC,Febre Maculosa,420590,Gaspar,SC,2013,0
FMAC,Febre Maculosa,420590,Gaspar,SC,2014,0
FMAC,Febre Maculosa,420590,Gaspar,SC,2015,0
FMAC,Febre Maculosa,420590,Gaspar,SC,2016,0
FMAC,Febre Maculosa,420590,Gaspar,SC,2017,0
FMAC,Febre Maculosa,420590,Gaspar,SC,2018,1
FMAC,Febre Maculosa,420590,Gaspar,SC,2019,1
FMAC,Febre Maculosa,420590,Gaspar,SC,2020,0
FMAC,Febre Maculosa,420590,Gaspar,SC,2021,0
FMAC,Febre Maculosa,420590,Gaspar,SC,2022,0
FMAC,Febre Maculosa,420590,Gaspar,SC,2023,1
FMAC,Febre Maculosa,420590,Gaspar,SC,2024,3
FMAC,Febre Maculosa,420590,Gaspar,SC,2025,2
FMAC,Febre Maculosa,420600,Governador Celso Ramos,SC,2001,0
FMAC,Febre Maculosa,420600,Governador Celso Ramos,SC,2006,0
FMAC,Febre Maculosa,420600,Governador Celso Ramos,SC,2007,0
FMAC,Febre Maculosa,420600,Governador Celso Ramos,SC,2008,0
FMAC,Febre Maculosa,420600,Governador Celso Ramos,SC,2009,0
FMAC,Febre Maculosa,420600,Governador Celso Ramos,SC,2010,0
FMAC,Febre Maculosa,420600,Governador Celso Ramos,SC,2011,0
FMAC,Febre Maculosa,420600,Governador Celso Ramos,SC,2012,0
FMAC,Febre Maculosa,420600,Governador Celso Ramos,SC,2013,0
FMAC,Febre Maculosa,420600,Governador Celso Ramos,SC,2014,0
FMAC,Febre Maculosa,420600,Governador Celso Ramos,SC,2015,0
FMAC,Febre Maculosa,420600,Governador Celso Ramos,SC,2016,0
FMAC,Febre Maculosa,420600,Governador Celso Ramos,SC,2017,0
FMAC,Febre Maculosa,420600,Governador Celso Ramos,SC,2018,0
FMAC,Febre Maculosa,420600,Governador Celso Ramos,SC,2019,0
FMAC,Febre Maculosa,420600,Governador Celso Ramos,SC,2020,0
FMAC,Febre Maculosa,420600,Governador Celso Ramos,SC,2021,0
FMAC,Febre Maculosa,420600,Governador Celso Ramos,SC,2022,0
FMAC,Febre Maculosa,420600,Governador Celso Ramos,SC,2023,0
FMAC,Febre Maculosa,420600,Governador Celso Ramos,SC,2024,0
FMAC,Febre Maculosa,420600,Governador Celso Ramos,SC,2025,2
FMAC,Febre Maculosa,420610,Grao-para,SC,2001,0
FMAC,Febre Maculosa,420610,Grao-para,SC,2006,0
FMAC,Febre Maculosa,420610,Grao-para,SC,2007,0
FMAC,Febre Maculosa,420610,Grao-para,SC,2008,0
FMAC,Febre Maculosa,420610,Grao-para,SC,2009,0
FMAC,Febre Maculosa,420610,Grao-para,SC,2010,0
FMAC,Febre Maculosa,420610,Grao-para,SC,2011,0
FMAC,Febre Maculosa,420610,Grao-para,SC,2012,0
FMAC,Febre Maculosa,420610,Grao-para,SC,2013,0
FMAC,Febre Maculosa,420610,Grao-para,SC,2014,0
FMAC,Febre Maculosa,420610,Grao-para,SC,2015,0
FMAC,Febre Maculosa,420610,Grao-para,SC,2016,0
FMAC,Febre Maculosa,420610,Grao-para,SC,2017,0
FMAC,Febre Maculosa,420610,Grao-para,SC,2018,1
FMAC,Febre Maculosa,420610,Grao-para,SC,2019,0
FMAC,Febre Maculosa,420610,Grao-para,SC,2020,0
FMAC,Febre Maculosa,420610,Grao-para,SC,2021,0
FMAC,Febre Maculosa,420610,Grao-para,SC,2022,0
FMAC,Febre Maculosa,420610,Grao-para,SC,2023,1
FMAC,Febre Maculosa,420610,Grao-para,SC,2024,0
FMAC,Febre Maculosa,420610,Grao-para,SC,2025,0
FMAC,Febre Maculosa,420630,Guabiruba,SC,2001,0
FMAC,Febre Maculosa,420630,Guabiruba,SC,2006,0
FMAC,Febre Maculosa,420630,Guabiruba,SC,2007,0
FMAC,Febre Maculosa,420630,Guabiruba,SC,2008,0
FMAC,Febre Maculosa,420630,Guabiruba,SC,2009,0
FMAC,Febre Maculosa,420630,Guabiruba,SC,2010,0
FMAC,Febre Maculosa,420630,Guabiruba,SC,2011,0
FMAC,Febre Maculosa,420630,Guabiruba,SC,2012,0
FMAC,Febre Maculosa,420630,Guabiruba,SC,2013,0
FMAC,Febre Maculosa,420630,Guabiruba,SC,2014,0
FMAC,Febre Maculosa,420630,Guabiruba,SC,2015,0
FMAC,Febre Maculosa,420630,Guabiruba,SC,2016,0
FMAC,Febre Maculosa,420630,Guabiruba,SC,2017,1
FMAC,Febre Maculosa,420630,Guabiruba,SC,2018,3
FMAC,Febre Maculosa,420630,Guabiruba,SC,2019,0
FMAC,Febre Maculosa,420630,Guabiruba,SC,2020,3
FMAC,Febre Maculosa,420630,Guabiruba,SC,2021,2
FMAC,Febre Maculosa,420630,Guabiruba,SC,2022,1
FMAC,Febre Maculosa,420630,Guabiruba,SC,2023,4
FMAC,Febre Maculosa,420630,Guabiruba,SC,2024,0
FMAC,Febre Maculosa,420630,Guabiruba,SC,2025,0
FMAC,Febre Maculosa,420650,Guaramirim,SC,2001,0
FMAC,Febre Maculosa,420650,Guaramirim,SC,2006,0
FMAC,Febre Maculosa,420650,Guaramirim,SC,2007,2
FMAC,Febre Maculosa,420650,Guaramirim,SC,2008,3
FMAC,Febre Maculosa,420650,Guaramirim,SC,2009,0
FMAC,Febre Maculosa,420650,Guaramirim,SC,2010,0
FMAC,Febre Maculosa,420650,Guaramirim,SC,2011,1
FMAC,Febre Maculosa,420650,Guaramirim,SC,2012,2
FMAC,Febre Maculosa,420650,Guaramirim,SC,2013,2
FMAC,Febre Maculosa,420650,Guaramirim,SC,2014,3
FMAC,Febre Maculosa,420650,Guaramirim,SC,2015,3
FMAC,Febre Maculosa,420650,Guaramirim,SC,2016,1
FMAC,Febre Maculosa,420650,Guaramirim,SC,2017,4
FMAC,Febre Maculosa,420650,Guaramirim,SC,2018,3
FMAC,Febre Maculosa,420650,Guaramirim,SC,2019,4
FMAC,Febre Maculosa,420650,Guaramirim,SC,2020,7
FMAC,Febre Maculosa,420650,Guaramirim,SC,2021,2
FMAC,Febre Maculosa,420650,Guaramirim,SC,2022,3
FMAC,Febre Maculosa,420650,Guaramirim,SC,2023,1
FMAC,Febre Maculosa,420650,Guaramirim,SC,2024,3
FMAC,Febre Maculosa,420650,Guaramirim,SC,2025,1
FMAC,Febre Maculosa,420690,Ibirama,SC,2001,0
FMAC,Febre Maculosa,420690,Ibirama,SC,2006,0
FMAC,Febre Maculosa,420690,Ibirama,SC,2007,0
FMAC,Febre Maculosa,420690,Ibirama,SC,2008,0
FMAC,Febre Maculosa,420690,Ibirama,SC,2009,0
FMAC,Febre Maculosa,420690,Ibirama,SC,2010,0
FMAC,Febre Maculosa,420690,Ibirama,SC,2011,0
FMAC,Febre Maculosa,420690,Ibirama,SC,2012,0
FMAC,Febre Maculosa,420690,Ibirama,SC,2013,0
FMAC,Febre Maculosa,420690,Ibirama,SC,2014,1
FMAC,Febre Maculosa,420690,Ibirama,SC,2015,0
FMAC,Febre Maculosa,420690,Ibirama,SC,2016,0
FMAC,Febre Maculosa,420690,Ibirama,SC,2017,0
FMAC,Febre Maculosa,420690,Ibirama,SC,2018,0
FMAC,Febre Maculosa,420690,Ibirama,SC,2019,1
FMAC,Febre Maculosa,420690,Ibirama,SC,2020,1
FMAC,Febre Maculosa,420690,Ibirama,SC,2021,0
FMAC,Febre Maculosa,420690,Ibirama,SC,2022,0
FMAC,Febre Maculosa,420690,Ibirama,SC,2023,0
FMAC,Febre Maculosa,420690,Ibirama,SC,2024,0
FMAC,Febre Maculosa,420690,Ibirama,SC,2025,0
FMAC,Febre Maculosa,420700,Icara,SC,2001,0
FMAC,Febre Maculosa,420700,Icara,SC,2006,0
FMAC,Febre Maculosa,420700,Icara,SC,2007,0
FMAC,Febre Maculosa,420700,Icara,SC,2008,0
FMAC,Febre Maculosa,420700,Icara,SC,2009,0
FMAC,Febre Maculosa,420700,Icara,SC,2010,0
FMAC,Febre Maculosa,420700,Icara,SC,2011,0
FMAC,Febre Maculosa,420700,Icara,SC,2012,0
FMAC,Febre Maculosa,420700,Icara,SC,2013,1
FMAC,Febre Maculosa,420700,Icara,SC,2014,0
FMAC,Febre Maculosa,420700,Icara,SC,2015,0
FMAC,Febre Maculosa,420700,Icara,SC,2016,0
FMAC,Febre Maculosa,420700,Icara,SC,2017,0
FMAC,Febre Maculosa,420700,Icara,SC,2018,0
FMAC,Febre Maculosa,420700,Icara,SC,2019,1
FMAC,Febre Maculosa,420700,Icara,SC,2020,0
FMAC,Febre Maculosa,420700,Icara,SC,2021,0
FMAC,Febre Maculosa,420700,Icara,SC,2022,0
FMAC,Febre Maculosa,420700,Icara,SC,2023,0
FMAC,Febre Maculosa,420700,Icara,SC,2024,0
FMAC,Febre Maculosa,420700,Icara,SC,2025,0
FMAC,Febre Maculosa,420750,Indaial,SC,2001,0
FMAC,Febre Maculosa,420750,Indaial,SC,2006,0
FMAC,Febre Maculosa,420750,Indaial,SC,2007,1
FMAC,Febre Maculosa,420750,Indaial,SC,2008,0
FMAC,Febre Maculosa,420750,Indaial,SC,2009,0
FMAC,Febre Maculosa,420750,Indaial,SC,2010,1
FMAC,Febre Maculosa,420750,Indaial,SC,2011,0
FMAC,Febre Maculosa,420750,Indaial,SC,2012,0
FMAC,Febre Maculosa,420750,Indaial,SC,2013,1
FMAC,Febre Maculosa,420750,Indaial,SC,2014,0
FMAC,Febre Maculosa,420750,Indaial,SC,2015,0
FMAC,Febre Maculosa,420750,Indaial,SC,2016,0
FMAC,Febre Maculosa,420750,Indaial,SC,2017,1
FMAC,Febre Maculosa,420750,Indaial,SC,2018,4
FMAC,Febre Maculosa,420750,Indaial,SC,2019,1
FMAC,Febre Maculosa,420750,Indaial,SC,2020,1
FMAC,Febre Maculosa,420750,Indaial,SC,2021,2
FMAC,Febre Maculosa,420750,Indaial,SC,2022,1
FMAC,Febre Maculosa,420750,Indaial,SC,2023,1
FMAC,Febre Maculosa,420750,Indaial,SC,2024,2
FMAC,Febre Maculosa,420750,Indaial,SC,2025,2
FMAC,Febre Maculosa,420820,Itajai,SC,2001,0
FMAC,Febre Maculosa,420820,Itajai,SC,2006,0
FMAC,Febre Maculosa,420820,Itajai,SC,2007,1
FMAC,Febre Maculosa,420820,Itajai,SC,2008,0
FMAC,Febre Maculosa,420820,Itajai,SC,2009,1
FMAC,Febre Maculosa,420820,Itajai,SC,2010,0
FMAC,Febre Maculosa,420820,Itajai,SC,2011,0
FMAC,Febre Maculosa,420820,Itajai,SC,2012,0
FMAC,Febre Maculosa,420820,Itajai,SC,2013,0
FMAC,Febre Maculosa,420820,Itajai,SC,2014,1
FMAC,Febre Maculosa,420820,Itajai,SC,2015,0
FMAC,Febre Maculosa,420820,Itajai,SC,2016,1
FMAC,Febre Maculosa,420820,Itajai,SC,2017,2
FMAC,Febre Maculosa,420820,Itajai,SC,2018,1
FMAC,Febre Maculosa,420820,Itajai,SC,2019,1
FMAC,Febre Maculosa,420820,Itajai,SC,2020,0
FMAC,Febre Maculosa,420820,Itajai,SC,2021,0
FMAC,Febre Maculosa,420820,Itajai,SC,2022,0
FMAC,Febre Maculosa,420820,Itajai,SC,2023,1
FMAC,Febre Maculosa,420820,Itajai,SC,2024,1
FMAC,Febre Maculosa,420820,Itajai,SC,2025,3
FMAC,Febre Maculosa,420830,Itapema,SC,2001,0
FMAC,Febre Maculosa,420830,Itapema,SC,2006,0
FMAC,Febre Maculosa,420830,Itapema,SC,2007,0
FMAC,Febre Maculosa,420830,Itapema,SC,2008,0
FMAC,Febre Maculosa,420830,Itapema,SC,2009,0
FMAC,Febre Maculosa,420830,Itapema,SC,2010,0
FMAC,Febre Maculosa,420830,Itapema,SC,2011,0
FMAC,Febre Maculosa,420830,Itapema,SC,2012,0
FMAC,Febre Maculosa,420830,Itapema,SC,2013,0
FMAC,Febre Maculosa,420830,Itapema,SC,2014,0
FMAC,Febre Maculosa,420830,Itapema,SC,2015,0
FMAC,Febre Maculosa,420830,Itapema,SC,2016,0
FMAC,Febre Maculosa,420830,Itapema,SC,2017,0
FMAC,Febre Maculosa,420830,Itapema,SC,2018,0
FMAC,Febre Maculosa,420830,Itapema,SC,2019,0
FMAC,Febre Maculosa,420830,Itapema,SC,2020,1
FMAC,Febre Maculosa,420830,Itapema,SC,2021,0
FMAC,Febre Maculosa,420830,Itapema,SC,2022,0
FMAC,Febre Maculosa,420830,Itapema,SC,2023,1
FMAC,Febre Maculosa,420830,Itapema,SC,2024,0
FMAC,Febre Maculosa,420830,Itapema,SC,2025,0
FMAC,Febre Maculosa,420845,Itapoa,SC,2001,0
FMAC,Febre Maculosa,420845,Itapoa,SC,2006,0
FMAC,Febre Maculosa,420845,Itapoa,SC,2007,0
FMAC,Febre Maculosa,420845,Itapoa,SC,2008,0
FMAC,Febre Maculosa,420845,Itapoa,SC,2009,0
FMAC,Febre Maculosa,420845,Itapoa,SC,2010,0
FMAC,Febre Maculosa,420845,Itapoa,SC,2011,0
FMAC,Febre Maculosa,420845,Itapoa,SC,2012,0
FMAC,Febre Maculosa,420845,Itapoa,SC,2013,0
FMAC,Febre Maculosa,420845,Itapoa,SC,2014,0
FMAC,Febre Maculosa,420845,Itapoa,SC,2015,1
FMAC,Febre Maculosa,420845,Itapoa,SC,2016,0
FMAC,Febre Maculosa,420845,Itapoa,SC,2017,0
FMAC,Febre Maculosa,420845,Itapoa,SC,2018,0
FMAC,Febre Maculosa,420845,Itapoa,SC,2019,0
FMAC,Febre Maculosa,420845,Itapoa,SC,2020,0
FMAC,Febre Maculosa,420845,Itapoa,SC,2021,1
FMAC,Febre Maculosa,420845,Itapoa,SC,2022,1
FMAC,Febre Maculosa,420845,Itapoa,SC,2023,0
FMAC,Febre Maculosa,420845,Itapoa,SC,2024,3
FMAC,Febre Maculosa,420845,Itapoa,SC,2025,2
FMAC,Febre Maculosa,420890,Jaragua do Sul,SC,2001,0
FMAC,Febre Maculosa,420890,Jaragua do Sul,SC,2006,0
FMAC,Febre Maculosa,420890,Jaragua do Sul,SC,2007,1
FMAC,Febre Maculosa,420890,Jaragua do Sul,SC,2008,0
FMAC,Febre Maculosa,420890,Jaragua do Sul,SC,2009,2
FMAC,Febre Maculosa,420890,Jaragua do Sul,SC,2010,3
FMAC,Febre Maculosa,420890,Jaragua do Sul,SC,2011,1
FMAC,Febre Maculosa,420890,Jaragua do Sul,SC,2012,4
FMAC,Febre Maculosa,420890,Jaragua do Sul,SC,2013,2
FMAC,Febre Maculosa,420890,Jaragua do Sul,SC,2014,1
FMAC,Febre Maculosa,420890,Jaragua do Sul,SC,2015,0
FMAC,Febre Maculosa,420890,Jaragua do Sul,SC,2016,2
FMAC,Febre Maculosa,420890,Jaragua do Sul,SC,2017,1
FMAC,Febre Maculosa,420890,Jaragua do Sul,SC,2018,2
FMAC,Febre Maculosa,420890,Jaragua do Sul,SC,2019,6
FMAC,Febre Maculosa,420890,Jaragua do Sul,SC,2020,4
FMAC,Febre Maculosa,420890,Jaragua do Sul,SC,2021,6
FMAC,Febre Maculosa,420890,Jaragua do Sul,SC,2022,3
FMAC,Febre Maculosa,420890,Jaragua do Sul,SC,2023,5
FMAC,Febre Maculosa,420890,Jaragua do Sul,SC,2024,3
FMAC,Febre Maculosa,420890,Jaragua do Sul,SC,2025,3
FMAC,Febre Maculosa,420910,Joinville,SC,2001,0
FMAC,Febre Maculosa,420910,Joinville,SC,2006,0
FMAC,Febre Maculosa,420910,Joinville,SC,2007,0
FMAC,Febre Maculosa,420910,Joinville,SC,2008,0
FMAC,Febre Maculosa,420910,Joinville,SC,2009,3
FMAC,Febre Maculosa,420910,Joinville,SC,2010,1
FMAC,Febre Maculosa,420910,Joinville,SC,2011,3
FMAC,Febre Maculosa,420910,Joinville,SC,2012,1
FMAC,Febre Maculosa,420910,Joinville,SC,2013,4
FMAC,Febre Maculosa,420910,Joinville,SC,2014,1
FMAC,Febre Maculosa,420910,Joinville,SC,2015,1
FMAC,Febre Maculosa,420910,Joinville,SC,2016,3
FMAC,Febre Maculosa,420910,Joinville,SC,2017,2
FMAC,Febre Maculosa,420910,Joinville,SC,2018,2
FMAC,Febre Maculosa,420910,Joinville,SC,2019,2
FMAC,Febre Maculosa,420910,Joinville,SC,2020,6
FMAC,Febre Maculosa,420910,Joinville,SC,2021,1
FMAC,Febre Maculosa,420910,Joinville,SC,2022,0
FMAC,Febre Maculosa,420910,Joinville,SC,2023,2
FMAC,Febre Maculosa,420910,Joinville,SC,2024,2
FMAC,Febre Maculosa,420910,Joinville,SC,2025,1
FMAC,Febre Maculosa,420990,Lontras,SC,2001,0
FMAC,Febre Maculosa,420990,Lontras,SC,2006,0
FMAC,Febre Maculosa,420990,Lontras,SC,2007,0
FMAC,Febre Maculosa,420990,Lontras,SC,2008,0
FMAC,Febre Maculosa,420990,Lontras,SC,2009,0
FMAC,Febre Maculosa,420990,Lontras,SC,2010,0
FMAC,Febre Maculosa,420990,Lontras,SC,2011,0
FMAC,Febre Maculosa,420990,Lontras,SC,2012,1
FMAC,Febre Maculosa,420990,Lontras,SC,2013,0
FMAC,Febre Maculosa,420990,Lontras,SC,2014,0
FMAC,Febre Maculosa,420990,Lontras,SC,2015,0
FMAC,Febre Maculosa,420990,Lontras,SC,2016,0
FMAC,Febre Maculosa,420990,Lontras,SC,2017,0
FMAC,Febre Maculosa,420990,Lontras,SC,2018,0
FMAC,Febre Maculosa,420990,Lontras,SC,2019,0
FMAC,Febre Maculosa,420990,Lontras,SC,2020,0
FMAC,Febre Maculosa,420990,Lontras,SC,2021,0
FMAC,Febre Maculosa,420990,Lontras,SC,2022,0
FMAC,Febre Maculosa,420990,Lontras,SC,2023,0
FMAC,Febre Maculosa,420990,Lontras,SC,2024,1
FMAC,Febre Maculosa,420990,Lontras,SC,2025,1
FMAC,Febre Maculosa,421000,Luiz Alves,SC,2001,0
FMAC,Febre Maculosa,421000,Luiz Alves,SC,2006,0
FMAC,Febre Maculosa,421000,Luiz Alves,SC,2007,2
FMAC,Febre Maculosa,421000,Luiz Alves,SC,2008,0
FMAC,Febre Maculosa,421000,Luiz Alves,SC,2009,2
FMAC,Febre Maculosa,421000,Luiz Alves,SC,2010,1
FMAC,Febre Maculosa,421000,Luiz Alves,SC,2011,1
FMAC,Febre Maculosa,421000,Luiz Alves,SC,2012,2
FMAC,Febre Maculosa,421000,Luiz Alves,SC,2013,0
FMAC,Febre Maculosa,421000,Luiz Alves,SC,2014,2
FMAC,Febre Maculosa,421000,Luiz Alves,SC,2015,0
FMAC,Febre Maculosa,421000,Luiz Alves,SC,2016,2
FMAC,Febre Maculosa,421000,Luiz Alves,SC,2017,1
FMAC,Febre Maculosa,421000,Luiz Alves,SC,2018,0
FMAC,Febre Maculosa,421000,Luiz Alves,SC,2019,1
FMAC,Febre Maculosa,421000,Luiz Alves,SC,2020,2
FMAC,Febre Maculosa,421000,Luiz Alves,SC,2021,0
FMAC,Febre Maculosa,421000,Luiz Alves,SC,2022,0
FMAC,Febre Maculosa,421000,Luiz Alves,SC,2023,2
FMAC,Febre Maculosa,421000,Luiz Alves,SC,2024,0
FMAC,Febre Maculosa,421000,Luiz Alves,SC,2025,0
FMAC,Febre Maculosa,421010,Mafra,SC,2001,0
FMAC,Febre Maculosa,421010,Mafra,SC,2006,0
FMAC,Febre Maculosa,421010,Mafra,SC,2007,0
FMAC,Febre Maculosa,421010,Mafra,SC,2008,0
FMAC,Febre Maculosa,421010,Mafra,SC,2009,0
FMAC,Febre Maculosa,421010,Mafra,SC,2010,0
FMAC,Febre Maculosa,421010,Mafra,SC,2011,0
FMAC,Febre Maculosa,421010,Mafra,SC,2012,0
FMAC,Febre Maculosa,421010,Mafra,SC,2013,0
FMAC,Febre Maculosa,421010,Mafra,SC,2014,0
FMAC,Febre Maculosa,421010,Mafra,SC,2015,0
FMAC,Febre Maculosa,421010,Mafra,SC,2016,0
FMAC,Febre Maculosa,421010,Mafra,SC,2017,0
FMAC,Febre Maculosa,421010,Mafra,SC,2018,0
FMAC,Febre Maculosa,421010,Mafra,SC,2019,0
FMAC,Febre Maculosa,421010,Mafra,SC,2020,0
FMAC,Febre Maculosa,421010,Mafra,SC,2021,0
FMAC,Febre Maculosa,421010,Mafra,SC,2022,0
FMAC,Febre Maculosa,421010,Mafra,SC,2023,1
FMAC,Febre Maculosa,421010,Mafra,SC,2024,0
FMAC,Febre Maculosa,421010,Mafra,SC,2025,0
FMAC,Febre Maculosa,421020,Major Gercino,SC,2001,0
FMAC,Febre Maculosa,421020,Major Gercino,SC,2006,0
FMAC,Febre Maculosa,421020,Major Gercino,SC,2007,0
FMAC,Febre Maculosa,421020,Major Gercino,SC,2008,0
FMAC,Febre Maculosa,421020,Major Gercino,SC,2009,0
FMAC,Febre Maculosa,421020,Major Gercino,SC,2010,0
FMAC,Febre Maculosa,421020,Major Gercino,SC,2011,0
FMAC,Febre Maculosa,421020,Major Gercino,SC,2012,0
FMAC,Febre Maculosa,421020,Major Gercino,SC,2013,0
FMAC,Febre Maculosa,421020,Major Gercino,SC,2014,0
FMAC,Febre Maculosa,421020,Major Gercino,SC,2015,0
FMAC,Febre Maculosa,421020,Major Gercino,SC,2016,0
FMAC,Febre Maculosa,421020,Major Gercino,SC,2017,0
FMAC,Febre Maculosa,421020,Major Gercino,SC,2018,0
FMAC,Febre Maculosa,421020,Major Gercino,SC,2019,0
FMAC,Febre Maculosa,421020,Major Gercino,SC,2020,0
FMAC,Febre Maculosa,421020,Major Gercino,SC,2021,0
FMAC,Febre Maculosa,421020,Major Gercino,SC,2022,0
FMAC,Febre Maculosa,421020,Major Gercino,SC,2023,0
FMAC,Febre Maculosa,421020,Major Gercino,SC,2024,3
FMAC,Febre Maculosa,421020,Major Gercino,SC,2025,0
FMAC,Febre Maculosa,421050,Maravilha,SC,2001,0
FMAC,Febre Maculosa,421050,Maravilha,SC,2006,0
FMAC,Febre Maculosa,421050,Maravilha,SC,2007,0
FMAC,Febre Maculosa,421050,Maravilha,SC,2008,0
FMAC,Febre Maculosa,421050,Maravilha,SC,2009,0
FMAC,Febre Maculosa,421050,Maravilha,SC,2010,0
FMAC,Febre Maculosa,421050,Maravilha,SC,2011,0
FMAC,Febre Maculosa,421050,Maravilha,SC,2012,0
FMAC,Febre Maculosa,421050,Maravilha,SC,2013,0
FMAC,Febre Maculosa,421050,Maravilha,SC,2014,0
FMAC,Febre Maculosa,421050,Maravilha,SC,2015,0
FMAC,Febre Maculosa,421050,Maravilha,SC,2016,0
FMAC,Febre Maculosa,421050,Maravilha,SC,2017,0
FMAC,Febre Maculosa,421050,Maravilha,SC,2018,0
FMAC,Febre Maculosa,421050,Maravilha,SC,2019,0
FMAC,Febre Maculosa,421050,Maravilha,SC,2020,0
FMAC,Febre Maculosa,421050,Maravilha,SC,2021,0
FMAC,Febre Maculosa,421050,Maravilha,SC,2022,0
FMAC,Febre Maculosa,421050,Maravilha,SC,2023,0
FMAC,Febre Maculosa,421050,Maravilha,SC,2024,1
FMAC,Febre Maculosa,421050,Maravilha,SC,2025,0
FMAC,Febre Maculosa,421055,Marema,SC,2001,0
FMAC,Febre Maculosa,421055,Marema,SC,2006,0
FMAC,Febre Maculosa,421055,Marema,SC,2007,0
FMAC,Febre Maculosa,421055,Marema,SC,2008,0
FMAC,Febre Maculosa,421055,Marema,SC,2009,0
FMAC,Febre Maculosa,421055,Marema,SC,2010,0
FMAC,Febre Maculosa,421055,Marema,SC,2011,0
FMAC,Febre Maculosa,421055,Marema,SC,2012,0
FMAC,Febre Maculosa,421055,Marema,SC,2013,0
FMAC,Febre Maculosa,421055,Marema,SC,2014,0
FMAC,Febre Maculosa,421055,Marema,SC,2015,0
FMAC,Febre Maculosa,421055,Marema,SC,2016,0
FMAC,Febre Maculosa,421055,Marema,SC,2017,0
FMAC,Febre Maculosa,421055,Marema,SC,2018,0
FMAC,Febre Maculosa,421055,Marema,SC,2019,0
FMAC,Febre Maculosa,421055,Marema,SC,2020,1
FMAC,Febre Maculosa,421055,Marema,SC,2021,0
FMAC,Febre Maculosa,421055,Marema,SC,2022,0
FMAC,Febre Maculosa,421055,Marema,SC,2023,0
FMAC,Febre Maculosa,421055,Marema,SC,2024,0
FMAC,Febre Maculosa,421055,Marema,SC,2025,0
FMAC,Febre Maculosa,421060,Massaranduba,SC,2001,0
FMAC,Febre Maculosa,421060,Massaranduba,SC,2006,0
FMAC,Febre Maculosa,421060,Massaranduba,SC,2007,5
FMAC,Febre Maculosa,421060,Massaranduba,SC,2008,1
FMAC,Febre Maculosa,421060,Massaranduba,SC,2009,3
FMAC,Febre Maculosa,421060,Massaranduba,SC,2010,0
FMAC,Febre Maculosa,421060,Massaranduba,SC,2011,0
FMAC,Febre Maculosa,421060,Massaranduba,SC,2012,0
FMAC,Febre Maculosa,421060,Massaranduba,SC,2013,0
FMAC,Febre Maculosa,421060,Massaranduba,SC,2014,0
FMAC,Febre Maculosa,421060,Massaranduba,SC,2015,2
FMAC,Febre Maculosa,421060,Massaranduba,SC,2016,3
FMAC,Febre Maculosa,421060,Massaranduba,SC,2017,5
FMAC,Febre Maculosa,421060,Massaranduba,SC,2018,5
FMAC,Febre Maculosa,421060,Massaranduba,SC,2019,0
FMAC,Febre Maculosa,421060,Massaranduba,SC,2020,2
FMAC,Febre Maculosa,421060,Massaranduba,SC,2021,4
FMAC,Febre Maculosa,421060,Massaranduba,SC,2022,3
FMAC,Febre Maculosa,421060,Massaranduba,SC,2023,2
FMAC,Febre Maculosa,421060,Massaranduba,SC,2024,2
FMAC,Febre Maculosa,421060,Massaranduba,SC,2025,1
FMAC,Febre Maculosa,421080,Meleiro,SC,2001,0
FMAC,Febre Maculosa,421080,Meleiro,SC,2006,0
FMAC,Febre Maculosa,421080,Meleiro,SC,2007,0
FMAC,Febre Maculosa,421080,Meleiro,SC,2008,0
FMAC,Febre Maculosa,421080,Meleiro,SC,2009,0
FMAC,Febre Maculosa,421080,Meleiro,SC,2010,0
FMAC,Febre Maculosa,421080,Meleiro,SC,2011,0
FMAC,Febre Maculosa,421080,Meleiro,SC,2012,0
FMAC,Febre Maculosa,421080,Meleiro,SC,2013,0
FMAC,Febre Maculosa,421080,Meleiro,SC,2014,0
FMAC,Febre Maculosa,421080,Meleiro,SC,2015,0
FMAC,Febre Maculosa,421080,Meleiro,SC,2016,0
FMAC,Febre Maculosa,421080,Meleiro,SC,2017,0
FMAC,Febre Maculosa,421080,Meleiro,SC,2018,0
FMAC,Febre Maculosa,421080,Meleiro,SC,2019,0
FMAC,Febre Maculosa,421080,Meleiro,SC,2020,0
FMAC,Febre Maculosa,421080,Meleiro,SC,2021,0
FMAC,Febre Maculosa,421080,Meleiro,SC,2022,0
FMAC,Febre Maculosa,421080,Meleiro,SC,2023,0
FMAC,Febre Maculosa,421080,Meleiro,SC,2024,1
FMAC,Febre Maculosa,421080,Meleiro,SC,2025,0
FMAC,Febre Maculosa,421130,Navegantes,SC,2001,0
FMAC,Febre Maculosa,421130,Navegantes,SC,2006,0
FMAC,Febre Maculosa,421130,Navegantes,SC,2007,0
FMAC,Febre Maculosa,421130,Navegantes,SC,2008,0
FMAC,Febre Maculosa,421130,Navegantes,SC,2009,0
FMAC,Febre Maculosa,421130,Navegantes,SC,2010,0
FMAC,Febre Maculosa,421130,Navegantes,SC,2011,0
FMAC,Febre Maculosa,421130,Navegantes,SC,2012,0
FMAC,Febre Maculosa,421130,Navegantes,SC,2013,0
FMAC,Febre Maculosa,421130,Navegantes,SC,2014,0
FMAC,Febre Maculosa,421130,Navegantes,SC,2015,0
FMAC,Febre Maculosa,421130,Navegantes,SC,2016,0
FMAC,Febre Maculosa,421130,Navegantes,SC,2017,0
FMAC,Febre Maculosa,421130,Navegantes,SC,2018,0
FMAC,Febre Maculosa,421130,Navegantes,SC,2019,0
FMAC,Febre Maculosa,421130,Navegantes,SC,2020,0
FMAC,Febre Maculosa,421130,Navegantes,SC,2021,0
FMAC,Febre Maculosa,421130,Navegantes,SC,2022,0
FMAC,Febre Maculosa,421130,Navegantes,SC,2023,0
FMAC,Febre Maculosa,421130,Navegantes,SC,2024,1
FMAC,Febre Maculosa,421130,Navegantes,SC,2025,0
FMAC,Febre Maculosa,421150,Nova Trento,SC,2001,0
FMAC,Febre Maculosa,421150,Nova Trento,SC,2006,0
FMAC,Febre Maculosa,421150,Nova Trento,SC,2007,0
FMAC,Febre Maculosa,421150,Nova Trento,SC,2008,0
FMAC,Febre Maculosa,421150,Nova Trento,SC,2009,0
FMAC,Febre Maculosa,421150,Nova Trento,SC,2010,0
FMAC,Febre Maculosa,421150,Nova Trento,SC,2011,0
FMAC,Febre Maculosa,421150,Nova Trento,SC,2012,0
FMAC,Febre Maculosa,421150,Nova Trento,SC,2013,0
FMAC,Febre Maculosa,421150,Nova Trento,SC,2014,0
FMAC,Febre Maculosa,421150,Nova Trento,SC,2015,1
FMAC,Febre Maculosa,421150,Nova Trento,SC,2016,1
FMAC,Febre Maculosa,421150,Nova Trento,SC,2017,0
FMAC,Febre Maculosa,421150,Nova Trento,SC,2018,0
FMAC,Febre Maculosa,421150,Nova Trento,SC,2019,2
FMAC,Febre Maculosa,421150,Nova Trento,SC,2020,1
FMAC,Febre Maculosa,421150,Nova Trento,SC,2021,0
FMAC,Febre Maculosa,421150,Nova Trento,SC,2022,2
FMAC,Febre Maculosa,421150,Nova Trento,SC,2023,1
FMAC,Febre Maculosa,421150,Nova Trento,SC,2024,0
FMAC,Febre Maculosa,421150,Nova Trento,SC,2025,0
FMAC,Febre Maculosa,421160,Nova Veneza,SC,2001,0
FMAC,Febre Maculosa,421160,Nova Veneza,SC,2006,0
FMAC,Febre Maculosa,421160,Nova Veneza,SC,2007,0
FMAC,Febre Maculosa,421160,Nova Veneza,SC,2008,0
FMAC,Febre Maculosa,421160,Nova Veneza,SC,2009,0
FMAC,Febre Maculosa,421160,Nova Veneza,SC,2010,0
FMAC,Febre Maculosa,421160,Nova Veneza,SC,2011,0
FMAC,Febre Maculosa,421160,Nova Veneza,SC,2012,0
FMAC,Febre Maculosa,421160,Nova Veneza,SC,2013,0
FMAC,Febre Maculosa,421160,Nova Veneza,SC,2014,0
FMAC,Febre Maculosa,421160,Nova Veneza,SC,2015,0
FMAC,Febre Maculosa,421160,Nova Veneza,SC,2016,0
FMAC,Febre Maculosa,421160,Nova Veneza,SC,2017,0
FMAC,Febre Maculosa,421160,Nova Veneza,SC,2018,1
FMAC,Febre Maculosa,421160,Nova Veneza,SC,2019,0
FMAC,Febre Maculosa,421160,Nova Veneza,SC,2020,0
FMAC,Febre Maculosa,421160,Nova Veneza,SC,2021,0
FMAC,Febre Maculosa,421160,Nova Veneza,SC,2022,0
FMAC,Febre Maculosa,421160,Nova Veneza,SC,2023,0
FMAC,Febre Maculosa,421160,Nova Veneza,SC,2024,0
FMAC,Febre Maculosa,421160,Nova Veneza,SC,2025,0
FMAC,Febre Maculosa,421170,Orleans,SC,2001,0
FMAC,Febre Maculosa,421170,Orleans,SC,2006,0
FMAC,Febre Maculosa,421170,Orleans,SC,2007,2
FMAC,Febre Maculosa,421170,Orleans,SC,2008,0
FMAC,Febre Maculosa,421170,Orleans,SC,2009,0
FMAC,Febre Maculosa,421170,Orleans,SC,2010,0
FMAC,Febre Maculosa,421170,Orleans,SC,2011,0
FMAC,Febre Maculosa,421170,Orleans,SC,2012,0
FMAC,Febre Maculosa,421170,Orleans,SC,2013,0
FMAC,Febre Maculosa,421170,Orleans,SC,2014,0
FMAC,Febre Maculosa,421170,Orleans,SC,2015,0
FMAC,Febre Maculosa,421170,Orleans,SC,2016,0
FMAC,Febre Maculosa,421170,Orleans,SC,2017,0
FMAC,Febre Maculosa,421170,Orleans,SC,2018,1
FMAC,Febre Maculosa,421170,Orleans,SC,2019,0
FMAC,Febre Maculosa,421170,Orleans,SC,2020,0
FMAC,Febre Maculosa,421170,Orleans,SC,2021,1
FMAC,Febre Maculosa,421170,Orleans,SC,2022,0
FMAC,Febre Maculosa,421170,Orleans,SC,2023,1
FMAC,Febre Maculosa,421170,Orleans,SC,2024,1
FMAC,Febre Maculosa,421170,Orleans,SC,2025,1
FMAC,Febre Maculosa,421190,Palhoca,SC,2001,0
FMAC,Febre Maculosa,421190,Palhoca,SC,2006,0
FMAC,Febre Maculosa,421190,Palhoca,SC,2007,0
FMAC,Febre Maculosa,421190,Palhoca,SC,2008,0
FMAC,Febre Maculosa,421190,Palhoca,SC,2009,0
FMAC,Febre Maculosa,421190,Palhoca,SC,2010,0
FMAC,Febre Maculosa,421190,Palhoca,SC,2011,0
FMAC,Febre Maculosa,421190,Palhoca,SC,2012,0
FMAC,Febre Maculosa,421190,Palhoca,SC,2013,0
FMAC,Febre Maculosa,421190,Palhoca,SC,2014,1
FMAC,Febre Maculosa,421190,Palhoca,SC,2015,0
FMAC,Febre Maculosa,421190,Palhoca,SC,2016,0
FMAC,Febre Maculosa,421190,Palhoca,SC,2017,0
FMAC,Febre Maculosa,421190,Palhoca,SC,2018,0
FMAC,Febre Maculosa,421190,Palhoca,SC,2019,0
FMAC,Febre Maculosa,421190,Palhoca,SC,2020,0
FMAC,Febre Maculosa,421190,Palhoca,SC,2021,0
FMAC,Febre Maculosa,421190,Palhoca,SC,2022,0
FMAC,Febre Maculosa,421190,Palhoca,SC,2023,0
FMAC,Febre Maculosa,421190,Palhoca,SC,2024,0
FMAC,Febre Maculosa,421190,Palhoca,SC,2025,0
FMAC,Febre Maculosa,421220,Papanduva,SC,2001,0
FMAC,Febre Maculosa,421220,Papanduva,SC,2006,0
FMAC,Febre Maculosa,421220,Papanduva,SC,2007,0
FMAC,Febre Maculosa,421220,Papanduva,SC,2008,0
FMAC,Febre Maculosa,421220,Papanduva,SC,2009,0
FMAC,Febre Maculosa,421220,Papanduva,SC,2010,0
FMAC,Febre Maculosa,421220,Papanduva,SC,2011,0
FMAC,Febre Maculosa,421220,Papanduva,SC,2012,0
FMAC,Febre Maculosa,421220,Papanduva,SC,2013,0
FMAC,Febre Maculosa,421220,Papanduva,SC,2014,0
FMAC,Febre Maculosa,421220,Papanduva,SC,2015,0
FMAC,Febre Maculosa,421220,Papanduva,SC,2016,0
FMAC,Febre Maculosa,421220,Papanduva,SC,2017,0
FMAC,Febre Maculosa,421220,Papanduva,SC,2018,0
FMAC,Febre Maculosa,421220,Papanduva,SC,2019,0
FMAC,Febre Maculosa,421220,Papanduva,SC,2020,0
FMAC,Febre Maculosa,421220,Papanduva,SC,2021,0
FMAC,Febre Maculosa,421220,Papanduva,SC,2022,0
FMAC,Febre Maculosa,421220,Papanduva,SC,2023,0
FMAC,Febre Maculosa,421220,Papanduva,SC,2024,1
FMAC,Febre Maculosa,421220,Papanduva,SC,2025,0
FMAC,Febre Maculosa,421230,Paulo Lopes,SC,2001,0
FMAC,Febre Maculosa,421230,Paulo Lopes,SC,2006,0
FMAC,Febre Maculosa,421230,Paulo Lopes,SC,2007,0
FMAC,Febre Maculosa,421230,Paulo Lopes,SC,2008,0
FMAC,Febre Maculosa,421230,Paulo Lopes,SC,2009,0
FMAC,Febre Maculosa,421230,Paulo Lopes,SC,2010,0
FMAC,Febre Maculosa,421230,Paulo Lopes,SC,2011,0
FMAC,Febre Maculosa,421230,Paulo Lopes,SC,2012,0
FMAC,Febre Maculosa,421230,Paulo Lopes,SC,2013,0
FMAC,Febre Maculosa,421230,Paulo Lopes,SC,2014,1
FMAC,Febre Maculosa,421230,Paulo Lopes,SC,2015,0
FMAC,Febre Maculosa,421230,Paulo Lopes,SC,2016,0
FMAC,Febre Maculosa,421230,Paulo Lopes,SC,2017,0
FMAC,Febre Maculosa,421230,Paulo Lopes,SC,2018,0
FMAC,Febre Maculosa,421230,Paulo Lopes,SC,2019,0
FMAC,Febre Maculosa,421230,Paulo Lopes,SC,2020,0
FMAC,Febre Maculosa,421230,Paulo Lopes,SC,2021,0
FMAC,Febre Maculosa,421230,Paulo Lopes,SC,2022,0
FMAC,Febre Maculosa,421230,Paulo Lopes,SC,2023,0
FMAC,Febre Maculosa,421230,Paulo Lopes,SC,2024,0
FMAC,Febre Maculosa,421230,Paulo Lopes,SC,2025,0
FMAC,Febre Maculosa,421240,Pedras Grandes,SC,2001,0
FMAC,Febre Maculosa,421240,Pedras Grandes,SC,2006,0
FMAC,Febre Maculosa,421240,Pedras Grandes,SC,2007,0
FMAC,Febre Maculosa,421240,Pedras Grandes,SC,2008,0
FMAC,Febre Maculosa,421240,Pedras Grandes,SC,2009,0
FMAC,Febre Maculosa,421240,Pedras Grandes,SC,2010,0
FMAC,Febre Maculosa,421240,Pedras Grandes,SC,2011,0
FMAC,Febre Maculosa,421240,Pedras Grandes,SC,2012,0
FMAC,Febre Maculosa,421240,Pedras Grandes,SC,2013,0
FMAC,Febre Maculosa,421240,Pedras Grandes,SC,2014,0
FMAC,Febre Maculosa,421240,Pedras Grandes,SC,2015,0
FMAC,Febre Maculosa,421240,Pedras Grandes,SC,2016,0
FMAC,Febre Maculosa,421240,Pedras Grandes,SC,2017,0
FMAC,Febre Maculosa,421240,Pedras Grandes,SC,2018,0
FMAC,Febre Maculosa,421240,Pedras Grandes,SC,2019,0
FMAC,Febre Maculosa,421240,Pedras Grandes,SC,2020,0
FMAC,Febre Maculosa,421240,Pedras Grandes,SC,2021,0
FMAC,Febre Maculosa,421240,Pedras Grandes,SC,2022,0
FMAC,Febre Maculosa,421240,Pedras Grandes,SC,2023,0
FMAC,Febre Maculosa,421240,Pedras Grandes,SC,2024,1
FMAC,Febre Maculosa,421240,Pedras Grandes,SC,2025,0
FMAC,Febre Maculosa,421250,Penha,SC,2001,0
FMAC,Febre Maculosa,421250,Penha,SC,2006,0
FMAC,Febre Maculosa,421250,Penha,SC,2007,4
FMAC,Febre Maculosa,421250,Penha,SC,2008,0
FMAC,Febre Maculosa,421250,Penha,SC,2009,0
FMAC,Febre Maculosa,421250,Penha,SC,2010,0
FMAC,Febre Maculosa,421250,Penha,SC,2011,1
FMAC,Febre Maculosa,421250,Penha,SC,2012,0
FMAC,Febre Maculosa,421250,Penha,SC,2013,0
FMAC,Febre Maculosa,421250,Penha,SC,2014,0
FMAC,Febre Maculosa,421250,Penha,SC,2015,0
FMAC,Febre Maculosa,421250,Penha,SC,2016,0
FMAC,Febre Maculosa,421250,Penha,SC,2017,0
FMAC,Febre Maculosa,421250,Penha,SC,2018,0
FMAC,Febre Maculosa,421250,Penha,SC,2019,1
FMAC,Febre Maculosa,421250,Penha,SC,2020,0
FMAC,Febre Maculosa,421250,Penha,SC,2021,0
FMAC,Febre Maculosa,421250,Penha,SC,2022,1
FMAC,Febre Maculosa,421250,Penha,SC,2023,0
FMAC,Febre Maculosa,421250,Penha,SC,2024,1
FMAC,Febre Maculosa,421250,Penha,SC,2025,0
FMAC,Febre Maculosa,421280,Balneario Picarras,SC,2001,0
FMAC,Febre Maculosa,421280,Balneario Picarras,SC,2006,0
FMAC,Febre Maculosa,421280,Balneario Picarras,SC,2007,0
FMAC,Febre Maculosa,421280,Balneario Picarras,SC,2008,0
FMAC,Febre Maculosa,421280,Balneario Picarras,SC,2009,0
FMAC,Febre Maculosa,421280,Balneario Picarras,SC,2010,2
FMAC,Febre Maculosa,421280,Balneario Picarras,SC,2011,0
FMAC,Febre Maculosa,421280,Balneario Picarras,SC,2012,0
FMAC,Febre Maculosa,421280,Balneario Picarras,SC,2013,0
FMAC,Febre Maculosa,421280,Balneario Picarras,SC,2014,0
FMAC,Febre Maculosa,421280,Balneario Picarras,SC,2015,0
FMAC,Febre Maculosa,421280,Balneario Picarras,SC,2016,0
FMAC,Febre Maculosa,421280,Balneario Picarras,SC,2017,0
FMAC,Febre Maculosa,421280,Balneario Picarras,SC,2018,0
FMAC,Febre Maculosa,421280,Balneario Picarras,SC,2019,0
FMAC,Febre Maculosa,421280,Balneario Picarras,SC,2020,0
FMAC,Febre Maculosa,421280,Balneario Picarras,SC,2021,0
FMAC,Febre Maculosa,421280,Balneario Picarras,SC,2022,0
FMAC,Febre Maculosa,421280,Balneario Picarras,SC,2023,0
FMAC,Febre Maculosa,421280,Balneario Picarras,SC,2024,0
FMAC,Febre Maculosa,421280,Balneario Picarras,SC,2025,0
FMAC,Febre Maculosa,421315,Planalto Alegre,SC,2001,0
FMAC,Febre Maculosa,421315,Planalto Alegre,SC,2006,0
FMAC,Febre Maculosa,421315,Planalto Alegre,SC,2007,0
FMAC,Febre Maculosa,421315,Planalto Alegre,SC,2008,0
FMAC,Febre Maculosa,421315,Planalto Alegre,SC,2009,0
FMAC,Febre Maculosa,421315,Planalto Alegre,SC,2010,0
FMAC,Febre Maculosa,421315,Planalto Alegre,SC,2011,0
FMAC,Febre Maculosa,421315,Planalto Alegre,SC,2012,0
FMAC,Febre Maculosa,421315,Planalto Alegre,SC,2013,0
FMAC,Febre Maculosa,421315,Planalto Alegre,SC,2014,0
FMAC,Febre Maculosa,421315,Planalto Alegre,SC,2015,0
FMAC,Febre Maculosa,421315,Planalto Alegre,SC,2016,0
FMAC,Febre Maculosa,421315,Planalto Alegre,SC,2017,0
FMAC,Febre Maculosa,421315,Planalto Alegre,SC,2018,0
FMAC,Febre Maculosa,421315,Planalto Alegre,SC,2019,0
FMAC,Febre Maculosa,421315,Planalto Alegre,SC,2020,0
FMAC,Febre Maculosa,421315,Planalto Alegre,SC,2021,0
FMAC,Febre Maculosa,421315,Planalto Alegre,SC,2022,0
FMAC,Febre Maculosa,421315,Planalto Alegre,SC,2023,0
FMAC,Febre Maculosa,421315,Planalto Alegre,SC,2024,1
FMAC,Febre Maculosa,421315,Planalto Alegre,SC,2025,0
FMAC,Febre Maculosa,421320,Pomerode,SC,2001,0
FMAC,Febre Maculosa,421320,Pomerode,SC,2006,0
FMAC,Febre Maculosa,421320,Pomerode,SC,2007,0
FMAC,Febre Maculosa,421320,Pomerode,SC,2008,2
FMAC,Febre Maculosa,421320,Pomerode,SC,2009,5
FMAC,Febre Maculosa,421320,Pomerode,SC,2010,2
FMAC,Febre Maculosa,421320,Pomerode,SC,2011,1
FMAC,Febre Maculosa,421320,Pomerode,SC,2012,1
FMAC,Febre Maculosa,421320,Pomerode,SC,2013,0
FMAC,Febre Maculosa,421320,Pomerode,SC,2014,0
FMAC,Febre Maculosa,421320,Pomerode,SC,2015,1
FMAC,Febre Maculosa,421320,Pomerode,SC,2016,1
FMAC,Febre Maculosa,421320,Pomerode,SC,2017,0
FMAC,Febre Maculosa,421320,Pomerode,SC,2018,0
FMAC,Febre Maculosa,421320,Pomerode,SC,2019,0
FMAC,Febre Maculosa,421320,Pomerode,SC,2020,1
FMAC,Febre Maculosa,421320,Pomerode,SC,2021,3
FMAC,Febre Maculosa,421320,Pomerode,SC,2022,3
FMAC,Febre Maculosa,421320,Pomerode,SC,2023,3
FMAC,Febre Maculosa,421320,Pomerode,SC,2024,2
FMAC,Febre Maculosa,421320,Pomerode,SC,2025,0
FMAC,Febre Maculosa,421360,Porto Uniao,SC,2001,0
FMAC,Febre Maculosa,421360,Porto Uniao,SC,2006,0
FMAC,Febre Maculosa,421360,Porto Uniao,SC,2007,0
FMAC,Febre Maculosa,421360,Porto Uniao,SC,2008,0
FMAC,Febre Maculosa,421360,Porto Uniao,SC,2009,0
FMAC,Febre Maculosa,421360,Porto Uniao,SC,2010,0
FMAC,Febre Maculosa,421360,Porto Uniao,SC,2011,0
FMAC,Febre Maculosa,421360,Porto Uniao,SC,2012,0
FMAC,Febre Maculosa,421360,Porto Uniao,SC,2013,0
FMAC,Febre Maculosa,421360,Porto Uniao,SC,2014,0
FMAC,Febre Maculosa,421360,Porto Uniao,SC,2015,0
FMAC,Febre Maculosa,421360,Porto Uniao,SC,2016,0
FMAC,Febre Maculosa,421360,Porto Uniao,SC,2017,0
FMAC,Febre Maculosa,421360,Porto Uniao,SC,2018,0
FMAC,Febre Maculosa,421360,Porto Uniao,SC,2019,0
FMAC,Febre Maculosa,421360,Porto Uniao,SC,2020,0
FMAC,Febre Maculosa,421360,Porto Uniao,SC,2021,0
FMAC,Febre Maculosa,421360,Porto Uniao,SC,2022,0
FMAC,Febre Maculosa,421360,Porto Uniao,SC,2023,0
FMAC,Febre Maculosa,421360,Porto Uniao,SC,2024,1
FMAC,Febre Maculosa,421360,Porto Uniao,SC,2025,0
FMAC,Febre Maculosa,421380,Praia Grande,SC,2001,0
FMAC,Febre Maculosa,421380,Praia Grande,SC,2006,0
FMAC,Febre Maculosa,421380,Praia Grande,SC,2007,0
FMAC,Febre Maculosa,421380,Praia Grande,SC,2008,0
FMAC,Febre Maculosa,421380,Praia Grande,SC,2009,0
FMAC,Febre Maculosa,421380,Praia Grande,SC,2010,0
FMAC,Febre Maculosa,421380,Praia Grande,SC,2011,0
FMAC,Febre Maculosa,421380,Praia Grande,SC,2012,0
FMAC,Febre Maculosa,421380,Praia Grande,SC,2013,0
FMAC,Febre Maculosa,421380,Praia Grande,SC,2014,1
FMAC,Febre Maculosa,421380,Praia Grande,SC,2015,0
FMAC,Febre Maculosa,421380,Praia Grande,SC,2016,0
FMAC,Febre Maculosa,421380,Praia Grande,SC,2017,0
FMAC,Febre Maculosa,421380,Praia Grande,SC,2018,0
FMAC,Febre Maculosa,421380,Praia Grande,SC,2019,0
FMAC,Febre Maculosa,421380,Praia Grande,SC,2020,0
FMAC,Febre Maculosa,421380,Praia Grande,SC,2021,0
FMAC,Febre Maculosa,421380,Praia Grande,SC,2022,0
FMAC,Febre Maculosa,421380,Praia Grande,SC,2023,0
FMAC,Febre Maculosa,421380,Praia Grande,SC,2024,0
FMAC,Febre Maculosa,421380,Praia Grande,SC,2025,0
FMAC,Febre Maculosa,421430,Rancho Queimado,SC,2001,0
FMAC,Febre Maculosa,421430,Rancho Queimado,SC,2006,0
FMAC,Febre Maculosa,421430,Rancho Queimado,SC,2007,0
FMAC,Febre Maculosa,421430,Rancho Queimado,SC,2008,0
FMAC,Febre Maculosa,421430,Rancho Queimado,SC,2009,0
FMAC,Febre Maculosa,421430,Rancho Queimado,SC,2010,0
FMAC,Febre Maculosa,421430,Rancho Queimado,SC,2011,0
FMAC,Febre Maculosa,421430,Rancho Queimado,SC,2012,0
FMAC,Febre Maculosa,421430,Rancho Queimado,SC,2013,0
FMAC,Febre Maculosa,421430,Rancho Queimado,SC,2014,0
FMAC,Febre Maculosa,421430,Rancho Queimado,SC,2015,0
FMAC,Febre Maculosa,421430,Rancho Queimado,SC,2016,0
FMAC,Febre Maculosa,421430,Rancho Queimado,SC,2017,0
FMAC,Febre Maculosa,421430,Rancho Queimado,SC,2018,0
FMAC,Febre Maculosa,421430,Rancho Queimado,SC,2019,0
FMAC,Febre Maculosa,421430,Rancho Queimado,SC,2020,0
FMAC,Febre Maculosa,421430,Rancho Queimado,SC,2021,0
FMAC,Febre Maculosa,421430,Rancho Queimado,SC,2022,0
FMAC,Febre Maculosa,421430,Rancho Queimado,SC,2023,0
FMAC,Febre Maculosa,421430,Rancho Queimado,SC,2024,0
FMAC,Febre Maculosa,421430,Rancho Queimado,SC,2025,1
FMAC,Febre Maculosa,421470,Rio Dos Cedros,SC,2001,0
FMAC,Febre Maculosa,421470,Rio Dos Cedros,SC,2006,0
FMAC,Febre Maculosa,421470,Rio Dos Cedros,SC,2007,0
FMAC,Febre Maculosa,421470,Rio Dos Cedros,SC,2008,1
FMAC,Febre Maculosa,421470,Rio Dos Cedros,SC,2009,0
FMAC,Febre Maculosa,421470,Rio Dos Cedros,SC,2010,0
FMAC,Febre Maculosa,421470,Rio Dos Cedros,SC,2011,0
FMAC,Febre Maculosa,421470,Rio Dos Cedros,SC,2012,0
FMAC,Febre Maculosa,421470,Rio Dos Cedros,SC,2013,0
FMAC,Febre Maculosa,421470,Rio Dos Cedros,SC,2014,0
FMAC,Febre Maculosa,421470,Rio Dos Cedros,SC,2015,0
FMAC,Febre Maculosa,421470,Rio Dos Cedros,SC,2016,0
FMAC,Febre Maculosa,421470,Rio Dos Cedros,SC,2017,0
FMAC,Febre Maculosa,421470,Rio Dos Cedros,SC,2018,0
FMAC,Febre Maculosa,421470,Rio Dos Cedros,SC,2019,0
FMAC,Febre Maculosa,421470,Rio Dos Cedros,SC,2020,1
FMAC,Febre Maculosa,421470,Rio Dos Cedros,SC,2021,0
FMAC,Febre Maculosa,421470,Rio Dos Cedros,SC,2022,0
FMAC,Febre Maculosa,421470,Rio Dos Cedros,SC,2023,1
FMAC,Febre Maculosa,421470,Rio Dos Cedros,SC,2024,0
FMAC,Febre Maculosa,421470,Rio Dos Cedros,SC,2025,4
FMAC,Febre Maculosa,421490,Rio Fortuna,SC,2001,0
FMAC,Febre Maculosa,421490,Rio Fortuna,SC,2006,0
FMAC,Febre Maculosa,421490,Rio Fortuna,SC,2007,0
FMAC,Febre Maculosa,421490,Rio Fortuna,SC,2008,0
FMAC,Febre Maculosa,421490,Rio Fortuna,SC,2009,0
FMAC,Febre Maculosa,421490,Rio Fortuna,SC,2010,0
FMAC,Febre Maculosa,421490,Rio Fortuna,SC,2011,0
FMAC,Febre Maculosa,421490,Rio Fortuna,SC,2012,0
FMAC,Febre Maculosa,421490,Rio Fortuna,SC,2013,1
FMAC,Febre Maculosa,421490,Rio Fortuna,SC,2014,0
FMAC,Febre Maculosa,421490,Rio Fortuna,SC,2015,0
FMAC,Febre Maculosa,421490,Rio Fortuna,SC,2016,0
FMAC,Febre Maculosa,421490,Rio Fortuna,SC,2017,0
FMAC,Febre Maculosa,421490,Rio Fortuna,SC,2018,0
FMAC,Febre Maculosa,421490,Rio Fortuna,SC,2019,0
FMAC,Febre Maculosa,421490,Rio Fortuna,SC,2020,0
FMAC,Febre Maculosa,421490,Rio Fortuna,SC,2021,0
FMAC,Febre Maculosa,421490,Rio Fortuna,SC,2022,0
FMAC,Febre Maculosa,421490,Rio Fortuna,SC,2023,0
FMAC,Febre Maculosa,421490,Rio Fortuna,SC,2024,2
FMAC,Febre Maculosa,421490,Rio Fortuna,SC,2025,1
FMAC,Febre Maculosa,421510,Rodeio,SC,2001,0
FMAC,Febre Maculosa,421510,Rodeio,SC,2006,0
FMAC,Febre Maculosa,421510,Rodeio,SC,2007,1
FMAC,Febre Maculosa,421510,Rodeio,SC,2008,0
FMAC,Febre Maculosa,421510,Rodeio,SC,2009,1
FMAC,Febre Maculosa,421510,Rodeio,SC,2010,2
FMAC,Febre Maculosa,421510,Rodeio,SC,2011,1
FMAC,Febre Maculosa,421510,Rodeio,SC,2012,1
FMAC,Febre Maculosa,421510,Rodeio,SC,2013,2
FMAC,Febre Maculosa,421510,Rodeio,SC,2014,5
FMAC,Febre Maculosa,421510,Rodeio,SC,2015,1
FMAC,Febre Maculosa,421510,Rodeio,SC,2016,1
FMAC,Febre Maculosa,421510,Rodeio,SC,2017,0
FMAC,Febre Maculosa,421510,Rodeio,SC,2018,0
FMAC,Febre Maculosa,421510,Rodeio,SC,2019,1
FMAC,Febre Maculosa,421510,Rodeio,SC,2020,0
FMAC,Febre Maculosa,421510,Rodeio,SC,2021,3
FMAC,Febre Maculosa,421510,Rodeio,SC,2022,0
FMAC,Febre Maculosa,421510,Rodeio,SC,2023,0
FMAC,Febre Maculosa,421510,Rodeio,SC,2024,1
FMAC,Febre Maculosa,421510,Rodeio,SC,2025,0
FMAC,Febre Maculosa,421560,Santa Rosa de Lima,SC,2001,0
FMAC,Febre Maculosa,421560,Santa Rosa de Lima,SC,2006,0
FMAC,Febre Maculosa,421560,Santa Rosa de Lima,SC,2007,0
FMAC,Febre Maculosa,421560,Santa Rosa de Lima,SC,2008,0
FMAC,Febre Maculosa,421560,Santa Rosa de Lima,SC,2009,0
FMAC,Febre Maculosa,421560,Santa Rosa de Lima,SC,2010,0
FMAC,Febre Maculosa,421560,Santa Rosa de Lima,SC,2011,0
FMAC,Febre Maculosa,421560,Santa Rosa de Lima,SC,2012,0
FMAC,Febre Maculosa,421560,Santa Rosa de Lima,SC,2013,0
FMAC,Febre Maculosa,421560,Santa Rosa de Lima,SC,2014,0
FMAC,Febre Maculosa,421560,Santa Rosa de Lima,SC,2015,0
FMAC,Febre Maculosa,421560,Santa Rosa de Lima,SC,2016,0
FMAC,Febre Maculosa,421560,Santa Rosa de Lima,SC,2017,0
FMAC,Febre Maculosa,421560,Santa Rosa de Lima,SC,2018,0
FMAC,Febre Maculosa,421560,Santa Rosa de Lima,SC,2019,0
FMAC,Febre Maculosa,421560,Santa Rosa de Lima,SC,2020,0
FMAC,Febre Maculosa,421560,Santa Rosa de Lima,SC,2021,0
FMAC,Febre Maculosa,421560,Santa Rosa de Lima,SC,2022,0
FMAC,Febre Maculosa,421560,Santa Rosa de Lima,SC,2023,1
FMAC,Febre Maculosa,421560,Santa Rosa de Lima,SC,2024,0
FMAC,Febre Maculosa,421560,Santa Rosa de Lima,SC,2025,0
FMAC,Febre Maculosa,421590,Sao Bonifacio,SC,2001,0
FMAC,Febre Maculosa,421590,Sao Bonifacio,SC,2006,0
FMAC,Febre Maculosa,421590,Sao Bonifacio,SC,2007,0
FMAC,Febre Maculosa,421590,Sao Bonifacio,SC,2008,0
FMAC,Febre Maculosa,421590,Sao Bonifacio,SC,2009,0
FMAC,Febre Maculosa,421590,Sao Bonifacio,SC,2010,0
FMAC,Febre Maculosa,421590,Sao Bonifacio,SC,2011,0
FMAC,Febre Maculosa,421590,Sao Bonifacio,SC,2012,0
FMAC,Febre Maculosa,421590,Sao Bonifacio,SC,2013,0
FMAC,Febre Maculosa,421590,Sao Bonifacio,SC,2014,0
FMAC,Febre Maculosa,421590,Sao Bonifacio,SC,2015,0
FMAC,Febre Maculosa,421590,Sao Bonifacio,SC,2016,0
FMAC,Febre Maculosa,421590,Sao Bonifacio,SC,2017,0
FMAC,Febre Maculosa,421590,Sao Bonifacio,SC,2018,0
FMAC,Febre Maculosa,421590,Sao Bonifacio,SC,2019,0
FMAC,Febre Maculosa,421590,Sao Bonifacio,SC,2020,0
FMAC,Febre Maculosa,421590,Sao Bonifacio,SC,2021,2
FMAC,Febre Maculosa,421590,Sao Bonifacio,SC,2022,0
FMAC,Febre Maculosa,421590,Sao Bonifacio,SC,2023,0
FMAC,Febre Maculosa,421590,Sao Bonifacio,SC,2024,0
FMAC,Febre Maculosa,421590,Sao Bonifacio,SC,2025,0
FMAC,Febre Maculosa,421620,Sao Francisco do Sul,SC,2001,0
FMAC,Febre Maculosa,421620,Sao Francisco do Sul,SC,2006,0
FMAC,Febre Maculosa,421620,Sao Francisco do Sul,SC,2007,0
FMAC,Febre Maculosa,421620,Sao Francisco do Sul,SC,2008,0
FMAC,Febre Maculosa,421620,Sao Francisco do Sul,SC,2009,0
FMAC,Febre Maculosa,421620,Sao Francisco do Sul,SC,2010,0
FMAC,Febre Maculosa,421620,Sao Francisco do Sul,SC,2011,0
FMAC,Febre Maculosa,421620,Sao Francisco do Sul,SC,2012,1
FMAC,Febre Maculosa,421620,Sao Francisco do Sul,SC,2013,0
FMAC,Febre Maculosa,421620,Sao Francisco do Sul,SC,2014,2
FMAC,Febre Maculosa,421620,Sao Francisco do Sul,SC,2015,0
FMAC,Febre Maculosa,421620,Sao Francisco do Sul,SC,2016,2
FMAC,Febre Maculosa,421620,Sao Francisco do Sul,SC,2017,1
FMAC,Febre Maculosa,421620,Sao Francisco do Sul,SC,2018,1
FMAC,Febre Maculosa,421620,Sao Francisco do Sul,SC,2019,1
FMAC,Febre Maculosa,421620,Sao Francisco do Sul,SC,2020,0
FMAC,Febre Maculosa,421620,Sao Francisco do Sul,SC,2021,1
FMAC,Febre Maculosa,421620,Sao Francisco do Sul,SC,2022,0
FMAC,Febre Maculosa,421620,Sao Francisco do Sul,SC,2023,1
FMAC,Febre Maculosa,421620,Sao Francisco do Sul,SC,2024,2
FMAC,Febre Maculosa,421620,Sao Francisco do Sul,SC,2025,2
FMAC,Febre Maculosa,421630,Sao Joao Batista,SC,2001,0
FMAC,Febre Maculosa,421630,Sao Joao Batista,SC,2006,0
FMAC,Febre Maculosa,421630,Sao Joao Batista,SC,2007,0
FMAC,Febre Maculosa,421630,Sao Joao Batista,SC,2008,0
FMAC,Febre Maculosa,421630,Sao Joao Batista,SC,2009,0
FMAC,Febre Maculosa,421630,Sao Joao Batista,SC,2010,0
FMAC,Febre Maculosa,421630,Sao Joao Batista,SC,2011,0
FMAC,Febre Maculosa,421630,Sao Joao Batista,SC,2012,0
FMAC,Febre Maculosa,421630,Sao Joao Batista,SC,2013,0
FMAC,Febre Maculosa,421630,Sao Joao Batista,SC,2014,0
FMAC,Febre Maculosa,421630,Sao Joao Batista,SC,2015,0
FMAC,Febre Maculosa,421630,Sao Joao Batista,SC,2016,0
FMAC,Febre Maculosa,421630,Sao Joao Batista,SC,2017,0
FMAC,Febre Maculosa,421630,Sao Joao Batista,SC,2018,0
FMAC,Febre Maculosa,421630,Sao Joao Batista,SC,2019,0
FMAC,Febre Maculosa,421630,Sao Joao Batista,SC,2020,1
FMAC,Febre Maculosa,421630,Sao Joao Batista,SC,2021,0
FMAC,Febre Maculosa,421630,Sao Joao Batista,SC,2022,0
FMAC,Febre Maculosa,421630,Sao Joao Batista,SC,2023,0
FMAC,Febre Maculosa,421630,Sao Joao Batista,SC,2024,0
FMAC,Febre Maculosa,421630,Sao Joao Batista,SC,2025,0
FMAC,Febre Maculosa,421635,Sao Joao do Itaperiu,SC,2001,0
FMAC,Febre Maculosa,421635,Sao Joao do Itaperiu,SC,2006,0
FMAC,Febre Maculosa,421635,Sao Joao do Itaperiu,SC,2007,0
FMAC,Febre Maculosa,421635,Sao Joao do Itaperiu,SC,2008,0
FMAC,Febre Maculosa,421635,Sao Joao do Itaperiu,SC,2009,0
FMAC,Febre Maculosa,421635,Sao Joao do Itaperiu,SC,2010,0
FMAC,Febre Maculosa,421635,Sao Joao do Itaperiu,SC,2011,0
FMAC,Febre Maculosa,421635,Sao Joao do Itaperiu,SC,2012,0
FMAC,Febre Maculosa,421635,Sao Joao do Itaperiu,SC,2013,0
FMAC,Febre Maculosa,421635,Sao Joao do Itaperiu,SC,2014,0
FMAC,Febre Maculosa,421635,Sao Joao do Itaperiu,SC,2015,0
FMAC,Febre Maculosa,421635,Sao Joao do Itaperiu,SC,2016,0
FMAC,Febre Maculosa,421635,Sao Joao do Itaperiu,SC,2017,1
FMAC,Febre Maculosa,421635,Sao Joao do Itaperiu,SC,2018,0
FMAC,Febre Maculosa,421635,Sao Joao do Itaperiu,SC,2019,0
FMAC,Febre Maculosa,421635,Sao Joao do Itaperiu,SC,2020,0
FMAC,Febre Maculosa,421635,Sao Joao do Itaperiu,SC,2021,0
FMAC,Febre Maculosa,421635,Sao Joao do Itaperiu,SC,2022,0
FMAC,Febre Maculosa,421635,Sao Joao do Itaperiu,SC,2023,0
FMAC,Febre Maculosa,421635,Sao Joao do Itaperiu,SC,2024,0
FMAC,Febre Maculosa,421635,Sao Joao do Itaperiu,SC,2025,1
FMAC,Febre Maculosa,421660,Sao Jose,SC,2001,0
FMAC,Febre Maculosa,421660,Sao Jose,SC,2006,0
FMAC,Febre Maculosa,421660,Sao Jose,SC,2007,0
FMAC,Febre Maculosa,421660,Sao Jose,SC,2008,0
FMAC,Febre Maculosa,421660,Sao Jose,SC,2009,0
FMAC,Febre Maculosa,421660,Sao Jose,SC,2010,0
FMAC,Febre Maculosa,421660,Sao Jose,SC,2011,0
FMAC,Febre Maculosa,421660,Sao Jose,SC,2012,0
FMAC,Febre Maculosa,421660,Sao Jose,SC,2013,0
FMAC,Febre Maculosa,421660,Sao Jose,SC,2014,0
FMAC,Febre Maculosa,421660,Sao Jose,SC,2015,0
FMAC,Febre Maculosa,421660,Sao Jose,SC,2016,0
FMAC,Febre Maculosa,421660,Sao Jose,SC,2017,0
FMAC,Febre Maculosa,421660,Sao Jose,SC,2018,0
FMAC,Febre Maculosa,421660,Sao Jose,SC,2019,0
FMAC,Febre Maculosa,421660,Sao Jose,SC,2020,0
FMAC,Febre Maculosa,421660,Sao Jose,SC,2021,0
FMAC,Febre Maculosa,421660,Sao Jose,SC,2022,1
FMAC,Febre Maculosa,421660,Sao Jose,SC,2023,2
FMAC,Febre Maculosa,421660,Sao Jose,SC,2024,2
FMAC,Febre Maculosa,421660,Sao Jose,SC,2025,0
FMAC,Febre Maculosa,421720,Sao Miguel do Oeste,SC,2001,0
FMAC,Febre Maculosa,421720,Sao Miguel do Oeste,SC,2006,0
FMAC,Febre Maculosa,421720,Sao Miguel do Oeste,SC,2007,0
FMAC,Febre Maculosa,421720,Sao Miguel do Oeste,SC,2008,0
FMAC,Febre Maculosa,421720,Sao Miguel do Oeste,SC,2009,0
FMAC,Febre Maculosa,421720,Sao Miguel do Oeste,SC,2010,0
FMAC,Febre Maculosa,421720,Sao Miguel do Oeste,SC,2011,0
FMAC,Febre Maculosa,421720,Sao Miguel do Oeste,SC,2012,1
FMAC,Febre Maculosa,421720,Sao Miguel do Oeste,SC,2013,0
FMAC,Febre Maculosa,421720,Sao Miguel do Oeste,SC,2014,0
FMAC,Febre Maculosa,421720,Sao Miguel do Oeste,SC,2015,0
FMAC,Febre Maculosa,421720,Sao Miguel do Oeste,SC,2016,0
FMAC,Febre Maculosa,421720,Sao Miguel do Oeste,SC,2017,0
FMAC,Febre Maculosa,421720,Sao Miguel do Oeste,SC,2018,0
FMAC,Febre Maculosa,421720,Sao Miguel do Oeste,SC,2019,0
FMAC,Febre Maculosa,421720,Sao Miguel do Oeste,SC,2020,0
FMAC,Febre Maculosa,421720,Sao Miguel do Oeste,SC,2021,0
FMAC,Febre Maculosa,421720,Sao Miguel do Oeste,SC,2022,0
FMAC,Febre Maculosa,421720,Sao Miguel do Oeste,SC,2023,0
FMAC,Febre Maculosa,421720,Sao Miguel do Oeste,SC,2024,0
FMAC,Febre Maculosa,421720,Sao Miguel do Oeste,SC,2025,0
FMAC,Febre Maculosa,421725,Sao Pedro de Alcantara,SC,2001,0
FMAC,Febre Maculosa,421725,Sao Pedro de Alcantara,SC,2006,0
FMAC,Febre Maculosa,421725,Sao Pedro de Alcantara,SC,2007,0
FMAC,Febre Maculosa,421725,Sao Pedro de Alcantara,SC,2008,0
FMAC,Febre Maculosa,421725,Sao Pedro de Alcantara,SC,2009,0
FMAC,Febre Maculosa,421725,Sao Pedro de Alcantara,SC,2010,0
FMAC,Febre Maculosa,421725,Sao Pedro de Alcantara,SC,2011,0
FMAC,Febre Maculosa,421725,Sao Pedro de Alcantara,SC,2012,0
FMAC,Febre Maculosa,421725,Sao Pedro de Alcantara,SC,2013,0
FMAC,Febre Maculosa,421725,Sao Pedro de Alcantara,SC,2014,0
FMAC,Febre Maculosa,421725,Sao Pedro de Alcantara,SC,2015,0
FMAC,Febre Maculosa,421725,Sao Pedro de Alcantara,SC,2016,0
FMAC,Febre Maculosa,421725,Sao Pedro de Alcantara,SC,2017,0
FMAC,Febre Maculosa,421725,Sao Pedro de Alcantara,SC,2018,1
FMAC,Febre Maculosa,421725,Sao Pedro de Alcantara,SC,2019,1
FMAC,Febre Maculosa,421725,Sao Pedro de Alcantara,SC,2020,1
FMAC,Febre Maculosa,421725,Sao Pedro de Alcantara,SC,2021,1
FMAC,Febre Maculosa,421725,Sao Pedro de Alcantara,SC,2022,0
FMAC,Febre Maculosa,421725,Sao Pedro de Alcantara,SC,2023,0
FMAC,Febre Maculosa,421725,Sao Pedro de Alcantara,SC,2024,1
FMAC,Febre Maculosa,421725,Sao Pedro de Alcantara,SC,2025,0
FMAC,Febre Maculosa,421740,Schroeder,SC,2001,0
FMAC,Febre Maculosa,421740,Schroeder,SC,2006,0
FMAC,Febre Maculosa,421740,Schroeder,SC,2007,1
FMAC,Febre Maculosa,421740,Schroeder,SC,2008,1
FMAC,Febre Maculosa,421740,Schroeder,SC,2009,2
FMAC,Febre Maculosa,421740,Schroeder,SC,2010,2
FMAC,Febre Maculosa,421740,Schroeder,SC,2011,0
FMAC,Febre Maculosa,421740,Schroeder,SC,2012,4
FMAC,Febre Maculosa,421740,Schroeder,SC,2013,1
FMAC,Febre Maculosa,421740,Schroeder,SC,2014,4
FMAC,Febre Maculosa,421740,Schroeder,SC,2015,1
FMAC,Febre Maculosa,421740,Schroeder,SC,2016,3
FMAC,Febre Maculosa,421740,Schroeder,SC,2017,2
FMAC,Febre Maculosa,421740,Schroeder,SC,2018,1
FMAC,Febre Maculosa,421740,Schroeder,SC,2019,1
FMAC,Febre Maculosa,421740,Schroeder,SC,2020,1
FMAC,Febre Maculosa,421740,Schroeder,SC,2021,1
FMAC,Febre Maculosa,421740,Schroeder,SC,2022,1
FMAC,Febre Maculosa,421740,Schroeder,SC,2023,1
FMAC,Febre Maculosa,421740,Schroeder,SC,2024,1
FMAC,Febre Maculosa,421740,Schroeder,SC,2025,1
FMAC,Febre Maculosa,421820,Timbo,SC,2001,0
FMAC,Febre Maculosa,421820,Timbo,SC,2006,0
FMAC,Febre Maculosa,421820,Timbo,SC,2007,0
FMAC,Febre Maculosa,421820,Timbo,SC,2008,0
FMAC,Febre Maculosa,421820,Timbo,SC,2009,2
FMAC,Febre Maculosa,421820,Timbo,SC,2010,3
FMAC,Febre Maculosa,421820,Timbo,SC,2011,2
FMAC,Febre Maculosa,421820,Timbo,SC,2012,1
FMAC,Febre Maculosa,421820,Timbo,SC,2013,1
FMAC,Febre Maculosa,421820,Timbo,SC,2014,2
FMAC,Febre Maculosa,421820,Timbo,SC,2015,1
FMAC,Febre Maculosa,421820,Timbo,SC,2016,0
FMAC,Febre Maculosa,421820,Timbo,SC,2017,0
FMAC,Febre Maculosa,421820,Timbo,SC,2018,2
FMAC,Febre Maculosa,421820,Timbo,SC,2019,1
FMAC,Febre Maculosa,421820,Timbo,SC,2020,0
FMAC,Febre Maculosa,421820,Timbo,SC,2021,3
FMAC,Febre Maculosa,421820,Timbo,SC,2022,1
FMAC,Febre Maculosa,421820,Timbo,SC,2023,0
FMAC,Febre Maculosa,421820,Timbo,SC,2024,1
FMAC,Febre Maculosa,421820,Timbo,SC,2025,4
FMAC,Febre Maculosa,421835,Treviso,SC,2001,0
FMAC,Febre Maculosa,421835,Treviso,SC,2006,0
FMAC,Febre Maculosa,421835,Treviso,SC,2007,0
FMAC,Febre Maculosa,421835,Treviso,SC,2008,0
FMAC,Febre Maculosa,421835,Treviso,SC,2009,0
FMAC,Febre Maculosa,421835,Treviso,SC,2010,0
FMAC,Febre Maculosa,421835,Treviso,SC,2011,0
FMAC,Febre Maculosa,421835,Treviso,SC,2012,0
FMAC,Febre Maculosa,421835,Treviso,SC,2013,0
FMAC,Febre Maculosa,421835,Treviso,SC,2014,1
FMAC,Febre Maculosa,421835,Treviso,SC,2015,0
FMAC,Febre Maculosa,421835,Treviso,SC,2016,0
FMAC,Febre Maculosa,421835,Treviso,SC,2017,0
FMAC,Febre Maculosa,421835,Treviso,SC,2018,0
FMAC,Febre Maculosa,421835,Treviso,SC,2019,0
FMAC,Febre Maculosa,421835,Treviso,SC,2020,0
FMAC,Febre Maculosa,421835,Treviso,SC,2021,0
FMAC,Febre Maculosa,421835,Treviso,SC,2022,0
FMAC,Febre Maculosa,421835,Treviso,SC,2023,0
FMAC,Febre Maculosa,421835,Treviso,SC,2024,0
FMAC,Febre Maculosa,421835,Treviso,SC,2025,1
FMAC,Febre Maculosa,421870,Tubarao,SC,2001,0
FMAC,Febre Maculosa,421870,Tubarao,SC,2006,0
FMAC,Febre Maculosa,421870,Tubarao,SC,2007,0
FMAC,Febre Maculosa,421870,Tubarao,SC,2008,0
FMAC,Febre Maculosa,421870,Tubarao,SC,2009,0
FMAC,Febre Maculosa,421870,Tubarao,SC,2010,2
FMAC,Febre Maculosa,421870,Tubarao,SC,2011,1
FMAC,Febre Maculosa,421870,Tubarao,SC,2012,0
FMAC,Febre Maculosa,421870,Tubarao,SC,2013,0
FMAC,Febre Maculosa,421870,Tubarao,SC,2014,0
FMAC,Febre Maculosa,421870,Tubarao,SC,2015,1
FMAC,Febre Maculosa,421870,Tubarao,SC,2016,0
FMAC,Febre Maculosa,421870,Tubarao,SC,2017,0
FMAC,Febre Maculosa,421870,Tubarao,SC,2018,0
FMAC,Febre Maculosa,421870,Tubarao,SC,2019,0
FMAC,Febre Maculosa,421870,Tubarao,SC,2020,0
FMAC,Febre Maculosa,421870,Tubarao,SC,2021,0
FMAC,Febre Maculosa,421870,Tubarao,SC,2022,0
FMAC,Febre Maculosa,421870,Tubarao,SC,2023,0
FMAC,Febre Maculosa,421870,Tubarao,SC,2024,1
FMAC,Febre Maculosa,421870,Tubarao,SC,2025,0
FMAC,Febre Maculosa,421890,Urubici,SC,2001,0
FMAC,Febre Maculosa,421890,Urubici,SC,2006,0
FMAC,Febre Maculosa,421890,Urubici,SC,2007,0
FMAC,Febre Maculosa,421890,Urubici,SC,2008,0
FMAC,Febre Maculosa,421890,Urubici,SC,2009,0
FMAC,Febre Maculosa,421890,Urubici,SC,2010,0
FMAC,Febre Maculosa,421890,Urubici,SC,2011,0
FMAC,Febre Maculosa,421890,Urubici,SC,2012,0
FMAC,Febre Maculosa,421890,Urubici,SC,2013,0
FMAC,Febre Maculosa,421890,Urubici,SC,2014,1
FMAC,Febre Maculosa,421890,Urubici,SC,2015,0
FMAC,Febre Maculosa,421890,Urubici,SC,2016,0
FMAC,Febre Maculosa,421890,Urubici,SC,2017,0
FMAC,Febre Maculosa,421890,Urubici,SC,2018,0
FMAC,Febre Maculosa,421890,Urubici,SC,2019,0
FMAC,Febre Maculosa,421890,Urubici,SC,2020,0
FMAC,Febre Maculosa,421890,Urubici,SC,2021,0
FMAC,Febre Maculosa,421890,Urubici,SC,2022,0
FMAC,Febre Maculosa,421890,Urubici,SC,2023,0
FMAC,Febre Maculosa,421890,Urubici,SC,2024,0
FMAC,Febre Maculosa,421890,Urubici,SC,2025,0
FMAC,Febre Maculosa,421900,Urussanga,SC,2001,0
FMAC,Febre Maculosa,421900,Urussanga,SC,2006,0
FMAC,Febre Maculosa,421900,Urussanga,SC,2007,0
FMAC,Febre Maculosa,421900,Urussanga,SC,2008,0
FMAC,Febre Maculosa,421900,Urussanga,SC,2009,0
FMAC,Febre Maculosa,421900,Urussanga,SC,2010,0
FMAC,Febre Maculosa,421900,Urussanga,SC,2011,1
FMAC,Febre Maculosa,421900,Urussanga,SC,2012,0
FMAC,Febre Maculosa,421900,Urussanga,SC,2013,0
FMAC,Febre Maculosa,421900,Urussanga,SC,2014,0
FMAC,Febre Maculosa,421900,Urussanga,SC,2015,0
FMAC,Febre Maculosa,421900,Urussanga,SC,2016,0
FMAC,Febre Maculosa,421900,Urussanga,SC,2017,0
FMAC,Febre Maculosa,421900,Urussanga,SC,2018,1
FMAC,Febre Maculosa,421900,Urussanga,SC,2019,0
FMAC,Febre Maculosa,421900,Urussanga,SC,2020,0
FMAC,Febre Maculosa,421900,Urussanga,SC,2021,0
FMAC,Febre Maculosa,421900,Urussanga,SC,2022,1
FMAC,Febre Maculosa,421900,Urussanga,SC,2023,1
FMAC,Febre Maculosa,421900,Urussanga,SC,2024,2
FMAC,Febre Maculosa,421900,Urussanga,SC,2025,0
FMAC,Febre Maculosa,421940,Witmarsum,SC,2001,0
FMAC,Febre Maculosa,421940,Witmarsum,SC,2006,0
FMAC,Febre Maculosa,421940,Witmarsum,SC,2007,0
FMAC,Febre Maculosa,421940,Witmarsum,SC,2008,0
FMAC,Febre Maculosa,421940,Witmarsum,SC,2009,0
FMAC,Febre Maculosa,421940,Witmarsum,SC,2010,0
FMAC,Febre Maculosa,421940,Witmarsum,SC,2011,0
FMAC,Febre Maculosa,421940,Witmarsum,SC,2012,0
FMAC,Febre Maculosa,421940,Witmarsum,SC,2013,0
FMAC,Febre Maculosa,421940,Witmarsum,SC,2014,0
FMAC,Febre Maculosa,421940,Witmarsum,SC,2015,1
FMAC,Febre Maculosa,421940,Witmarsum,SC,2016,0
FMAC,Febre Maculosa,421940,Witmarsum,SC,2017,0
FMAC,Febre Maculosa,421940,Witmarsum,SC,2018,0
FMAC,Febre Maculosa,421940,Witmarsum,SC,2019,0
FMAC,Febre Maculosa,421940,Witmarsum,SC,2020,0
FMAC,Febre Maculosa,421940,Witmarsum,SC,2021,0
FMAC,Febre Maculosa,421940,Witmarsum,SC,2022,0
FMAC,Febre Maculosa,421940,Witmarsum,SC,2023,0
FMAC,Febre Maculosa,421940,Witmarsum,SC,2024,0
FMAC,Febre Maculosa,421940,Witmarsum,SC,2025,0
FMAC,Febre Maculosa,280030,Aracaju,SE,2001,0
FMAC,Febre Maculosa,280030,Aracaju,SE,2006,0
FMAC,Febre Maculosa,280030,Aracaju,SE,2007,0
FMAC,Febre Maculosa,280030,Aracaju,SE,2008,0
FMAC,Febre Maculosa,280030,Aracaju,SE,2009,0
FMAC,Febre Maculosa,280030,Aracaju,SE,2010,0
FMAC,Febre Maculosa,280030,Aracaju,SE,2011,0
FMAC,Febre Maculosa,280030,Aracaju,SE,2012,0
FMAC,Febre Maculosa,280030,Aracaju,SE,2013,0
FMAC,Febre Maculosa,280030,Aracaju,SE,2014,0
FMAC,Febre Maculosa,280030,Aracaju,SE,2015,0
FMAC,Febre Maculosa,280030,Aracaju,SE,2016,0
FMAC,Febre Maculosa,280030,Aracaju,SE,2017,0
FMAC,Febre Maculosa,280030,Aracaju,SE,2018,0
FMAC,Febre Maculosa,280030,Aracaju,SE,2019,0
FMAC,Febre Maculosa,280030,Aracaju,SE,2020,0
FMAC,Febre Maculosa,280030,Aracaju,SE,2021,0
FMAC,Febre Maculosa,280030,Aracaju,SE,2022,0
FMAC,Febre Maculosa,280030,Aracaju,SE,2023,0
FMAC,Febre Maculosa,280030,Aracaju,SE,2024,1
FMAC,Febre Maculosa,280030,Aracaju,SE,2025,0
FMAC,Febre Maculosa,350050,Aguas de Lindoia,SP,2001,0
FMAC,Febre Maculosa,350050,Aguas de Lindoia,SP,2006,0
FMAC,Febre Maculosa,350050,Aguas de Lindoia,SP,2007,0
FMAC,Febre Maculosa,350050,Aguas de Lindoia,SP,2008,0
FMAC,Febre Maculosa,350050,Aguas de Lindoia,SP,2009,0
FMAC,Febre Maculosa,350050,Aguas de Lindoia,SP,2010,0
FMAC,Febre Maculosa,350050,Aguas de Lindoia,SP,2011,0
FMAC,Febre Maculosa,350050,Aguas de Lindoia,SP,2012,1
FMAC,Febre Maculosa,350050,Aguas de Lindoia,SP,2013,0
FMAC,Febre Maculosa,350050,Aguas de Lindoia,SP,2014,0
FMAC,Febre Maculosa,350050,Aguas de Lindoia,SP,2015,0
FMAC,Febre Maculosa,350050,Aguas de Lindoia,SP,2016,2
FMAC,Febre Maculosa,350050,Aguas de Lindoia,SP,2017,3
FMAC,Febre Maculosa,350050,Aguas de Lindoia,SP,2018,0
FMAC,Febre Maculosa,350050,Aguas de Lindoia,SP,2019,0
FMAC,Febre Maculosa,350050,Aguas de Lindoia,SP,2020,1
FMAC,Febre Maculosa,350050,Aguas de Lindoia,SP,2021,2
FMAC,Febre Maculosa,350050,Aguas de Lindoia,SP,2022,1
FMAC,Febre Maculosa,350050,Aguas de Lindoia,SP,2023,0
FMAC,Febre Maculosa,350050,Aguas de Lindoia,SP,2024,0
FMAC,Febre Maculosa,350050,Aguas de Lindoia,SP,2025,0
FMAC,Febre Maculosa,350100,Altinopolis,SP,2001,0
FMAC,Febre Maculosa,350100,Altinopolis,SP,2006,0
FMAC,Febre Maculosa,350100,Altinopolis,SP,2007,0
FMAC,Febre Maculosa,350100,Altinopolis,SP,2008,0
FMAC,Febre Maculosa,350100,Altinopolis,SP,2009,0
FMAC,Febre Maculosa,350100,Altinopolis,SP,2010,0
FMAC,Febre Maculosa,350100,Altinopolis,SP,2011,0
FMAC,Febre Maculosa,350100,Altinopolis,SP,2012,0
FMAC,Febre Maculosa,350100,Altinopolis,SP,2013,0
FMAC,Febre Maculosa,350100,Altinopolis,SP,2014,0
FMAC,Febre Maculosa,350100,Altinopolis,SP,2015,0
FMAC,Febre Maculosa,350100,Altinopolis,SP,2016,0
FMAC,Febre Maculosa,350100,Altinopolis,SP,2017,0
FMAC,Febre Maculosa,350100,Altinopolis,SP,2018,0
FMAC,Febre Maculosa,350100,Altinopolis,SP,2019,0
FMAC,Febre Maculosa,350100,Altinopolis,SP,2020,0
FMAC,Febre Maculosa,350100,Altinopolis,SP,2021,1
FMAC,Febre Maculosa,350100,Altinopolis,SP,2022,0
FMAC,Febre Maculosa,350100,Altinopolis,SP,2023,0
FMAC,Febre Maculosa,350100,Altinopolis,SP,2024,0
FMAC,Febre Maculosa,350100,Altinopolis,SP,2025,0
FMAC,Febre Maculosa,350160,Americana,SP,2001,0
FMAC,Febre Maculosa,350160,Americana,SP,2006,0
FMAC,Febre Maculosa,350160,Americana,SP,2007,1
FMAC,Febre Maculosa,350160,Americana,SP,2008,0
FMAC,Febre Maculosa,350160,Americana,SP,2009,1
FMAC,Febre Maculosa,350160,Americana,SP,2010,7
FMAC,Febre Maculosa,350160,Americana,SP,2011,4
FMAC,Febre Maculosa,350160,Americana,SP,2012,4
FMAC,Febre Maculosa,350160,Americana,SP,2013,0
FMAC,Febre Maculosa,350160,Americana,SP,2014,7
FMAC,Febre Maculosa,350160,Americana,SP,2015,3
FMAC,Febre Maculosa,350160,Americana,SP,2016,2
FMAC,Febre Maculosa,350160,Americana,SP,2017,3
FMAC,Febre Maculosa,350160,Americana,SP,2018,10
FMAC,Febre Maculosa,350160,Americana,SP,2019,2
FMAC,Febre Maculosa,350160,Americana,SP,2020,5
FMAC,Febre Maculosa,350160,Americana,SP,2021,2
FMAC,Febre Maculosa,350160,Americana,SP,2022,7
FMAC,Febre Maculosa,350160,Americana,SP,2023,2
FMAC,Febre Maculosa,350160,Americana,SP,2024,2
FMAC,Febre Maculosa,350160,Americana,SP,2025,0
FMAC,Febre Maculosa,350190,Amparo,SP,2001,0
FMAC,Febre Maculosa,350190,Amparo,SP,2006,0
FMAC,Febre Maculosa,350190,Amparo,SP,2007,0
FMAC,Febre Maculosa,350190,Amparo,SP,2008,0
FMAC,Febre Maculosa,350190,Amparo,SP,2009,2
FMAC,Febre Maculosa,350190,Amparo,SP,2010,1
FMAC,Febre Maculosa,350190,Amparo,SP,2011,1
FMAC,Febre Maculosa,350190,Amparo,SP,2012,2
FMAC,Febre Maculosa,350190,Amparo,SP,2013,3
FMAC,Febre Maculosa,350190,Amparo,SP,2014,1
FMAC,Febre Maculosa,350190,Amparo,SP,2015,3
FMAC,Febre Maculosa,350190,Amparo,SP,2016,3
FMAC,Febre Maculosa,350190,Amparo,SP,2017,4
FMAC,Febre Maculosa,350190,Amparo,SP,2018,3
FMAC,Febre Maculosa,350190,Amparo,SP,2019,1
FMAC,Febre Maculosa,350190,Amparo,SP,2020,0
FMAC,Febre Maculosa,350190,Amparo,SP,2021,1
FMAC,Febre Maculosa,350190,Amparo,SP,2022,1
FMAC,Febre Maculosa,350190,Amparo,SP,2023,1
FMAC,Febre Maculosa,350190,Amparo,SP,2024,0
FMAC,Febre Maculosa,350190,Amparo,SP,2025,0
FMAC,Febre Maculosa,350210,Andradina,SP,2001,0
FMAC,Febre Maculosa,350210,Andradina,SP,2006,0
FMAC,Febre Maculosa,350210,Andradina,SP,2007,0
FMAC,Febre Maculosa,350210,Andradina,SP,2008,0
FMAC,Febre Maculosa,350210,Andradina,SP,2009,0
FMAC,Febre Maculosa,350210,Andradina,SP,2010,0
FMAC,Febre Maculosa,350210,Andradina,SP,2011,0
FMAC,Febre Maculosa,350210,Andradina,SP,2012,0
FMAC,Febre Maculosa,350210,Andradina,SP,2013,0
FMAC,Febre Maculosa,350210,Andradina,SP,2014,0
FMAC,Febre Maculosa,350210,Andradina,SP,2015,0
FMAC,Febre Maculosa,350210,Andradina,SP,2016,0
FMAC,Febre Maculosa,350210,Andradina,SP,2017,0
FMAC,Febre Maculosa,350210,Andradina,SP,2018,0
FMAC,Febre Maculosa,350210,Andradina,SP,2019,0
FMAC,Febre Maculosa,350210,Andradina,SP,2020,0
FMAC,Febre Maculosa,350210,Andradina,SP,2021,0
FMAC,Febre Maculosa,350210,Andradina,SP,2022,0
FMAC,Febre Maculosa,350210,Andradina,SP,2023,0
FMAC,Febre Maculosa,350210,Andradina,SP,2024,1
FMAC,Febre Maculosa,350210,Andradina,SP,2025,0
FMAC,Febre Maculosa,350320,Araraquara,SP,2001,0
FMAC,Febre Maculosa,350320,Araraquara,SP,2006,0
FMAC,Febre Maculosa,350320,Araraquara,SP,2007,0
FMAC,Febre Maculosa,350320,Araraquara,SP,2008,0
FMAC,Febre Maculosa,350320,Araraquara,SP,2009,0
FMAC,Febre Maculosa,350320,Araraquara,SP,2010,0
FMAC,Febre Maculosa,350320,Araraquara,SP,2011,0
FMAC,Febre Maculosa,350320,Araraquara,SP,2012,0
FMAC,Febre Maculosa,350320,Araraquara,SP,2013,1
FMAC,Febre Maculosa,350320,Araraquara,SP,2014,0
FMAC,Febre Maculosa,350320,Araraquara,SP,2015,0
FMAC,Febre Maculosa,350320,Araraquara,SP,2016,0
FMAC,Febre Maculosa,350320,Araraquara,SP,2017,0
FMAC,Febre Maculosa,350320,Araraquara,SP,2018,0
FMAC,Febre Maculosa,350320,Araraquara,SP,2019,0
FMAC,Febre Maculosa,350320,Araraquara,SP,2020,0
FMAC,Febre Maculosa,350320,Araraquara,SP,2021,0
FMAC,Febre Maculosa,350320,Araraquara,SP,2022,0
FMAC,Febre Maculosa,350320,Araraquara,SP,2023,0
FMAC,Febre Maculosa,350320,Araraquara,SP,2024,0
FMAC,Febre Maculosa,350320,Araraquara,SP,2025,0
FMAC,Febre Maculosa,350330,Araras,SP,2001,0
FMAC,Febre Maculosa,350330,Araras,SP,2006,0
FMAC,Febre Maculosa,350330,Araras,SP,2007,3
FMAC,Febre Maculosa,350330,Araras,SP,2008,0
FMAC,Febre Maculosa,350330,Araras,SP,2009,4
FMAC,Febre Maculosa,350330,Araras,SP,2010,0
FMAC,Febre Maculosa,350330,Araras,SP,2011,3
FMAC,Febre Maculosa,350330,Araras,SP,2012,0
FMAC,Febre Maculosa,350330,Araras,SP,2013,2
FMAC,Febre Maculosa,350330,Araras,SP,2014,3
FMAC,Febre Maculosa,350330,Araras,SP,2015,2
FMAC,Febre Maculosa,350330,Araras,SP,2016,0
FMAC,Febre Maculosa,350330,Araras,SP,2017,2
FMAC,Febre Maculosa,350330,Araras,SP,2018,2
FMAC,Febre Maculosa,350330,Araras,SP,2019,1
FMAC,Febre Maculosa,350330,Araras,SP,2020,4
FMAC,Febre Maculosa,350330,Araras,SP,2021,2
FMAC,Febre Maculosa,350330,Araras,SP,2022,1
FMAC,Febre Maculosa,350330,Araras,SP,2023,1
FMAC,Febre Maculosa,350330,Araras,SP,2024,1
FMAC,Febre Maculosa,350330,Araras,SP,2025,2
FMAC,Febre Maculosa,350380,Artur Nogueira,SP,2001,0
FMAC,Febre Maculosa,350380,Artur Nogueira,SP,2006,0
FMAC,Febre Maculosa,350380,Artur Nogueira,SP,2007,0
FMAC,Febre Maculosa,350380,Artur Nogueira,SP,2008,0
FMAC,Febre Maculosa,350380,Artur Nogueira,SP,2009,0
FMAC,Febre Maculosa,350380,Artur Nogueira,SP,2010,0
FMAC,Febre Maculosa,350380,Artur Nogueira,SP,2011,1
FMAC,Febre Maculosa,350380,Artur Nogueira,SP,2012,0
FMAC,Febre Maculosa,350380,Artur Nogueira,SP,2013,0
FMAC,Febre Maculosa,350380,Artur Nogueira,SP,2014,0
FMAC,Febre Maculosa,350380,Artur Nogueira,SP,2015,0
FMAC,Febre Maculosa,350380,Artur Nogueira,SP,2016,0
FMAC,Febre Maculosa,350380,Artur Nogueira,SP,2017,0
FMAC,Febre Maculosa,350380,Artur Nogueira,SP,2018,0
FMAC,Febre Maculosa,350380,Artur Nogueira,SP,2019,0
FMAC,Febre Maculosa,350380,Artur Nogueira,SP,2020,0
FMAC,Febre Maculosa,350380,Artur Nogueira,SP,2021,0
FMAC,Febre Maculosa,350380,Artur Nogueira,SP,2022,0
FMAC,Febre Maculosa,350380,Artur Nogueira,SP,2023,0
FMAC,Febre Maculosa,350380,Artur Nogueira,SP,2024,0
FMAC,Febre Maculosa,350380,Artur Nogueira,SP,2025,0
FMAC,Febre Maculosa,350400,Assis,SP,2001,0
FMAC,Febre Maculosa,350400,Assis,SP,2006,0
FMAC,Febre Maculosa,350400,Assis,SP,2007,1
FMAC,Febre Maculosa,350400,Assis,SP,2008,2
FMAC,Febre Maculosa,350400,Assis,SP,2009,1
FMAC,Febre Maculosa,350400,Assis,SP,2010,1
FMAC,Febre Maculosa,350400,Assis,SP,2011,2
FMAC,Febre Maculosa,350400,Assis,SP,2012,5
FMAC,Febre Maculosa,350400,Assis,SP,2013,4
FMAC,Febre Maculosa,350400,Assis,SP,2014,4
FMAC,Febre Maculosa,350400,Assis,SP,2015,2
FMAC,Febre Maculosa,350400,Assis,SP,2016,1
FMAC,Febre Maculosa,350400,Assis,SP,2017,3
FMAC,Febre Maculosa,350400,Assis,SP,2018,1
FMAC,Febre Maculosa,350400,Assis,SP,2019,2
FMAC,Febre Maculosa,350400,Assis,SP,2020,2
FMAC,Febre Maculosa,350400,Assis,SP,2021,0
FMAC,Febre Maculosa,350400,Assis,SP,2022,0
FMAC,Febre Maculosa,350400,Assis,SP,2023,2
FMAC,Febre Maculosa,350400,Assis,SP,2024,3
FMAC,Febre Maculosa,350400,Assis,SP,2025,0
FMAC,Febre Maculosa,350410,Atibaia,SP,2001,0
FMAC,Febre Maculosa,350410,Atibaia,SP,2006,0
FMAC,Febre Maculosa,350410,Atibaia,SP,2007,0
FMAC,Febre Maculosa,350410,Atibaia,SP,2008,0
FMAC,Febre Maculosa,350410,Atibaia,SP,2009,0
FMAC,Febre Maculosa,350410,Atibaia,SP,2010,2
FMAC,Febre Maculosa,350410,Atibaia,SP,2011,0
FMAC,Febre Maculosa,350410,Atibaia,SP,2012,0
FMAC,Febre Maculosa,350410,Atibaia,SP,2013,0
FMAC,Febre Maculosa,350410,Atibaia,SP,2014,0
FMAC,Febre Maculosa,350410,Atibaia,SP,2015,0
FMAC,Febre Maculosa,350410,Atibaia,SP,2016,0
FMAC,Febre Maculosa,350410,Atibaia,SP,2017,0
FMAC,Febre Maculosa,350410,Atibaia,SP,2018,0
FMAC,Febre Maculosa,350410,Atibaia,SP,2019,0
FMAC,Febre Maculosa,350410,Atibaia,SP,2020,0
FMAC,Febre Maculosa,350410,Atibaia,SP,2021,0
FMAC,Febre Maculosa,350410,Atibaia,SP,2022,2
FMAC,Febre Maculosa,350410,Atibaia,SP,2023,2
FMAC,Febre Maculosa,350410,Atibaia,SP,2024,0
FMAC,Febre Maculosa,350410,Atibaia,SP,2025,0
FMAC,Febre Maculosa,350450,Avare,SP,2001,0
FMAC,Febre Maculosa,350450,Avare,SP,2006,0
FMAC,Febre Maculosa,350450,Avare,SP,2007,0
FMAC,Febre Maculosa,350450,Avare,SP,2008,0
FMAC,Febre Maculosa,350450,Avare,SP,2009,0
FMAC,Febre Maculosa,350450,Avare,SP,2010,0
FMAC,Febre Maculosa,350450,Avare,SP,2011,0
FMAC,Febre Maculosa,350450,Avare,SP,2012,0
FMAC,Febre Maculosa,350450,Avare,SP,2013,0
FMAC,Febre Maculosa,350450,Avare,SP,2014,0
FMAC,Febre Maculosa,350450,Avare,SP,2015,1
FMAC,Febre Maculosa,350450,Avare,SP,2016,0
FMAC,Febre Maculosa,350450,Avare,SP,2017,0
FMAC,Febre Maculosa,350450,Avare,SP,2018,0
FMAC,Febre Maculosa,350450,Avare,SP,2019,0
FMAC,Febre Maculosa,350450,Avare,SP,2020,0
FMAC,Febre Maculosa,350450,Avare,SP,2021,0
FMAC,Febre Maculosa,350450,Avare,SP,2022,0
FMAC,Febre Maculosa,350450,Avare,SP,2023,0
FMAC,Febre Maculosa,350450,Avare,SP,2024,0
FMAC,Febre Maculosa,350450,Avare,SP,2025,0
FMAC,Febre Maculosa,350540,Barra do Turvo,SP,2001,0
FMAC,Febre Maculosa,350540,Barra do Turvo,SP,2006,0
FMAC,Febre Maculosa,350540,Barra do Turvo,SP,2007,0
FMAC,Febre Maculosa,350540,Barra do Turvo,SP,2008,0
FMAC,Febre Maculosa,350540,Barra do Turvo,SP,2009,0
FMAC,Febre Maculosa,350540,Barra do Turvo,SP,2010,0
FMAC,Febre Maculosa,350540,Barra do Turvo,SP,2011,0
FMAC,Febre Maculosa,350540,Barra do Turvo,SP,2012,0
FMAC,Febre Maculosa,350540,Barra do Turvo,SP,2013,0
FMAC,Febre Maculosa,350540,Barra do Turvo,SP,2014,0
FMAC,Febre Maculosa,350540,Barra do Turvo,SP,2015,0
FMAC,Febre Maculosa,350540,Barra do Turvo,SP,2016,0
FMAC,Febre Maculosa,350540,Barra do Turvo,SP,2017,0
FMAC,Febre Maculosa,350540,Barra do Turvo,SP,2018,0
FMAC,Febre Maculosa,350540,Barra do Turvo,SP,2019,0
FMAC,Febre Maculosa,350540,Barra do Turvo,SP,2020,0
FMAC,Febre Maculosa,350540,Barra do Turvo,SP,2021,1
FMAC,Febre Maculosa,350540,Barra do Turvo,SP,2022,0
FMAC,Febre Maculosa,350540,Barra do Turvo,SP,2023,0
FMAC,Febre Maculosa,350540,Barra do Turvo,SP,2024,0
FMAC,Febre Maculosa,350540,Barra do Turvo,SP,2025,0
FMAC,Febre Maculosa,350560,Barrinha,SP,2001,0
FMAC,Febre Maculosa,350560,Barrinha,SP,2006,0
FMAC,Febre Maculosa,350560,Barrinha,SP,2007,0
FMAC,Febre Maculosa,350560,Barrinha,SP,2008,0
FMAC,Febre Maculosa,350560,Barrinha,SP,2009,0
FMAC,Febre Maculosa,350560,Barrinha,SP,2010,0
FMAC,Febre Maculosa,350560,Barrinha,SP,2011,0
FMAC,Febre Maculosa,350560,Barrinha,SP,2012,0
FMAC,Febre Maculosa,350560,Barrinha,SP,2013,0
FMAC,Febre Maculosa,350560,Barrinha,SP,2014,0
FMAC,Febre Maculosa,350560,Barrinha,SP,2015,0
FMAC,Febre Maculosa,350560,Barrinha,SP,2016,0
FMAC,Febre Maculosa,350560,Barrinha,SP,2017,1
FMAC,Febre Maculosa,350560,Barrinha,SP,2018,0
FMAC,Febre Maculosa,350560,Barrinha,SP,2019,0
FMAC,Febre Maculosa,350560,Barrinha,SP,2020,0
FMAC,Febre Maculosa,350560,Barrinha,SP,2021,0
FMAC,Febre Maculosa,350560,Barrinha,SP,2022,0
FMAC,Febre Maculosa,350560,Barrinha,SP,2023,0
FMAC,Febre Maculosa,350560,Barrinha,SP,2024,0
FMAC,Febre Maculosa,350560,Barrinha,SP,2025,1
FMAC,Febre Maculosa,350590,Batatais,SP,2001,0
FMAC,Febre Maculosa,350590,Batatais,SP,2006,0
FMAC,Febre Maculosa,350590,Batatais,SP,2007,0
FMAC,Febre Maculosa,350590,Batatais,SP,2008,0
FMAC,Febre Maculosa,350590,Batatais,SP,2009,0
FMAC,Febre Maculosa,350590,Batatais,SP,2010,0
FMAC,Febre Maculosa,350590,Batatais,SP,2011,0
FMAC,Febre Maculosa,350590,Batatais,SP,2012,0
FMAC,Febre Maculosa,350590,Batatais,SP,2013,0
FMAC,Febre Maculosa,350590,Batatais,SP,2014,0
FMAC,Febre Maculosa,350590,Batatais,SP,2015,1
FMAC,Febre Maculosa,350590,Batatais,SP,2016,0
FMAC,Febre Maculosa,350590,Batatais,SP,2017,0
FMAC,Febre Maculosa,350590,Batatais,SP,2018,0
FMAC,Febre Maculosa,350590,Batatais,SP,2019,0
FMAC,Febre Maculosa,350590,Batatais,SP,2020,0
FMAC,Febre Maculosa,350590,Batatais,SP,2021,0
FMAC,Febre Maculosa,350590,Batatais,SP,2022,0
FMAC,Febre Maculosa,350590,Batatais,SP,2023,0
FMAC,Febre Maculosa,350590,Batatais,SP,2024,0
FMAC,Febre Maculosa,350590,Batatais,SP,2025,0
FMAC,Febre Maculosa,350600,Bauru,SP,2001,0
FMAC,Febre Maculosa,350600,Bauru,SP,2006,0
FMAC,Febre Maculosa,350600,Bauru,SP,2007,0
FMAC,Febre Maculosa,350600,Bauru,SP,2008,0
FMAC,Febre Maculosa,350600,Bauru,SP,2009,0
FMAC,Febre Maculosa,350600,Bauru,SP,2010,0
FMAC,Febre Maculosa,350600,Bauru,SP,2011,0
FMAC,Febre Maculosa,350600,Bauru,SP,2012,0
FMAC,Febre Maculosa,350600,Bauru,SP,2013,0
FMAC,Febre Maculosa,350600,Bauru,SP,2014,0
FMAC,Febre Maculosa,350600,Bauru,SP,2015,0
FMAC,Febre Maculosa,350600,Bauru,SP,2016,0
FMAC,Febre Maculosa,350600,Bauru,SP,2017,0
FMAC,Febre Maculosa,350600,Bauru,SP,2018,0
FMAC,Febre Maculosa,350600,Bauru,SP,2019,0
FMAC,Febre Maculosa,350600,Bauru,SP,2020,1
FMAC,Febre Maculosa,350600,Bauru,SP,2021,0
FMAC,Febre Maculosa,350600,Bauru,SP,2022,0
FMAC,Febre Maculosa,350600,Bauru,SP,2023,0
FMAC,Febre Maculosa,350600,Bauru,SP,2024,0
FMAC,Febre Maculosa,350600,Bauru,SP,2025,0
FMAC,Febre Maculosa,350610,Bebedouro,SP,2001,0
FMAC,Febre Maculosa,350610,Bebedouro,SP,2006,0
FMAC,Febre Maculosa,350610,Bebedouro,SP,2007,0
FMAC,Febre Maculosa,350610,Bebedouro,SP,2008,0
FMAC,Febre Maculosa,350610,Bebedouro,SP,2009,0
FMAC,Febre Maculosa,350610,Bebedouro,SP,2010,0
FMAC,Febre Maculosa,350610,Bebedouro,SP,2011,0
FMAC,Febre Maculosa,350610,Bebedouro,SP,2012,0
FMAC,Febre Maculosa,350610,Bebedouro,SP,2013,0
FMAC,Febre Maculosa,350610,Bebedouro,SP,2014,0
FMAC,Febre Maculosa,350610,Bebedouro,SP,2015,1
FMAC,Febre Maculosa,350610,Bebedouro,SP,2016,0
FMAC,Febre Maculosa,350610,Bebedouro,SP,2017,0
FMAC,Febre Maculosa,350610,Bebedouro,SP,2018,0
FMAC,Febre Maculosa,350610,Bebedouro,SP,2019,0
FMAC,Febre Maculosa,350610,Bebedouro,SP,2020,0
FMAC,Febre Maculosa,350610,Bebedouro,SP,2021,0
FMAC,Febre Maculosa,350610,Bebedouro,SP,2022,0
FMAC,Febre Maculosa,350610,Bebedouro,SP,2023,0
FMAC,Febre Maculosa,350610,Bebedouro,SP,2024,0
FMAC,Febre Maculosa,350610,Bebedouro,SP,2025,1
FMAC,Febre Maculosa,350630,Bernardino de Campos,SP,2001,0
FMAC,Febre Maculosa,350630,Bernardino de Campos,SP,2006,0
FMAC,Febre Maculosa,350630,Bernardino de Campos,SP,2007,0
FMAC,Febre Maculosa,350630,Bernardino de Campos,SP,2008,0
FMAC,Febre Maculosa,350630,Bernardino de Campos,SP,2009,0
FMAC,Febre Maculosa,350630,Bernardino de Campos,SP,2010,0
FMAC,Febre Maculosa,350630,Bernardino de Campos,SP,2011,0
FMAC,Febre Maculosa,350630,Bernardino de Campos,SP,2012,0
FMAC,Febre Maculosa,350630,Bernardino de Campos,SP,2013,0
FMAC,Febre Maculosa,350630,Bernardino de Campos,SP,2014,0
FMAC,Febre Maculosa,350630,Bernardino de Campos,SP,2015,0
FMAC,Febre Maculosa,350630,Bernardino de Campos,SP,2016,0
FMAC,Febre Maculosa,350630,Bernardino de Campos,SP,2017,0
FMAC,Febre Maculosa,350630,Bernardino de Campos,SP,2018,0
FMAC,Febre Maculosa,350630,Bernardino de Campos,SP,2019,0
FMAC,Febre Maculosa,350630,Bernardino de Campos,SP,2020,0
FMAC,Febre Maculosa,350630,Bernardino de Campos,SP,2021,0
FMAC,Febre Maculosa,350630,Bernardino de Campos,SP,2022,0
FMAC,Febre Maculosa,350630,Bernardino de Campos,SP,2023,1
FMAC,Febre Maculosa,350630,Bernardino de Campos,SP,2024,0
FMAC,Febre Maculosa,350630,Bernardino de Campos,SP,2025,0
FMAC,Febre Maculosa,350635,Bertioga,SP,2001,0
FMAC,Febre Maculosa,350635,Bertioga,SP,2006,0
FMAC,Febre Maculosa,350635,Bertioga,SP,2007,0
FMAC,Febre Maculosa,350635,Bertioga,SP,2008,0
FMAC,Febre Maculosa,350635,Bertioga,SP,2009,0
FMAC,Febre Maculosa,350635,Bertioga,SP,2010,0
FMAC,Febre Maculosa,350635,Bertioga,SP,2011,0
FMAC,Febre Maculosa,350635,Bertioga,SP,2012,0
FMAC,Febre Maculosa,350635,Bertioga,SP,2013,0
FMAC,Febre Maculosa,350635,Bertioga,SP,2014,0
FMAC,Febre Maculosa,350635,Bertioga,SP,2015,0
FMAC,Febre Maculosa,350635,Bertioga,SP,2016,0
FMAC,Febre Maculosa,350635,Bertioga,SP,2017,0
FMAC,Febre Maculosa,350635,Bertioga,SP,2018,1
FMAC,Febre Maculosa,350635,Bertioga,SP,2019,0
FMAC,Febre Maculosa,350635,Bertioga,SP,2020,0
FMAC,Febre Maculosa,350635,Bertioga,SP,2021,0
FMAC,Febre Maculosa,350635,Bertioga,SP,2022,0
FMAC,Febre Maculosa,350635,Bertioga,SP,2023,0
FMAC,Febre Maculosa,350635,Bertioga,SP,2024,1
FMAC,Febre Maculosa,350635,Bertioga,SP,2025,0
FMAC,Febre Maculosa,350650,Birigui,SP,2001,0
FMAC,Febre Maculosa,350650,Birigui,SP,2006,0
FMAC,Febre Maculosa,350650,Birigui,SP,2007,0
FMAC,Febre Maculosa,350650,Birigui,SP,2008,0
FMAC,Febre Maculosa,350650,Birigui,SP,2009,0
FMAC,Febre Maculosa,350650,Birigui,SP,2010,1
FMAC,Febre Maculosa,350650,Birigui,SP,2011,0
FMAC,Febre Maculosa,350650,Birigui,SP,2012,0
FMAC,Febre Maculosa,350650,Birigui,SP,2013,0
FMAC,Febre Maculosa,350650,Birigui,SP,2014,0
FMAC,Febre Maculosa,350650,Birigui,SP,2015,0
FMAC,Febre Maculosa,350650,Birigui,SP,2016,0
FMAC,Febre Maculosa,350650,Birigui,SP,2017,0
FMAC,Febre Maculosa,350650,Birigui,SP,2018,0
FMAC,Febre Maculosa,350650,Birigui,SP,2019,0
FMAC,Febre Maculosa,350650,Birigui,SP,2020,0
FMAC,Febre Maculosa,350650,Birigui,SP,2021,0
FMAC,Febre Maculosa,350650,Birigui,SP,2022,0
FMAC,Febre Maculosa,350650,Birigui,SP,2023,0
FMAC,Febre Maculosa,350650,Birigui,SP,2024,0
FMAC,Febre Maculosa,350650,Birigui,SP,2025,0
FMAC,Febre Maculosa,350750,Botucatu,SP,2001,0
FMAC,Febre Maculosa,350750,Botucatu,SP,2006,0
FMAC,Febre Maculosa,350750,Botucatu,SP,2007,0
FMAC,Febre Maculosa,350750,Botucatu,SP,2008,1
FMAC,Febre Maculosa,350750,Botucatu,SP,2009,0
FMAC,Febre Maculosa,350750,Botucatu,SP,2010,0
FMAC,Febre Maculosa,350750,Botucatu,SP,2011,2
FMAC,Febre Maculosa,350750,Botucatu,SP,2012,0
FMAC,Febre Maculosa,350750,Botucatu,SP,2013,1
FMAC,Febre Maculosa,350750,Botucatu,SP,2014,0
FMAC,Febre Maculosa,350750,Botucatu,SP,2015,0
FMAC,Febre Maculosa,350750,Botucatu,SP,2016,2
FMAC,Febre Maculosa,350750,Botucatu,SP,2017,0
FMAC,Febre Maculosa,350750,Botucatu,SP,2018,0
FMAC,Febre Maculosa,350750,Botucatu,SP,2019,0
FMAC,Febre Maculosa,350750,Botucatu,SP,2020,2
FMAC,Febre Maculosa,350750,Botucatu,SP,2021,1
FMAC,Febre Maculosa,350750,Botucatu,SP,2022,0
FMAC,Febre Maculosa,350750,Botucatu,SP,2023,0
FMAC,Febre Maculosa,350750,Botucatu,SP,2024,0
FMAC,Febre Maculosa,350750,Botucatu,SP,2025,0
FMAC,Febre Maculosa,350760,Braganca Paulista,SP,2001,0
FMAC,Febre Maculosa,350760,Braganca Paulista,SP,2006,0
FMAC,Febre Maculosa,350760,Braganca Paulista,SP,2007,0
FMAC,Febre Maculosa,350760,Braganca Paulista,SP,2008,0
FMAC,Febre Maculosa,350760,Braganca Paulista,SP,2009,0
FMAC,Febre Maculosa,350760,Braganca Paulista,SP,2010,0
FMAC,Febre Maculosa,350760,Braganca Paulista,SP,2011,0
FMAC,Febre Maculosa,350760,Braganca Paulista,SP,2012,0
FMAC,Febre Maculosa,350760,Braganca Paulista,SP,2013,0
FMAC,Febre Maculosa,350760,Braganca Paulista,SP,2014,0
FMAC,Febre Maculosa,350760,Braganca Paulista,SP,2015,0
FMAC,Febre Maculosa,350760,Braganca Paulista,SP,2016,1
FMAC,Febre Maculosa,350760,Braganca Paulista,SP,2017,2
FMAC,Febre Maculosa,350760,Braganca Paulista,SP,2018,0
FMAC,Febre Maculosa,350760,Braganca Paulista,SP,2019,0
FMAC,Febre Maculosa,350760,Braganca Paulista,SP,2020,1
FMAC,Febre Maculosa,350760,Braganca Paulista,SP,2021,0
FMAC,Febre Maculosa,350760,Braganca Paulista,SP,2022,1
FMAC,Febre Maculosa,350760,Braganca Paulista,SP,2023,0
FMAC,Febre Maculosa,350760,Braganca Paulista,SP,2024,0
FMAC,Febre Maculosa,350760,Braganca Paulista,SP,2025,0
FMAC,Febre Maculosa,350840,Cabreuva,SP,2001,0
FMAC,Febre Maculosa,350840,Cabreuva,SP,2006,0
FMAC,Febre Maculosa,350840,Cabreuva,SP,2007,0
FMAC,Febre Maculosa,350840,Cabreuva,SP,2008,0
FMAC,Febre Maculosa,350840,Cabreuva,SP,2009,0
FMAC,Febre Maculosa,350840,Cabreuva,SP,2010,0
FMAC,Febre Maculosa,350840,Cabreuva,SP,2011,0
FMAC,Febre Maculosa,350840,Cabreuva,SP,2012,0
FMAC,Febre Maculosa,350840,Cabreuva,SP,2013,0
FMAC,Febre Maculosa,350840,Cabreuva,SP,2014,0
FMAC,Febre Maculosa,350840,Cabreuva,SP,2015,0
FMAC,Febre Maculosa,350840,Cabreuva,SP,2016,0
FMAC,Febre Maculosa,350840,Cabreuva,SP,2017,0
FMAC,Febre Maculosa,350840,Cabreuva,SP,2018,0
FMAC,Febre Maculosa,350840,Cabreuva,SP,2019,0
FMAC,Febre Maculosa,350840,Cabreuva,SP,2020,1
FMAC,Febre Maculosa,350840,Cabreuva,SP,2021,0
FMAC,Febre Maculosa,350840,Cabreuva,SP,2022,1
FMAC,Febre Maculosa,350840,Cabreuva,SP,2023,1
FMAC,Febre Maculosa,350840,Cabreuva,SP,2024,0
FMAC,Febre Maculosa,350840,Cabreuva,SP,2025,0
FMAC,Febre Maculosa,350920,Cajamar,SP,2001,0
FMAC,Febre Maculosa,350920,Cajamar,SP,2006,0
FMAC,Febre Maculosa,350920,Cajamar,SP,2007,0
FMAC,Febre Maculosa,350920,Cajamar,SP,2008,0
FMAC,Febre Maculosa,350920,Cajamar,SP,2009,0
FMAC,Febre Maculosa,350920,Cajamar,SP,2010,0
FMAC,Febre Maculosa,350920,Cajamar,SP,2011,0
FMAC,Febre Maculosa,350920,Cajamar,SP,2012,0
FMAC,Febre Maculosa,350920,Cajamar,SP,2013,0
FMAC,Febre Maculosa,350920,Cajamar,SP,2014,0
FMAC,Febre Maculosa,350920,Cajamar,SP,2015,0
FMAC,Febre Maculosa,350920,Cajamar,SP,2016,0
FMAC,Febre Maculosa,350920,Cajamar,SP,2017,0
FMAC,Febre Maculosa,350920,Cajamar,SP,2018,0
FMAC,Febre Maculosa,350920,Cajamar,SP,2019,0
FMAC,Febre Maculosa,350920,Cajamar,SP,2020,1
FMAC,Febre Maculosa,350920,Cajamar,SP,2021,0
FMAC,Febre Maculosa,350920,Cajamar,SP,2022,0
FMAC,Febre Maculosa,350920,Cajamar,SP,2023,0
FMAC,Febre Maculosa,350920,Cajamar,SP,2024,0
FMAC,Febre Maculosa,350920,Cajamar,SP,2025,0
FMAC,Febre Maculosa,350925,Cajati,SP,2001,0
FMAC,Febre Maculosa,350925,Cajati,SP,2006,0
FMAC,Febre Maculosa,350925,Cajati,SP,2007,1
FMAC,Febre Maculosa,350925,Cajati,SP,2008,0
FMAC,Febre Maculosa,350925,Cajati,SP,2009,0
FMAC,Febre Maculosa,350925,Cajati,SP,2010,0
FMAC,Febre Maculosa,350925,Cajati,SP,2011,0
FMAC,Febre Maculosa,350925,Cajati,SP,2012,0
FMAC,Febre Maculosa,350925,Cajati,SP,2013,0
FMAC,Febre Maculosa,350925,Cajati,SP,2014,0
FMAC,Febre Maculosa,350925,Cajati,SP,2015,0
FMAC,Febre Maculosa,350925,Cajati,SP,2016,0
FMAC,Febre Maculosa,350925,Cajati,SP,2017,0
FMAC,Febre Maculosa,350925,Cajati,SP,2018,0
FMAC,Febre Maculosa,350925,Cajati,SP,2019,0
FMAC,Febre Maculosa,350925,Cajati,SP,2020,0
FMAC,Febre Maculosa,350925,Cajati,SP,2021,0
FMAC,Febre Maculosa,350925,Cajati,SP,2022,0
FMAC,Febre Maculosa,350925,Cajati,SP,2023,0
FMAC,Febre Maculosa,350925,Cajati,SP,2024,0
FMAC,Febre Maculosa,350925,Cajati,SP,2025,0
FMAC,Febre Maculosa,350950,Campinas,SP,2001,0
FMAC,Febre Maculosa,350950,Campinas,SP,2006,0
FMAC,Febre Maculosa,350950,Campinas,SP,2007,8
FMAC,Febre Maculosa,350950,Campinas,SP,2008,8
FMAC,Febre Maculosa,350950,Campinas,SP,2009,16
FMAC,Febre Maculosa,350950,Campinas,SP,2010,17
FMAC,Febre Maculosa,350950,Campinas,SP,2011,8
FMAC,Febre Maculosa,350950,Campinas,SP,2012,5
FMAC,Febre Maculosa,350950,Campinas,SP,2013,9
FMAC,Febre Maculosa,350950,Campinas,SP,2014,8
FMAC,Febre Maculosa,350950,Campinas,SP,2015,14
FMAC,Febre Maculosa,350950,Campinas,SP,2016,6
FMAC,Febre Maculosa,350950,Campinas,SP,2017,7
FMAC,Febre Maculosa,350950,Campinas,SP,2018,12
FMAC,Febre Maculosa,350950,Campinas,SP,2019,14
FMAC,Febre Maculosa,350950,Campinas,SP,2020,4
FMAC,Febre Maculosa,350950,Campinas,SP,2021,14
FMAC,Febre Maculosa,350950,Campinas,SP,2022,13
FMAC,Febre Maculosa,350950,Campinas,SP,2023,25
FMAC,Febre Maculosa,350950,Campinas,SP,2024,8
FMAC,Febre Maculosa,350950,Campinas,SP,2025,10
FMAC,Febre Maculosa,350960,Campo Limpo Paulista,SP,2001,0
FMAC,Febre Maculosa,350960,Campo Limpo Paulista,SP,2006,0
FMAC,Febre Maculosa,350960,Campo Limpo Paulista,SP,2007,0
FMAC,Febre Maculosa,350960,Campo Limpo Paulista,SP,2008,0
FMAC,Febre Maculosa,350960,Campo Limpo Paulista,SP,2009,0
FMAC,Febre Maculosa,350960,Campo Limpo Paulista,SP,2010,0
FMAC,Febre Maculosa,350960,Campo Limpo Paulista,SP,2011,0
FMAC,Febre Maculosa,350960,Campo Limpo Paulista,SP,2012,0
FMAC,Febre Maculosa,350960,Campo Limpo Paulista,SP,2013,0
FMAC,Febre Maculosa,350960,Campo Limpo Paulista,SP,2014,0
FMAC,Febre Maculosa,350960,Campo Limpo Paulista,SP,2015,0
FMAC,Febre Maculosa,350960,Campo Limpo Paulista,SP,2016,0
FMAC,Febre Maculosa,350960,Campo Limpo Paulista,SP,2017,0
FMAC,Febre Maculosa,350960,Campo Limpo Paulista,SP,2018,1
FMAC,Febre Maculosa,350960,Campo Limpo Paulista,SP,2019,0
FMAC,Febre Maculosa,350960,Campo Limpo Paulista,SP,2020,0
FMAC,Febre Maculosa,350960,Campo Limpo Paulista,SP,2021,0
FMAC,Febre Maculosa,350960,Campo Limpo Paulista,SP,2022,0
FMAC,Febre Maculosa,350960,Campo Limpo Paulista,SP,2023,0
FMAC,Febre Maculosa,350960,Campo Limpo Paulista,SP,2024,0
FMAC,Febre Maculosa,350960,Campo Limpo Paulista,SP,2025,0
FMAC,Febre Maculosa,351000,Candido Mota,SP,2001,0
FMAC,Febre Maculosa,351000,Candido Mota,SP,2006,0
FMAC,Febre Maculosa,351000,Candido Mota,SP,2007,1
FMAC,Febre Maculosa,351000,Candido Mota,SP,2008,0
FMAC,Febre Maculosa,351000,Candido Mota,SP,2009,0
FMAC,Febre Maculosa,351000,Candido Mota,SP,2010,0
FMAC,Febre Maculosa,351000,Candido Mota,SP,2011,1
FMAC,Febre Maculosa,351000,Candido Mota,SP,2012,0
FMAC,Febre Maculosa,351000,Candido Mota,SP,2013,1
FMAC,Febre Maculosa,351000,Candido Mota,SP,2014,0
FMAC,Febre Maculosa,351000,Candido Mota,SP,2015,0
FMAC,Febre Maculosa,351000,Candido Mota,SP,2016,1
FMAC,Febre Maculosa,351000,Candido Mota,SP,2017,0
FMAC,Febre Maculosa,351000,Candido Mota,SP,2018,0
FMAC,Febre Maculosa,351000,Candido Mota,SP,2019,0
FMAC,Febre Maculosa,351000,Candido Mota,SP,2020,1
FMAC,Febre Maculosa,351000,Candido Mota,SP,2021,1
FMAC,Febre Maculosa,351000,Candido Mota,SP,2022,0
FMAC,Febre Maculosa,351000,Candido Mota,SP,2023,0
FMAC,Febre Maculosa,351000,Candido Mota,SP,2024,0
FMAC,Febre Maculosa,351000,Candido Mota,SP,2025,0
FMAC,Febre Maculosa,351030,Capela do Alto,SP,2001,0
FMAC,Febre Maculosa,351030,Capela do Alto,SP,2006,0
FMAC,Febre Maculosa,351030,Capela do Alto,SP,2007,0
FMAC,Febre Maculosa,351030,Capela do Alto,SP,2008,0
FMAC,Febre Maculosa,351030,Capela do Alto,SP,2009,0
FMAC,Febre Maculosa,351030,Capela do Alto,SP,2010,0
FMAC,Febre Maculosa,351030,Capela do Alto,SP,2011,0
FMAC,Febre Maculosa,351030,Capela do Alto,SP,2012,0
FMAC,Febre Maculosa,351030,Capela do Alto,SP,2013,0
FMAC,Febre Maculosa,351030,Capela do Alto,SP,2014,0
FMAC,Febre Maculosa,351030,Capela do Alto,SP,2015,0
FMAC,Febre Maculosa,351030,Capela do Alto,SP,2016,0
FMAC,Febre Maculosa,351030,Capela do Alto,SP,2017,0
FMAC,Febre Maculosa,351030,Capela do Alto,SP,2018,0
FMAC,Febre Maculosa,351030,Capela do Alto,SP,2019,0
FMAC,Febre Maculosa,351030,Capela do Alto,SP,2020,0
FMAC,Febre Maculosa,351030,Capela do Alto,SP,2021,1
FMAC,Febre Maculosa,351030,Capela do Alto,SP,2022,0
FMAC,Febre Maculosa,351030,Capela do Alto,SP,2023,0
FMAC,Febre Maculosa,351030,Capela do Alto,SP,2024,0
FMAC,Febre Maculosa,351030,Capela do Alto,SP,2025,0
FMAC,Febre Maculosa,351040,Capivari,SP,2001,0
FMAC,Febre Maculosa,351040,Capivari,SP,2006,0
FMAC,Febre Maculosa,351040,Capivari,SP,2007,0
FMAC,Febre Maculosa,351040,Capivari,SP,2008,0
FMAC,Febre Maculosa,351040,Capivari,SP,2009,0
FMAC,Febre Maculosa,351040,Capivari,SP,2010,0
FMAC,Febre Maculosa,351040,Capivari,SP,2011,0
FMAC,Febre Maculosa,351040,Capivari,SP,2012,0
FMAC,Febre Maculosa,351040,Capivari,SP,2013,0
FMAC,Febre Maculosa,351040,Capivari,SP,2014,0
FMAC,Febre Maculosa,351040,Capivari,SP,2015,1
FMAC,Febre Maculosa,351040,Capivari,SP,2016,1
FMAC,Febre Maculosa,351040,Capivari,SP,2017,0
FMAC,Febre Maculosa,351040,Capivari,SP,2018,0
FMAC,Febre Maculosa,351040,Capivari,SP,2019,0
FMAC,Febre Maculosa,351040,Capivari,SP,2020,0
FMAC,Febre Maculosa,351040,Capivari,SP,2021,0
FMAC,Febre Maculosa,351040,Capivari,SP,2022,0
FMAC,Febre Maculosa,351040,Capivari,SP,2023,0
FMAC,Febre Maculosa,351040,Capivari,SP,2024,0
FMAC,Febre Maculosa,351040,Capivari,SP,2025,0
FMAC,Febre Maculosa,351050,Caraguatatuba,SP,2001,0
FMAC,Febre Maculosa,351050,Caraguatatuba,SP,2006,0
FMAC,Febre Maculosa,351050,Caraguatatuba,SP,2007,0
FMAC,Febre Maculosa,351050,Caraguatatuba,SP,2008,1
FMAC,Febre Maculosa,351050,Caraguatatuba,SP,2009,1
FMAC,Febre Maculosa,351050,Caraguatatuba,SP,2010,0
FMAC,Febre Maculosa,351050,Caraguatatuba,SP,2011,4
FMAC,Febre Maculosa,351050,Caraguatatuba,SP,2012,0
FMAC,Febre Maculosa,351050,Caraguatatuba,SP,2013,0
FMAC,Febre Maculosa,351050,Caraguatatuba,SP,2014,0
FMAC,Febre Maculosa,351050,Caraguatatuba,SP,2015,2
FMAC,Febre Maculosa,351050,Caraguatatuba,SP,2016,1
FMAC,Febre Maculosa,351050,Caraguatatuba,SP,2017,0
FMAC,Febre Maculosa,351050,Caraguatatuba,SP,2018,1
FMAC,Febre Maculosa,351050,Caraguatatuba,SP,2019,0
FMAC,Febre Maculosa,351050,Caraguatatuba,SP,2020,0
FMAC,Febre Maculosa,351050,Caraguatatuba,SP,2021,0
FMAC,Febre Maculosa,351050,Caraguatatuba,SP,2022,0
FMAC,Febre Maculosa,351050,Caraguatatuba,SP,2023,0
FMAC,Febre Maculosa,351050,Caraguatatuba,SP,2024,0
FMAC,Febre Maculosa,351050,Caraguatatuba,SP,2025,4
FMAC,Febre Maculosa,351150,Cerquilho,SP,2001,0
FMAC,Febre Maculosa,351150,Cerquilho,SP,2006,0
FMAC,Febre Maculosa,351150,Cerquilho,SP,2007,0
FMAC,Febre Maculosa,351150,Cerquilho,SP,2008,0
FMAC,Febre Maculosa,351150,Cerquilho,SP,2009,0
FMAC,Febre Maculosa,351150,Cerquilho,SP,2010,0
FMAC,Febre Maculosa,351150,Cerquilho,SP,2011,0
FMAC,Febre Maculosa,351150,Cerquilho,SP,2012,0
FMAC,Febre Maculosa,351150,Cerquilho,SP,2013,0
FMAC,Febre Maculosa,351150,Cerquilho,SP,2014,0
FMAC,Febre Maculosa,351150,Cerquilho,SP,2015,0
FMAC,Febre Maculosa,351150,Cerquilho,SP,2016,0
FMAC,Febre Maculosa,351150,Cerquilho,SP,2017,0
FMAC,Febre Maculosa,351150,Cerquilho,SP,2018,2
FMAC,Febre Maculosa,351150,Cerquilho,SP,2019,0
FMAC,Febre Maculosa,351150,Cerquilho,SP,2020,0
FMAC,Febre Maculosa,351150,Cerquilho,SP,2021,0
FMAC,Febre Maculosa,351150,Cerquilho,SP,2022,0
FMAC,Febre Maculosa,351150,Cerquilho,SP,2023,0
FMAC,Febre Maculosa,351150,Cerquilho,SP,2024,1
FMAC,Febre Maculosa,351150,Cerquilho,SP,2025,0
FMAC,Febre Maculosa,351170,Charqueada,SP,2001,0
FMAC,Febre Maculosa,351170,Charqueada,SP,2006,0
FMAC,Febre Maculosa,351170,Charqueada,SP,2007,0
FMAC,Febre Maculosa,351170,Charqueada,SP,2008,0
FMAC,Febre Maculosa,351170,Charqueada,SP,2009,0
FMAC,Febre Maculosa,351170,Charqueada,SP,2010,0
FMAC,Febre Maculosa,351170,Charqueada,SP,2011,0
FMAC,Febre Maculosa,351170,Charqueada,SP,2012,0
FMAC,Febre Maculosa,351170,Charqueada,SP,2013,0
FMAC,Febre Maculosa,351170,Charqueada,SP,2014,0
FMAC,Febre Maculosa,351170,Charqueada,SP,2015,0
FMAC,Febre Maculosa,351170,Charqueada,SP,2016,0
FMAC,Febre Maculosa,351170,Charqueada,SP,2017,0
FMAC,Febre Maculosa,351170,Charqueada,SP,2018,0
FMAC,Febre Maculosa,351170,Charqueada,SP,2019,0
FMAC,Febre Maculosa,351170,Charqueada,SP,2020,0
FMAC,Febre Maculosa,351170,Charqueada,SP,2021,0
FMAC,Febre Maculosa,351170,Charqueada,SP,2022,0
FMAC,Febre Maculosa,351170,Charqueada,SP,2023,1
FMAC,Febre Maculosa,351170,Charqueada,SP,2024,2
FMAC,Febre Maculosa,351170,Charqueada,SP,2025,0
FMAC,Febre Maculosa,351220,Conchal,SP,2001,0
FMAC,Febre Maculosa,351220,Conchal,SP,2006,0
FMAC,Febre Maculosa,351220,Conchal,SP,2007,0
FMAC,Febre Maculosa,351220,Conchal,SP,2008,0
FMAC,Febre Maculosa,351220,Conchal,SP,2009,1
FMAC,Febre Maculosa,351220,Conchal,SP,2010,0
FMAC,Febre Maculosa,351220,Conchal,SP,2011,0
FMAC,Febre Maculosa,351220,Conchal,SP,2012,0
FMAC,Febre Maculosa,351220,Conchal,SP,2013,0
FMAC,Febre Maculosa,351220,Conchal,SP,2014,1
FMAC,Febre Maculosa,351220,Conchal,SP,2015,0
FMAC,Febre Maculosa,351220,Conchal,SP,2016,0
FMAC,Febre Maculosa,351220,Conchal,SP,2017,0
FMAC,Febre Maculosa,351220,Conchal,SP,2018,0
FMAC,Febre Maculosa,351220,Conchal,SP,2019,0
FMAC,Febre Maculosa,351220,Conchal,SP,2020,0
FMAC,Febre Maculosa,351220,Conchal,SP,2021,0
FMAC,Febre Maculosa,351220,Conchal,SP,2022,0
FMAC,Febre Maculosa,351220,Conchal,SP,2023,0
FMAC,Febre Maculosa,351220,Conchal,SP,2024,0
FMAC,Febre Maculosa,351220,Conchal,SP,2025,0
FMAC,Febre Maculosa,351240,Cordeiropolis,SP,2001,0
FMAC,Febre Maculosa,351240,Cordeiropolis,SP,2006,0
FMAC,Febre Maculosa,351240,Cordeiropolis,SP,2007,0
FMAC,Febre Maculosa,351240,Cordeiropolis,SP,2008,0
FMAC,Febre Maculosa,351240,Cordeiropolis,SP,2009,0
FMAC,Febre Maculosa,351240,Cordeiropolis,SP,2010,0
FMAC,Febre Maculosa,351240,Cordeiropolis,SP,2011,0
FMAC,Febre Maculosa,351240,Cordeiropolis,SP,2012,0
FMAC,Febre Maculosa,351240,Cordeiropolis,SP,2013,0
FMAC,Febre Maculosa,351240,Cordeiropolis,SP,2014,0
FMAC,Febre Maculosa,351240,Cordeiropolis,SP,2015,0
FMAC,Febre Maculosa,351240,Cordeiropolis,SP,2016,0
FMAC,Febre Maculosa,351240,Cordeiropolis,SP,2017,0
FMAC,Febre Maculosa,351240,Cordeiropolis,SP,2018,0
FMAC,Febre Maculosa,351240,Cordeiropolis,SP,2019,0
FMAC,Febre Maculosa,351240,Cordeiropolis,SP,2020,0
FMAC,Febre Maculosa,351240,Cordeiropolis,SP,2021,0
FMAC,Febre Maculosa,351240,Cordeiropolis,SP,2022,0
FMAC,Febre Maculosa,351240,Cordeiropolis,SP,2023,0
FMAC,Febre Maculosa,351240,Cordeiropolis,SP,2024,2
FMAC,Febre Maculosa,351240,Cordeiropolis,SP,2025,0
FMAC,Febre Maculosa,351280,Cosmopolis,SP,2001,0
FMAC,Febre Maculosa,351280,Cosmopolis,SP,2006,0
FMAC,Febre Maculosa,351280,Cosmopolis,SP,2007,0
FMAC,Febre Maculosa,351280,Cosmopolis,SP,2008,1
FMAC,Febre Maculosa,351280,Cosmopolis,SP,2009,0
FMAC,Febre Maculosa,351280,Cosmopolis,SP,2010,0
FMAC,Febre Maculosa,351280,Cosmopolis,SP,2011,0
FMAC,Febre Maculosa,351280,Cosmopolis,SP,2012,3
FMAC,Febre Maculosa,351280,Cosmopolis,SP,2013,2
FMAC,Febre Maculosa,351280,Cosmopolis,SP,2014,1
FMAC,Febre Maculosa,351280,Cosmopolis,SP,2015,1
FMAC,Febre Maculosa,351280,Cosmopolis,SP,2016,4
FMAC,Febre Maculosa,351280,Cosmopolis,SP,2017,1
FMAC,Febre Maculosa,351280,Cosmopolis,SP,2018,1
FMAC,Febre Maculosa,351280,Cosmopolis,SP,2019,0
FMAC,Febre Maculosa,351280,Cosmopolis,SP,2020,0
FMAC,Febre Maculosa,351280,Cosmopolis,SP,2021,0
FMAC,Febre Maculosa,351280,Cosmopolis,SP,2022,1
FMAC,Febre Maculosa,351280,Cosmopolis,SP,2023,0
FMAC,Febre Maculosa,351280,Cosmopolis,SP,2024,0
FMAC,Febre Maculosa,351280,Cosmopolis,SP,2025,0
FMAC,Febre Maculosa,351300,Cotia,SP,2001,0
FMAC,Febre Maculosa,351300,Cotia,SP,2006,0
FMAC,Febre Maculosa,351300,Cotia,SP,2007,0
FMAC,Febre Maculosa,351300,Cotia,SP,2008,0
FMAC,Febre Maculosa,351300,Cotia,SP,2009,0
FMAC,Febre Maculosa,351300,Cotia,SP,2010,1
FMAC,Febre Maculosa,351300,Cotia,SP,2011,0
FMAC,Febre Maculosa,351300,Cotia,SP,2012,2
FMAC,Febre Maculosa,351300,Cotia,SP,2013,0
FMAC,Febre Maculosa,351300,Cotia,SP,2014,0
FMAC,Febre Maculosa,351300,Cotia,SP,2015,0
FMAC,Febre Maculosa,351300,Cotia,SP,2016,0
FMAC,Febre Maculosa,351300,Cotia,SP,2017,0
FMAC,Febre Maculosa,351300,Cotia,SP,2018,0
FMAC,Febre Maculosa,351300,Cotia,SP,2019,0
FMAC,Febre Maculosa,351300,Cotia,SP,2020,0
FMAC,Febre Maculosa,351300,Cotia,SP,2021,0
FMAC,Febre Maculosa,351300,Cotia,SP,2022,0
FMAC,Febre Maculosa,351300,Cotia,SP,2023,0
FMAC,Febre Maculosa,351300,Cotia,SP,2024,0
FMAC,Febre Maculosa,351300,Cotia,SP,2025,0
FMAC,Febre Maculosa,351340,Cruzeiro,SP,2001,0
FMAC,Febre Maculosa,351340,Cruzeiro,SP,2006,0
FMAC,Febre Maculosa,351340,Cruzeiro,SP,2007,0
FMAC,Febre Maculosa,351340,Cruzeiro,SP,2008,0
FMAC,Febre Maculosa,351340,Cruzeiro,SP,2009,0
FMAC,Febre Maculosa,351340,Cruzeiro,SP,2010,1
FMAC,Febre Maculosa,351340,Cruzeiro,SP,2011,0
FMAC,Febre Maculosa,351340,Cruzeiro,SP,2012,1
FMAC,Febre Maculosa,351340,Cruzeiro,SP,2013,0
FMAC,Febre Maculosa,351340,Cruzeiro,SP,2014,0
FMAC,Febre Maculosa,351340,Cruzeiro,SP,2015,0
FMAC,Febre Maculosa,351340,Cruzeiro,SP,2016,0
FMAC,Febre Maculosa,351340,Cruzeiro,SP,2017,0
FMAC,Febre Maculosa,351340,Cruzeiro,SP,2018,0
FMAC,Febre Maculosa,351340,Cruzeiro,SP,2019,0
FMAC,Febre Maculosa,351340,Cruzeiro,SP,2020,0
FMAC,Febre Maculosa,351340,Cruzeiro,SP,2021,0
FMAC,Febre Maculosa,351340,Cruzeiro,SP,2022,0
FMAC,Febre Maculosa,351340,Cruzeiro,SP,2023,1
FMAC,Febre Maculosa,351340,Cruzeiro,SP,2024,0
FMAC,Febre Maculosa,351340,Cruzeiro,SP,2025,0
FMAC,Febre Maculosa,351380,Diadema,SP,2001,0
FMAC,Febre Maculosa,351380,Diadema,SP,2006,0
FMAC,Febre Maculosa,351380,Diadema,SP,2007,1
FMAC,Febre Maculosa,351380,Diadema,SP,2008,3
FMAC,Febre Maculosa,351380,Diadema,SP,2009,0
FMAC,Febre Maculosa,351380,Diadema,SP,2010,1
FMAC,Febre Maculosa,351380,Diadema,SP,2011,1
FMAC,Febre Maculosa,351380,Diadema,SP,2012,1
FMAC,Febre Maculosa,351380,Diadema,SP,2013,1
FMAC,Febre Maculosa,351380,Diadema,SP,2014,1
FMAC,Febre Maculosa,351380,Diadema,SP,2015,0
FMAC,Febre Maculosa,351380,Diadema,SP,2016,0
FMAC,Febre Maculosa,351380,Diadema,SP,2017,1
FMAC,Febre Maculosa,351380,Diadema,SP,2018,1
FMAC,Febre Maculosa,351380,Diadema,SP,2019,0
FMAC,Febre Maculosa,351380,Diadema,SP,2020,0
FMAC,Febre Maculosa,351380,Diadema,SP,2021,1
FMAC,Febre Maculosa,351380,Diadema,SP,2022,0
FMAC,Febre Maculosa,351380,Diadema,SP,2023,0
FMAC,Febre Maculosa,351380,Diadema,SP,2024,0
FMAC,Febre Maculosa,351380,Diadema,SP,2025,0
FMAC,Febre Maculosa,351480,Eldorado,SP,2001,0
FMAC,Febre Maculosa,351480,Eldorado,SP,2006,0
FMAC,Febre Maculosa,351480,Eldorado,SP,2007,0
FMAC,Febre Maculosa,351480,Eldorado,SP,2008,0
FMAC,Febre Maculosa,351480,Eldorado,SP,2009,0
FMAC,Febre Maculosa,351480,Eldorado,SP,2010,0
FMAC,Febre Maculosa,351480,Eldorado,SP,2011,0
FMAC,Febre Maculosa,351480,Eldorado,SP,2012,0
FMAC,Febre Maculosa,351480,Eldorado,SP,2013,0
FMAC,Febre Maculosa,351480,Eldorado,SP,2014,0
FMAC,Febre Maculosa,351480,Eldorado,SP,2015,0
FMAC,Febre Maculosa,351480,Eldorado,SP,2016,0
FMAC,Febre Maculosa,351480,Eldorado,SP,2017,0
FMAC,Febre Maculosa,351480,Eldorado,SP,2018,1
FMAC,Febre Maculosa,351480,Eldorado,SP,2019,0
FMAC,Febre Maculosa,351480,Eldorado,SP,2020,1
FMAC,Febre Maculosa,351480,Eldorado,SP,2021,0
FMAC,Febre Maculosa,351480,Eldorado,SP,2022,0
FMAC,Febre Maculosa,351480,Eldorado,SP,2023,0
FMAC,Febre Maculosa,351480,Eldorado,SP,2024,0
FMAC,Febre Maculosa,351480,Eldorado,SP,2025,0
FMAC,Febre Maculosa,351518,Espirito Santo do Pinhal,SP,2001,0
FMAC,Febre Maculosa,351518,Espirito Santo do Pinhal,SP,2006,0
FMAC,Febre Maculosa,351518,Espirito Santo do Pinhal,SP,2007,0
FMAC,Febre Maculosa,351518,Espirito Santo do Pinhal,SP,2008,0
FMAC,Febre Maculosa,351518,Espirito Santo do Pinhal,SP,2009,0
FMAC,Febre Maculosa,351518,Espirito Santo do Pinhal,SP,2010,0
FMAC,Febre Maculosa,351518,Espirito Santo do Pinhal,SP,2011,0
FMAC,Febre Maculosa,351518,Espirito Santo do Pinhal,SP,2012,0
FMAC,Febre Maculosa,351518,Espirito Santo do Pinhal,SP,2013,1
FMAC,Febre Maculosa,351518,Espirito Santo do Pinhal,SP,2014,0
FMAC,Febre Maculosa,351518,Espirito Santo do Pinhal,SP,2015,1
FMAC,Febre Maculosa,351518,Espirito Santo do Pinhal,SP,2016,0
FMAC,Febre Maculosa,351518,Espirito Santo do Pinhal,SP,2017,0
FMAC,Febre Maculosa,351518,Espirito Santo do Pinhal,SP,2018,0
FMAC,Febre Maculosa,351518,Espirito Santo do Pinhal,SP,2019,0
FMAC,Febre Maculosa,351518,Espirito Santo do Pinhal,SP,2020,0
FMAC,Febre Maculosa,351518,Espirito Santo do Pinhal,SP,2021,0
FMAC,Febre Maculosa,351518,Espirito Santo do Pinhal,SP,2022,1
FMAC,Febre Maculosa,351518,Espirito Santo do Pinhal,SP,2023,0
FMAC,Febre Maculosa,351518,Espirito Santo do Pinhal,SP,2024,0
FMAC,Febre Maculosa,351518,Espirito Santo do Pinhal,SP,2025,0
FMAC,Febre Maculosa,351540,Fartura,SP,2001,0
FMAC,Febre Maculosa,351540,Fartura,SP,2006,0
FMAC,Febre Maculosa,351540,Fartura,SP,2007,0
FMAC,Febre Maculosa,351540,Fartura,SP,2008,0
FMAC,Febre Maculosa,351540,Fartura,SP,2009,0
FMAC,Febre Maculosa,351540,Fartura,SP,2010,0
FMAC,Febre Maculosa,351540,Fartura,SP,2011,0
FMAC,Febre Maculosa,351540,Fartura,SP,2012,0
FMAC,Febre Maculosa,351540,Fartura,SP,2013,0
FMAC,Febre Maculosa,351540,Fartura,SP,2014,0
FMAC,Febre Maculosa,351540,Fartura,SP,2015,0
FMAC,Febre Maculosa,351540,Fartura,SP,2016,0
FMAC,Febre Maculosa,351540,Fartura,SP,2017,0
FMAC,Febre Maculosa,351540,Fartura,SP,2018,0
FMAC,Febre Maculosa,351540,Fartura,SP,2019,0
FMAC,Febre Maculosa,351540,Fartura,SP,2020,0
FMAC,Febre Maculosa,351540,Fartura,SP,2021,0
FMAC,Febre Maculosa,351540,Fartura,SP,2022,0
FMAC,Febre Maculosa,351540,Fartura,SP,2023,0
FMAC,Febre Maculosa,351540,Fartura,SP,2024,0
FMAC,Febre Maculosa,351540,Fartura,SP,2025,1
FMAC,Febre Maculosa,351550,Fernandopolis,SP,2001,0
FMAC,Febre Maculosa,351550,Fernandopolis,SP,2006,0
FMAC,Febre Maculosa,351550,Fernandopolis,SP,2007,0
FMAC,Febre Maculosa,351550,Fernandopolis,SP,2008,0
FMAC,Febre Maculosa,351550,Fernandopolis,SP,2009,0
FMAC,Febre Maculosa,351550,Fernandopolis,SP,2010,0
FMAC,Febre Maculosa,351550,Fernandopolis,SP,2011,0
FMAC,Febre Maculosa,351550,Fernandopolis,SP,2012,0
FMAC,Febre Maculosa,351550,Fernandopolis,SP,2013,0
FMAC,Febre Maculosa,351550,Fernandopolis,SP,2014,1
FMAC,Febre Maculosa,351550,Fernandopolis,SP,2015,0
FMAC,Febre Maculosa,351550,Fernandopolis,SP,2016,0
FMAC,Febre Maculosa,351550,Fernandopolis,SP,2017,0
FMAC,Febre Maculosa,351550,Fernandopolis,SP,2018,0
FMAC,Febre Maculosa,351550,Fernandopolis,SP,2019,0
FMAC,Febre Maculosa,351550,Fernandopolis,SP,2020,0
FMAC,Febre Maculosa,351550,Fernandopolis,SP,2021,0
FMAC,Febre Maculosa,351550,Fernandopolis,SP,2022,0
FMAC,Febre Maculosa,351550,Fernandopolis,SP,2023,0
FMAC,Febre Maculosa,351550,Fernandopolis,SP,2024,0
FMAC,Febre Maculosa,351550,Fernandopolis,SP,2025,0
FMAC,Febre Maculosa,351610,Florinea,SP,2001,0
FMAC,Febre Maculosa,351610,Florinea,SP,2006,0
FMAC,Febre Maculosa,351610,Florinea,SP,2007,0
FMAC,Febre Maculosa,351610,Florinea,SP,2008,0
FMAC,Febre Maculosa,351610,Florinea,SP,2009,0
FMAC,Febre Maculosa,351610,Florinea,SP,2010,0
FMAC,Febre Maculosa,351610,Florinea,SP,2011,0
FMAC,Febre Maculosa,351610,Florinea,SP,2012,0
FMAC,Febre Maculosa,351610,Florinea,SP,2013,0
FMAC,Febre Maculosa,351610,Florinea,SP,2014,0
FMAC,Febre Maculosa,351610,Florinea,SP,2015,0
FMAC,Febre Maculosa,351610,Florinea,SP,2016,0
FMAC,Febre Maculosa,351610,Florinea,SP,2017,2
FMAC,Febre Maculosa,351610,Florinea,SP,2018,0
FMAC,Febre Maculosa,351610,Florinea,SP,2019,1
FMAC,Febre Maculosa,351610,Florinea,SP,2020,0
FMAC,Febre Maculosa,351610,Florinea,SP,2021,0
FMAC,Febre Maculosa,351610,Florinea,SP,2022,0
FMAC,Febre Maculosa,351610,Florinea,SP,2023,0
FMAC,Febre Maculosa,351610,Florinea,SP,2024,0
FMAC,Febre Maculosa,351610,Florinea,SP,2025,0
FMAC,Febre Maculosa,351640,Franco da Rocha,SP,2001,0
FMAC,Febre Maculosa,351640,Franco da Rocha,SP,2006,0
FMAC,Febre Maculosa,351640,Franco da Rocha,SP,2007,0
FMAC,Febre Maculosa,351640,Franco da Rocha,SP,2008,0
FMAC,Febre Maculosa,351640,Franco da Rocha,SP,2009,0
FMAC,Febre Maculosa,351640,Franco da Rocha,SP,2010,0
FMAC,Febre Maculosa,351640,Franco da Rocha,SP,2011,1
FMAC,Febre Maculosa,351640,Franco da Rocha,SP,2012,0
FMAC,Febre Maculosa,351640,Franco da Rocha,SP,2013,0
FMAC,Febre Maculosa,351640,Franco da Rocha,SP,2014,0
FMAC,Febre Maculosa,351640,Franco da Rocha,SP,2015,0
FMAC,Febre Maculosa,351640,Franco da Rocha,SP,2016,0
FMAC,Febre Maculosa,351640,Franco da Rocha,SP,2017,0
FMAC,Febre Maculosa,351640,Franco da Rocha,SP,2018,0
FMAC,Febre Maculosa,351640,Franco da Rocha,SP,2019,0
FMAC,Febre Maculosa,351640,Franco da Rocha,SP,2020,0
FMAC,Febre Maculosa,351640,Franco da Rocha,SP,2021,0
FMAC,Febre Maculosa,351640,Franco da Rocha,SP,2022,0
FMAC,Febre Maculosa,351640,Franco da Rocha,SP,2023,0
FMAC,Febre Maculosa,351640,Franco da Rocha,SP,2024,0
FMAC,Febre Maculosa,351640,Franco da Rocha,SP,2025,0
FMAC,Febre Maculosa,351740,Guaira,SP,2001,0
FMAC,Febre Maculosa,351740,Guaira,SP,2006,0
FMAC,Febre Maculosa,351740,Guaira,SP,2007,0
FMAC,Febre Maculosa,351740,Guaira,SP,2008,0
FMAC,Febre Maculosa,351740,Guaira,SP,2009,1
FMAC,Febre Maculosa,351740,Guaira,SP,2010,0
FMAC,Febre Maculosa,351740,Guaira,SP,2011,0
FMAC,Febre Maculosa,351740,Guaira,SP,2012,0
FMAC,Febre Maculosa,351740,Guaira,SP,2013,0
FMAC,Febre Maculosa,351740,Guaira,SP,2014,0
FMAC,Febre Maculosa,351740,Guaira,SP,2015,0
FMAC,Febre Maculosa,351740,Guaira,SP,2016,0
FMAC,Febre Maculosa,351740,Guaira,SP,2017,0
FMAC,Febre Maculosa,351740,Guaira,SP,2018,0
FMAC,Febre Maculosa,351740,Guaira,SP,2019,0
FMAC,Febre Maculosa,351740,Guaira,SP,2020,0
FMAC,Febre Maculosa,351740,Guaira,SP,2021,0
FMAC,Febre Maculosa,351740,Guaira,SP,2022,0
FMAC,Febre Maculosa,351740,Guaira,SP,2023,0
FMAC,Febre Maculosa,351740,Guaira,SP,2024,0
FMAC,Febre Maculosa,351740,Guaira,SP,2025,0
FMAC,Febre Maculosa,351830,Guararema,SP,2001,0
FMAC,Febre Maculosa,351830,Guararema,SP,2006,0
FMAC,Febre Maculosa,351830,Guararema,SP,2007,0
FMAC,Febre Maculosa,351830,Guararema,SP,2008,0
FMAC,Febre Maculosa,351830,Guararema,SP,2009,0
FMAC,Febre Maculosa,351830,Guararema,SP,2010,0
FMAC,Febre Maculosa,351830,Guararema,SP,2011,0
FMAC,Febre Maculosa,351830,Guararema,SP,2012,0
FMAC,Febre Maculosa,351830,Guararema,SP,2013,0
FMAC,Febre Maculosa,351830,Guararema,SP,2014,0
FMAC,Febre Maculosa,351830,Guararema,SP,2015,0
FMAC,Febre Maculosa,351830,Guararema,SP,2016,0
FMAC,Febre Maculosa,351830,Guararema,SP,2017,0
FMAC,Febre Maculosa,351830,Guararema,SP,2018,1
FMAC,Febre Maculosa,351830,Guararema,SP,2019,0
FMAC,Febre Maculosa,351830,Guararema,SP,2020,0
FMAC,Febre Maculosa,351830,Guararema,SP,2021,3
FMAC,Febre Maculosa,351830,Guararema,SP,2022,1
FMAC,Febre Maculosa,351830,Guararema,SP,2023,2
FMAC,Febre Maculosa,351830,Guararema,SP,2024,1
FMAC,Febre Maculosa,351830,Guararema,SP,2025,0
FMAC,Febre Maculosa,351870,Guaruja,SP,2001,0
FMAC,Febre Maculosa,351870,Guaruja,SP,2006,0
FMAC,Febre Maculosa,351870,Guaruja,SP,2007,0
FMAC,Febre Maculosa,351870,Guaruja,SP,2008,0
FMAC,Febre Maculosa,351870,Guaruja,SP,2009,0
FMAC,Febre Maculosa,351870,Guaruja,SP,2010,0
FMAC,Febre Maculosa,351870,Guaruja,SP,2011,0
FMAC,Febre Maculosa,351870,Guaruja,SP,2012,0
FMAC,Febre Maculosa,351870,Guaruja,SP,2013,0
FMAC,Febre Maculosa,351870,Guaruja,SP,2014,0
FMAC,Febre Maculosa,351870,Guaruja,SP,2015,0
FMAC,Febre Maculosa,351870,Guaruja,SP,2016,0
FMAC,Febre Maculosa,351870,Guaruja,SP,2017,0
FMAC,Febre Maculosa,351870,Guaruja,SP,2018,0
FMAC,Febre Maculosa,351870,Guaruja,SP,2019,0
FMAC,Febre Maculosa,351870,Guaruja,SP,2020,0
FMAC,Febre Maculosa,351870,Guaruja,SP,2021,0
FMAC,Febre Maculosa,351870,Guaruja,SP,2022,0
FMAC,Febre Maculosa,351870,Guaruja,SP,2023,2
FMAC,Febre Maculosa,351870,Guaruja,SP,2024,1
FMAC,Febre Maculosa,351870,Guaruja,SP,2025,0
FMAC,Febre Maculosa,351880,Guarulhos,SP,2001,0
FMAC,Febre Maculosa,351880,Guarulhos,SP,2006,0
FMAC,Febre Maculosa,351880,Guarulhos,SP,2007,0
FMAC,Febre Maculosa,351880,Guarulhos,SP,2008,0
FMAC,Febre Maculosa,351880,Guarulhos,SP,2009,0
FMAC,Febre Maculosa,351880,Guarulhos,SP,2010,0
FMAC,Febre Maculosa,351880,Guarulhos,SP,2011,1
FMAC,Febre Maculosa,351880,Guarulhos,SP,2012,0
FMAC,Febre Maculosa,351880,Guarulhos,SP,2013,0
FMAC,Febre Maculosa,351880,Guarulhos,SP,2014,0
FMAC,Febre Maculosa,351880,Guarulhos,SP,2015,0
FMAC,Febre Maculosa,351880,Guarulhos,SP,2016,0
FMAC,Febre Maculosa,351880,Guarulhos,SP,2017,0
FMAC,Febre Maculosa,351880,Guarulhos,SP,2018,0
FMAC,Febre Maculosa,351880,Guarulhos,SP,2019,0
FMAC,Febre Maculosa,351880,Guarulhos,SP,2020,0
FMAC,Febre Maculosa,351880,Guarulhos,SP,2021,0
FMAC,Febre Maculosa,351880,Guarulhos,SP,2022,0
FMAC,Febre Maculosa,351880,Guarulhos,SP,2023,0
FMAC,Febre Maculosa,351880,Guarulhos,SP,2024,0
FMAC,Febre Maculosa,351880,Guarulhos,SP,2025,0
FMAC,Febre Maculosa,351907,Hortolandia,SP,2001,0
FMAC,Febre Maculosa,351907,Hortolandia,SP,2006,0
FMAC,Febre Maculosa,351907,Hortolandia,SP,2007,0
FMAC,Febre Maculosa,351907,Hortolandia,SP,2008,0
FMAC,Febre Maculosa,351907,Hortolandia,SP,2009,0
FMAC,Febre Maculosa,351907,Hortolandia,SP,2010,0
FMAC,Febre Maculosa,351907,Hortolandia,SP,2011,0
FMAC,Febre Maculosa,351907,Hortolandia,SP,2012,0
FMAC,Febre Maculosa,351907,Hortolandia,SP,2013,0
FMAC,Febre Maculosa,351907,Hortolandia,SP,2014,0
FMAC,Febre Maculosa,351907,Hortolandia,SP,2015,0
FMAC,Febre Maculosa,351907,Hortolandia,SP,2016,0
FMAC,Febre Maculosa,351907,Hortolandia,SP,2017,0
FMAC,Febre Maculosa,351907,Hortolandia,SP,2018,1
FMAC,Febre Maculosa,351907,Hortolandia,SP,2019,0
FMAC,Febre Maculosa,351907,Hortolandia,SP,2020,2
FMAC,Febre Maculosa,351907,Hortolandia,SP,2021,2
FMAC,Febre Maculosa,351907,Hortolandia,SP,2022,0
FMAC,Febre Maculosa,351907,Hortolandia,SP,2023,0
FMAC,Febre Maculosa,351907,Hortolandia,SP,2024,1
FMAC,Febre Maculosa,351907,Hortolandia,SP,2025,0
FMAC,Febre Maculosa,351950,Ibirarema,SP,2001,0
FMAC,Febre Maculosa,351950,Ibirarema,SP,2006,0
FMAC,Febre Maculosa,351950,Ibirarema,SP,2007,0
FMAC,Febre Maculosa,351950,Ibirarema,SP,2008,2
FMAC,Febre Maculosa,351950,Ibirarema,SP,2009,0
FMAC,Febre Maculosa,351950,Ibirarema,SP,2010,0
FMAC,Febre Maculosa,351950,Ibirarema,SP,2011,0
FMAC,Febre Maculosa,351950,Ibirarema,SP,2012,0
FMAC,Febre Maculosa,351950,Ibirarema,SP,2013,0
FMAC,Febre Maculosa,351950,Ibirarema,SP,2014,0
FMAC,Febre Maculosa,351950,Ibirarema,SP,2015,0
FMAC,Febre Maculosa,351950,Ibirarema,SP,2016,0
FMAC,Febre Maculosa,351950,Ibirarema,SP,2017,0
FMAC,Febre Maculosa,351950,Ibirarema,SP,2018,0
FMAC,Febre Maculosa,351950,Ibirarema,SP,2019,0
FMAC,Febre Maculosa,351950,Ibirarema,SP,2020,0
FMAC,Febre Maculosa,351950,Ibirarema,SP,2021,0
FMAC,Febre Maculosa,351950,Ibirarema,SP,2022,0
FMAC,Febre Maculosa,351950,Ibirarema,SP,2023,0
FMAC,Febre Maculosa,351950,Ibirarema,SP,2024,0
FMAC,Febre Maculosa,351950,Ibirarema,SP,2025,0
FMAC,Febre Maculosa,351970,Ibiuna,SP,2001,0
FMAC,Febre Maculosa,351970,Ibiuna,SP,2006,0
FMAC,Febre Maculosa,351970,Ibiuna,SP,2007,0
FMAC,Febre Maculosa,351970,Ibiuna,SP,2008,0
FMAC,Febre Maculosa,351970,Ibiuna,SP,2009,0
FMAC,Febre Maculosa,351970,Ibiuna,SP,2010,0
FMAC,Febre Maculosa,351970,Ibiuna,SP,2011,0
FMAC,Febre Maculosa,351970,Ibiuna,SP,2012,0
FMAC,Febre Maculosa,351970,Ibiuna,SP,2013,0
FMAC,Febre Maculosa,351970,Ibiuna,SP,2014,0
FMAC,Febre Maculosa,351970,Ibiuna,SP,2015,0
FMAC,Febre Maculosa,351970,Ibiuna,SP,2016,0
FMAC,Febre Maculosa,351970,Ibiuna,SP,2017,0
FMAC,Febre Maculosa,351970,Ibiuna,SP,2018,0
FMAC,Febre Maculosa,351970,Ibiuna,SP,2019,2
FMAC,Febre Maculosa,351970,Ibiuna,SP,2020,0
FMAC,Febre Maculosa,351970,Ibiuna,SP,2021,0
FMAC,Febre Maculosa,351970,Ibiuna,SP,2022,0
FMAC,Febre Maculosa,351970,Ibiuna,SP,2023,0
FMAC,Febre Maculosa,351970,Ibiuna,SP,2024,0
FMAC,Febre Maculosa,351970,Ibiuna,SP,2025,0
FMAC,Febre Maculosa,351990,Iepe,SP,2001,0
FMAC,Febre Maculosa,351990,Iepe,SP,2006,0
FMAC,Febre Maculosa,351990,Iepe,SP,2007,0
FMAC,Febre Maculosa,351990,Iepe,SP,2008,0
FMAC,Febre Maculosa,351990,Iepe,SP,2009,0
FMAC,Febre Maculosa,351990,Iepe,SP,2010,0
FMAC,Febre Maculosa,351990,Iepe,SP,2011,0
FMAC,Febre Maculosa,351990,Iepe,SP,2012,0
FMAC,Febre Maculosa,351990,Iepe,SP,2013,0
FMAC,Febre Maculosa,351990,Iepe,SP,2014,0
FMAC,Febre Maculosa,351990,Iepe,SP,2015,0
FMAC,Febre Maculosa,351990,Iepe,SP,2016,0
FMAC,Febre Maculosa,351990,Iepe,SP,2017,0
FMAC,Febre Maculosa,351990,Iepe,SP,2018,0
FMAC,Febre Maculosa,351990,Iepe,SP,2019,1
FMAC,Febre Maculosa,351990,Iepe,SP,2020,0
FMAC,Febre Maculosa,351990,Iepe,SP,2021,0
FMAC,Febre Maculosa,351990,Iepe,SP,2022,0
FMAC,Febre Maculosa,351990,Iepe,SP,2023,0
FMAC,Febre Maculosa,351990,Iepe,SP,2024,0
FMAC,Febre Maculosa,351990,Iepe,SP,2025,0
FMAC,Febre Maculosa,352030,Iguape,SP,2001,0
FMAC,Febre Maculosa,352030,Iguape,SP,2006,0
FMAC,Febre Maculosa,352030,Iguape,SP,2007,0
FMAC,Febre Maculosa,352030,Iguape,SP,2008,0
FMAC,Febre Maculosa,352030,Iguape,SP,2009,0
FMAC,Febre Maculosa,352030,Iguape,SP,2010,0
FMAC,Febre Maculosa,352030,Iguape,SP,2011,0
FMAC,Febre Maculosa,352030,Iguape,SP,2012,0
FMAC,Febre Maculosa,352030,Iguape,SP,2013,0
FMAC,Febre Maculosa,352030,Iguape,SP,2014,0
FMAC,Febre Maculosa,352030,Iguape,SP,2015,0
FMAC,Febre Maculosa,352030,Iguape,SP,2016,0
FMAC,Febre Maculosa,352030,Iguape,SP,2017,0
FMAC,Febre Maculosa,352030,Iguape,SP,2018,0
FMAC,Febre Maculosa,352030,Iguape,SP,2019,1
FMAC,Febre Maculosa,352030,Iguape,SP,2020,0
FMAC,Febre Maculosa,352030,Iguape,SP,2021,0
FMAC,Febre Maculosa,352030,Iguape,SP,2022,0
FMAC,Febre Maculosa,352030,Iguape,SP,2023,0
FMAC,Febre Maculosa,352030,Iguape,SP,2024,1
FMAC,Febre Maculosa,352030,Iguape,SP,2025,0
FMAC,Febre Maculosa,352050,Indaiatuba,SP,2001,0
FMAC,Febre Maculosa,352050,Indaiatuba,SP,2006,0
FMAC,Febre Maculosa,352050,Indaiatuba,SP,2007,1
FMAC,Febre Maculosa,352050,Indaiatuba,SP,2008,0
FMAC,Febre Maculosa,352050,Indaiatuba,SP,2009,0
FMAC,Febre Maculosa,352050,Indaiatuba,SP,2010,0
FMAC,Febre Maculosa,352050,Indaiatuba,SP,2011,0
FMAC,Febre Maculosa,352050,Indaiatuba,SP,2012,0
FMAC,Febre Maculosa,352050,Indaiatuba,SP,2013,1
FMAC,Febre Maculosa,352050,Indaiatuba,SP,2014,0
FMAC,Febre Maculosa,352050,Indaiatuba,SP,2015,1
FMAC,Febre Maculosa,352050,Indaiatuba,SP,2016,1
FMAC,Febre Maculosa,352050,Indaiatuba,SP,2017,0
FMAC,Febre Maculosa,352050,Indaiatuba,SP,2018,0
FMAC,Febre Maculosa,352050,Indaiatuba,SP,2019,1
FMAC,Febre Maculosa,352050,Indaiatuba,SP,2020,0
FMAC,Febre Maculosa,352050,Indaiatuba,SP,2021,2
FMAC,Febre Maculosa,352050,Indaiatuba,SP,2022,1
FMAC,Febre Maculosa,352050,Indaiatuba,SP,2023,4
FMAC,Febre Maculosa,352050,Indaiatuba,SP,2024,0
FMAC,Febre Maculosa,352050,Indaiatuba,SP,2025,0
FMAC,Febre Maculosa,352070,Indiapora,SP,2001,0
FMAC,Febre Maculosa,352070,Indiapora,SP,2006,0
FMAC,Febre Maculosa,352070,Indiapora,SP,2007,0
FMAC,Febre Maculosa,352070,Indiapora,SP,2008,0
FMAC,Febre Maculosa,352070,Indiapora,SP,2009,0
FMAC,Febre Maculosa,352070,Indiapora,SP,2010,0
FMAC,Febre Maculosa,352070,Indiapora,SP,2011,0
FMAC,Febre Maculosa,352070,Indiapora,SP,2012,0
FMAC,Febre Maculosa,352070,Indiapora,SP,2013,0
FMAC,Febre Maculosa,352070,Indiapora,SP,2014,0
FMAC,Febre Maculosa,352070,Indiapora,SP,2015,0
FMAC,Febre Maculosa,352070,Indiapora,SP,2016,0
FMAC,Febre Maculosa,352070,Indiapora,SP,2017,0
FMAC,Febre Maculosa,352070,Indiapora,SP,2018,0
FMAC,Febre Maculosa,352070,Indiapora,SP,2019,0
FMAC,Febre Maculosa,352070,Indiapora,SP,2020,0
FMAC,Febre Maculosa,352070,Indiapora,SP,2021,0
FMAC,Febre Maculosa,352070,Indiapora,SP,2022,0
FMAC,Febre Maculosa,352070,Indiapora,SP,2023,1
FMAC,Febre Maculosa,352070,Indiapora,SP,2024,0
FMAC,Febre Maculosa,352070,Indiapora,SP,2025,0
FMAC,Febre Maculosa,352090,Ipaussu,SP,2001,0
FMAC,Febre Maculosa,352090,Ipaussu,SP,2006,0
FMAC,Febre Maculosa,352090,Ipaussu,SP,2007,0
FMAC,Febre Maculosa,352090,Ipaussu,SP,2008,0
FMAC,Febre Maculosa,352090,Ipaussu,SP,2009,0
FMAC,Febre Maculosa,352090,Ipaussu,SP,2010,0
FMAC,Febre Maculosa,352090,Ipaussu,SP,2011,0
FMAC,Febre Maculosa,352090,Ipaussu,SP,2012,0
FMAC,Febre Maculosa,352090,Ipaussu,SP,2013,0
FMAC,Febre Maculosa,352090,Ipaussu,SP,2014,0
FMAC,Febre Maculosa,352090,Ipaussu,SP,2015,0
FMAC,Febre Maculosa,352090,Ipaussu,SP,2016,0
FMAC,Febre Maculosa,352090,Ipaussu,SP,2017,0
FMAC,Febre Maculosa,352090,Ipaussu,SP,2018,0
FMAC,Febre Maculosa,352090,Ipaussu,SP,2019,2
FMAC,Febre Maculosa,352090,Ipaussu,SP,2020,2
FMAC,Febre Maculosa,352090,Ipaussu,SP,2021,0
FMAC,Febre Maculosa,352090,Ipaussu,SP,2022,0
FMAC,Febre Maculosa,352090,Ipaussu,SP,2023,0
FMAC,Febre Maculosa,352090,Ipaussu,SP,2024,0
FMAC,Febre Maculosa,352090,Ipaussu,SP,2025,0
FMAC,Febre Maculosa,352110,Ipeuna,SP,2001,0
FMAC,Febre Maculosa,352110,Ipeuna,SP,2006,0
FMAC,Febre Maculosa,352110,Ipeuna,SP,2007,0
FMAC,Febre Maculosa,352110,Ipeuna,SP,2008,0
FMAC,Febre Maculosa,352110,Ipeuna,SP,2009,0
FMAC,Febre Maculosa,352110,Ipeuna,SP,2010,0
FMAC,Febre Maculosa,352110,Ipeuna,SP,2011,0
FMAC,Febre Maculosa,352110,Ipeuna,SP,2012,0
FMAC,Febre Maculosa,352110,Ipeuna,SP,2013,0
FMAC,Febre Maculosa,352110,Ipeuna,SP,2014,0
FMAC,Febre Maculosa,352110,Ipeuna,SP,2015,0
FMAC,Febre Maculosa,352110,Ipeuna,SP,2016,0
FMAC,Febre Maculosa,352110,Ipeuna,SP,2017,0
FMAC,Febre Maculosa,352110,Ipeuna,SP,2018,0
FMAC,Febre Maculosa,352110,Ipeuna,SP,2019,0
FMAC,Febre Maculosa,352110,Ipeuna,SP,2020,0
FMAC,Febre Maculosa,352110,Ipeuna,SP,2021,0
FMAC,Febre Maculosa,352110,Ipeuna,SP,2022,0
FMAC,Febre Maculosa,352110,Ipeuna,SP,2023,0
FMAC,Febre Maculosa,352110,Ipeuna,SP,2024,1
FMAC,Febre Maculosa,352110,Ipeuna,SP,2025,0
FMAC,Febre Maculosa,352120,Iporanga,SP,2001,0
FMAC,Febre Maculosa,352120,Iporanga,SP,2006,0
FMAC,Febre Maculosa,352120,Iporanga,SP,2007,0
FMAC,Febre Maculosa,352120,Iporanga,SP,2008,0
FMAC,Febre Maculosa,352120,Iporanga,SP,2009,0
FMAC,Febre Maculosa,352120,Iporanga,SP,2010,0
FMAC,Febre Maculosa,352120,Iporanga,SP,2011,0
FMAC,Febre Maculosa,352120,Iporanga,SP,2012,0
FMAC,Febre Maculosa,352120,Iporanga,SP,2013,0
FMAC,Febre Maculosa,352120,Iporanga,SP,2014,0
FMAC,Febre Maculosa,352120,Iporanga,SP,2015,0
FMAC,Febre Maculosa,352120,Iporanga,SP,2016,0
FMAC,Febre Maculosa,352120,Iporanga,SP,2017,0
FMAC,Febre Maculosa,352120,Iporanga,SP,2018,0
FMAC,Febre Maculosa,352120,Iporanga,SP,2019,0
FMAC,Febre Maculosa,352120,Iporanga,SP,2020,0
FMAC,Febre Maculosa,352120,Iporanga,SP,2021,5
FMAC,Febre Maculosa,352120,Iporanga,SP,2022,1
FMAC,Febre Maculosa,352120,Iporanga,SP,2023,0
FMAC,Febre Maculosa,352120,Iporanga,SP,2024,0
FMAC,Febre Maculosa,352120,Iporanga,SP,2025,0
FMAC,Febre Maculosa,352140,Iracemapolis,SP,2001,0
FMAC,Febre Maculosa,352140,Iracemapolis,SP,2006,0
FMAC,Febre Maculosa,352140,Iracemapolis,SP,2007,0
FMAC,Febre Maculosa,352140,Iracemapolis,SP,2008,0
FMAC,Febre Maculosa,352140,Iracemapolis,SP,2009,0
FMAC,Febre Maculosa,352140,Iracemapolis,SP,2010,0
FMAC,Febre Maculosa,352140,Iracemapolis,SP,2011,0
FMAC,Febre Maculosa,352140,Iracemapolis,SP,2012,0
FMAC,Febre Maculosa,352140,Iracemapolis,SP,2013,0
FMAC,Febre Maculosa,352140,Iracemapolis,SP,2014,0
FMAC,Febre Maculosa,352140,Iracemapolis,SP,2015,0
FMAC,Febre Maculosa,352140,Iracemapolis,SP,2016,0
FMAC,Febre Maculosa,352140,Iracemapolis,SP,2017,0
FMAC,Febre Maculosa,352140,Iracemapolis,SP,2018,0
FMAC,Febre Maculosa,352140,Iracemapolis,SP,2019,2
FMAC,Febre Maculosa,352140,Iracemapolis,SP,2020,0
FMAC,Febre Maculosa,352140,Iracemapolis,SP,2021,1
FMAC,Febre Maculosa,352140,Iracemapolis,SP,2022,1
FMAC,Febre Maculosa,352140,Iracemapolis,SP,2023,0
FMAC,Febre Maculosa,352140,Iracemapolis,SP,2024,0
FMAC,Febre Maculosa,352140,Iracemapolis,SP,2025,0
FMAC,Febre Maculosa,352170,Itabera,SP,2001,0
FMAC,Febre Maculosa,352170,Itabera,SP,2006,0
FMAC,Febre Maculosa,352170,Itabera,SP,2007,0
FMAC,Febre Maculosa,352170,Itabera,SP,2008,0
FMAC,Febre Maculosa,352170,Itabera,SP,2009,0
FMAC,Febre Maculosa,352170,Itabera,SP,2010,0
FMAC,Febre Maculosa,352170,Itabera,SP,2011,0
FMAC,Febre Maculosa,352170,Itabera,SP,2012,0
FMAC,Febre Maculosa,352170,Itabera,SP,2013,0
FMAC,Febre Maculosa,352170,Itabera,SP,2014,0
FMAC,Febre Maculosa,352170,Itabera,SP,2015,0
FMAC,Febre Maculosa,352170,Itabera,SP,2016,0
FMAC,Febre Maculosa,352170,Itabera,SP,2017,0
FMAC,Febre Maculosa,352170,Itabera,SP,2018,1
FMAC,Febre Maculosa,352170,Itabera,SP,2019,0
FMAC,Febre Maculosa,352170,Itabera,SP,2020,0
FMAC,Febre Maculosa,352170,Itabera,SP,2021,0
FMAC,Febre Maculosa,352170,Itabera,SP,2022,0
FMAC,Febre Maculosa,352170,Itabera,SP,2023,0
FMAC,Febre Maculosa,352170,Itabera,SP,2024,0
FMAC,Febre Maculosa,352170,Itabera,SP,2025,0
FMAC,Febre Maculosa,352190,Itajobi,SP,2001,0
FMAC,Febre Maculosa,352190,Itajobi,SP,2006,0
FMAC,Febre Maculosa,352190,Itajobi,SP,2007,0
FMAC,Febre Maculosa,352190,Itajobi,SP,2008,0
FMAC,Febre Maculosa,352190,Itajobi,SP,2009,0
FMAC,Febre Maculosa,352190,Itajobi,SP,2010,0
FMAC,Febre Maculosa,352190,Itajobi,SP,2011,1
FMAC,Febre Maculosa,352190,Itajobi,SP,2012,0
FMAC,Febre Maculosa,352190,Itajobi,SP,2013,0
FMAC,Febre Maculosa,352190,Itajobi,SP,2014,0
FMAC,Febre Maculosa,352190,Itajobi,SP,2015,0
FMAC,Febre Maculosa,352190,Itajobi,SP,2016,0
FMAC,Febre Maculosa,352190,Itajobi,SP,2017,0
FMAC,Febre Maculosa,352190,Itajobi,SP,2018,0
FMAC,Febre Maculosa,352190,Itajobi,SP,2019,0
FMAC,Febre Maculosa,352190,Itajobi,SP,2020,0
FMAC,Febre Maculosa,352190,Itajobi,SP,2021,0
FMAC,Febre Maculosa,352190,Itajobi,SP,2022,0
FMAC,Febre Maculosa,352190,Itajobi,SP,2023,0
FMAC,Febre Maculosa,352190,Itajobi,SP,2024,0
FMAC,Febre Maculosa,352190,Itajobi,SP,2025,0
FMAC,Febre Maculosa,352220,Itapecerica da Serra,SP,2001,0
FMAC,Febre Maculosa,352220,Itapecerica da Serra,SP,2006,0
FMAC,Febre Maculosa,352220,Itapecerica da Serra,SP,2007,0
FMAC,Febre Maculosa,352220,Itapecerica da Serra,SP,2008,0
FMAC,Febre Maculosa,352220,Itapecerica da Serra,SP,2009,0
FMAC,Febre Maculosa,352220,Itapecerica da Serra,SP,2010,0
FMAC,Febre Maculosa,352220,Itapecerica da Serra,SP,2011,0
FMAC,Febre Maculosa,352220,Itapecerica da Serra,SP,2012,0
FMAC,Febre Maculosa,352220,Itapecerica da Serra,SP,2013,0
FMAC,Febre Maculosa,352220,Itapecerica da Serra,SP,2014,1
FMAC,Febre Maculosa,352220,Itapecerica da Serra,SP,2015,0
FMAC,Febre Maculosa,352220,Itapecerica da Serra,SP,2016,0
FMAC,Febre Maculosa,352220,Itapecerica da Serra,SP,2017,0
FMAC,Febre Maculosa,352220,Itapecerica da Serra,SP,2018,0
FMAC,Febre Maculosa,352220,Itapecerica da Serra,SP,2019,0
FMAC,Febre Maculosa,352220,Itapecerica da Serra,SP,2020,0
FMAC,Febre Maculosa,352220,Itapecerica da Serra,SP,2021,0
FMAC,Febre Maculosa,352220,Itapecerica da Serra,SP,2022,0
FMAC,Febre Maculosa,352220,Itapecerica da Serra,SP,2023,0
FMAC,Febre Maculosa,352220,Itapecerica da Serra,SP,2024,0
FMAC,Febre Maculosa,352220,Itapecerica da Serra,SP,2025,1
FMAC,Febre Maculosa,352260,Itapira,SP,2001,0
FMAC,Febre Maculosa,352260,Itapira,SP,2006,0
FMAC,Febre Maculosa,352260,Itapira,SP,2007,0
FMAC,Febre Maculosa,352260,Itapira,SP,2008,0
FMAC,Febre Maculosa,352260,Itapira,SP,2009,0
FMAC,Febre Maculosa,352260,Itapira,SP,2010,0
FMAC,Febre Maculosa,352260,Itapira,SP,2011,0
FMAC,Febre Maculosa,352260,Itapira,SP,2012,1
FMAC,Febre Maculosa,352260,Itapira,SP,2013,0
FMAC,Febre Maculosa,352260,Itapira,SP,2014,0
FMAC,Febre Maculosa,352260,Itapira,SP,2015,0
FMAC,Febre Maculosa,352260,Itapira,SP,2016,0
FMAC,Febre Maculosa,352260,Itapira,SP,2017,2
FMAC,Febre Maculosa,352260,Itapira,SP,2018,1
FMAC,Febre Maculosa,352260,Itapira,SP,2019,0
FMAC,Febre Maculosa,352260,Itapira,SP,2020,0
FMAC,Febre Maculosa,352260,Itapira,SP,2021,0
FMAC,Febre Maculosa,352260,Itapira,SP,2022,0
FMAC,Febre Maculosa,352260,Itapira,SP,2023,0
FMAC,Febre Maculosa,352260,Itapira,SP,2024,0
FMAC,Febre Maculosa,352260,Itapira,SP,2025,0
FMAC,Febre Maculosa,352270,Itapolis,SP,2001,0
FMAC,Febre Maculosa,352270,Itapolis,SP,2006,0
FMAC,Febre Maculosa,352270,Itapolis,SP,2007,0
FMAC,Febre Maculosa,352270,Itapolis,SP,2008,0
FMAC,Febre Maculosa,352270,Itapolis,SP,2009,0
FMAC,Febre Maculosa,352270,Itapolis,SP,2010,0
FMAC,Febre Maculosa,352270,Itapolis,SP,2011,0
FMAC,Febre Maculosa,352270,Itapolis,SP,2012,0
FMAC,Febre Maculosa,352270,Itapolis,SP,2013,0
FMAC,Febre Maculosa,352270,Itapolis,SP,2014,0
FMAC,Febre Maculosa,352270,Itapolis,SP,2015,0
FMAC,Febre Maculosa,352270,Itapolis,SP,2016,1
FMAC,Febre Maculosa,352270,Itapolis,SP,2017,0
FMAC,Febre Maculosa,352270,Itapolis,SP,2018,0
FMAC,Febre Maculosa,352270,Itapolis,SP,2019,0
FMAC,Febre Maculosa,352270,Itapolis,SP,2020,0
FMAC,Febre Maculosa,352270,Itapolis,SP,2021,0
FMAC,Febre Maculosa,352270,Itapolis,SP,2022,0
FMAC,Febre Maculosa,352270,Itapolis,SP,2023,0
FMAC,Febre Maculosa,352270,Itapolis,SP,2024,0
FMAC,Febre Maculosa,352270,Itapolis,SP,2025,0
FMAC,Febre Maculosa,352330,Itariri,SP,2001,0
FMAC,Febre Maculosa,352330,Itariri,SP,2006,0
FMAC,Febre Maculosa,352330,Itariri,SP,2007,0
FMAC,Febre Maculosa,352330,Itariri,SP,2008,0
FMAC,Febre Maculosa,352330,Itariri,SP,2009,0
FMAC,Febre Maculosa,352330,Itariri,SP,2010,0
FMAC,Febre Maculosa,352330,Itariri,SP,2011,0
FMAC,Febre Maculosa,352330,Itariri,SP,2012,1
FMAC,Febre Maculosa,352330,Itariri,SP,2013,0
FMAC,Febre Maculosa,352330,Itariri,SP,2014,0
FMAC,Febre Maculosa,352330,Itariri,SP,2015,0
FMAC,Febre Maculosa,352330,Itariri,SP,2016,0
FMAC,Febre Maculosa,352330,Itariri,SP,2017,0
FMAC,Febre Maculosa,352330,Itariri,SP,2018,0
FMAC,Febre Maculosa,352330,Itariri,SP,2019,0
FMAC,Febre Maculosa,352330,Itariri,SP,2020,0
FMAC,Febre Maculosa,352330,Itariri,SP,2021,0
FMAC,Febre Maculosa,352330,Itariri,SP,2022,0
FMAC,Febre Maculosa,352330,Itariri,SP,2023,0
FMAC,Febre Maculosa,352330,Itariri,SP,2024,0
FMAC,Febre Maculosa,352330,Itariri,SP,2025,0
FMAC,Febre Maculosa,352340,Itatiba,SP,2001,0
FMAC,Febre Maculosa,352340,Itatiba,SP,2006,0
FMAC,Febre Maculosa,352340,Itatiba,SP,2007,0
FMAC,Febre Maculosa,352340,Itatiba,SP,2008,0
FMAC,Febre Maculosa,352340,Itatiba,SP,2009,1
FMAC,Febre Maculosa,352340,Itatiba,SP,2010,0
FMAC,Febre Maculosa,352340,Itatiba,SP,2011,0
FMAC,Febre Maculosa,352340,Itatiba,SP,2012,1
FMAC,Febre Maculosa,352340,Itatiba,SP,2013,0
FMAC,Febre Maculosa,352340,Itatiba,SP,2014,0
FMAC,Febre Maculosa,352340,Itatiba,SP,2015,0
FMAC,Febre Maculosa,352340,Itatiba,SP,2016,0
FMAC,Febre Maculosa,352340,Itatiba,SP,2017,1
FMAC,Febre Maculosa,352340,Itatiba,SP,2018,1
FMAC,Febre Maculosa,352340,Itatiba,SP,2019,2
FMAC,Febre Maculosa,352340,Itatiba,SP,2020,1
FMAC,Febre Maculosa,352340,Itatiba,SP,2021,0
FMAC,Febre Maculosa,352340,Itatiba,SP,2022,1
FMAC,Febre Maculosa,352340,Itatiba,SP,2023,3
FMAC,Febre Maculosa,352340,Itatiba,SP,2024,0
FMAC,Febre Maculosa,352340,Itatiba,SP,2025,1
FMAC,Febre Maculosa,352390,Itu,SP,2001,0
FMAC,Febre Maculosa,352390,Itu,SP,2006,0
FMAC,Febre Maculosa,352390,Itu,SP,2007,0
FMAC,Febre Maculosa,352390,Itu,SP,2008,0
FMAC,Febre Maculosa,352390,Itu,SP,2009,1
FMAC,Febre Maculosa,352390,Itu,SP,2010,0
FMAC,Febre Maculosa,352390,Itu,SP,2011,1
FMAC,Febre Maculosa,352390,Itu,SP,2012,1
FMAC,Febre Maculosa,352390,Itu,SP,2013,0
FMAC,Febre Maculosa,352390,Itu,SP,2014,3
FMAC,Febre Maculosa,352390,Itu,SP,2015,2
FMAC,Febre Maculosa,352390,Itu,SP,2016,0
FMAC,Febre Maculosa,352390,Itu,SP,2017,0
FMAC,Febre Maculosa,352390,Itu,SP,2018,1
FMAC,Febre Maculosa,352390,Itu,SP,2019,0
FMAC,Febre Maculosa,352390,Itu,SP,2020,1
FMAC,Febre Maculosa,352390,Itu,SP,2021,1
FMAC,Febre Maculosa,352390,Itu,SP,2022,1
FMAC,Febre Maculosa,352390,Itu,SP,2023,0
FMAC,Febre Maculosa,352390,Itu,SP,2024,0
FMAC,Febre Maculosa,352390,Itu,SP,2025,3
FMAC,Febre Maculosa,352400,Itupeva,SP,2001,0
FMAC,Febre Maculosa,352400,Itupeva,SP,2006,0
FMAC,Febre Maculosa,352400,Itupeva,SP,2007,0
FMAC,Febre Maculosa,352400,Itupeva,SP,2008,0
FMAC,Febre Maculosa,352400,Itupeva,SP,2009,0
FMAC,Febre Maculosa,352400,Itupeva,SP,2010,0
FMAC,Febre Maculosa,352400,Itupeva,SP,2011,0
FMAC,Febre Maculosa,352400,Itupeva,SP,2012,0
FMAC,Febre Maculosa,352400,Itupeva,SP,2013,0
FMAC,Febre Maculosa,352400,Itupeva,SP,2014,0
FMAC,Febre Maculosa,352400,Itupeva,SP,2015,0
FMAC,Febre Maculosa,352400,Itupeva,SP,2016,0
FMAC,Febre Maculosa,352400,Itupeva,SP,2017,0
FMAC,Febre Maculosa,352400,Itupeva,SP,2018,0
FMAC,Febre Maculosa,352400,Itupeva,SP,2019,0
FMAC,Febre Maculosa,352400,Itupeva,SP,2020,0
FMAC,Febre Maculosa,352400,Itupeva,SP,2021,0
FMAC,Febre Maculosa,352400,Itupeva,SP,2022,1
FMAC,Febre Maculosa,352400,Itupeva,SP,2023,0
FMAC,Febre Maculosa,352400,Itupeva,SP,2024,1
FMAC,Febre Maculosa,352400,Itupeva,SP,2025,0
FMAC,Febre Maculosa,352440,Jacarei,SP,2001,0
FMAC,Febre Maculosa,352440,Jacarei,SP,2006,0
FMAC,Febre Maculosa,352440,Jacarei,SP,2007,0
FMAC,Febre Maculosa,352440,Jacarei,SP,2008,0
FMAC,Febre Maculosa,352440,Jacarei,SP,2009,0
FMAC,Febre Maculosa,352440,Jacarei,SP,2010,0
FMAC,Febre Maculosa,352440,Jacarei,SP,2011,0
FMAC,Febre Maculosa,352440,Jacarei,SP,2012,0
FMAC,Febre Maculosa,352440,Jacarei,SP,2013,0
FMAC,Febre Maculosa,352440,Jacarei,SP,2014,0
FMAC,Febre Maculosa,352440,Jacarei,SP,2015,0
FMAC,Febre Maculosa,352440,Jacarei,SP,2016,0
FMAC,Febre Maculosa,352440,Jacarei,SP,2017,2
FMAC,Febre Maculosa,352440,Jacarei,SP,2018,0
FMAC,Febre Maculosa,352440,Jacarei,SP,2019,0
FMAC,Febre Maculosa,352440,Jacarei,SP,2020,1
FMAC,Febre Maculosa,352440,Jacarei,SP,2021,1
FMAC,Febre Maculosa,352440,Jacarei,SP,2022,0
FMAC,Febre Maculosa,352440,Jacarei,SP,2023,4
FMAC,Febre Maculosa,352440,Jacarei,SP,2024,1
FMAC,Febre Maculosa,352440,Jacarei,SP,2025,0
FMAC,Febre Maculosa,352470,Jaguariuna,SP,2001,0
FMAC,Febre Maculosa,352470,Jaguariuna,SP,2006,0
FMAC,Febre Maculosa,352470,Jaguariuna,SP,2007,0
FMAC,Febre Maculosa,352470,Jaguariuna,SP,2008,3
FMAC,Febre Maculosa,352470,Jaguariuna,SP,2009,2
FMAC,Febre Maculosa,352470,Jaguariuna,SP,2010,2
FMAC,Febre Maculosa,352470,Jaguariuna,SP,2011,1
FMAC,Febre Maculosa,352470,Jaguariuna,SP,2012,0
FMAC,Febre Maculosa,352470,Jaguariuna,SP,2013,0
FMAC,Febre Maculosa,352470,Jaguariuna,SP,2014,1
FMAC,Febre Maculosa,352470,Jaguariuna,SP,2015,0
FMAC,Febre Maculosa,352470,Jaguariuna,SP,2016,2
FMAC,Febre Maculosa,352470,Jaguariuna,SP,2017,4
FMAC,Febre Maculosa,352470,Jaguariuna,SP,2018,4
FMAC,Febre Maculosa,352470,Jaguariuna,SP,2019,0
FMAC,Febre Maculosa,352470,Jaguariuna,SP,2020,2
FMAC,Febre Maculosa,352470,Jaguariuna,SP,2021,4
FMAC,Febre Maculosa,352470,Jaguariuna,SP,2022,0
FMAC,Febre Maculosa,352470,Jaguariuna,SP,2023,1
FMAC,Febre Maculosa,352470,Jaguariuna,SP,2024,2
FMAC,Febre Maculosa,352470,Jaguariuna,SP,2025,0
FMAC,Febre Maculosa,352520,Jarinu,SP,2001,0
FMAC,Febre Maculosa,352520,Jarinu,SP,2006,0
FMAC,Febre Maculosa,352520,Jarinu,SP,2007,0
FMAC,Febre Maculosa,352520,Jarinu,SP,2008,0
FMAC,Febre Maculosa,352520,Jarinu,SP,2009,0
FMAC,Febre Maculosa,352520,Jarinu,SP,2010,0
FMAC,Febre Maculosa,352520,Jarinu,SP,2011,0
FMAC,Febre Maculosa,352520,Jarinu,SP,2012,0
FMAC,Febre Maculosa,352520,Jarinu,SP,2013,0
FMAC,Febre Maculosa,352520,Jarinu,SP,2014,0
FMAC,Febre Maculosa,352520,Jarinu,SP,2015,0
FMAC,Febre Maculosa,352520,Jarinu,SP,2016,1
FMAC,Febre Maculosa,352520,Jarinu,SP,2017,0
FMAC,Febre Maculosa,352520,Jarinu,SP,2018,0
FMAC,Febre Maculosa,352520,Jarinu,SP,2019,0
FMAC,Febre Maculosa,352520,Jarinu,SP,2020,0
FMAC,Febre Maculosa,352520,Jarinu,SP,2021,0
FMAC,Febre Maculosa,352520,Jarinu,SP,2022,0
FMAC,Febre Maculosa,352520,Jarinu,SP,2023,0
FMAC,Febre Maculosa,352520,Jarinu,SP,2024,0
FMAC,Febre Maculosa,352520,Jarinu,SP,2025,0
FMAC,Febre Maculosa,352530,Jau,SP,2001,0
FMAC,Febre Maculosa,352530,Jau,SP,2006,0
FMAC,Febre Maculosa,352530,Jau,SP,2007,0
FMAC,Febre Maculosa,352530,Jau,SP,2008,0
FMAC,Febre Maculosa,352530,Jau,SP,2009,0
FMAC,Febre Maculosa,352530,Jau,SP,2010,0
FMAC,Febre Maculosa,352530,Jau,SP,2011,0
FMAC,Febre Maculosa,352530,Jau,SP,2012,0
FMAC,Febre Maculosa,352530,Jau,SP,2013,1
FMAC,Febre Maculosa,352530,Jau,SP,2014,0
FMAC,Febre Maculosa,352530,Jau,SP,2015,0
FMAC,Febre Maculosa,352530,Jau,SP,2016,0
FMAC,Febre Maculosa,352530,Jau,SP,2017,0
FMAC,Febre Maculosa,352530,Jau,SP,2018,0
FMAC,Febre Maculosa,352530,Jau,SP,2019,0
FMAC,Febre Maculosa,352530,Jau,SP,2020,0
FMAC,Febre Maculosa,352530,Jau,SP,2021,0
FMAC,Febre Maculosa,352530,Jau,SP,2022,0
FMAC,Febre Maculosa,352530,Jau,SP,2023,0
FMAC,Febre Maculosa,352530,Jau,SP,2024,0
FMAC,Febre Maculosa,352530,Jau,SP,2025,0
FMAC,Febre Maculosa,352590,Jundiai,SP,2001,0
FMAC,Febre Maculosa,352590,Jundiai,SP,2006,0
FMAC,Febre Maculosa,352590,Jundiai,SP,2007,1
FMAC,Febre Maculosa,352590,Jundiai,SP,2008,1
FMAC,Febre Maculosa,352590,Jundiai,SP,2009,2
FMAC,Febre Maculosa,352590,Jundiai,SP,2010,1
FMAC,Febre Maculosa,352590,Jundiai,SP,2011,1
FMAC,Febre Maculosa,352590,Jundiai,SP,2012,0
FMAC,Febre Maculosa,352590,Jundiai,SP,2013,1
FMAC,Febre Maculosa,352590,Jundiai,SP,2014,2
FMAC,Febre Maculosa,352590,Jundiai,SP,2015,2
FMAC,Febre Maculosa,352590,Jundiai,SP,2016,9
FMAC,Febre Maculosa,352590,Jundiai,SP,2017,1
FMAC,Febre Maculosa,352590,Jundiai,SP,2018,4
FMAC,Febre Maculosa,352590,Jundiai,SP,2019,2
FMAC,Febre Maculosa,352590,Jundiai,SP,2020,2
FMAC,Febre Maculosa,352590,Jundiai,SP,2021,1
FMAC,Febre Maculosa,352590,Jundiai,SP,2022,1
FMAC,Febre Maculosa,352590,Jundiai,SP,2023,8
FMAC,Febre Maculosa,352590,Jundiai,SP,2024,1
FMAC,Febre Maculosa,352590,Jundiai,SP,2025,2
FMAC,Febre Maculosa,352610,Juquia,SP,2001,0
FMAC,Febre Maculosa,352610,Juquia,SP,2006,0
FMAC,Febre Maculosa,352610,Juquia,SP,2007,0
FMAC,Febre Maculosa,352610,Juquia,SP,2008,0
FMAC,Febre Maculosa,352610,Juquia,SP,2009,1
FMAC,Febre Maculosa,352610,Juquia,SP,2010,0
FMAC,Febre Maculosa,352610,Juquia,SP,2011,1
FMAC,Febre Maculosa,352610,Juquia,SP,2012,0
FMAC,Febre Maculosa,352610,Juquia,SP,2013,0
FMAC,Febre Maculosa,352610,Juquia,SP,2014,0
FMAC,Febre Maculosa,352610,Juquia,SP,2015,0
FMAC,Febre Maculosa,352610,Juquia,SP,2016,0
FMAC,Febre Maculosa,352610,Juquia,SP,2017,0
FMAC,Febre Maculosa,352610,Juquia,SP,2018,0
FMAC,Febre Maculosa,352610,Juquia,SP,2019,0
FMAC,Febre Maculosa,352610,Juquia,SP,2020,0
FMAC,Febre Maculosa,352610,Juquia,SP,2021,0
FMAC,Febre Maculosa,352610,Juquia,SP,2022,0
FMAC,Febre Maculosa,352610,Juquia,SP,2023,0
FMAC,Febre Maculosa,352610,Juquia,SP,2024,0
FMAC,Febre Maculosa,352610,Juquia,SP,2025,0
FMAC,Febre Maculosa,352670,Leme,SP,2001,0
FMAC,Febre Maculosa,352670,Leme,SP,2006,0
FMAC,Febre Maculosa,352670,Leme,SP,2007,0
FMAC,Febre Maculosa,352670,Leme,SP,2008,0
FMAC,Febre Maculosa,352670,Leme,SP,2009,0
FMAC,Febre Maculosa,352670,Leme,SP,2010,0
FMAC,Febre Maculosa,352670,Leme,SP,2011,0
FMAC,Febre Maculosa,352670,Leme,SP,2012,0
FMAC,Febre Maculosa,352670,Leme,SP,2013,0
FMAC,Febre Maculosa,352670,Leme,SP,2014,1
FMAC,Febre Maculosa,352670,Leme,SP,2015,1
FMAC,Febre Maculosa,352670,Leme,SP,2016,0
FMAC,Febre Maculosa,352670,Leme,SP,2017,1
FMAC,Febre Maculosa,352670,Leme,SP,2018,0
FMAC,Febre Maculosa,352670,Leme,SP,2019,0
FMAC,Febre Maculosa,352670,Leme,SP,2020,0
FMAC,Febre Maculosa,352670,Leme,SP,2021,0
FMAC,Febre Maculosa,352670,Leme,SP,2022,3
FMAC,Febre Maculosa,352670,Leme,SP,2023,0
FMAC,Febre Maculosa,352670,Leme,SP,2024,0
FMAC,Febre Maculosa,352670,Leme,SP,2025,3
FMAC,Febre Maculosa,352680,Lencois Paulista,SP,2001,0
FMAC,Febre Maculosa,352680,Lencois Paulista,SP,2006,0
FMAC,Febre Maculosa,352680,Lencois Paulista,SP,2007,0
FMAC,Febre Maculosa,352680,Lencois Paulista,SP,2008,0
FMAC,Febre Maculosa,352680,Lencois Paulista,SP,2009,1
FMAC,Febre Maculosa,352680,Lencois Paulista,SP,2010,0
FMAC,Febre Maculosa,352680,Lencois Paulista,SP,2011,0
FMAC,Febre Maculosa,352680,Lencois Paulista,SP,2012,0
FMAC,Febre Maculosa,352680,Lencois Paulista,SP,2013,0
FMAC,Febre Maculosa,352680,Lencois Paulista,SP,2014,0
FMAC,Febre Maculosa,352680,Lencois Paulista,SP,2015,0
FMAC,Febre Maculosa,352680,Lencois Paulista,SP,2016,0
FMAC,Febre Maculosa,352680,Lencois Paulista,SP,2017,0
FMAC,Febre Maculosa,352680,Lencois Paulista,SP,2018,0
FMAC,Febre Maculosa,352680,Lencois Paulista,SP,2019,0
FMAC,Febre Maculosa,352680,Lencois Paulista,SP,2020,0
FMAC,Febre Maculosa,352680,Lencois Paulista,SP,2021,0
FMAC,Febre Maculosa,352680,Lencois Paulista,SP,2022,0
FMAC,Febre Maculosa,352680,Lencois Paulista,SP,2023,0
FMAC,Febre Maculosa,352680,Lencois Paulista,SP,2024,0
FMAC,Febre Maculosa,352680,Lencois Paulista,SP,2025,0
FMAC,Febre Maculosa,352690,Limeira,SP,2001,0
FMAC,Febre Maculosa,352690,Limeira,SP,2006,0
FMAC,Febre Maculosa,352690,Limeira,SP,2007,0
FMAC,Febre Maculosa,352690,Limeira,SP,2008,1
FMAC,Febre Maculosa,352690,Limeira,SP,2009,0
FMAC,Febre Maculosa,352690,Limeira,SP,2010,0
FMAC,Febre Maculosa,352690,Limeira,SP,2011,2
FMAC,Febre Maculosa,352690,Limeira,SP,2012,1
FMAC,Febre Maculosa,352690,Limeira,SP,2013,3
FMAC,Febre Maculosa,352690,Limeira,SP,2014,5
FMAC,Febre Maculosa,352690,Limeira,SP,2015,10
FMAC,Febre Maculosa,352690,Limeira,SP,2016,2
FMAC,Febre Maculosa,352690,Limeira,SP,2017,4
FMAC,Febre Maculosa,352690,Limeira,SP,2018,10
FMAC,Febre Maculosa,352690,Limeira,SP,2019,2
FMAC,Febre Maculosa,352690,Limeira,SP,2020,1
FMAC,Febre Maculosa,352690,Limeira,SP,2021,1
FMAC,Febre Maculosa,352690,Limeira,SP,2022,1
FMAC,Febre Maculosa,352690,Limeira,SP,2023,1
FMAC,Febre Maculosa,352690,Limeira,SP,2024,1
FMAC,Febre Maculosa,352690,Limeira,SP,2025,1
FMAC,Febre Maculosa,352700,Lindoia,SP,2001,0
FMAC,Febre Maculosa,352700,Lindoia,SP,2006,0
FMAC,Febre Maculosa,352700,Lindoia,SP,2007,0
FMAC,Febre Maculosa,352700,Lindoia,SP,2008,0
FMAC,Febre Maculosa,352700,Lindoia,SP,2009,0
FMAC,Febre Maculosa,352700,Lindoia,SP,2010,0
FMAC,Febre Maculosa,352700,Lindoia,SP,2011,0
FMAC,Febre Maculosa,352700,Lindoia,SP,2012,0
FMAC,Febre Maculosa,352700,Lindoia,SP,2013,0
FMAC,Febre Maculosa,352700,Lindoia,SP,2014,0
FMAC,Febre Maculosa,352700,Lindoia,SP,2015,0
FMAC,Febre Maculosa,352700,Lindoia,SP,2016,0
FMAC,Febre Maculosa,352700,Lindoia,SP,2017,0
FMAC,Febre Maculosa,352700,Lindoia,SP,2018,1
FMAC,Febre Maculosa,352700,Lindoia,SP,2019,0
FMAC,Febre Maculosa,352700,Lindoia,SP,2020,0
FMAC,Febre Maculosa,352700,Lindoia,SP,2021,0
FMAC,Febre Maculosa,352700,Lindoia,SP,2022,0
FMAC,Febre Maculosa,352700,Lindoia,SP,2023,2
FMAC,Febre Maculosa,352700,Lindoia,SP,2024,0
FMAC,Febre Maculosa,352700,Lindoia,SP,2025,0
FMAC,Febre Maculosa,352730,Louveira,SP,2001,0
FMAC,Febre Maculosa,352730,Louveira,SP,2006,0
FMAC,Febre Maculosa,352730,Louveira,SP,2007,0
FMAC,Febre Maculosa,352730,Louveira,SP,2008,0
FMAC,Febre Maculosa,352730,Louveira,SP,2009,0
FMAC,Febre Maculosa,352730,Louveira,SP,2010,0
FMAC,Febre Maculosa,352730,Louveira,SP,2011,0
FMAC,Febre Maculosa,352730,Louveira,SP,2012,0
FMAC,Febre Maculosa,352730,Louveira,SP,2013,0
FMAC,Febre Maculosa,352730,Louveira,SP,2014,0
FMAC,Febre Maculosa,352730,Louveira,SP,2015,0
FMAC,Febre Maculosa,352730,Louveira,SP,2016,1
FMAC,Febre Maculosa,352730,Louveira,SP,2017,1
FMAC,Febre Maculosa,352730,Louveira,SP,2018,1
FMAC,Febre Maculosa,352730,Louveira,SP,2019,3
FMAC,Febre Maculosa,352730,Louveira,SP,2020,0
FMAC,Febre Maculosa,352730,Louveira,SP,2021,0
FMAC,Febre Maculosa,352730,Louveira,SP,2022,0
FMAC,Febre Maculosa,352730,Louveira,SP,2023,0
FMAC,Febre Maculosa,352730,Louveira,SP,2024,0
FMAC,Febre Maculosa,352730,Louveira,SP,2025,0
FMAC,Febre Maculosa,352850,Mairipora,SP,2001,0
FMAC,Febre Maculosa,352850,Mairipora,SP,2006,0
FMAC,Febre Maculosa,352850,Mairipora,SP,2007,0
FMAC,Febre Maculosa,352850,Mairipora,SP,2008,0
FMAC,Febre Maculosa,352850,Mairipora,SP,2009,0
FMAC,Febre Maculosa,352850,Mairipora,SP,2010,0
FMAC,Febre Maculosa,352850,Mairipora,SP,2011,0
FMAC,Febre Maculosa,352850,Mairipora,SP,2012,0
FMAC,Febre Maculosa,352850,Mairipora,SP,2013,0
FMAC,Febre Maculosa,352850,Mairipora,SP,2014,0
FMAC,Febre Maculosa,352850,Mairipora,SP,2015,0
FMAC,Febre Maculosa,352850,Mairipora,SP,2016,0
FMAC,Febre Maculosa,352850,Mairipora,SP,2017,0
FMAC,Febre Maculosa,352850,Mairipora,SP,2018,0
FMAC,Febre Maculosa,352850,Mairipora,SP,2019,0
FMAC,Febre Maculosa,352850,Mairipora,SP,2020,0
FMAC,Febre Maculosa,352850,Mairipora,SP,2021,0
FMAC,Febre Maculosa,352850,Mairipora,SP,2022,0
FMAC,Febre Maculosa,352850,Mairipora,SP,2023,1
FMAC,Febre Maculosa,352850,Mairipora,SP,2024,0
FMAC,Febre Maculosa,352850,Mairipora,SP,2025,0
FMAC,Febre Maculosa,352860,Manduri,SP,2001,0
FMAC,Febre Maculosa,352860,Manduri,SP,2006,0
FMAC,Febre Maculosa,352860,Manduri,SP,2007,0
FMAC,Febre Maculosa,352860,Manduri,SP,2008,0
FMAC,Febre Maculosa,352860,Manduri,SP,2009,0
FMAC,Febre Maculosa,352860,Manduri,SP,2010,1
FMAC,Febre Maculosa,352860,Manduri,SP,2011,0
FMAC,Febre Maculosa,352860,Manduri,SP,2012,0
FMAC,Febre Maculosa,352860,Manduri,SP,2013,0
FMAC,Febre Maculosa,352860,Manduri,SP,2014,0
FMAC,Febre Maculosa,352860,Manduri,SP,2015,0
FMAC,Febre Maculosa,352860,Manduri,SP,2016,0
FMAC,Febre Maculosa,352860,Manduri,SP,2017,0
FMAC,Febre Maculosa,352860,Manduri,SP,2018,0
FMAC,Febre Maculosa,352860,Manduri,SP,2019,0
FMAC,Febre Maculosa,352860,Manduri,SP,2020,0
FMAC,Febre Maculosa,352860,Manduri,SP,2021,0
FMAC,Febre Maculosa,352860,Manduri,SP,2022,0
FMAC,Febre Maculosa,352860,Manduri,SP,2023,0
FMAC,Febre Maculosa,352860,Manduri,SP,2024,0
FMAC,Febre Maculosa,352860,Manduri,SP,2025,0
FMAC,Febre Maculosa,352880,Maracai,SP,2001,0
FMAC,Febre Maculosa,352880,Maracai,SP,2006,0
FMAC,Febre Maculosa,352880,Maracai,SP,2007,0
FMAC,Febre Maculosa,352880,Maracai,SP,2008,0
FMAC,Febre Maculosa,352880,Maracai,SP,2009,0
FMAC,Febre Maculosa,352880,Maracai,SP,2010,0
FMAC,Febre Maculosa,352880,Maracai,SP,2011,0
FMAC,Febre Maculosa,352880,Maracai,SP,2012,0
FMAC,Febre Maculosa,352880,Maracai,SP,2013,0
FMAC,Febre Maculosa,352880,Maracai,SP,2014,0
FMAC,Febre Maculosa,352880,Maracai,SP,2015,0
FMAC,Febre Maculosa,352880,Maracai,SP,2016,0
FMAC,Febre Maculosa,352880,Maracai,SP,2017,0
FMAC,Febre Maculosa,352880,Maracai,SP,2018,4
FMAC,Febre Maculosa,352880,Maracai,SP,2019,1
FMAC,Febre Maculosa,352880,Maracai,SP,2020,1
FMAC,Febre Maculosa,352880,Maracai,SP,2021,1
FMAC,Febre Maculosa,352880,Maracai,SP,2022,0
FMAC,Febre Maculosa,352880,Maracai,SP,2023,1
FMAC,Febre Maculosa,352880,Maracai,SP,2024,0
FMAC,Febre Maculosa,352880,Maracai,SP,2025,0
FMAC,Febre Maculosa,352900,Marilia,SP,2001,0
FMAC,Febre Maculosa,352900,Marilia,SP,2006,0
FMAC,Febre Maculosa,352900,Marilia,SP,2007,1
FMAC,Febre Maculosa,352900,Marilia,SP,2008,1
FMAC,Febre Maculosa,352900,Marilia,SP,2009,2
FMAC,Febre Maculosa,352900,Marilia,SP,2010,0
FMAC,Febre Maculosa,352900,Marilia,SP,2011,0
FMAC,Febre Maculosa,352900,Marilia,SP,2012,0
FMAC,Febre Maculosa,352900,Marilia,SP,2013,0
FMAC,Febre Maculosa,352900,Marilia,SP,2014,0
FMAC,Febre Maculosa,352900,Marilia,SP,2015,1
FMAC,Febre Maculosa,352900,Marilia,SP,2016,0
FMAC,Febre Maculosa,352900,Marilia,SP,2017,0
FMAC,Febre Maculosa,352900,Marilia,SP,2018,1
FMAC,Febre Maculosa,352900,Marilia,SP,2019,0
FMAC,Febre Maculosa,352900,Marilia,SP,2020,0
FMAC,Febre Maculosa,352900,Marilia,SP,2021,0
FMAC,Febre Maculosa,352900,Marilia,SP,2022,0
FMAC,Febre Maculosa,352900,Marilia,SP,2023,4
FMAC,Febre Maculosa,352900,Marilia,SP,2024,0
FMAC,Febre Maculosa,352900,Marilia,SP,2025,0
FMAC,Febre Maculosa,352930,Matao,SP,2001,0
FMAC,Febre Maculosa,352930,Matao,SP,2006,0
FMAC,Febre Maculosa,352930,Matao,SP,2007,0
FMAC,Febre Maculosa,352930,Matao,SP,2008,0
FMAC,Febre Maculosa,352930,Matao,SP,2009,0
FMAC,Febre Maculosa,352930,Matao,SP,2010,0
FMAC,Febre Maculosa,352930,Matao,SP,2011,0
FMAC,Febre Maculosa,352930,Matao,SP,2012,0
FMAC,Febre Maculosa,352930,Matao,SP,2013,0
FMAC,Febre Maculosa,352930,Matao,SP,2014,0
FMAC,Febre Maculosa,352930,Matao,SP,2015,0
FMAC,Febre Maculosa,352930,Matao,SP,2016,0
FMAC,Febre Maculosa,352930,Matao,SP,2017,0
FMAC,Febre Maculosa,352930,Matao,SP,2018,0
FMAC,Febre Maculosa,352930,Matao,SP,2019,0
FMAC,Febre Maculosa,352930,Matao,SP,2020,0
FMAC,Febre Maculosa,352930,Matao,SP,2021,0
FMAC,Febre Maculosa,352930,Matao,SP,2022,0
FMAC,Febre Maculosa,352930,Matao,SP,2023,1
FMAC,Febre Maculosa,352930,Matao,SP,2024,0
FMAC,Febre Maculosa,352930,Matao,SP,2025,0
FMAC,Febre Maculosa,352940,Maua,SP,2001,0
FMAC,Febre Maculosa,352940,Maua,SP,2006,0
FMAC,Febre Maculosa,352940,Maua,SP,2007,0
FMAC,Febre Maculosa,352940,Maua,SP,2008,0
FMAC,Febre Maculosa,352940,Maua,SP,2009,0
FMAC,Febre Maculosa,352940,Maua,SP,2010,0
FMAC,Febre Maculosa,352940,Maua,SP,2011,0
FMAC,Febre Maculosa,352940,Maua,SP,2012,3
FMAC,Febre Maculosa,352940,Maua,SP,2013,0
FMAC,Febre Maculosa,352940,Maua,SP,2014,0
FMAC,Febre Maculosa,352940,Maua,SP,2015,0
FMAC,Febre Maculosa,352940,Maua,SP,2016,1
FMAC,Febre Maculosa,352940,Maua,SP,2017,0
FMAC,Febre Maculosa,352940,Maua,SP,2018,0
FMAC,Febre Maculosa,352940,Maua,SP,2019,0
FMAC,Febre Maculosa,352940,Maua,SP,2020,0
FMAC,Febre Maculosa,352940,Maua,SP,2021,0
FMAC,Febre Maculosa,352940,Maua,SP,2022,0
FMAC,Febre Maculosa,352940,Maua,SP,2023,0
FMAC,Febre Maculosa,352940,Maua,SP,2024,1
FMAC,Febre Maculosa,352940,Maua,SP,2025,0
FMAC,Febre Maculosa,352960,Meridiano,SP,2001,0
FMAC,Febre Maculosa,352960,Meridiano,SP,2006,0
FMAC,Febre Maculosa,352960,Meridiano,SP,2007,0
FMAC,Febre Maculosa,352960,Meridiano,SP,2008,0
FMAC,Febre Maculosa,352960,Meridiano,SP,2009,0
FMAC,Febre Maculosa,352960,Meridiano,SP,2010,0
FMAC,Febre Maculosa,352960,Meridiano,SP,2011,0
FMAC,Febre Maculosa,352960,Meridiano,SP,2012,0
FMAC,Febre Maculosa,352960,Meridiano,SP,2013,0
FMAC,Febre Maculosa,352960,Meridiano,SP,2014,0
FMAC,Febre Maculosa,352960,Meridiano,SP,2015,0
FMAC,Febre Maculosa,352960,Meridiano,SP,2016,0
FMAC,Febre Maculosa,352960,Meridiano,SP,2017,0
FMAC,Febre Maculosa,352960,Meridiano,SP,2018,0
FMAC,Febre Maculosa,352960,Meridiano,SP,2019,0
FMAC,Febre Maculosa,352960,Meridiano,SP,2020,0
FMAC,Febre Maculosa,352960,Meridiano,SP,2021,0
FMAC,Febre Maculosa,352960,Meridiano,SP,2022,0
FMAC,Febre Maculosa,352960,Meridiano,SP,2023,0
FMAC,Febre Maculosa,352960,Meridiano,SP,2024,1
FMAC,Febre Maculosa,352960,Meridiano,SP,2025,0
FMAC,Febre Maculosa,352990,Miracatu,SP,2001,0
FMAC,Febre Maculosa,352990,Miracatu,SP,2006,0
FMAC,Febre Maculosa,352990,Miracatu,SP,2007,0
FMAC,Febre Maculosa,352990,Miracatu,SP,2008,0
FMAC,Febre Maculosa,352990,Miracatu,SP,2009,0
FMAC,Febre Maculosa,352990,Miracatu,SP,2010,0
FMAC,Febre Maculosa,352990,Miracatu,SP,2011,0
FMAC,Febre Maculosa,352990,Miracatu,SP,2012,0
FMAC,Febre Maculosa,352990,Miracatu,SP,2013,0
FMAC,Febre Maculosa,352990,Miracatu,SP,2014,1
FMAC,Febre Maculosa,352990,Miracatu,SP,2015,0
FMAC,Febre Maculosa,352990,Miracatu,SP,2016,0
FMAC,Febre Maculosa,352990,Miracatu,SP,2017,0
FMAC,Febre Maculosa,352990,Miracatu,SP,2018,0
FMAC,Febre Maculosa,352990,Miracatu,SP,2019,0
FMAC,Febre Maculosa,352990,Miracatu,SP,2020,0
FMAC,Febre Maculosa,352990,Miracatu,SP,2021,1
FMAC,Febre Maculosa,352990,Miracatu,SP,2022,0
FMAC,Febre Maculosa,352990,Miracatu,SP,2023,2
FMAC,Febre Maculosa,352990,Miracatu,SP,2024,1
FMAC,Febre Maculosa,352990,Miracatu,SP,2025,0
FMAC,Febre Maculosa,353050,Mococa,SP,2001,0
FMAC,Febre Maculosa,353050,Mococa,SP,2006,0
FMAC,Febre Maculosa,353050,Mococa,SP,2007,1
FMAC,Febre Maculosa,353050,Mococa,SP,2008,1
FMAC,Febre Maculosa,353050,Mococa,SP,2009,0
FMAC,Febre Maculosa,353050,Mococa,SP,2010,1
FMAC,Febre Maculosa,353050,Mococa,SP,2011,0
FMAC,Febre Maculosa,353050,Mococa,SP,2012,0
FMAC,Febre Maculosa,353050,Mococa,SP,2013,0
FMAC,Febre Maculosa,353050,Mococa,SP,2014,0
FMAC,Febre Maculosa,353050,Mococa,SP,2015,1
FMAC,Febre Maculosa,353050,Mococa,SP,2016,0
FMAC,Febre Maculosa,353050,Mococa,SP,2017,0
FMAC,Febre Maculosa,353050,Mococa,SP,2018,0
FMAC,Febre Maculosa,353050,Mococa,SP,2019,0
FMAC,Febre Maculosa,353050,Mococa,SP,2020,0
FMAC,Febre Maculosa,353050,Mococa,SP,2021,0
FMAC,Febre Maculosa,353050,Mococa,SP,2022,0
FMAC,Febre Maculosa,353050,Mococa,SP,2023,0
FMAC,Febre Maculosa,353050,Mococa,SP,2024,0
FMAC,Febre Maculosa,353050,Mococa,SP,2025,0
FMAC,Febre Maculosa,353060,Mogi Das Cruzes,SP,2001,0
FMAC,Febre Maculosa,353060,Mogi Das Cruzes,SP,2006,0
FMAC,Febre Maculosa,353060,Mogi Das Cruzes,SP,2007,0
FMAC,Febre Maculosa,353060,Mogi Das Cruzes,SP,2008,0
FMAC,Febre Maculosa,353060,Mogi Das Cruzes,SP,2009,1
FMAC,Febre Maculosa,353060,Mogi Das Cruzes,SP,2010,0
FMAC,Febre Maculosa,353060,Mogi Das Cruzes,SP,2011,0
FMAC,Febre Maculosa,353060,Mogi Das Cruzes,SP,2012,0
FMAC,Febre Maculosa,353060,Mogi Das Cruzes,SP,2013,0
FMAC,Febre Maculosa,353060,Mogi Das Cruzes,SP,2014,0
FMAC,Febre Maculosa,353060,Mogi Das Cruzes,SP,2015,0
FMAC,Febre Maculosa,353060,Mogi Das Cruzes,SP,2016,0
FMAC,Febre Maculosa,353060,Mogi Das Cruzes,SP,2017,1
FMAC,Febre Maculosa,353060,Mogi Das Cruzes,SP,2018,0
FMAC,Febre Maculosa,353060,Mogi Das Cruzes,SP,2019,0
FMAC,Febre Maculosa,353060,Mogi Das Cruzes,SP,2020,0
FMAC,Febre Maculosa,353060,Mogi Das Cruzes,SP,2021,0
FMAC,Febre Maculosa,353060,Mogi Das Cruzes,SP,2022,0
FMAC,Febre Maculosa,353060,Mogi Das Cruzes,SP,2023,0
FMAC,Febre Maculosa,353060,Mogi Das Cruzes,SP,2024,1
FMAC,Febre Maculosa,353060,Mogi Das Cruzes,SP,2025,1
FMAC,Febre Maculosa,353070,Mogi Guacu,SP,2001,0
FMAC,Febre Maculosa,353070,Mogi Guacu,SP,2006,0
FMAC,Febre Maculosa,353070,Mogi Guacu,SP,2007,1
FMAC,Febre Maculosa,353070,Mogi Guacu,SP,2008,0
FMAC,Febre Maculosa,353070,Mogi Guacu,SP,2009,1
FMAC,Febre Maculosa,353070,Mogi Guacu,SP,2010,0
FMAC,Febre Maculosa,353070,Mogi Guacu,SP,2011,0
FMAC,Febre Maculosa,353070,Mogi Guacu,SP,2012,0
FMAC,Febre Maculosa,353070,Mogi Guacu,SP,2013,0
FMAC,Febre Maculosa,353070,Mogi Guacu,SP,2014,0
FMAC,Febre Maculosa,353070,Mogi Guacu,SP,2015,0
FMAC,Febre Maculosa,353070,Mogi Guacu,SP,2016,1
FMAC,Febre Maculosa,353070,Mogi Guacu,SP,2017,0
FMAC,Febre Maculosa,353070,Mogi Guacu,SP,2018,0
FMAC,Febre Maculosa,353070,Mogi Guacu,SP,2019,0
FMAC,Febre Maculosa,353070,Mogi Guacu,SP,2020,0
FMAC,Febre Maculosa,353070,Mogi Guacu,SP,2021,0
FMAC,Febre Maculosa,353070,Mogi Guacu,SP,2022,0
FMAC,Febre Maculosa,353070,Mogi Guacu,SP,2023,3
FMAC,Febre Maculosa,353070,Mogi Guacu,SP,2024,0
FMAC,Febre Maculosa,353070,Mogi Guacu,SP,2025,0
FMAC,Febre Maculosa,353080,Mogi Mirim,SP,2001,0
FMAC,Febre Maculosa,353080,Mogi Mirim,SP,2006,0
FMAC,Febre Maculosa,353080,Mogi Mirim,SP,2007,0
FMAC,Febre Maculosa,353080,Mogi Mirim,SP,2008,0
FMAC,Febre Maculosa,353080,Mogi Mirim,SP,2009,0
FMAC,Febre Maculosa,353080,Mogi Mirim,SP,2010,0
FMAC,Febre Maculosa,353080,Mogi Mirim,SP,2011,0
FMAC,Febre Maculosa,353080,Mogi Mirim,SP,2012,0
FMAC,Febre Maculosa,353080,Mogi Mirim,SP,2013,0
FMAC,Febre Maculosa,353080,Mogi Mirim,SP,2014,0
FMAC,Febre Maculosa,353080,Mogi Mirim,SP,2015,0
FMAC,Febre Maculosa,353080,Mogi Mirim,SP,2016,0
FMAC,Febre Maculosa,353080,Mogi Mirim,SP,2017,0
FMAC,Febre Maculosa,353080,Mogi Mirim,SP,2018,1
FMAC,Febre Maculosa,353080,Mogi Mirim,SP,2019,0
FMAC,Febre Maculosa,353080,Mogi Mirim,SP,2020,0
FMAC,Febre Maculosa,353080,Mogi Mirim,SP,2021,4
FMAC,Febre Maculosa,353080,Mogi Mirim,SP,2022,1
FMAC,Febre Maculosa,353080,Mogi Mirim,SP,2023,1
FMAC,Febre Maculosa,353080,Mogi Mirim,SP,2024,0
FMAC,Febre Maculosa,353080,Mogi Mirim,SP,2025,1
FMAC,Febre Maculosa,353090,Mombuca,SP,2001,0
FMAC,Febre Maculosa,353090,Mombuca,SP,2006,0
FMAC,Febre Maculosa,353090,Mombuca,SP,2007,0
FMAC,Febre Maculosa,353090,Mombuca,SP,2008,0
FMAC,Febre Maculosa,353090,Mombuca,SP,2009,0
FMAC,Febre Maculosa,353090,Mombuca,SP,2010,0
FMAC,Febre Maculosa,353090,Mombuca,SP,2011,0
FMAC,Febre Maculosa,353090,Mombuca,SP,2012,0
FMAC,Febre Maculosa,353090,Mombuca,SP,2013,0
FMAC,Febre Maculosa,353090,Mombuca,SP,2014,0
FMAC,Febre Maculosa,353090,Mombuca,SP,2015,0
FMAC,Febre Maculosa,353090,Mombuca,SP,2016,0
FMAC,Febre Maculosa,353090,Mombuca,SP,2017,0
FMAC,Febre Maculosa,353090,Mombuca,SP,2018,0
FMAC,Febre Maculosa,353090,Mombuca,SP,2019,0
FMAC,Febre Maculosa,353090,Mombuca,SP,2020,0
FMAC,Febre Maculosa,353090,Mombuca,SP,2021,0
FMAC,Febre Maculosa,353090,Mombuca,SP,2022,0
FMAC,Febre Maculosa,353090,Mombuca,SP,2023,1
FMAC,Febre Maculosa,353090,Mombuca,SP,2024,0
FMAC,Febre Maculosa,353090,Mombuca,SP,2025,0
FMAC,Febre Maculosa,353120,Monte Alegre do Sul,SP,2001,0
FMAC,Febre Maculosa,353120,Monte Alegre do Sul,SP,2006,0
FMAC,Febre Maculosa,353120,Monte Alegre do Sul,SP,2007,0
FMAC,Febre Maculosa,353120,Monte Alegre do Sul,SP,2008,0
FMAC,Febre Maculosa,353120,Monte Alegre do Sul,SP,2009,1
FMAC,Febre Maculosa,353120,Monte Alegre do Sul,SP,2010,0
FMAC,Febre Maculosa,353120,Monte Alegre do Sul,SP,2011,0
FMAC,Febre Maculosa,353120,Monte Alegre do Sul,SP,2012,0
FMAC,Febre Maculosa,353120,Monte Alegre do Sul,SP,2013,0
FMAC,Febre Maculosa,353120,Monte Alegre do Sul,SP,2014,0
FMAC,Febre Maculosa,353120,Monte Alegre do Sul,SP,2015,0
FMAC,Febre Maculosa,353120,Monte Alegre do Sul,SP,2016,0
FMAC,Febre Maculosa,353120,Monte Alegre do Sul,SP,2017,1
FMAC,Febre Maculosa,353120,Monte Alegre do Sul,SP,2018,1
FMAC,Febre Maculosa,353120,Monte Alegre do Sul,SP,2019,0
FMAC,Febre Maculosa,353120,Monte Alegre do Sul,SP,2020,0
FMAC,Febre Maculosa,353120,Monte Alegre do Sul,SP,2021,0
FMAC,Febre Maculosa,353120,Monte Alegre do Sul,SP,2022,0
FMAC,Febre Maculosa,353120,Monte Alegre do Sul,SP,2023,0
FMAC,Febre Maculosa,353120,Monte Alegre do Sul,SP,2024,0
FMAC,Febre Maculosa,353120,Monte Alegre do Sul,SP,2025,0
FMAC,Febre Maculosa,353140,Monte Aprazivel,SP,2001,0
FMAC,Febre Maculosa,353140,Monte Aprazivel,SP,2006,0
FMAC,Febre Maculosa,353140,Monte Aprazivel,SP,2007,0
FMAC,Febre Maculosa,353140,Monte Aprazivel,SP,2008,0
FMAC,Febre Maculosa,353140,Monte Aprazivel,SP,2009,0
FMAC,Febre Maculosa,353140,Monte Aprazivel,SP,2010,0
FMAC,Febre Maculosa,353140,Monte Aprazivel,SP,2011,0
FMAC,Febre Maculosa,353140,Monte Aprazivel,SP,2012,0
FMAC,Febre Maculosa,353140,Monte Aprazivel,SP,2013,0
FMAC,Febre Maculosa,353140,Monte Aprazivel,SP,2014,0
FMAC,Febre Maculosa,353140,Monte Aprazivel,SP,2015,0
FMAC,Febre Maculosa,353140,Monte Aprazivel,SP,2016,0
FMAC,Febre Maculosa,353140,Monte Aprazivel,SP,2017,0
FMAC,Febre Maculosa,353140,Monte Aprazivel,SP,2018,0
FMAC,Febre Maculosa,353140,Monte Aprazivel,SP,2019,0
FMAC,Febre Maculosa,353140,Monte Aprazivel,SP,2020,0
FMAC,Febre Maculosa,353140,Monte Aprazivel,SP,2021,0
FMAC,Febre Maculosa,353140,Monte Aprazivel,SP,2022,0
FMAC,Febre Maculosa,353140,Monte Aprazivel,SP,2023,1
FMAC,Febre Maculosa,353140,Monte Aprazivel,SP,2024,0
FMAC,Febre Maculosa,353140,Monte Aprazivel,SP,2025,0
FMAC,Febre Maculosa,353200,Morungaba,SP,2001,0
FMAC,Febre Maculosa,353200,Morungaba,SP,2006,0
FMAC,Febre Maculosa,353200,Morungaba,SP,2007,0
FMAC,Febre Maculosa,353200,Morungaba,SP,2008,0
FMAC,Febre Maculosa,353200,Morungaba,SP,2009,0
FMAC,Febre Maculosa,353200,Morungaba,SP,2010,0
FMAC,Febre Maculosa,353200,Morungaba,SP,2011,0
FMAC,Febre Maculosa,353200,Morungaba,SP,2012,0
FMAC,Febre Maculosa,353200,Morungaba,SP,2013,0
FMAC,Febre Maculosa,353200,Morungaba,SP,2014,0
FMAC,Febre Maculosa,353200,Morungaba,SP,2015,0
FMAC,Febre Maculosa,353200,Morungaba,SP,2016,0
FMAC,Febre Maculosa,353200,Morungaba,SP,2017,0
FMAC,Febre Maculosa,353200,Morungaba,SP,2018,1
FMAC,Febre Maculosa,353200,Morungaba,SP,2019,0
FMAC,Febre Maculosa,353200,Morungaba,SP,2020,0
FMAC,Febre Maculosa,353200,Morungaba,SP,2021,0
FMAC,Febre Maculosa,353200,Morungaba,SP,2022,0
FMAC,Febre Maculosa,353200,Morungaba,SP,2023,1
FMAC,Febre Maculosa,353200,Morungaba,SP,2024,0
FMAC,Febre Maculosa,353200,Morungaba,SP,2025,0
FMAC,Febre Maculosa,353325,Novais,SP,2001,0
FMAC,Febre Maculosa,353325,Novais,SP,2006,0
FMAC,Febre Maculosa,353325,Novais,SP,2007,0
FMAC,Febre Maculosa,353325,Novais,SP,2008,0
FMAC,Febre Maculosa,353325,Novais,SP,2009,0
FMAC,Febre Maculosa,353325,Novais,SP,2010,0
FMAC,Febre Maculosa,353325,Novais,SP,2011,0
FMAC,Febre Maculosa,353325,Novais,SP,2012,0
FMAC,Febre Maculosa,353325,Novais,SP,2013,0
FMAC,Febre Maculosa,353325,Novais,SP,2014,0
FMAC,Febre Maculosa,353325,Novais,SP,2015,1
FMAC,Febre Maculosa,353325,Novais,SP,2016,0
FMAC,Febre Maculosa,353325,Novais,SP,2017,0
FMAC,Febre Maculosa,353325,Novais,SP,2018,0
FMAC,Febre Maculosa,353325,Novais,SP,2019,0
FMAC,Febre Maculosa,353325,Novais,SP,2020,0
FMAC,Febre Maculosa,353325,Novais,SP,2021,0
FMAC,Febre Maculosa,353325,Novais,SP,2022,0
FMAC,Febre Maculosa,353325,Novais,SP,2023,0
FMAC,Febre Maculosa,353325,Novais,SP,2024,0
FMAC,Febre Maculosa,353325,Novais,SP,2025,0
FMAC,Febre Maculosa,353340,Nova Odessa,SP,2001,0
FMAC,Febre Maculosa,353340,Nova Odessa,SP,2006,0
FMAC,Febre Maculosa,353340,Nova Odessa,SP,2007,0
FMAC,Febre Maculosa,353340,Nova Odessa,SP,2008,0
FMAC,Febre Maculosa,353340,Nova Odessa,SP,2009,0
FMAC,Febre Maculosa,353340,Nova Odessa,SP,2010,0
FMAC,Febre Maculosa,353340,Nova Odessa,SP,2011,1
FMAC,Febre Maculosa,353340,Nova Odessa,SP,2012,0
FMAC,Febre Maculosa,353340,Nova Odessa,SP,2013,0
FMAC,Febre Maculosa,353340,Nova Odessa,SP,2014,1
FMAC,Febre Maculosa,353340,Nova Odessa,SP,2015,1
FMAC,Febre Maculosa,353340,Nova Odessa,SP,2016,1
FMAC,Febre Maculosa,353340,Nova Odessa,SP,2017,0
FMAC,Febre Maculosa,353340,Nova Odessa,SP,2018,0
FMAC,Febre Maculosa,353340,Nova Odessa,SP,2019,0
FMAC,Febre Maculosa,353340,Nova Odessa,SP,2020,0
FMAC,Febre Maculosa,353340,Nova Odessa,SP,2021,1
FMAC,Febre Maculosa,353340,Nova Odessa,SP,2022,2
FMAC,Febre Maculosa,353340,Nova Odessa,SP,2023,1
FMAC,Febre Maculosa,353340,Nova Odessa,SP,2024,0
FMAC,Febre Maculosa,353340,Nova Odessa,SP,2025,0
FMAC,Febre Maculosa,353420,Orindiuva,SP,2001,0
FMAC,Febre Maculosa,353420,Orindiuva,SP,2006,0
FMAC,Febre Maculosa,353420,Orindiuva,SP,2007,0
FMAC,Febre Maculosa,353420,Orindiuva,SP,2008,0
FMAC,Febre Maculosa,353420,Orindiuva,SP,2009,0
FMAC,Febre Maculosa,353420,Orindiuva,SP,2010,0
FMAC,Febre Maculosa,353420,Orindiuva,SP,2011,0
FMAC,Febre Maculosa,353420,Orindiuva,SP,2012,0
FMAC,Febre Maculosa,353420,Orindiuva,SP,2013,0
FMAC,Febre Maculosa,353420,Orindiuva,SP,2014,0
FMAC,Febre Maculosa,353420,Orindiuva,SP,2015,0
FMAC,Febre Maculosa,353420,Orindiuva,SP,2016,0
FMAC,Febre Maculosa,353420,Orindiuva,SP,2017,0
FMAC,Febre Maculosa,353420,Orindiuva,SP,2018,0
FMAC,Febre Maculosa,353420,Orindiuva,SP,2019,0
FMAC,Febre Maculosa,353420,Orindiuva,SP,2020,0
FMAC,Febre Maculosa,353420,Orindiuva,SP,2021,0
FMAC,Febre Maculosa,353420,Orindiuva,SP,2022,0
FMAC,Febre Maculosa,353420,Orindiuva,SP,2023,0
FMAC,Febre Maculosa,353420,Orindiuva,SP,2024,0
FMAC,Febre Maculosa,353420,Orindiuva,SP,2025,1
FMAC,Febre Maculosa,353430,Orlandia,SP,2001,0
FMAC,Febre Maculosa,353430,Orlandia,SP,2006,0
FMAC,Febre Maculosa,353430,Orlandia,SP,2007,0
FMAC,Febre Maculosa,353430,Orlandia,SP,2008,1
FMAC,Febre Maculosa,353430,Orlandia,SP,2009,0
FMAC,Febre Maculosa,353430,Orlandia,SP,2010,0
FMAC,Febre Maculosa,353430,Orlandia,SP,2011,0
FMAC,Febre Maculosa,353430,Orlandia,SP,2012,0
FMAC,Febre Maculosa,353430,Orlandia,SP,2013,0
FMAC,Febre Maculosa,353430,Orlandia,SP,2014,0
FMAC,Febre Maculosa,353430,Orlandia,SP,2015,0
FMAC,Febre Maculosa,353430,Orlandia,SP,2016,0
FMAC,Febre Maculosa,353430,Orlandia,SP,2017,0
FMAC,Febre Maculosa,353430,Orlandia,SP,2018,0
FMAC,Febre Maculosa,353430,Orlandia,SP,2019,0
FMAC,Febre Maculosa,353430,Orlandia,SP,2020,0
FMAC,Febre Maculosa,353430,Orlandia,SP,2021,0
FMAC,Febre Maculosa,353430,Orlandia,SP,2022,0
FMAC,Febre Maculosa,353430,Orlandia,SP,2023,0
FMAC,Febre Maculosa,353430,Orlandia,SP,2024,0
FMAC,Febre Maculosa,353430,Orlandia,SP,2025,0
FMAC,Febre Maculosa,353460,Osvaldo Cruz,SP,2001,0
FMAC,Febre Maculosa,353460,Osvaldo Cruz,SP,2006,0
FMAC,Febre Maculosa,353460,Osvaldo Cruz,SP,2007,0
FMAC,Febre Maculosa,353460,Osvaldo Cruz,SP,2008,0
FMAC,Febre Maculosa,353460,Osvaldo Cruz,SP,2009,0
FMAC,Febre Maculosa,353460,Osvaldo Cruz,SP,2010,0
FMAC,Febre Maculosa,353460,Osvaldo Cruz,SP,2011,0
FMAC,Febre Maculosa,353460,Osvaldo Cruz,SP,2012,0
FMAC,Febre Maculosa,353460,Osvaldo Cruz,SP,2013,1
FMAC,Febre Maculosa,353460,Osvaldo Cruz,SP,2014,0
FMAC,Febre Maculosa,353460,Osvaldo Cruz,SP,2015,0
FMAC,Febre Maculosa,353460,Osvaldo Cruz,SP,2016,0
FMAC,Febre Maculosa,353460,Osvaldo Cruz,SP,2017,0
FMAC,Febre Maculosa,353460,Osvaldo Cruz,SP,2018,0
FMAC,Febre Maculosa,353460,Osvaldo Cruz,SP,2019,0
FMAC,Febre Maculosa,353460,Osvaldo Cruz,SP,2020,0
FMAC,Febre Maculosa,353460,Osvaldo Cruz,SP,2021,0
FMAC,Febre Maculosa,353460,Osvaldo Cruz,SP,2022,0
FMAC,Febre Maculosa,353460,Osvaldo Cruz,SP,2023,0
FMAC,Febre Maculosa,353460,Osvaldo Cruz,SP,2024,0
FMAC,Febre Maculosa,353460,Osvaldo Cruz,SP,2025,0
FMAC,Febre Maculosa,353470,Ourinhos,SP,2001,0
FMAC,Febre Maculosa,353470,Ourinhos,SP,2006,0
FMAC,Febre Maculosa,353470,Ourinhos,SP,2007,2
FMAC,Febre Maculosa,353470,Ourinhos,SP,2008,0
FMAC,Febre Maculosa,353470,Ourinhos,SP,2009,0
FMAC,Febre Maculosa,353470,Ourinhos,SP,2010,0
FMAC,Febre Maculosa,353470,Ourinhos,SP,2011,1
FMAC,Febre Maculosa,353470,Ourinhos,SP,2012,1
FMAC,Febre Maculosa,353470,Ourinhos,SP,2013,0
FMAC,Febre Maculosa,353470,Ourinhos,SP,2014,0
FMAC,Febre Maculosa,353470,Ourinhos,SP,2015,2
FMAC,Febre Maculosa,353470,Ourinhos,SP,2016,0
FMAC,Febre Maculosa,353470,Ourinhos,SP,2017,0
FMAC,Febre Maculosa,353470,Ourinhos,SP,2018,0
FMAC,Febre Maculosa,353470,Ourinhos,SP,2019,2
FMAC,Febre Maculosa,353470,Ourinhos,SP,2020,1
FMAC,Febre Maculosa,353470,Ourinhos,SP,2021,0
FMAC,Febre Maculosa,353470,Ourinhos,SP,2022,2
FMAC,Febre Maculosa,353470,Ourinhos,SP,2023,0
FMAC,Febre Maculosa,353470,Ourinhos,SP,2024,1
FMAC,Febre Maculosa,353470,Ourinhos,SP,2025,1
FMAC,Febre Maculosa,353550,Paraguacu Paulista,SP,2001,0
FMAC,Febre Maculosa,353550,Paraguacu Paulista,SP,2006,0
FMAC,Febre Maculosa,353550,Paraguacu Paulista,SP,2007,0
FMAC,Febre Maculosa,353550,Paraguacu Paulista,SP,2008,0
FMAC,Febre Maculosa,353550,Paraguacu Paulista,SP,2009,0
FMAC,Febre Maculosa,353550,Paraguacu Paulista,SP,2010,0
FMAC,Febre Maculosa,353550,Paraguacu Paulista,SP,2011,0
FMAC,Febre Maculosa,353550,Paraguacu Paulista,SP,2012,1
FMAC,Febre Maculosa,353550,Paraguacu Paulista,SP,2013,0
FMAC,Febre Maculosa,353550,Paraguacu Paulista,SP,2014,0
FMAC,Febre Maculosa,353550,Paraguacu Paulista,SP,2015,1
FMAC,Febre Maculosa,353550,Paraguacu Paulista,SP,2016,1
FMAC,Febre Maculosa,353550,Paraguacu Paulista,SP,2017,0
FMAC,Febre Maculosa,353550,Paraguacu Paulista,SP,2018,0
FMAC,Febre Maculosa,353550,Paraguacu Paulista,SP,2019,0
FMAC,Febre Maculosa,353550,Paraguacu Paulista,SP,2020,0
FMAC,Febre Maculosa,353550,Paraguacu Paulista,SP,2021,0
FMAC,Febre Maculosa,353550,Paraguacu Paulista,SP,2022,0
FMAC,Febre Maculosa,353550,Paraguacu Paulista,SP,2023,0
FMAC,Febre Maculosa,353550,Paraguacu Paulista,SP,2024,0
FMAC,Febre Maculosa,353550,Paraguacu Paulista,SP,2025,0
FMAC,Febre Maculosa,353620,Pariquera-acu,SP,2001,0
FMAC,Febre Maculosa,353620,Pariquera-acu,SP,2006,0
FMAC,Febre Maculosa,353620,Pariquera-acu,SP,2007,0
FMAC,Febre Maculosa,353620,Pariquera-acu,SP,2008,0
FMAC,Febre Maculosa,353620,Pariquera-acu,SP,2009,0
FMAC,Febre Maculosa,353620,Pariquera-acu,SP,2010,0
FMAC,Febre Maculosa,353620,Pariquera-acu,SP,2011,0
FMAC,Febre Maculosa,353620,Pariquera-acu,SP,2012,0
FMAC,Febre Maculosa,353620,Pariquera-acu,SP,2013,0
FMAC,Febre Maculosa,353620,Pariquera-acu,SP,2014,0
FMAC,Febre Maculosa,353620,Pariquera-acu,SP,2015,0
FMAC,Febre Maculosa,353620,Pariquera-acu,SP,2016,0
FMAC,Febre Maculosa,353620,Pariquera-acu,SP,2017,0
FMAC,Febre Maculosa,353620,Pariquera-acu,SP,2018,0
FMAC,Febre Maculosa,353620,Pariquera-acu,SP,2019,0
FMAC,Febre Maculosa,353620,Pariquera-acu,SP,2020,0
FMAC,Febre Maculosa,353620,Pariquera-acu,SP,2021,0
FMAC,Febre Maculosa,353620,Pariquera-acu,SP,2022,0
FMAC,Febre Maculosa,353620,Pariquera-acu,SP,2023,1
FMAC,Febre Maculosa,353620,Pariquera-acu,SP,2024,0
FMAC,Febre Maculosa,353620,Pariquera-acu,SP,2025,0
FMAC,Febre Maculosa,353650,Paulinia,SP,2001,0
FMAC,Febre Maculosa,353650,Paulinia,SP,2006,0
FMAC,Febre Maculosa,353650,Paulinia,SP,2007,0
FMAC,Febre Maculosa,353650,Paulinia,SP,2008,0
FMAC,Febre Maculosa,353650,Paulinia,SP,2009,0
FMAC,Febre Maculosa,353650,Paulinia,SP,2010,2
FMAC,Febre Maculosa,353650,Paulinia,SP,2011,0
FMAC,Febre Maculosa,353650,Paulinia,SP,2012,6
FMAC,Febre Maculosa,353650,Paulinia,SP,2013,0
FMAC,Febre Maculosa,353650,Paulinia,SP,2014,6
FMAC,Febre Maculosa,353650,Paulinia,SP,2015,0
FMAC,Febre Maculosa,353650,Paulinia,SP,2016,1
FMAC,Febre Maculosa,353650,Paulinia,SP,2017,0
FMAC,Febre Maculosa,353650,Paulinia,SP,2018,4
FMAC,Febre Maculosa,353650,Paulinia,SP,2019,0
FMAC,Febre Maculosa,353650,Paulinia,SP,2020,1
FMAC,Febre Maculosa,353650,Paulinia,SP,2021,2
FMAC,Febre Maculosa,353650,Paulinia,SP,2022,0
FMAC,Febre Maculosa,353650,Paulinia,SP,2023,2
FMAC,Febre Maculosa,353650,Paulinia,SP,2024,2
FMAC,Febre Maculosa,353650,Paulinia,SP,2025,0
FMAC,Febre Maculosa,353710,Pedreira,SP,2001,0
FMAC,Febre Maculosa,353710,Pedreira,SP,2006,0
FMAC,Febre Maculosa,353710,Pedreira,SP,2007,0
FMAC,Febre Maculosa,353710,Pedreira,SP,2008,0
FMAC,Febre Maculosa,353710,Pedreira,SP,2009,0
FMAC,Febre Maculosa,353710,Pedreira,SP,2010,0
FMAC,Febre Maculosa,353710,Pedreira,SP,2011,0
FMAC,Febre Maculosa,353710,Pedreira,SP,2012,0
FMAC,Febre Maculosa,353710,Pedreira,SP,2013,0
FMAC,Febre Maculosa,353710,Pedreira,SP,2014,1
FMAC,Febre Maculosa,353710,Pedreira,SP,2015,3
FMAC,Febre Maculosa,353710,Pedreira,SP,2016,0
FMAC,Febre Maculosa,353710,Pedreira,SP,2017,0
FMAC,Febre Maculosa,353710,Pedreira,SP,2018,6
FMAC,Febre Maculosa,353710,Pedreira,SP,2019,1
FMAC,Febre Maculosa,353710,Pedreira,SP,2020,1
FMAC,Febre Maculosa,353710,Pedreira,SP,2021,0
FMAC,Febre Maculosa,353710,Pedreira,SP,2022,0
FMAC,Febre Maculosa,353710,Pedreira,SP,2023,1
FMAC,Febre Maculosa,353710,Pedreira,SP,2024,0
FMAC,Febre Maculosa,353710,Pedreira,SP,2025,0
FMAC,Febre Maculosa,353720,Pedro de Toledo,SP,2001,0
FMAC,Febre Maculosa,353720,Pedro de Toledo,SP,2006,0
FMAC,Febre Maculosa,353720,Pedro de Toledo,SP,2007,0
FMAC,Febre Maculosa,353720,Pedro de Toledo,SP,2008,1
FMAC,Febre Maculosa,353720,Pedro de Toledo,SP,2009,0
FMAC,Febre Maculosa,353720,Pedro de Toledo,SP,2010,0
FMAC,Febre Maculosa,353720,Pedro de Toledo,SP,2011,1
FMAC,Febre Maculosa,353720,Pedro de Toledo,SP,2012,0
FMAC,Febre Maculosa,353720,Pedro de Toledo,SP,2013,0
FMAC,Febre Maculosa,353720,Pedro de Toledo,SP,2014,0
FMAC,Febre Maculosa,353720,Pedro de Toledo,SP,2015,0
FMAC,Febre Maculosa,353720,Pedro de Toledo,SP,2016,0
FMAC,Febre Maculosa,353720,Pedro de Toledo,SP,2017,0
FMAC,Febre Maculosa,353720,Pedro de Toledo,SP,2018,0
FMAC,Febre Maculosa,353720,Pedro de Toledo,SP,2019,0
FMAC,Febre Maculosa,353720,Pedro de Toledo,SP,2020,0
FMAC,Febre Maculosa,353720,Pedro de Toledo,SP,2021,0
FMAC,Febre Maculosa,353720,Pedro de Toledo,SP,2022,0
FMAC,Febre Maculosa,353720,Pedro de Toledo,SP,2023,0
FMAC,Febre Maculosa,353720,Pedro de Toledo,SP,2024,0
FMAC,Febre Maculosa,353720,Pedro de Toledo,SP,2025,0
FMAC,Febre Maculosa,353800,Pindamonhangaba,SP,2001,0
FMAC,Febre Maculosa,353800,Pindamonhangaba,SP,2006,0
FMAC,Febre Maculosa,353800,Pindamonhangaba,SP,2007,0
FMAC,Febre Maculosa,353800,Pindamonhangaba,SP,2008,0
FMAC,Febre Maculosa,353800,Pindamonhangaba,SP,2009,0
FMAC,Febre Maculosa,353800,Pindamonhangaba,SP,2010,0
FMAC,Febre Maculosa,353800,Pindamonhangaba,SP,2011,0
FMAC,Febre Maculosa,353800,Pindamonhangaba,SP,2012,0
FMAC,Febre Maculosa,353800,Pindamonhangaba,SP,2013,0
FMAC,Febre Maculosa,353800,Pindamonhangaba,SP,2014,0
FMAC,Febre Maculosa,353800,Pindamonhangaba,SP,2015,0
FMAC,Febre Maculosa,353800,Pindamonhangaba,SP,2016,0
FMAC,Febre Maculosa,353800,Pindamonhangaba,SP,2017,0
FMAC,Febre Maculosa,353800,Pindamonhangaba,SP,2018,1
FMAC,Febre Maculosa,353800,Pindamonhangaba,SP,2019,0
FMAC,Febre Maculosa,353800,Pindamonhangaba,SP,2020,0
FMAC,Febre Maculosa,353800,Pindamonhangaba,SP,2021,0
FMAC,Febre Maculosa,353800,Pindamonhangaba,SP,2022,0
FMAC,Febre Maculosa,353800,Pindamonhangaba,SP,2023,0
FMAC,Febre Maculosa,353800,Pindamonhangaba,SP,2024,0
FMAC,Febre Maculosa,353800,Pindamonhangaba,SP,2025,0
FMAC,Febre Maculosa,353820,Pinhalzinho,SP,2001,0
FMAC,Febre Maculosa,353820,Pinhalzinho,SP,2006,0
FMAC,Febre Maculosa,353820,Pinhalzinho,SP,2007,0
FMAC,Febre Maculosa,353820,Pinhalzinho,SP,2008,0
FMAC,Febre Maculosa,353820,Pinhalzinho,SP,2009,0
FMAC,Febre Maculosa,353820,Pinhalzinho,SP,2010,0
FMAC,Febre Maculosa,353820,Pinhalzinho,SP,2011,0
FMAC,Febre Maculosa,353820,Pinhalzinho,SP,2012,0
FMAC,Febre Maculosa,353820,Pinhalzinho,SP,2013,0
FMAC,Febre Maculosa,353820,Pinhalzinho,SP,2014,0
FMAC,Febre Maculosa,353820,Pinhalzinho,SP,2015,0
FMAC,Febre Maculosa,353820,Pinhalzinho,SP,2016,0
FMAC,Febre Maculosa,353820,Pinhalzinho,SP,2017,0
FMAC,Febre Maculosa,353820,Pinhalzinho,SP,2018,0
FMAC,Febre Maculosa,353820,Pinhalzinho,SP,2019,0
FMAC,Febre Maculosa,353820,Pinhalzinho,SP,2020,0
FMAC,Febre Maculosa,353820,Pinhalzinho,SP,2021,0
FMAC,Febre Maculosa,353820,Pinhalzinho,SP,2022,0
FMAC,Febre Maculosa,353820,Pinhalzinho,SP,2023,1
FMAC,Febre Maculosa,353820,Pinhalzinho,SP,2024,0
FMAC,Febre Maculosa,353820,Pinhalzinho,SP,2025,0
FMAC,Febre Maculosa,353870,Piracicaba,SP,2001,0
FMAC,Febre Maculosa,353870,Piracicaba,SP,2006,0
FMAC,Febre Maculosa,353870,Piracicaba,SP,2007,1
FMAC,Febre Maculosa,353870,Piracicaba,SP,2008,2
FMAC,Febre Maculosa,353870,Piracicaba,SP,2009,5
FMAC,Febre Maculosa,353870,Piracicaba,SP,2010,3
FMAC,Febre Maculosa,353870,Piracicaba,SP,2011,3
FMAC,Febre Maculosa,353870,Piracicaba,SP,2012,11
FMAC,Febre Maculosa,353870,Piracicaba,SP,2013,10
FMAC,Febre Maculosa,353870,Piracicaba,SP,2014,5
FMAC,Febre Maculosa,353870,Piracicaba,SP,2015,6
FMAC,Febre Maculosa,353870,Piracicaba,SP,2016,4
FMAC,Febre Maculosa,353870,Piracicaba,SP,2017,10
FMAC,Febre Maculosa,353870,Piracicaba,SP,2018,4
FMAC,Febre Maculosa,353870,Piracicaba,SP,2019,12
FMAC,Febre Maculosa,353870,Piracicaba,SP,2020,6
FMAC,Febre Maculosa,353870,Piracicaba,SP,2021,5
FMAC,Febre Maculosa,353870,Piracicaba,SP,2022,2
FMAC,Febre Maculosa,353870,Piracicaba,SP,2023,5
FMAC,Febre Maculosa,353870,Piracicaba,SP,2024,1
FMAC,Febre Maculosa,353870,Piracicaba,SP,2025,2
FMAC,Febre Maculosa,353880,Piraju,SP,2001,0
FMAC,Febre Maculosa,353880,Piraju,SP,2006,0
FMAC,Febre Maculosa,353880,Piraju,SP,2007,0
FMAC,Febre Maculosa,353880,Piraju,SP,2008,0
FMAC,Febre Maculosa,353880,Piraju,SP,2009,0
FMAC,Febre Maculosa,353880,Piraju,SP,2010,1
FMAC,Febre Maculosa,353880,Piraju,SP,2011,0
FMAC,Febre Maculosa,353880,Piraju,SP,2012,2
FMAC,Febre Maculosa,353880,Piraju,SP,2013,0
FMAC,Febre Maculosa,353880,Piraju,SP,2014,0
FMAC,Febre Maculosa,353880,Piraju,SP,2015,0
FMAC,Febre Maculosa,353880,Piraju,SP,2016,0
FMAC,Febre Maculosa,353880,Piraju,SP,2017,0
FMAC,Febre Maculosa,353880,Piraju,SP,2018,0
FMAC,Febre Maculosa,353880,Piraju,SP,2019,0
FMAC,Febre Maculosa,353880,Piraju,SP,2020,0
FMAC,Febre Maculosa,353880,Piraju,SP,2021,2
FMAC,Febre Maculosa,353880,Piraju,SP,2022,1
FMAC,Febre Maculosa,353880,Piraju,SP,2023,0
FMAC,Febre Maculosa,353880,Piraju,SP,2024,0
FMAC,Febre Maculosa,353880,Piraju,SP,2025,0
FMAC,Febre Maculosa,353910,Pirapora do Bom Jesus,SP,2001,0
FMAC,Febre Maculosa,353910,Pirapora do Bom Jesus,SP,2006,0
FMAC,Febre Maculosa,353910,Pirapora do Bom Jesus,SP,2007,0
FMAC,Febre Maculosa,353910,Pirapora do Bom Jesus,SP,2008,0
FMAC,Febre Maculosa,353910,Pirapora do Bom Jesus,SP,2009,0
FMAC,Febre Maculosa,353910,Pirapora do Bom Jesus,SP,2010,0
FMAC,Febre Maculosa,353910,Pirapora do Bom Jesus,SP,2011,0
FMAC,Febre Maculosa,353910,Pirapora do Bom Jesus,SP,2012,0
FMAC,Febre Maculosa,353910,Pirapora do Bom Jesus,SP,2013,0
FMAC,Febre Maculosa,353910,Pirapora do Bom Jesus,SP,2014,0
FMAC,Febre Maculosa,353910,Pirapora do Bom Jesus,SP,2015,2
FMAC,Febre Maculosa,353910,Pirapora do Bom Jesus,SP,2016,0
FMAC,Febre Maculosa,353910,Pirapora do Bom Jesus,SP,2017,0
FMAC,Febre Maculosa,353910,Pirapora do Bom Jesus,SP,2018,0
FMAC,Febre Maculosa,353910,Pirapora do Bom Jesus,SP,2019,0
FMAC,Febre Maculosa,353910,Pirapora do Bom Jesus,SP,2020,0
FMAC,Febre Maculosa,353910,Pirapora do Bom Jesus,SP,2021,0
FMAC,Febre Maculosa,353910,Pirapora do Bom Jesus,SP,2022,0
FMAC,Febre Maculosa,353910,Pirapora do Bom Jesus,SP,2023,0
FMAC,Febre Maculosa,353910,Pirapora do Bom Jesus,SP,2024,0
FMAC,Febre Maculosa,353910,Pirapora do Bom Jesus,SP,2025,0
FMAC,Febre Maculosa,353930,Pirassununga,SP,2001,0
FMAC,Febre Maculosa,353930,Pirassununga,SP,2006,0
FMAC,Febre Maculosa,353930,Pirassununga,SP,2007,0
FMAC,Febre Maculosa,353930,Pirassununga,SP,2008,0
FMAC,Febre Maculosa,353930,Pirassununga,SP,2009,0
FMAC,Febre Maculosa,353930,Pirassununga,SP,2010,0
FMAC,Febre Maculosa,353930,Pirassununga,SP,2011,0
FMAC,Febre Maculosa,353930,Pirassununga,SP,2012,0
FMAC,Febre Maculosa,353930,Pirassununga,SP,2013,0
FMAC,Febre Maculosa,353930,Pirassununga,SP,2014,0
FMAC,Febre Maculosa,353930,Pirassununga,SP,2015,0
FMAC,Febre Maculosa,353930,Pirassununga,SP,2016,0
FMAC,Febre Maculosa,353930,Pirassununga,SP,2017,0
FMAC,Febre Maculosa,353930,Pirassununga,SP,2018,0
FMAC,Febre Maculosa,353930,Pirassununga,SP,2019,0
FMAC,Febre Maculosa,353930,Pirassununga,SP,2020,0
FMAC,Febre Maculosa,353930,Pirassununga,SP,2021,0
FMAC,Febre Maculosa,353930,Pirassununga,SP,2022,0
FMAC,Febre Maculosa,353930,Pirassununga,SP,2023,0
FMAC,Febre Maculosa,353930,Pirassununga,SP,2024,1
FMAC,Febre Maculosa,353930,Pirassununga,SP,2025,0
FMAC,Febre Maculosa,354000,Pompeia,SP,2001,0
FMAC,Febre Maculosa,354000,Pompeia,SP,2006,0
FMAC,Febre Maculosa,354000,Pompeia,SP,2007,0
FMAC,Febre Maculosa,354000,Pompeia,SP,2008,0
FMAC,Febre Maculosa,354000,Pompeia,SP,2009,0
FMAC,Febre Maculosa,354000,Pompeia,SP,2010,0
FMAC,Febre Maculosa,354000,Pompeia,SP,2011,0
FMAC,Febre Maculosa,354000,Pompeia,SP,2012,1
FMAC,Febre Maculosa,354000,Pompeia,SP,2013,0
FMAC,Febre Maculosa,354000,Pompeia,SP,2014,0
FMAC,Febre Maculosa,354000,Pompeia,SP,2015,0
FMAC,Febre Maculosa,354000,Pompeia,SP,2016,0
FMAC,Febre Maculosa,354000,Pompeia,SP,2017,0
FMAC,Febre Maculosa,354000,Pompeia,SP,2018,0
FMAC,Febre Maculosa,354000,Pompeia,SP,2019,0
FMAC,Febre Maculosa,354000,Pompeia,SP,2020,0
FMAC,Febre Maculosa,354000,Pompeia,SP,2021,0
FMAC,Febre Maculosa,354000,Pompeia,SP,2022,0
FMAC,Febre Maculosa,354000,Pompeia,SP,2023,0
FMAC,Febre Maculosa,354000,Pompeia,SP,2024,0
FMAC,Febre Maculosa,354000,Pompeia,SP,2025,0
FMAC,Febre Maculosa,354060,Porto Feliz,SP,2001,0
FMAC,Febre Maculosa,354060,Porto Feliz,SP,2006,0
FMAC,Febre Maculosa,354060,Porto Feliz,SP,2007,0
FMAC,Febre Maculosa,354060,Porto Feliz,SP,2008,0
FMAC,Febre Maculosa,354060,Porto Feliz,SP,2009,0
FMAC,Febre Maculosa,354060,Porto Feliz,SP,2010,0
FMAC,Febre Maculosa,354060,Porto Feliz,SP,2011,0
FMAC,Febre Maculosa,354060,Porto Feliz,SP,2012,1
FMAC,Febre Maculosa,354060,Porto Feliz,SP,2013,0
FMAC,Febre Maculosa,354060,Porto Feliz,SP,2014,0
FMAC,Febre Maculosa,354060,Porto Feliz,SP,2015,1
FMAC,Febre Maculosa,354060,Porto Feliz,SP,2016,1
FMAC,Febre Maculosa,354060,Porto Feliz,SP,2017,2
FMAC,Febre Maculosa,354060,Porto Feliz,SP,2018,1
FMAC,Febre Maculosa,354060,Porto Feliz,SP,2019,1
FMAC,Febre Maculosa,354060,Porto Feliz,SP,2020,0
FMAC,Febre Maculosa,354060,Porto Feliz,SP,2021,4
FMAC,Febre Maculosa,354060,Porto Feliz,SP,2022,3
FMAC,Febre Maculosa,354060,Porto Feliz,SP,2023,1
FMAC,Febre Maculosa,354060,Porto Feliz,SP,2024,0
FMAC,Febre Maculosa,354060,Porto Feliz,SP,2025,0
FMAC,Febre Maculosa,354130,Presidente Epitacio,SP,2001,0
FMAC,Febre Maculosa,354130,Presidente Epitacio,SP,2006,0
FMAC,Febre Maculosa,354130,Presidente Epitacio,SP,2007,0
FMAC,Febre Maculosa,354130,Presidente Epitacio,SP,2008,0
FMAC,Febre Maculosa,354130,Presidente Epitacio,SP,2009,0
FMAC,Febre Maculosa,354130,Presidente Epitacio,SP,2010,0
FMAC,Febre Maculosa,354130,Presidente Epitacio,SP,2011,0
FMAC,Febre Maculosa,354130,Presidente Epitacio,SP,2012,1
FMAC,Febre Maculosa,354130,Presidente Epitacio,SP,2013,0
FMAC,Febre Maculosa,354130,Presidente Epitacio,SP,2014,0
FMAC,Febre Maculosa,354130,Presidente Epitacio,SP,2015,0
FMAC,Febre Maculosa,354130,Presidente Epitacio,SP,2016,0
FMAC,Febre Maculosa,354130,Presidente Epitacio,SP,2017,0
FMAC,Febre Maculosa,354130,Presidente Epitacio,SP,2018,0
FMAC,Febre Maculosa,354130,Presidente Epitacio,SP,2019,0
FMAC,Febre Maculosa,354130,Presidente Epitacio,SP,2020,0
FMAC,Febre Maculosa,354130,Presidente Epitacio,SP,2021,0
FMAC,Febre Maculosa,354130,Presidente Epitacio,SP,2022,0
FMAC,Febre Maculosa,354130,Presidente Epitacio,SP,2023,0
FMAC,Febre Maculosa,354130,Presidente Epitacio,SP,2024,0
FMAC,Febre Maculosa,354130,Presidente Epitacio,SP,2025,0
FMAC,Febre Maculosa,354140,Presidente Prudente,SP,2001,0
FMAC,Febre Maculosa,354140,Presidente Prudente,SP,2006,0
FMAC,Febre Maculosa,354140,Presidente Prudente,SP,2007,0
FMAC,Febre Maculosa,354140,Presidente Prudente,SP,2008,0
FMAC,Febre Maculosa,354140,Presidente Prudente,SP,2009,0
FMAC,Febre Maculosa,354140,Presidente Prudente,SP,2010,0
FMAC,Febre Maculosa,354140,Presidente Prudente,SP,2011,1
FMAC,Febre Maculosa,354140,Presidente Prudente,SP,2012,1
FMAC,Febre Maculosa,354140,Presidente Prudente,SP,2013,1
FMAC,Febre Maculosa,354140,Presidente Prudente,SP,2014,1
FMAC,Febre Maculosa,354140,Presidente Prudente,SP,2015,0
FMAC,Febre Maculosa,354140,Presidente Prudente,SP,2016,0
FMAC,Febre Maculosa,354140,Presidente Prudente,SP,2017,0
FMAC,Febre Maculosa,354140,Presidente Prudente,SP,2018,0
FMAC,Febre Maculosa,354140,Presidente Prudente,SP,2019,0
FMAC,Febre Maculosa,354140,Presidente Prudente,SP,2020,0
FMAC,Febre Maculosa,354140,Presidente Prudente,SP,2021,0
FMAC,Febre Maculosa,354140,Presidente Prudente,SP,2022,0
FMAC,Febre Maculosa,354140,Presidente Prudente,SP,2023,0
FMAC,Febre Maculosa,354140,Presidente Prudente,SP,2024,0
FMAC,Febre Maculosa,354140,Presidente Prudente,SP,2025,0
FMAC,Febre Maculosa,354210,Rafard,SP,2001,0
FMAC,Febre Maculosa,354210,Rafard,SP,2006,0
FMAC,Febre Maculosa,354210,Rafard,SP,2007,0
FMAC,Febre Maculosa,354210,Rafard,SP,2008,0
FMAC,Febre Maculosa,354210,Rafard,SP,2009,0
FMAC,Febre Maculosa,354210,Rafard,SP,2010,0
FMAC,Febre Maculosa,354210,Rafard,SP,2011,0
FMAC,Febre Maculosa,354210,Rafard,SP,2012,0
FMAC,Febre Maculosa,354210,Rafard,SP,2013,0
FMAC,Febre Maculosa,354210,Rafard,SP,2014,0
FMAC,Febre Maculosa,354210,Rafard,SP,2015,0
FMAC,Febre Maculosa,354210,Rafard,SP,2016,1
FMAC,Febre Maculosa,354210,Rafard,SP,2017,0
FMAC,Febre Maculosa,354210,Rafard,SP,2018,0
FMAC,Febre Maculosa,354210,Rafard,SP,2019,0
FMAC,Febre Maculosa,354210,Rafard,SP,2020,0
FMAC,Febre Maculosa,354210,Rafard,SP,2021,0
FMAC,Febre Maculosa,354210,Rafard,SP,2022,0
FMAC,Febre Maculosa,354210,Rafard,SP,2023,0
FMAC,Febre Maculosa,354210,Rafard,SP,2024,0
FMAC,Febre Maculosa,354210,Rafard,SP,2025,0
FMAC,Febre Maculosa,354220,Rancharia,SP,2001,0
FMAC,Febre Maculosa,354220,Rancharia,SP,2006,0
FMAC,Febre Maculosa,354220,Rancharia,SP,2007,0
FMAC,Febre Maculosa,354220,Rancharia,SP,2008,0
FMAC,Febre Maculosa,354220,Rancharia,SP,2009,0
FMAC,Febre Maculosa,354220,Rancharia,SP,2010,0
FMAC,Febre Maculosa,354220,Rancharia,SP,2011,0
FMAC,Febre Maculosa,354220,Rancharia,SP,2012,1
FMAC,Febre Maculosa,354220,Rancharia,SP,2013,0
FMAC,Febre Maculosa,354220,Rancharia,SP,2014,0
FMAC,Febre Maculosa,354220,Rancharia,SP,2015,2
FMAC,Febre Maculosa,354220,Rancharia,SP,2016,0
FMAC,Febre Maculosa,354220,Rancharia,SP,2017,0
FMAC,Febre Maculosa,354220,Rancharia,SP,2018,0
FMAC,Febre Maculosa,354220,Rancharia,SP,2019,0
FMAC,Febre Maculosa,354220,Rancharia,SP,2020,1
FMAC,Febre Maculosa,354220,Rancharia,SP,2021,0
FMAC,Febre Maculosa,354220,Rancharia,SP,2022,0
FMAC,Febre Maculosa,354220,Rancharia,SP,2023,1
FMAC,Febre Maculosa,354220,Rancharia,SP,2024,0
FMAC,Febre Maculosa,354220,Rancharia,SP,2025,0
FMAC,Febre Maculosa,354320,Ribeirao do Sul,SP,2001,0
FMAC,Febre Maculosa,354320,Ribeirao do Sul,SP,2006,0
FMAC,Febre Maculosa,354320,Ribeirao do Sul,SP,2007,0
FMAC,Febre Maculosa,354320,Ribeirao do Sul,SP,2008,0
FMAC,Febre Maculosa,354320,Ribeirao do Sul,SP,2009,0
FMAC,Febre Maculosa,354320,Ribeirao do Sul,SP,2010,0
FMAC,Febre Maculosa,354320,Ribeirao do Sul,SP,2011,0
FMAC,Febre Maculosa,354320,Ribeirao do Sul,SP,2012,0
FMAC,Febre Maculosa,354320,Ribeirao do Sul,SP,2013,0
FMAC,Febre Maculosa,354320,Ribeirao do Sul,SP,2014,0
FMAC,Febre Maculosa,354320,Ribeirao do Sul,SP,2015,0
FMAC,Febre Maculosa,354320,Ribeirao do Sul,SP,2016,0
FMAC,Febre Maculosa,354320,Ribeirao do Sul,SP,2017,0
FMAC,Febre Maculosa,354320,Ribeirao do Sul,SP,2018,0
FMAC,Febre Maculosa,354320,Ribeirao do Sul,SP,2019,2
FMAC,Febre Maculosa,354320,Ribeirao do Sul,SP,2020,0
FMAC,Febre Maculosa,354320,Ribeirao do Sul,SP,2021,1
FMAC,Febre Maculosa,354320,Ribeirao do Sul,SP,2022,0
FMAC,Febre Maculosa,354320,Ribeirao do Sul,SP,2023,0
FMAC,Febre Maculosa,354320,Ribeirao do Sul,SP,2024,1
FMAC,Febre Maculosa,354320,Ribeirao do Sul,SP,2025,0
FMAC,Febre Maculosa,354340,Ribeirao Preto,SP,2001,0
FMAC,Febre Maculosa,354340,Ribeirao Preto,SP,2006,0
FMAC,Febre Maculosa,354340,Ribeirao Preto,SP,2007,0
FMAC,Febre Maculosa,354340,Ribeirao Preto,SP,2008,0
FMAC,Febre Maculosa,354340,Ribeirao Preto,SP,2009,0
FMAC,Febre Maculosa,354340,Ribeirao Preto,SP,2010,0
FMAC,Febre Maculosa,354340,Ribeirao Preto,SP,2011,2
FMAC,Febre Maculosa,354340,Ribeirao Preto,SP,2012,0
FMAC,Febre Maculosa,354340,Ribeirao Preto,SP,2013,0
FMAC,Febre Maculosa,354340,Ribeirao Preto,SP,2014,0
FMAC,Febre Maculosa,354340,Ribeirao Preto,SP,2015,1
FMAC,Febre Maculosa,354340,Ribeirao Preto,SP,2016,0
FMAC,Febre Maculosa,354340,Ribeirao Preto,SP,2017,0
FMAC,Febre Maculosa,354340,Ribeirao Preto,SP,2018,1
FMAC,Febre Maculosa,354340,Ribeirao Preto,SP,2019,0
FMAC,Febre Maculosa,354340,Ribeirao Preto,SP,2020,0
FMAC,Febre Maculosa,354340,Ribeirao Preto,SP,2021,0
FMAC,Febre Maculosa,354340,Ribeirao Preto,SP,2022,0
FMAC,Febre Maculosa,354340,Ribeirao Preto,SP,2023,0
FMAC,Febre Maculosa,354340,Ribeirao Preto,SP,2024,0
FMAC,Febre Maculosa,354340,Ribeirao Preto,SP,2025,0
FMAC,Febre Maculosa,354390,Rio Claro,SP,2001,0
FMAC,Febre Maculosa,354390,Rio Claro,SP,2006,0
FMAC,Febre Maculosa,354390,Rio Claro,SP,2007,0
FMAC,Febre Maculosa,354390,Rio Claro,SP,2008,0
FMAC,Febre Maculosa,354390,Rio Claro,SP,2009,0
FMAC,Febre Maculosa,354390,Rio Claro,SP,2010,0
FMAC,Febre Maculosa,354390,Rio Claro,SP,2011,1
FMAC,Febre Maculosa,354390,Rio Claro,SP,2012,0
FMAC,Febre Maculosa,354390,Rio Claro,SP,2013,0
FMAC,Febre Maculosa,354390,Rio Claro,SP,2014,2
FMAC,Febre Maculosa,354390,Rio Claro,SP,2015,1
FMAC,Febre Maculosa,354390,Rio Claro,SP,2016,0
FMAC,Febre Maculosa,354390,Rio Claro,SP,2017,1
FMAC,Febre Maculosa,354390,Rio Claro,SP,2018,0
FMAC,Febre Maculosa,354390,Rio Claro,SP,2019,1
FMAC,Febre Maculosa,354390,Rio Claro,SP,2020,0
FMAC,Febre Maculosa,354390,Rio Claro,SP,2021,1
FMAC,Febre Maculosa,354390,Rio Claro,SP,2022,1
FMAC,Febre Maculosa,354390,Rio Claro,SP,2023,2
FMAC,Febre Maculosa,354390,Rio Claro,SP,2024,1
FMAC,Febre Maculosa,354390,Rio Claro,SP,2025,0
FMAC,Febre Maculosa,354400,Rio Das Pedras,SP,2001,0
FMAC,Febre Maculosa,354400,Rio Das Pedras,SP,2006,0
FMAC,Febre Maculosa,354400,Rio Das Pedras,SP,2007,0
FMAC,Febre Maculosa,354400,Rio Das Pedras,SP,2008,0
FMAC,Febre Maculosa,354400,Rio Das Pedras,SP,2009,0
FMAC,Febre Maculosa,354400,Rio Das Pedras,SP,2010,0
FMAC,Febre Maculosa,354400,Rio Das Pedras,SP,2011,0
FMAC,Febre Maculosa,354400,Rio Das Pedras,SP,2012,0
FMAC,Febre Maculosa,354400,Rio Das Pedras,SP,2013,1
FMAC,Febre Maculosa,354400,Rio Das Pedras,SP,2014,0
FMAC,Febre Maculosa,354400,Rio Das Pedras,SP,2015,0
FMAC,Febre Maculosa,354400,Rio Das Pedras,SP,2016,0
FMAC,Febre Maculosa,354400,Rio Das Pedras,SP,2017,0
FMAC,Febre Maculosa,354400,Rio Das Pedras,SP,2018,0
FMAC,Febre Maculosa,354400,Rio Das Pedras,SP,2019,0
FMAC,Febre Maculosa,354400,Rio Das Pedras,SP,2020,0
FMAC,Febre Maculosa,354400,Rio Das Pedras,SP,2021,0
FMAC,Febre Maculosa,354400,Rio Das Pedras,SP,2022,0
FMAC,Febre Maculosa,354400,Rio Das Pedras,SP,2023,0
FMAC,Febre Maculosa,354400,Rio Das Pedras,SP,2024,0
FMAC,Febre Maculosa,354400,Rio Das Pedras,SP,2025,0
FMAC,Febre Maculosa,354410,Rio Grande da Serra,SP,2001,0
FMAC,Febre Maculosa,354410,Rio Grande da Serra,SP,2006,0
FMAC,Febre Maculosa,354410,Rio Grande da Serra,SP,2007,0
FMAC,Febre Maculosa,354410,Rio Grande da Serra,SP,2008,0
FMAC,Febre Maculosa,354410,Rio Grande da Serra,SP,2009,0
FMAC,Febre Maculosa,354410,Rio Grande da Serra,SP,2010,0
FMAC,Febre Maculosa,354410,Rio Grande da Serra,SP,2011,0
FMAC,Febre Maculosa,354410,Rio Grande da Serra,SP,2012,0
FMAC,Febre Maculosa,354410,Rio Grande da Serra,SP,2013,0
FMAC,Febre Maculosa,354410,Rio Grande da Serra,SP,2014,0
FMAC,Febre Maculosa,354410,Rio Grande da Serra,SP,2015,0
FMAC,Febre Maculosa,354410,Rio Grande da Serra,SP,2016,0
FMAC,Febre Maculosa,354410,Rio Grande da Serra,SP,2017,0
FMAC,Febre Maculosa,354410,Rio Grande da Serra,SP,2018,0
FMAC,Febre Maculosa,354410,Rio Grande da Serra,SP,2019,0
FMAC,Febre Maculosa,354410,Rio Grande da Serra,SP,2020,0
FMAC,Febre Maculosa,354410,Rio Grande da Serra,SP,2021,0
FMAC,Febre Maculosa,354410,Rio Grande da Serra,SP,2022,0
FMAC,Febre Maculosa,354410,Rio Grande da Serra,SP,2023,0
FMAC,Febre Maculosa,354410,Rio Grande da Serra,SP,2024,0
FMAC,Febre Maculosa,354410,Rio Grande da Serra,SP,2025,3
FMAC,Febre Maculosa,354500,Salesopolis,SP,2001,0
FMAC,Febre Maculosa,354500,Salesopolis,SP,2006,0
FMAC,Febre Maculosa,354500,Salesopolis,SP,2007,0
FMAC,Febre Maculosa,354500,Salesopolis,SP,2008,0
FMAC,Febre Maculosa,354500,Salesopolis,SP,2009,0
FMAC,Febre Maculosa,354500,Salesopolis,SP,2010,0
FMAC,Febre Maculosa,354500,Salesopolis,SP,2011,0
FMAC,Febre Maculosa,354500,Salesopolis,SP,2012,0
FMAC,Febre Maculosa,354500,Salesopolis,SP,2013,0
FMAC,Febre Maculosa,354500,Salesopolis,SP,2014,0
FMAC,Febre Maculosa,354500,Salesopolis,SP,2015,0
FMAC,Febre Maculosa,354500,Salesopolis,SP,2016,0
FMAC,Febre Maculosa,354500,Salesopolis,SP,2017,0
FMAC,Febre Maculosa,354500,Salesopolis,SP,2018,0
FMAC,Febre Maculosa,354500,Salesopolis,SP,2019,0
FMAC,Febre Maculosa,354500,Salesopolis,SP,2020,0
FMAC,Febre Maculosa,354500,Salesopolis,SP,2021,0
FMAC,Febre Maculosa,354500,Salesopolis,SP,2022,0
FMAC,Febre Maculosa,354500,Salesopolis,SP,2023,0
FMAC,Febre Maculosa,354500,Salesopolis,SP,2024,0
FMAC,Febre Maculosa,354500,Salesopolis,SP,2025,1
FMAC,Febre Maculosa,354520,Salto,SP,2001,0
FMAC,Febre Maculosa,354520,Salto,SP,2006,0
FMAC,Febre Maculosa,354520,Salto,SP,2007,1
FMAC,Febre Maculosa,354520,Salto,SP,2008,0
FMAC,Febre Maculosa,354520,Salto,SP,2009,0
FMAC,Febre Maculosa,354520,Salto,SP,2010,0
FMAC,Febre Maculosa,354520,Salto,SP,2011,0
FMAC,Febre Maculosa,354520,Salto,SP,2012,0
FMAC,Febre Maculosa,354520,Salto,SP,2013,0
FMAC,Febre Maculosa,354520,Salto,SP,2014,2
FMAC,Febre Maculosa,354520,Salto,SP,2015,2
FMAC,Febre Maculosa,354520,Salto,SP,2016,0
FMAC,Febre Maculosa,354520,Salto,SP,2017,1
FMAC,Febre Maculosa,354520,Salto,SP,2018,0
FMAC,Febre Maculosa,354520,Salto,SP,2019,1
FMAC,Febre Maculosa,354520,Salto,SP,2020,1
FMAC,Febre Maculosa,354520,Salto,SP,2021,1
FMAC,Febre Maculosa,354520,Salto,SP,2022,0
FMAC,Febre Maculosa,354520,Salto,SP,2023,2
FMAC,Febre Maculosa,354520,Salto,SP,2024,3
FMAC,Febre Maculosa,354520,Salto,SP,2025,3
FMAC,Febre Maculosa,354540,Salto Grande,SP,2001,0
FMAC,Febre Maculosa,354540,Salto Grande,SP,2006,0
FMAC,Febre Maculosa,354540,Salto Grande,SP,2007,0
FMAC,Febre Maculosa,354540,Salto Grande,SP,2008,0
FMAC,Febre Maculosa,354540,Salto Grande,SP,2009,0
FMAC,Febre Maculosa,354540,Salto Grande,SP,2010,0
FMAC,Febre Maculosa,354540,Salto Grande,SP,2011,0
FMAC,Febre Maculosa,354540,Salto Grande,SP,2012,0
FMAC,Febre Maculosa,354540,Salto Grande,SP,2013,0
FMAC,Febre Maculosa,354540,Salto Grande,SP,2014,1
FMAC,Febre Maculosa,354540,Salto Grande,SP,2015,2
FMAC,Febre Maculosa,354540,Salto Grande,SP,2016,0
FMAC,Febre Maculosa,354540,Salto Grande,SP,2017,0
FMAC,Febre Maculosa,354540,Salto Grande,SP,2018,0
FMAC,Febre Maculosa,354540,Salto Grande,SP,2019,0
FMAC,Febre Maculosa,354540,Salto Grande,SP,2020,0
FMAC,Febre Maculosa,354540,Salto Grande,SP,2021,1
FMAC,Febre Maculosa,354540,Salto Grande,SP,2022,0
FMAC,Febre Maculosa,354540,Salto Grande,SP,2023,3
FMAC,Febre Maculosa,354540,Salto Grande,SP,2024,0
FMAC,Febre Maculosa,354540,Salto Grande,SP,2025,0
FMAC,Febre Maculosa,354580,Santa Barbara D'oeste,SP,2001,0
FMAC,Febre Maculosa,354580,Santa Barbara D'oeste,SP,2006,0
FMAC,Febre Maculosa,354580,Santa Barbara D'oeste,SP,2007,0
FMAC,Febre Maculosa,354580,Santa Barbara D'oeste,SP,2008,0
FMAC,Febre Maculosa,354580,Santa Barbara D'oeste,SP,2009,1
FMAC,Febre Maculosa,354580,Santa Barbara D'oeste,SP,2010,6
FMAC,Febre Maculosa,354580,Santa Barbara D'oeste,SP,2011,3
FMAC,Febre Maculosa,354580,Santa Barbara D'oeste,SP,2012,1
FMAC,Febre Maculosa,354580,Santa Barbara D'oeste,SP,2013,0
FMAC,Febre Maculosa,354580,Santa Barbara D'oeste,SP,2014,2
FMAC,Febre Maculosa,354580,Santa Barbara D'oeste,SP,2015,3
FMAC,Febre Maculosa,354580,Santa Barbara D'oeste,SP,2016,3
FMAC,Febre Maculosa,354580,Santa Barbara D'oeste,SP,2017,1
FMAC,Febre Maculosa,354580,Santa Barbara D'oeste,SP,2018,3
FMAC,Febre Maculosa,354580,Santa Barbara D'oeste,SP,2019,3
FMAC,Febre Maculosa,354580,Santa Barbara D'oeste,SP,2020,4
FMAC,Febre Maculosa,354580,Santa Barbara D'oeste,SP,2021,3
FMAC,Febre Maculosa,354580,Santa Barbara D'oeste,SP,2022,3
FMAC,Febre Maculosa,354580,Santa Barbara D'oeste,SP,2023,2
FMAC,Febre Maculosa,354580,Santa Barbara D'oeste,SP,2024,1
FMAC,Febre Maculosa,354580,Santa Barbara D'oeste,SP,2025,0
FMAC,Febre Maculosa,354620,Santa Cruz da Conceicao,SP,2001,0
FMAC,Febre Maculosa,354620,Santa Cruz da Conceicao,SP,2006,0
FMAC,Febre Maculosa,354620,Santa Cruz da Conceicao,SP,2007,0
FMAC,Febre Maculosa,354620,Santa Cruz da Conceicao,SP,2008,0
FMAC,Febre Maculosa,354620,Santa Cruz da Conceicao,SP,2009,0
FMAC,Febre Maculosa,354620,Santa Cruz da Conceicao,SP,2010,0
FMAC,Febre Maculosa,354620,Santa Cruz da Conceicao,SP,2011,0
FMAC,Febre Maculosa,354620,Santa Cruz da Conceicao,SP,2012,0
FMAC,Febre Maculosa,354620,Santa Cruz da Conceicao,SP,2013,0
FMAC,Febre Maculosa,354620,Santa Cruz da Conceicao,SP,2014,0
FMAC,Febre Maculosa,354620,Santa Cruz da Conceicao,SP,2015,0
FMAC,Febre Maculosa,354620,Santa Cruz da Conceicao,SP,2016,0
FMAC,Febre Maculosa,354620,Santa Cruz da Conceicao,SP,2017,0
FMAC,Febre Maculosa,354620,Santa Cruz da Conceicao,SP,2018,0
FMAC,Febre Maculosa,354620,Santa Cruz da Conceicao,SP,2019,0
FMAC,Febre Maculosa,354620,Santa Cruz da Conceicao,SP,2020,0
FMAC,Febre Maculosa,354620,Santa Cruz da Conceicao,SP,2021,1
FMAC,Febre Maculosa,354620,Santa Cruz da Conceicao,SP,2022,0
FMAC,Febre Maculosa,354620,Santa Cruz da Conceicao,SP,2023,0
FMAC,Febre Maculosa,354620,Santa Cruz da Conceicao,SP,2024,0
FMAC,Febre Maculosa,354620,Santa Cruz da Conceicao,SP,2025,0
FMAC,Febre Maculosa,354640,Santa Cruz do Rio Pardo,SP,2001,0
FMAC,Febre Maculosa,354640,Santa Cruz do Rio Pardo,SP,2006,0
FMAC,Febre Maculosa,354640,Santa Cruz do Rio Pardo,SP,2007,0
FMAC,Febre Maculosa,354640,Santa Cruz do Rio Pardo,SP,2008,0
FMAC,Febre Maculosa,354640,Santa Cruz do Rio Pardo,SP,2009,0
FMAC,Febre Maculosa,354640,Santa Cruz do Rio Pardo,SP,2010,0
FMAC,Febre Maculosa,354640,Santa Cruz do Rio Pardo,SP,2011,0
FMAC,Febre Maculosa,354640,Santa Cruz do Rio Pardo,SP,2012,0
FMAC,Febre Maculosa,354640,Santa Cruz do Rio Pardo,SP,2013,1
FMAC,Febre Maculosa,354640,Santa Cruz do Rio Pardo,SP,2014,0
FMAC,Febre Maculosa,354640,Santa Cruz do Rio Pardo,SP,2015,3
FMAC,Febre Maculosa,354640,Santa Cruz do Rio Pardo,SP,2016,1
FMAC,Febre Maculosa,354640,Santa Cruz do Rio Pardo,SP,2017,0
FMAC,Febre Maculosa,354640,Santa Cruz do Rio Pardo,SP,2018,0
FMAC,Febre Maculosa,354640,Santa Cruz do Rio Pardo,SP,2019,2
FMAC,Febre Maculosa,354640,Santa Cruz do Rio Pardo,SP,2020,0
FMAC,Febre Maculosa,354640,Santa Cruz do Rio Pardo,SP,2021,0
FMAC,Febre Maculosa,354640,Santa Cruz do Rio Pardo,SP,2022,1
FMAC,Febre Maculosa,354640,Santa Cruz do Rio Pardo,SP,2023,1
FMAC,Febre Maculosa,354640,Santa Cruz do Rio Pardo,SP,2024,0
FMAC,Febre Maculosa,354640,Santa Cruz do Rio Pardo,SP,2025,0
FMAC,Febre Maculosa,354670,Santa Gertrudes,SP,2001,0
FMAC,Febre Maculosa,354670,Santa Gertrudes,SP,2006,0
FMAC,Febre Maculosa,354670,Santa Gertrudes,SP,2007,0
FMAC,Febre Maculosa,354670,Santa Gertrudes,SP,2008,0
FMAC,Febre Maculosa,354670,Santa Gertrudes,SP,2009,0
FMAC,Febre Maculosa,354670,Santa Gertrudes,SP,2010,0
FMAC,Febre Maculosa,354670,Santa Gertrudes,SP,2011,0
FMAC,Febre Maculosa,354670,Santa Gertrudes,SP,2012,0
FMAC,Febre Maculosa,354670,Santa Gertrudes,SP,2013,1
FMAC,Febre Maculosa,354670,Santa Gertrudes,SP,2014,0
FMAC,Febre Maculosa,354670,Santa Gertrudes,SP,2015,1
FMAC,Febre Maculosa,354670,Santa Gertrudes,SP,2016,0
FMAC,Febre Maculosa,354670,Santa Gertrudes,SP,2017,0
FMAC,Febre Maculosa,354670,Santa Gertrudes,SP,2018,0
FMAC,Febre Maculosa,354670,Santa Gertrudes,SP,2019,1
FMAC,Febre Maculosa,354670,Santa Gertrudes,SP,2020,0
FMAC,Febre Maculosa,354670,Santa Gertrudes,SP,2021,0
FMAC,Febre Maculosa,354670,Santa Gertrudes,SP,2022,0
FMAC,Febre Maculosa,354670,Santa Gertrudes,SP,2023,0
FMAC,Febre Maculosa,354670,Santa Gertrudes,SP,2024,0
FMAC,Febre Maculosa,354670,Santa Gertrudes,SP,2025,0
FMAC,Febre Maculosa,354760,Santa Rosa de Viterbo,SP,2001,0
FMAC,Febre Maculosa,354760,Santa Rosa de Viterbo,SP,2006,0
FMAC,Febre Maculosa,354760,Santa Rosa de Viterbo,SP,2007,0
FMAC,Febre Maculosa,354760,Santa Rosa de Viterbo,SP,2008,0
FMAC,Febre Maculosa,354760,Santa Rosa de Viterbo,SP,2009,0
FMAC,Febre Maculosa,354760,Santa Rosa de Viterbo,SP,2010,0
FMAC,Febre Maculosa,354760,Santa Rosa de Viterbo,SP,2011,0
FMAC,Febre Maculosa,354760,Santa Rosa de Viterbo,SP,2012,0
FMAC,Febre Maculosa,354760,Santa Rosa de Viterbo,SP,2013,0
FMAC,Febre Maculosa,354760,Santa Rosa de Viterbo,SP,2014,0
FMAC,Febre Maculosa,354760,Santa Rosa de Viterbo,SP,2015,0
FMAC,Febre Maculosa,354760,Santa Rosa de Viterbo,SP,2016,0
FMAC,Febre Maculosa,354760,Santa Rosa de Viterbo,SP,2017,0
FMAC,Febre Maculosa,354760,Santa Rosa de Viterbo,SP,2018,0
FMAC,Febre Maculosa,354760,Santa Rosa de Viterbo,SP,2019,0
FMAC,Febre Maculosa,354760,Santa Rosa de Viterbo,SP,2020,1
FMAC,Febre Maculosa,354760,Santa Rosa de Viterbo,SP,2021,0
FMAC,Febre Maculosa,354760,Santa Rosa de Viterbo,SP,2022,0
FMAC,Febre Maculosa,354760,Santa Rosa de Viterbo,SP,2023,0
FMAC,Febre Maculosa,354760,Santa Rosa de Viterbo,SP,2024,0
FMAC,Febre Maculosa,354760,Santa Rosa de Viterbo,SP,2025,0
FMAC,Febre Maculosa,354780,Santo Andre,SP,2001,0
FMAC,Febre Maculosa,354780,Santo Andre,SP,2006,0
FMAC,Febre Maculosa,354780,Santo Andre,SP,2007,1
FMAC,Febre Maculosa,354780,Santo Andre,SP,2008,1
FMAC,Febre Maculosa,354780,Santo Andre,SP,2009,3
FMAC,Febre Maculosa,354780,Santo Andre,SP,2010,2
FMAC,Febre Maculosa,354780,Santo Andre,SP,2011,1
FMAC,Febre Maculosa,354780,Santo Andre,SP,2012,5
FMAC,Febre Maculosa,354780,Santo Andre,SP,2013,2
FMAC,Febre Maculosa,354780,Santo Andre,SP,2014,2
FMAC,Febre Maculosa,354780,Santo Andre,SP,2015,4
FMAC,Febre Maculosa,354780,Santo Andre,SP,2016,2
FMAC,Febre Maculosa,354780,Santo Andre,SP,2017,2
FMAC,Febre Maculosa,354780,Santo Andre,SP,2018,2
FMAC,Febre Maculosa,354780,Santo Andre,SP,2019,0
FMAC,Febre Maculosa,354780,Santo Andre,SP,2020,0
FMAC,Febre Maculosa,354780,Santo Andre,SP,2021,0
FMAC,Febre Maculosa,354780,Santo Andre,SP,2022,0
FMAC,Febre Maculosa,354780,Santo Andre,SP,2023,0
FMAC,Febre Maculosa,354780,Santo Andre,SP,2024,0
FMAC,Febre Maculosa,354780,Santo Andre,SP,2025,0
FMAC,Febre Maculosa,354800,Santo Antonio de Posse,SP,2001,0
FMAC,Febre Maculosa,354800,Santo Antonio de Posse,SP,2006,0
FMAC,Febre Maculosa,354800,Santo Antonio de Posse,SP,2007,0
FMAC,Febre Maculosa,354800,Santo Antonio de Posse,SP,2008,0
FMAC,Febre Maculosa,354800,Santo Antonio de Posse,SP,2009,0
FMAC,Febre Maculosa,354800,Santo Antonio de Posse,SP,2010,0
FMAC,Febre Maculosa,354800,Santo Antonio de Posse,SP,2011,0
FMAC,Febre Maculosa,354800,Santo Antonio de Posse,SP,2012,0
FMAC,Febre Maculosa,354800,Santo Antonio de Posse,SP,2013,0
FMAC,Febre Maculosa,354800,Santo Antonio de Posse,SP,2014,1
FMAC,Febre Maculosa,354800,Santo Antonio de Posse,SP,2015,0
FMAC,Febre Maculosa,354800,Santo Antonio de Posse,SP,2016,0
FMAC,Febre Maculosa,354800,Santo Antonio de Posse,SP,2017,0
FMAC,Febre Maculosa,354800,Santo Antonio de Posse,SP,2018,0
FMAC,Febre Maculosa,354800,Santo Antonio de Posse,SP,2019,0
FMAC,Febre Maculosa,354800,Santo Antonio de Posse,SP,2020,0
FMAC,Febre Maculosa,354800,Santo Antonio de Posse,SP,2021,0
FMAC,Febre Maculosa,354800,Santo Antonio de Posse,SP,2022,0
FMAC,Febre Maculosa,354800,Santo Antonio de Posse,SP,2023,0
FMAC,Febre Maculosa,354800,Santo Antonio de Posse,SP,2024,0
FMAC,Febre Maculosa,354800,Santo Antonio de Posse,SP,2025,0
FMAC,Febre Maculosa,354850,Santos,SP,2001,0
FMAC,Febre Maculosa,354850,Santos,SP,2006,0
FMAC,Febre Maculosa,354850,Santos,SP,2007,0
FMAC,Febre Maculosa,354850,Santos,SP,2008,1
FMAC,Febre Maculosa,354850,Santos,SP,2009,0
FMAC,Febre Maculosa,354850,Santos,SP,2010,0
FMAC,Febre Maculosa,354850,Santos,SP,2011,0
FMAC,Febre Maculosa,354850,Santos,SP,2012,0
FMAC,Febre Maculosa,354850,Santos,SP,2013,0
FMAC,Febre Maculosa,354850,Santos,SP,2014,0
FMAC,Febre Maculosa,354850,Santos,SP,2015,0
FMAC,Febre Maculosa,354850,Santos,SP,2016,0
FMAC,Febre Maculosa,354850,Santos,SP,2017,0
FMAC,Febre Maculosa,354850,Santos,SP,2018,0
FMAC,Febre Maculosa,354850,Santos,SP,2019,1
FMAC,Febre Maculosa,354850,Santos,SP,2020,0
FMAC,Febre Maculosa,354850,Santos,SP,2021,0
FMAC,Febre Maculosa,354850,Santos,SP,2022,0
FMAC,Febre Maculosa,354850,Santos,SP,2023,0
FMAC,Febre Maculosa,354850,Santos,SP,2024,0
FMAC,Febre Maculosa,354850,Santos,SP,2025,0
FMAC,Febre Maculosa,354870,Sao Bernardo do Campo,SP,2001,0
FMAC,Febre Maculosa,354870,Sao Bernardo do Campo,SP,2006,0
FMAC,Febre Maculosa,354870,Sao Bernardo do Campo,SP,2007,1
FMAC,Febre Maculosa,354870,Sao Bernardo do Campo,SP,2008,1
FMAC,Febre Maculosa,354870,Sao Bernardo do Campo,SP,2009,1
FMAC,Febre Maculosa,354870,Sao Bernardo do Campo,SP,2010,2
FMAC,Febre Maculosa,354870,Sao Bernardo do Campo,SP,2011,3
FMAC,Febre Maculosa,354870,Sao Bernardo do Campo,SP,2012,0
FMAC,Febre Maculosa,354870,Sao Bernardo do Campo,SP,2013,1
FMAC,Febre Maculosa,354870,Sao Bernardo do Campo,SP,2014,2
FMAC,Febre Maculosa,354870,Sao Bernardo do Campo,SP,2015,2
FMAC,Febre Maculosa,354870,Sao Bernardo do Campo,SP,2016,3
FMAC,Febre Maculosa,354870,Sao Bernardo do Campo,SP,2017,2
FMAC,Febre Maculosa,354870,Sao Bernardo do Campo,SP,2018,0
FMAC,Febre Maculosa,354870,Sao Bernardo do Campo,SP,2019,1
FMAC,Febre Maculosa,354870,Sao Bernardo do Campo,SP,2020,4
FMAC,Febre Maculosa,354870,Sao Bernardo do Campo,SP,2021,0
FMAC,Febre Maculosa,354870,Sao Bernardo do Campo,SP,2022,0
FMAC,Febre Maculosa,354870,Sao Bernardo do Campo,SP,2023,0
FMAC,Febre Maculosa,354870,Sao Bernardo do Campo,SP,2024,1
FMAC,Febre Maculosa,354870,Sao Bernardo do Campo,SP,2025,0
FMAC,Febre Maculosa,354880,Sao Caetano do Sul,SP,2001,0
FMAC,Febre Maculosa,354880,Sao Caetano do Sul,SP,2006,0
FMAC,Febre Maculosa,354880,Sao Caetano do Sul,SP,2007,0
FMAC,Febre Maculosa,354880,Sao Caetano do Sul,SP,2008,0
FMAC,Febre Maculosa,354880,Sao Caetano do Sul,SP,2009,0
FMAC,Febre Maculosa,354880,Sao Caetano do Sul,SP,2010,0
FMAC,Febre Maculosa,354880,Sao Caetano do Sul,SP,2011,0
FMAC,Febre Maculosa,354880,Sao Caetano do Sul,SP,2012,0
FMAC,Febre Maculosa,354880,Sao Caetano do Sul,SP,2013,0
FMAC,Febre Maculosa,354880,Sao Caetano do Sul,SP,2014,0
FMAC,Febre Maculosa,354880,Sao Caetano do Sul,SP,2015,1
FMAC,Febre Maculosa,354880,Sao Caetano do Sul,SP,2016,0
FMAC,Febre Maculosa,354880,Sao Caetano do Sul,SP,2017,0
FMAC,Febre Maculosa,354880,Sao Caetano do Sul,SP,2018,0
FMAC,Febre Maculosa,354880,Sao Caetano do Sul,SP,2019,0
FMAC,Febre Maculosa,354880,Sao Caetano do Sul,SP,2020,0
FMAC,Febre Maculosa,354880,Sao Caetano do Sul,SP,2021,0
FMAC,Febre Maculosa,354880,Sao Caetano do Sul,SP,2022,0
FMAC,Febre Maculosa,354880,Sao Caetano do Sul,SP,2023,0
FMAC,Febre Maculosa,354880,Sao Caetano do Sul,SP,2024,0
FMAC,Febre Maculosa,354880,Sao Caetano do Sul,SP,2025,0
FMAC,Febre Maculosa,354890,Sao Carlos,SP,2001,0
FMAC,Febre Maculosa,354890,Sao Carlos,SP,2006,0
FMAC,Febre Maculosa,354890,Sao Carlos,SP,2007,0
FMAC,Febre Maculosa,354890,Sao Carlos,SP,2008,0
FMAC,Febre Maculosa,354890,Sao Carlos,SP,2009,0
FMAC,Febre Maculosa,354890,Sao Carlos,SP,2010,0
FMAC,Febre Maculosa,354890,Sao Carlos,SP,2011,0
FMAC,Febre Maculosa,354890,Sao Carlos,SP,2012,0
FMAC,Febre Maculosa,354890,Sao Carlos,SP,2013,0
FMAC,Febre Maculosa,354890,Sao Carlos,SP,2014,0
FMAC,Febre Maculosa,354890,Sao Carlos,SP,2015,0
FMAC,Febre Maculosa,354890,Sao Carlos,SP,2016,0
FMAC,Febre Maculosa,354890,Sao Carlos,SP,2017,0
FMAC,Febre Maculosa,354890,Sao Carlos,SP,2018,0
FMAC,Febre Maculosa,354890,Sao Carlos,SP,2019,0
FMAC,Febre Maculosa,354890,Sao Carlos,SP,2020,0
FMAC,Febre Maculosa,354890,Sao Carlos,SP,2021,1
FMAC,Febre Maculosa,354890,Sao Carlos,SP,2022,0
FMAC,Febre Maculosa,354890,Sao Carlos,SP,2023,0
FMAC,Febre Maculosa,354890,Sao Carlos,SP,2024,0
FMAC,Febre Maculosa,354890,Sao Carlos,SP,2025,0
FMAC,Febre Maculosa,354910,Sao Joao da Boa Vista,SP,2001,0
FMAC,Febre Maculosa,354910,Sao Joao da Boa Vista,SP,2006,0
FMAC,Febre Maculosa,354910,Sao Joao da Boa Vista,SP,2007,0
FMAC,Febre Maculosa,354910,Sao Joao da Boa Vista,SP,2008,0
FMAC,Febre Maculosa,354910,Sao Joao da Boa Vista,SP,2009,0
FMAC,Febre Maculosa,354910,Sao Joao da Boa Vista,SP,2010,0
FMAC,Febre Maculosa,354910,Sao Joao da Boa Vista,SP,2011,0
FMAC,Febre Maculosa,354910,Sao Joao da Boa Vista,SP,2012,0
FMAC,Febre Maculosa,354910,Sao Joao da Boa Vista,SP,2013,0
FMAC,Febre Maculosa,354910,Sao Joao da Boa Vista,SP,2014,0
FMAC,Febre Maculosa,354910,Sao Joao da Boa Vista,SP,2015,0
FMAC,Febre Maculosa,354910,Sao Joao da Boa Vista,SP,2016,0
FMAC,Febre Maculosa,354910,Sao Joao da Boa Vista,SP,2017,0
FMAC,Febre Maculosa,354910,Sao Joao da Boa Vista,SP,2018,0
FMAC,Febre Maculosa,354910,Sao Joao da Boa Vista,SP,2019,0
FMAC,Febre Maculosa,354910,Sao Joao da Boa Vista,SP,2020,0
FMAC,Febre Maculosa,354910,Sao Joao da Boa Vista,SP,2021,0
FMAC,Febre Maculosa,354910,Sao Joao da Boa Vista,SP,2022,0
FMAC,Febre Maculosa,354910,Sao Joao da Boa Vista,SP,2023,3
FMAC,Febre Maculosa,354910,Sao Joao da Boa Vista,SP,2024,0
FMAC,Febre Maculosa,354910,Sao Joao da Boa Vista,SP,2025,0
FMAC,Febre Maculosa,354980,Sao Jose do Rio Preto,SP,2001,0
FMAC,Febre Maculosa,354980,Sao Jose do Rio Preto,SP,2006,0
FMAC,Febre Maculosa,354980,Sao Jose do Rio Preto,SP,2007,0
FMAC,Febre Maculosa,354980,Sao Jose do Rio Preto,SP,2008,0
FMAC,Febre Maculosa,354980,Sao Jose do Rio Preto,SP,2009,0
FMAC,Febre Maculosa,354980,Sao Jose do Rio Preto,SP,2010,0
FMAC,Febre Maculosa,354980,Sao Jose do Rio Preto,SP,2011,0
FMAC,Febre Maculosa,354980,Sao Jose do Rio Preto,SP,2012,0
FMAC,Febre Maculosa,354980,Sao Jose do Rio Preto,SP,2013,0
FMAC,Febre Maculosa,354980,Sao Jose do Rio Preto,SP,2014,0
FMAC,Febre Maculosa,354980,Sao Jose do Rio Preto,SP,2015,0
FMAC,Febre Maculosa,354980,Sao Jose do Rio Preto,SP,2016,0
FMAC,Febre Maculosa,354980,Sao Jose do Rio Preto,SP,2017,0
FMAC,Febre Maculosa,354980,Sao Jose do Rio Preto,SP,2018,0
FMAC,Febre Maculosa,354980,Sao Jose do Rio Preto,SP,2019,0
FMAC,Febre Maculosa,354980,Sao Jose do Rio Preto,SP,2020,0
FMAC,Febre Maculosa,354980,Sao Jose do Rio Preto,SP,2021,0
FMAC,Febre Maculosa,354980,Sao Jose do Rio Preto,SP,2022,0
FMAC,Febre Maculosa,354980,Sao Jose do Rio Preto,SP,2023,1
FMAC,Febre Maculosa,354980,Sao Jose do Rio Preto,SP,2024,0
FMAC,Febre Maculosa,354980,Sao Jose do Rio Preto,SP,2025,1
FMAC,Febre Maculosa,354990,Sao Jose Dos Campos,SP,2001,0
FMAC,Febre Maculosa,354990,Sao Jose Dos Campos,SP,2006,0
FMAC,Febre Maculosa,354990,Sao Jose Dos Campos,SP,2007,0
FMAC,Febre Maculosa,354990,Sao Jose Dos Campos,SP,2008,1
FMAC,Febre Maculosa,354990,Sao Jose Dos Campos,SP,2009,0
FMAC,Febre Maculosa,354990,Sao Jose Dos Campos,SP,2010,0
FMAC,Febre Maculosa,354990,Sao Jose Dos Campos,SP,2011,0
FMAC,Febre Maculosa,354990,Sao Jose Dos Campos,SP,2012,0
FMAC,Febre Maculosa,354990,Sao Jose Dos Campos,SP,2013,2
FMAC,Febre Maculosa,354990,Sao Jose Dos Campos,SP,2014,1
FMAC,Febre Maculosa,354990,Sao Jose Dos Campos,SP,2015,1
FMAC,Febre Maculosa,354990,Sao Jose Dos Campos,SP,2016,1
FMAC,Febre Maculosa,354990,Sao Jose Dos Campos,SP,2017,1
FMAC,Febre Maculosa,354990,Sao Jose Dos Campos,SP,2018,7
FMAC,Febre Maculosa,354990,Sao Jose Dos Campos,SP,2019,0
FMAC,Febre Maculosa,354990,Sao Jose Dos Campos,SP,2020,5
FMAC,Febre Maculosa,354990,Sao Jose Dos Campos,SP,2021,1
FMAC,Febre Maculosa,354990,Sao Jose Dos Campos,SP,2022,0
FMAC,Febre Maculosa,354990,Sao Jose Dos Campos,SP,2023,3
FMAC,Febre Maculosa,354990,Sao Jose Dos Campos,SP,2024,2
FMAC,Febre Maculosa,354990,Sao Jose Dos Campos,SP,2025,0
FMAC,Febre Maculosa,355010,Sao Manuel,SP,2001,0
FMAC,Febre Maculosa,355010,Sao Manuel,SP,2006,0
FMAC,Febre Maculosa,355010,Sao Manuel,SP,2007,0
FMAC,Febre Maculosa,355010,Sao Manuel,SP,2008,0
FMAC,Febre Maculosa,355010,Sao Manuel,SP,2009,0
FMAC,Febre Maculosa,355010,Sao Manuel,SP,2010,0
FMAC,Febre Maculosa,355010,Sao Manuel,SP,2011,0
FMAC,Febre Maculosa,355010,Sao Manuel,SP,2012,0
FMAC,Febre Maculosa,355010,Sao Manuel,SP,2013,0
FMAC,Febre Maculosa,355010,Sao Manuel,SP,2014,0
FMAC,Febre Maculosa,355010,Sao Manuel,SP,2015,0
FMAC,Febre Maculosa,355010,Sao Manuel,SP,2016,0
FMAC,Febre Maculosa,355010,Sao Manuel,SP,2017,0
FMAC,Febre Maculosa,355010,Sao Manuel,SP,2018,0
FMAC,Febre Maculosa,355010,Sao Manuel,SP,2019,0
FMAC,Febre Maculosa,355010,Sao Manuel,SP,2020,0
FMAC,Febre Maculosa,355010,Sao Manuel,SP,2021,0
FMAC,Febre Maculosa,355010,Sao Manuel,SP,2022,0
FMAC,Febre Maculosa,355010,Sao Manuel,SP,2023,2
FMAC,Febre Maculosa,355010,Sao Manuel,SP,2024,0
FMAC,Febre Maculosa,355010,Sao Manuel,SP,2025,0
FMAC,Febre Maculosa,355030,Sao Paulo,SP,2001,0
FMAC,Febre Maculosa,355030,Sao Paulo,SP,2006,0
FMAC,Febre Maculosa,355030,Sao Paulo,SP,2007,2
FMAC,Febre Maculosa,355030,Sao Paulo,SP,2008,7
FMAC,Febre Maculosa,355030,Sao Paulo,SP,2009,6
FMAC,Febre Maculosa,355030,Sao Paulo,SP,2010,7
FMAC,Febre Maculosa,355030,Sao Paulo,SP,2011,8
FMAC,Febre Maculosa,355030,Sao Paulo,SP,2012,7
FMAC,Febre Maculosa,355030,Sao Paulo,SP,2013,4
FMAC,Febre Maculosa,355030,Sao Paulo,SP,2014,3
FMAC,Febre Maculosa,355030,Sao Paulo,SP,2015,2
FMAC,Febre Maculosa,355030,Sao Paulo,SP,2016,2
FMAC,Febre Maculosa,355030,Sao Paulo,SP,2017,2
FMAC,Febre Maculosa,355030,Sao Paulo,SP,2018,7
FMAC,Febre Maculosa,355030,Sao Paulo,SP,2019,5
FMAC,Febre Maculosa,355030,Sao Paulo,SP,2020,5
FMAC,Febre Maculosa,355030,Sao Paulo,SP,2021,2
FMAC,Febre Maculosa,355030,Sao Paulo,SP,2022,2
FMAC,Febre Maculosa,355030,Sao Paulo,SP,2023,5
FMAC,Febre Maculosa,355030,Sao Paulo,SP,2024,2
FMAC,Febre Maculosa,355030,Sao Paulo,SP,2025,5
FMAC,Febre Maculosa,355040,Sao Pedro,SP,2001,0
FMAC,Febre Maculosa,355040,Sao Pedro,SP,2006,0
FMAC,Febre Maculosa,355040,Sao Pedro,SP,2007,0
FMAC,Febre Maculosa,355040,Sao Pedro,SP,2008,0
FMAC,Febre Maculosa,355040,Sao Pedro,SP,2009,0
FMAC,Febre Maculosa,355040,Sao Pedro,SP,2010,0
FMAC,Febre Maculosa,355040,Sao Pedro,SP,2011,0
FMAC,Febre Maculosa,355040,Sao Pedro,SP,2012,0
FMAC,Febre Maculosa,355040,Sao Pedro,SP,2013,0
FMAC,Febre Maculosa,355040,Sao Pedro,SP,2014,0
FMAC,Febre Maculosa,355040,Sao Pedro,SP,2015,0
FMAC,Febre Maculosa,355040,Sao Pedro,SP,2016,0
FMAC,Febre Maculosa,355040,Sao Pedro,SP,2017,0
FMAC,Febre Maculosa,355040,Sao Pedro,SP,2018,1
FMAC,Febre Maculosa,355040,Sao Pedro,SP,2019,0
FMAC,Febre Maculosa,355040,Sao Pedro,SP,2020,0
FMAC,Febre Maculosa,355040,Sao Pedro,SP,2021,0
FMAC,Febre Maculosa,355040,Sao Pedro,SP,2022,0
FMAC,Febre Maculosa,355040,Sao Pedro,SP,2023,0
FMAC,Febre Maculosa,355040,Sao Pedro,SP,2024,1
FMAC,Febre Maculosa,355040,Sao Pedro,SP,2025,0
FMAC,Febre Maculosa,355060,Sao Roque,SP,2001,0
FMAC,Febre Maculosa,355060,Sao Roque,SP,2006,0
FMAC,Febre Maculosa,355060,Sao Roque,SP,2007,0
FMAC,Febre Maculosa,355060,Sao Roque,SP,2008,0
FMAC,Febre Maculosa,355060,Sao Roque,SP,2009,1
FMAC,Febre Maculosa,355060,Sao Roque,SP,2010,0
FMAC,Febre Maculosa,355060,Sao Roque,SP,2011,0
FMAC,Febre Maculosa,355060,Sao Roque,SP,2012,0
FMAC,Febre Maculosa,355060,Sao Roque,SP,2013,0
FMAC,Febre Maculosa,355060,Sao Roque,SP,2014,0
FMAC,Febre Maculosa,355060,Sao Roque,SP,2015,0
FMAC,Febre Maculosa,355060,Sao Roque,SP,2016,0
FMAC,Febre Maculosa,355060,Sao Roque,SP,2017,0
FMAC,Febre Maculosa,355060,Sao Roque,SP,2018,0
FMAC,Febre Maculosa,355060,Sao Roque,SP,2019,0
FMAC,Febre Maculosa,355060,Sao Roque,SP,2020,0
FMAC,Febre Maculosa,355060,Sao Roque,SP,2021,0
FMAC,Febre Maculosa,355060,Sao Roque,SP,2022,0
FMAC,Febre Maculosa,355060,Sao Roque,SP,2023,0
FMAC,Febre Maculosa,355060,Sao Roque,SP,2024,0
FMAC,Febre Maculosa,355060,Sao Roque,SP,2025,0
FMAC,Febre Maculosa,355070,Sao Sebastiao,SP,2001,0
FMAC,Febre Maculosa,355070,Sao Sebastiao,SP,2006,0
FMAC,Febre Maculosa,355070,Sao Sebastiao,SP,2007,0
FMAC,Febre Maculosa,355070,Sao Sebastiao,SP,2008,0
FMAC,Febre Maculosa,355070,Sao Sebastiao,SP,2009,1
FMAC,Febre Maculosa,355070,Sao Sebastiao,SP,2010,0
FMAC,Febre Maculosa,355070,Sao Sebastiao,SP,2011,1
FMAC,Febre Maculosa,355070,Sao Sebastiao,SP,2012,0
FMAC,Febre Maculosa,355070,Sao Sebastiao,SP,2013,0
FMAC,Febre Maculosa,355070,Sao Sebastiao,SP,2014,0
FMAC,Febre Maculosa,355070,Sao Sebastiao,SP,2015,0
FMAC,Febre Maculosa,355070,Sao Sebastiao,SP,2016,0
FMAC,Febre Maculosa,355070,Sao Sebastiao,SP,2017,0
FMAC,Febre Maculosa,355070,Sao Sebastiao,SP,2018,0
FMAC,Febre Maculosa,355070,Sao Sebastiao,SP,2019,0
FMAC,Febre Maculosa,355070,Sao Sebastiao,SP,2020,0
FMAC,Febre Maculosa,355070,Sao Sebastiao,SP,2021,0
FMAC,Febre Maculosa,355070,Sao Sebastiao,SP,2022,0
FMAC,Febre Maculosa,355070,Sao Sebastiao,SP,2023,1
FMAC,Febre Maculosa,355070,Sao Sebastiao,SP,2024,1
FMAC,Febre Maculosa,355070,Sao Sebastiao,SP,2025,0
FMAC,Febre Maculosa,355140,Serra Azul,SP,2001,0
FMAC,Febre Maculosa,355140,Serra Azul,SP,2006,0
FMAC,Febre Maculosa,355140,Serra Azul,SP,2007,0
FMAC,Febre Maculosa,355140,Serra Azul,SP,2008,0
FMAC,Febre Maculosa,355140,Serra Azul,SP,2009,0
FMAC,Febre Maculosa,355140,Serra Azul,SP,2010,0
FMAC,Febre Maculosa,355140,Serra Azul,SP,2011,0
FMAC,Febre Maculosa,355140,Serra Azul,SP,2012,0
FMAC,Febre Maculosa,355140,Serra Azul,SP,2013,0
FMAC,Febre Maculosa,355140,Serra Azul,SP,2014,0
FMAC,Febre Maculosa,355140,Serra Azul,SP,2015,1
FMAC,Febre Maculosa,355140,Serra Azul,SP,2016,0
FMAC,Febre Maculosa,355140,Serra Azul,SP,2017,0
FMAC,Febre Maculosa,355140,Serra Azul,SP,2018,0
FMAC,Febre Maculosa,355140,Serra Azul,SP,2019,0
FMAC,Febre Maculosa,355140,Serra Azul,SP,2020,0
FMAC,Febre Maculosa,355140,Serra Azul,SP,2021,0
FMAC,Febre Maculosa,355140,Serra Azul,SP,2022,0
FMAC,Febre Maculosa,355140,Serra Azul,SP,2023,0
FMAC,Febre Maculosa,355140,Serra Azul,SP,2024,0
FMAC,Febre Maculosa,355140,Serra Azul,SP,2025,0
FMAC,Febre Maculosa,355150,Serrana,SP,2001,0
FMAC,Febre Maculosa,355150,Serrana,SP,2006,0
FMAC,Febre Maculosa,355150,Serrana,SP,2007,0
FMAC,Febre Maculosa,355150,Serrana,SP,2008,0
FMAC,Febre Maculosa,355150,Serrana,SP,2009,0
FMAC,Febre Maculosa,355150,Serrana,SP,2010,0
FMAC,Febre Maculosa,355150,Serrana,SP,2011,0
FMAC,Febre Maculosa,355150,Serrana,SP,2012,0
FMAC,Febre Maculosa,355150,Serrana,SP,2013,0
FMAC,Febre Maculosa,355150,Serrana,SP,2014,0
FMAC,Febre Maculosa,355150,Serrana,SP,2015,0
FMAC,Febre Maculosa,355150,Serrana,SP,2016,0
FMAC,Febre Maculosa,355150,Serrana,SP,2017,0
FMAC,Febre Maculosa,355150,Serrana,SP,2018,0
FMAC,Febre Maculosa,355150,Serrana,SP,2019,0
FMAC,Febre Maculosa,355150,Serrana,SP,2020,0
FMAC,Febre Maculosa,355150,Serrana,SP,2021,0
FMAC,Febre Maculosa,355150,Serrana,SP,2022,0
FMAC,Febre Maculosa,355150,Serrana,SP,2023,1
FMAC,Febre Maculosa,355150,Serrana,SP,2024,0
FMAC,Febre Maculosa,355150,Serrana,SP,2025,0
FMAC,Febre Maculosa,355160,Serra Negra,SP,2001,0
FMAC,Febre Maculosa,355160,Serra Negra,SP,2006,0
FMAC,Febre Maculosa,355160,Serra Negra,SP,2007,0
FMAC,Febre Maculosa,355160,Serra Negra,SP,2008,0
FMAC,Febre Maculosa,355160,Serra Negra,SP,2009,1
FMAC,Febre Maculosa,355160,Serra Negra,SP,2010,0
FMAC,Febre Maculosa,355160,Serra Negra,SP,2011,1
FMAC,Febre Maculosa,355160,Serra Negra,SP,2012,0
FMAC,Febre Maculosa,355160,Serra Negra,SP,2013,0
FMAC,Febre Maculosa,355160,Serra Negra,SP,2014,0
FMAC,Febre Maculosa,355160,Serra Negra,SP,2015,0
FMAC,Febre Maculosa,355160,Serra Negra,SP,2016,1
FMAC,Febre Maculosa,355160,Serra Negra,SP,2017,0
FMAC,Febre Maculosa,355160,Serra Negra,SP,2018,0
FMAC,Febre Maculosa,355160,Serra Negra,SP,2019,0
FMAC,Febre Maculosa,355160,Serra Negra,SP,2020,0
FMAC,Febre Maculosa,355160,Serra Negra,SP,2021,0
FMAC,Febre Maculosa,355160,Serra Negra,SP,2022,0
FMAC,Febre Maculosa,355160,Serra Negra,SP,2023,0
FMAC,Febre Maculosa,355160,Serra Negra,SP,2024,0
FMAC,Febre Maculosa,355160,Serra Negra,SP,2025,0
FMAC,Febre Maculosa,355170,Sertaozinho,SP,2001,0
FMAC,Febre Maculosa,355170,Sertaozinho,SP,2006,0
FMAC,Febre Maculosa,355170,Sertaozinho,SP,2007,0
FMAC,Febre Maculosa,355170,Sertaozinho,SP,2008,0
FMAC,Febre Maculosa,355170,Sertaozinho,SP,2009,0
FMAC,Febre Maculosa,355170,Sertaozinho,SP,2010,0
FMAC,Febre Maculosa,355170,Sertaozinho,SP,2011,0
FMAC,Febre Maculosa,355170,Sertaozinho,SP,2012,0
FMAC,Febre Maculosa,355170,Sertaozinho,SP,2013,0
FMAC,Febre Maculosa,355170,Sertaozinho,SP,2014,0
FMAC,Febre Maculosa,355170,Sertaozinho,SP,2015,0
FMAC,Febre Maculosa,355170,Sertaozinho,SP,2016,0
FMAC,Febre Maculosa,355170,Sertaozinho,SP,2017,0
FMAC,Febre Maculosa,355170,Sertaozinho,SP,2018,0
FMAC,Febre Maculosa,355170,Sertaozinho,SP,2019,0
FMAC,Febre Maculosa,355170,Sertaozinho,SP,2020,0
FMAC,Febre Maculosa,355170,Sertaozinho,SP,2021,0
FMAC,Febre Maculosa,355170,Sertaozinho,SP,2022,0
FMAC,Febre Maculosa,355170,Sertaozinho,SP,2023,2
FMAC,Febre Maculosa,355170,Sertaozinho,SP,2024,0
FMAC,Febre Maculosa,355170,Sertaozinho,SP,2025,0
FMAC,Febre Maculosa,355180,Sete Barras,SP,2001,0
FMAC,Febre Maculosa,355180,Sete Barras,SP,2006,0
FMAC,Febre Maculosa,355180,Sete Barras,SP,2007,0
FMAC,Febre Maculosa,355180,Sete Barras,SP,2008,0
FMAC,Febre Maculosa,355180,Sete Barras,SP,2009,0
FMAC,Febre Maculosa,355180,Sete Barras,SP,2010,0
FMAC,Febre Maculosa,355180,Sete Barras,SP,2011,0
FMAC,Febre Maculosa,355180,Sete Barras,SP,2012,0
FMAC,Febre Maculosa,355180,Sete Barras,SP,2013,0
FMAC,Febre Maculosa,355180,Sete Barras,SP,2014,0
FMAC,Febre Maculosa,355180,Sete Barras,SP,2015,0
FMAC,Febre Maculosa,355180,Sete Barras,SP,2016,0
FMAC,Febre Maculosa,355180,Sete Barras,SP,2017,0
FMAC,Febre Maculosa,355180,Sete Barras,SP,2018,0
FMAC,Febre Maculosa,355180,Sete Barras,SP,2019,0
FMAC,Febre Maculosa,355180,Sete Barras,SP,2020,1
FMAC,Febre Maculosa,355180,Sete Barras,SP,2021,0
FMAC,Febre Maculosa,355180,Sete Barras,SP,2022,0
FMAC,Febre Maculosa,355180,Sete Barras,SP,2023,1
FMAC,Febre Maculosa,355180,Sete Barras,SP,2024,0
FMAC,Febre Maculosa,355180,Sete Barras,SP,2025,0
FMAC,Febre Maculosa,355210,Socorro,SP,2001,0
FMAC,Febre Maculosa,355210,Socorro,SP,2006,0
FMAC,Febre Maculosa,355210,Socorro,SP,2007,0
FMAC,Febre Maculosa,355210,Socorro,SP,2008,0
FMAC,Febre Maculosa,355210,Socorro,SP,2009,0
FMAC,Febre Maculosa,355210,Socorro,SP,2010,0
FMAC,Febre Maculosa,355210,Socorro,SP,2011,0
FMAC,Febre Maculosa,355210,Socorro,SP,2012,0
FMAC,Febre Maculosa,355210,Socorro,SP,2013,0
FMAC,Febre Maculosa,355210,Socorro,SP,2014,0
FMAC,Febre Maculosa,355210,Socorro,SP,2015,1
FMAC,Febre Maculosa,355210,Socorro,SP,2016,0
FMAC,Febre Maculosa,355210,Socorro,SP,2017,0
FMAC,Febre Maculosa,355210,Socorro,SP,2018,0
FMAC,Febre Maculosa,355210,Socorro,SP,2019,0
FMAC,Febre Maculosa,355210,Socorro,SP,2020,0
FMAC,Febre Maculosa,355210,Socorro,SP,2021,1
FMAC,Febre Maculosa,355210,Socorro,SP,2022,0
FMAC,Febre Maculosa,355210,Socorro,SP,2023,0
FMAC,Febre Maculosa,355210,Socorro,SP,2024,0
FMAC,Febre Maculosa,355210,Socorro,SP,2025,1
FMAC,Febre Maculosa,355220,Sorocaba,SP,2001,0
FMAC,Febre Maculosa,355220,Sorocaba,SP,2006,0
FMAC,Febre Maculosa,355220,Sorocaba,SP,2007,0
FMAC,Febre Maculosa,355220,Sorocaba,SP,2008,0
FMAC,Febre Maculosa,355220,Sorocaba,SP,2009,0
FMAC,Febre Maculosa,355220,Sorocaba,SP,2010,0
FMAC,Febre Maculosa,355220,Sorocaba,SP,2011,0
FMAC,Febre Maculosa,355220,Sorocaba,SP,2012,3
FMAC,Febre Maculosa,355220,Sorocaba,SP,2013,3
FMAC,Febre Maculosa,355220,Sorocaba,SP,2014,3
FMAC,Febre Maculosa,355220,Sorocaba,SP,2015,1
FMAC,Febre Maculosa,355220,Sorocaba,SP,2016,0
FMAC,Febre Maculosa,355220,Sorocaba,SP,2017,0
FMAC,Febre Maculosa,355220,Sorocaba,SP,2018,2
FMAC,Febre Maculosa,355220,Sorocaba,SP,2019,0
FMAC,Febre Maculosa,355220,Sorocaba,SP,2020,1
FMAC,Febre Maculosa,355220,Sorocaba,SP,2021,2
FMAC,Febre Maculosa,355220,Sorocaba,SP,2022,0
FMAC,Febre Maculosa,355220,Sorocaba,SP,2023,2
FMAC,Febre Maculosa,355220,Sorocaba,SP,2024,0
FMAC,Febre Maculosa,355220,Sorocaba,SP,2025,1
FMAC,Febre Maculosa,355240,Sumare,SP,2001,0
FMAC,Febre Maculosa,355240,Sumare,SP,2006,0
FMAC,Febre Maculosa,355240,Sumare,SP,2007,0
FMAC,Febre Maculosa,355240,Sumare,SP,2008,0
FMAC,Febre Maculosa,355240,Sumare,SP,2009,2
FMAC,Febre Maculosa,355240,Sumare,SP,2010,0
FMAC,Febre Maculosa,355240,Sumare,SP,2011,2
FMAC,Febre Maculosa,355240,Sumare,SP,2012,0
FMAC,Febre Maculosa,355240,Sumare,SP,2013,0
FMAC,Febre Maculosa,355240,Sumare,SP,2014,1
FMAC,Febre Maculosa,355240,Sumare,SP,2015,2
FMAC,Febre Maculosa,355240,Sumare,SP,2016,0
FMAC,Febre Maculosa,355240,Sumare,SP,2017,1
FMAC,Febre Maculosa,355240,Sumare,SP,2018,0
FMAC,Febre Maculosa,355240,Sumare,SP,2019,2
FMAC,Febre Maculosa,355240,Sumare,SP,2020,0
FMAC,Febre Maculosa,355240,Sumare,SP,2021,0
FMAC,Febre Maculosa,355240,Sumare,SP,2022,0
FMAC,Febre Maculosa,355240,Sumare,SP,2023,1
FMAC,Febre Maculosa,355240,Sumare,SP,2024,1
FMAC,Febre Maculosa,355240,Sumare,SP,2025,1
FMAC,Febre Maculosa,355250,Suzano,SP,2001,0
FMAC,Febre Maculosa,355250,Suzano,SP,2006,0
FMAC,Febre Maculosa,355250,Suzano,SP,2007,0
FMAC,Febre Maculosa,355250,Suzano,SP,2008,0
FMAC,Febre Maculosa,355250,Suzano,SP,2009,0
FMAC,Febre Maculosa,355250,Suzano,SP,2010,0
FMAC,Febre Maculosa,355250,Suzano,SP,2011,0
FMAC,Febre Maculosa,355250,Suzano,SP,2012,0
FMAC,Febre Maculosa,355250,Suzano,SP,2013,0
FMAC,Febre Maculosa,355250,Suzano,SP,2014,0
FMAC,Febre Maculosa,355250,Suzano,SP,2015,0
FMAC,Febre Maculosa,355250,Suzano,SP,2016,0
FMAC,Febre Maculosa,355250,Suzano,SP,2017,0
FMAC,Febre Maculosa,355250,Suzano,SP,2018,0
FMAC,Febre Maculosa,355250,Suzano,SP,2019,0
FMAC,Febre Maculosa,355250,Suzano,SP,2020,0
FMAC,Febre Maculosa,355250,Suzano,SP,2021,0
FMAC,Febre Maculosa,355250,Suzano,SP,2022,0
FMAC,Febre Maculosa,355250,Suzano,SP,2023,1
FMAC,Febre Maculosa,355250,Suzano,SP,2024,0
FMAC,Febre Maculosa,355250,Suzano,SP,2025,0
FMAC,Febre Maculosa,355330,Tambau,SP,2001,0
FMAC,Febre Maculosa,355330,Tambau,SP,2006,0
FMAC,Febre Maculosa,355330,Tambau,SP,2007,0
FMAC,Febre Maculosa,355330,Tambau,SP,2008,0
FMAC,Febre Maculosa,355330,Tambau,SP,2009,0
FMAC,Febre Maculosa,355330,Tambau,SP,2010,0
FMAC,Febre Maculosa,355330,Tambau,SP,2011,0
FMAC,Febre Maculosa,355330,Tambau,SP,2012,0
FMAC,Febre Maculosa,355330,Tambau,SP,2013,1
FMAC,Febre Maculosa,355330,Tambau,SP,2014,0
FMAC,Febre Maculosa,355330,Tambau,SP,2015,0
FMAC,Febre Maculosa,355330,Tambau,SP,2016,0
FMAC,Febre Maculosa,355330,Tambau,SP,2017,0
FMAC,Febre Maculosa,355330,Tambau,SP,2018,0
FMAC,Febre Maculosa,355330,Tambau,SP,2019,0
FMAC,Febre Maculosa,355330,Tambau,SP,2020,1
FMAC,Febre Maculosa,355330,Tambau,SP,2021,0
FMAC,Febre Maculosa,355330,Tambau,SP,2022,0
FMAC,Febre Maculosa,355330,Tambau,SP,2023,0
FMAC,Febre Maculosa,355330,Tambau,SP,2024,0
FMAC,Febre Maculosa,355330,Tambau,SP,2025,0
FMAC,Febre Maculosa,355395,Taruma,SP,2001,0
FMAC,Febre Maculosa,355395,Taruma,SP,2006,0
FMAC,Febre Maculosa,355395,Taruma,SP,2007,0
FMAC,Febre Maculosa,355395,Taruma,SP,2008,0
FMAC,Febre Maculosa,355395,Taruma,SP,2009,0
FMAC,Febre Maculosa,355395,Taruma,SP,2010,0
FMAC,Febre Maculosa,355395,Taruma,SP,2011,0
FMAC,Febre Maculosa,355395,Taruma,SP,2012,0
FMAC,Febre Maculosa,355395,Taruma,SP,2013,0
FMAC,Febre Maculosa,355395,Taruma,SP,2014,0
FMAC,Febre Maculosa,355395,Taruma,SP,2015,0
FMAC,Febre Maculosa,355395,Taruma,SP,2016,0
FMAC,Febre Maculosa,355395,Taruma,SP,2017,0
FMAC,Febre Maculosa,355395,Taruma,SP,2018,0
FMAC,Febre Maculosa,355395,Taruma,SP,2019,0
FMAC,Febre Maculosa,355395,Taruma,SP,2020,0
FMAC,Febre Maculosa,355395,Taruma,SP,2021,0
FMAC,Febre Maculosa,355395,Taruma,SP,2022,0
FMAC,Febre Maculosa,355395,Taruma,SP,2023,0
FMAC,Febre Maculosa,355395,Taruma,SP,2024,0
FMAC,Febre Maculosa,355395,Taruma,SP,2025,1
FMAC,Febre Maculosa,355400,Tatui,SP,2001,0
FMAC,Febre Maculosa,355400,Tatui,SP,2006,0
FMAC,Febre Maculosa,355400,Tatui,SP,2007,0
FMAC,Febre Maculosa,355400,Tatui,SP,2008,0
FMAC,Febre Maculosa,355400,Tatui,SP,2009,1
FMAC,Febre Maculosa,355400,Tatui,SP,2010,0
FMAC,Febre Maculosa,355400,Tatui,SP,2011,0
FMAC,Febre Maculosa,355400,Tatui,SP,2012,1
FMAC,Febre Maculosa,355400,Tatui,SP,2013,0
FMAC,Febre Maculosa,355400,Tatui,SP,2014,0
FMAC,Febre Maculosa,355400,Tatui,SP,2015,0
FMAC,Febre Maculosa,355400,Tatui,SP,2016,1
FMAC,Febre Maculosa,355400,Tatui,SP,2017,0
FMAC,Febre Maculosa,355400,Tatui,SP,2018,0
FMAC,Febre Maculosa,355400,Tatui,SP,2019,0
FMAC,Febre Maculosa,355400,Tatui,SP,2020,0
FMAC,Febre Maculosa,355400,Tatui,SP,2021,0
FMAC,Febre Maculosa,355400,Tatui,SP,2022,0
FMAC,Febre Maculosa,355400,Tatui,SP,2023,0
FMAC,Febre Maculosa,355400,Tatui,SP,2024,3
FMAC,Febre Maculosa,355400,Tatui,SP,2025,0
FMAC,Febre Maculosa,355410,Taubate,SP,2001,0
FMAC,Febre Maculosa,355410,Taubate,SP,2006,0
FMAC,Febre Maculosa,355410,Taubate,SP,2007,0
FMAC,Febre Maculosa,355410,Taubate,SP,2008,0
FMAC,Febre Maculosa,355410,Taubate,SP,2009,1
FMAC,Febre Maculosa,355410,Taubate,SP,2010,0
FMAC,Febre Maculosa,355410,Taubate,SP,2011,0
FMAC,Febre Maculosa,355410,Taubate,SP,2012,0
FMAC,Febre Maculosa,355410,Taubate,SP,2013,0
FMAC,Febre Maculosa,355410,Taubate,SP,2014,0
FMAC,Febre Maculosa,355410,Taubate,SP,2015,0
FMAC,Febre Maculosa,355410,Taubate,SP,2016,0
FMAC,Febre Maculosa,355410,Taubate,SP,2017,1
FMAC,Febre Maculosa,355410,Taubate,SP,2018,0
FMAC,Febre Maculosa,355410,Taubate,SP,2019,0
FMAC,Febre Maculosa,355410,Taubate,SP,2020,0
FMAC,Febre Maculosa,355410,Taubate,SP,2021,0
FMAC,Febre Maculosa,355410,Taubate,SP,2022,1
FMAC,Febre Maculosa,355410,Taubate,SP,2023,0
FMAC,Febre Maculosa,355410,Taubate,SP,2024,2
FMAC,Febre Maculosa,355410,Taubate,SP,2025,0
FMAC,Febre Maculosa,355450,Tiete,SP,2001,0
FMAC,Febre Maculosa,355450,Tiete,SP,2006,0
FMAC,Febre Maculosa,355450,Tiete,SP,2007,0
FMAC,Febre Maculosa,355450,Tiete,SP,2008,0
FMAC,Febre Maculosa,355450,Tiete,SP,2009,0
FMAC,Febre Maculosa,355450,Tiete,SP,2010,0
FMAC,Febre Maculosa,355450,Tiete,SP,2011,0
FMAC,Febre Maculosa,355450,Tiete,SP,2012,0
FMAC,Febre Maculosa,355450,Tiete,SP,2013,0
FMAC,Febre Maculosa,355450,Tiete,SP,2014,1
FMAC,Febre Maculosa,355450,Tiete,SP,2015,0
FMAC,Febre Maculosa,355450,Tiete,SP,2016,0
FMAC,Febre Maculosa,355450,Tiete,SP,2017,1
FMAC,Febre Maculosa,355450,Tiete,SP,2018,0
FMAC,Febre Maculosa,355450,Tiete,SP,2019,0
FMAC,Febre Maculosa,355450,Tiete,SP,2020,0
FMAC,Febre Maculosa,355450,Tiete,SP,2021,0
FMAC,Febre Maculosa,355450,Tiete,SP,2022,0
FMAC,Febre Maculosa,355450,Tiete,SP,2023,0
FMAC,Febre Maculosa,355450,Tiete,SP,2024,1
FMAC,Febre Maculosa,355450,Tiete,SP,2025,0
FMAC,Febre Maculosa,355480,Tremembe,SP,2001,0
FMAC,Febre Maculosa,355480,Tremembe,SP,2006,0
FMAC,Febre Maculosa,355480,Tremembe,SP,2007,0
FMAC,Febre Maculosa,355480,Tremembe,SP,2008,0
FMAC,Febre Maculosa,355480,Tremembe,SP,2009,0
FMAC,Febre Maculosa,355480,Tremembe,SP,2010,0
FMAC,Febre Maculosa,355480,Tremembe,SP,2011,0
FMAC,Febre Maculosa,355480,Tremembe,SP,2012,0
FMAC,Febre Maculosa,355480,Tremembe,SP,2013,0
FMAC,Febre Maculosa,355480,Tremembe,SP,2014,0
FMAC,Febre Maculosa,355480,Tremembe,SP,2015,0
FMAC,Febre Maculosa,355480,Tremembe,SP,2016,0
FMAC,Febre Maculosa,355480,Tremembe,SP,2017,0
FMAC,Febre Maculosa,355480,Tremembe,SP,2018,0
FMAC,Febre Maculosa,355480,Tremembe,SP,2019,0
FMAC,Febre Maculosa,355480,Tremembe,SP,2020,0
FMAC,Febre Maculosa,355480,Tremembe,SP,2021,0
FMAC,Febre Maculosa,355480,Tremembe,SP,2022,0
FMAC,Febre Maculosa,355480,Tremembe,SP,2023,0
FMAC,Febre Maculosa,355480,Tremembe,SP,2024,1
FMAC,Febre Maculosa,355480,Tremembe,SP,2025,0
FMAC,Febre Maculosa,355510,Tupi Paulista,SP,2001,0
FMAC,Febre Maculosa,355510,Tupi Paulista,SP,2006,0
FMAC,Febre Maculosa,355510,Tupi Paulista,SP,2007,0
FMAC,Febre Maculosa,355510,Tupi Paulista,SP,2008,0
FMAC,Febre Maculosa,355510,Tupi Paulista,SP,2009,0
FMAC,Febre Maculosa,355510,Tupi Paulista,SP,2010,0
FMAC,Febre Maculosa,355510,Tupi Paulista,SP,2011,0
FMAC,Febre Maculosa,355510,Tupi Paulista,SP,2012,0
FMAC,Febre Maculosa,355510,Tupi Paulista,SP,2013,0
FMAC,Febre Maculosa,355510,Tupi Paulista,SP,2014,1
FMAC,Febre Maculosa,355510,Tupi Paulista,SP,2015,0
FMAC,Febre Maculosa,355510,Tupi Paulista,SP,2016,0
FMAC,Febre Maculosa,355510,Tupi Paulista,SP,2017,0
FMAC,Febre Maculosa,355510,Tupi Paulista,SP,2018,0
FMAC,Febre Maculosa,355510,Tupi Paulista,SP,2019,0
FMAC,Febre Maculosa,355510,Tupi Paulista,SP,2020,0
FMAC,Febre Maculosa,355510,Tupi Paulista,SP,2021,0
FMAC,Febre Maculosa,355510,Tupi Paulista,SP,2022,0
FMAC,Febre Maculosa,355510,Tupi Paulista,SP,2023,0
FMAC,Febre Maculosa,355510,Tupi Paulista,SP,2024,0
FMAC,Febre Maculosa,355510,Tupi Paulista,SP,2025,0
FMAC,Febre Maculosa,355540,Ubatuba,SP,2001,0
FMAC,Febre Maculosa,355540,Ubatuba,SP,2006,0
FMAC,Febre Maculosa,355540,Ubatuba,SP,2007,0
FMAC,Febre Maculosa,355540,Ubatuba,SP,2008,0
FMAC,Febre Maculosa,355540,Ubatuba,SP,2009,1
FMAC,Febre Maculosa,355540,Ubatuba,SP,2010,0
FMAC,Febre Maculosa,355540,Ubatuba,SP,2011,0
FMAC,Febre Maculosa,355540,Ubatuba,SP,2012,0
FMAC,Febre Maculosa,355540,Ubatuba,SP,2013,0
FMAC,Febre Maculosa,355540,Ubatuba,SP,2014,0
FMAC,Febre Maculosa,355540,Ubatuba,SP,2015,1
FMAC,Febre Maculosa,355540,Ubatuba,SP,2016,0
FMAC,Febre Maculosa,355540,Ubatuba,SP,2017,1
FMAC,Febre Maculosa,355540,Ubatuba,SP,2018,2
FMAC,Febre Maculosa,355540,Ubatuba,SP,2019,0
FMAC,Febre Maculosa,355540,Ubatuba,SP,2020,1
FMAC,Febre Maculosa,355540,Ubatuba,SP,2021,1
FMAC,Febre Maculosa,355540,Ubatuba,SP,2022,1
FMAC,Febre Maculosa,355540,Ubatuba,SP,2023,3
FMAC,Febre Maculosa,355540,Ubatuba,SP,2024,4
FMAC,Febre Maculosa,355540,Ubatuba,SP,2025,1
FMAC,Febre Maculosa,355620,Valinhos,SP,2001,0
FMAC,Febre Maculosa,355620,Valinhos,SP,2006,0
FMAC,Febre Maculosa,355620,Valinhos,SP,2007,3
FMAC,Febre Maculosa,355620,Valinhos,SP,2008,1
FMAC,Febre Maculosa,355620,Valinhos,SP,2009,0
FMAC,Febre Maculosa,355620,Valinhos,SP,2010,3
FMAC,Febre Maculosa,355620,Valinhos,SP,2011,13
FMAC,Febre Maculosa,355620,Valinhos,SP,2012,5
FMAC,Febre Maculosa,355620,Valinhos,SP,2013,4
FMAC,Febre Maculosa,355620,Valinhos,SP,2014,5
FMAC,Febre Maculosa,355620,Valinhos,SP,2015,7
FMAC,Febre Maculosa,355620,Valinhos,SP,2016,0
FMAC,Febre Maculosa,355620,Valinhos,SP,2017,0
FMAC,Febre Maculosa,355620,Valinhos,SP,2018,2
FMAC,Febre Maculosa,355620,Valinhos,SP,2019,2
FMAC,Febre Maculosa,355620,Valinhos,SP,2020,2
FMAC,Febre Maculosa,355620,Valinhos,SP,2021,1
FMAC,Febre Maculosa,355620,Valinhos,SP,2022,0
FMAC,Febre Maculosa,355620,Valinhos,SP,2023,6
FMAC,Febre Maculosa,355620,Valinhos,SP,2024,1
FMAC,Febre Maculosa,355620,Valinhos,SP,2025,2
FMAC,Febre Maculosa,355670,Vinhedo,SP,2001,0
FMAC,Febre Maculosa,355670,Vinhedo,SP,2006,0
FMAC,Febre Maculosa,355670,Vinhedo,SP,2007,1
FMAC,Febre Maculosa,355670,Vinhedo,SP,2008,1
FMAC,Febre Maculosa,355670,Vinhedo,SP,2009,2
FMAC,Febre Maculosa,355670,Vinhedo,SP,2010,3
FMAC,Febre Maculosa,355670,Vinhedo,SP,2011,4
FMAC,Febre Maculosa,355670,Vinhedo,SP,2012,3
FMAC,Febre Maculosa,355670,Vinhedo,SP,2013,0
FMAC,Febre Maculosa,355670,Vinhedo,SP,2014,1
FMAC,Febre Maculosa,355670,Vinhedo,SP,2015,0
FMAC,Febre Maculosa,355670,Vinhedo,SP,2016,1
FMAC,Febre Maculosa,355670,Vinhedo,SP,2017,0
FMAC,Febre Maculosa,355670,Vinhedo,SP,2018,0
FMAC,Febre Maculosa,355670,Vinhedo,SP,2019,0
FMAC,Febre Maculosa,355670,Vinhedo,SP,2020,0
FMAC,Febre Maculosa,355670,Vinhedo,SP,2021,0
FMAC,Febre Maculosa,355670,Vinhedo,SP,2022,0
FMAC,Febre Maculosa,355670,Vinhedo,SP,2023,1
FMAC,Febre Maculosa,355670,Vinhedo,SP,2024,1
FMAC,Febre Maculosa,355670,Vinhedo,SP,2025,0
FMAC,Febre Maculosa,355700,Votorantim,SP,2001,0
FMAC,Febre Maculosa,355700,Votorantim,SP,2006,0
FMAC,Febre Maculosa,355700,Votorantim,SP,2007,0
FMAC,Febre Maculosa,355700,Votorantim,SP,2008,0
FMAC,Febre Maculosa,355700,Votorantim,SP,2009,0
FMAC,Febre Maculosa,355700,Votorantim,SP,2010,0
FMAC,Febre Maculosa,355700,Votorantim,SP,2011,0
FMAC,Febre Maculosa,355700,Votorantim,SP,2012,0
FMAC,Febre Maculosa,355700,Votorantim,SP,2013,0
FMAC,Febre Maculosa,355700,Votorantim,SP,2014,0
FMAC,Febre Maculosa,355700,Votorantim,SP,2015,0
FMAC,Febre Maculosa,355700,Votorantim,SP,2016,0
FMAC,Febre Maculosa,355700,Votorantim,SP,2017,0
FMAC,Febre Maculosa,355700,Votorantim,SP,2018,0
FMAC,Febre Maculosa,355700,Votorantim,SP,2019,0
FMAC,Febre Maculosa,355700,Votorantim,SP,2020,0
FMAC,Febre Maculosa,355700,Votorantim,SP,2021,0
FMAC,Febre Maculosa,355700,Votorantim,SP,2022,0
FMAC,Febre Maculosa,355700,Votorantim,SP,2023,1
FMAC,Febre Maculosa,355700,Votorantim,SP,2024,0
FMAC,Febre Maculosa,355700,Votorantim,SP,2025,0
FMAC,Febre Maculosa,355720,Chavantes,SP,2001,0
FMAC,Febre Maculosa,355720,Chavantes,SP,2006,0
FMAC,Febre Maculosa,355720,Chavantes,SP,2007,0
FMAC,Febre Maculosa,355720,Chavantes,SP,2008,1
FMAC,Febre Maculosa,355720,Chavantes,SP,2009,0
FMAC,Febre Maculosa,355720,Chavantes,SP,2010,0
FMAC,Febre Maculosa,355720,Chavantes,SP,2011,0
FMAC,Febre Maculosa,355720,Chavantes,SP,2012,0
FMAC,Febre Maculosa,355720,Chavantes,SP,2013,0
FMAC,Febre Maculosa,355720,Chavantes,SP,2014,0
FMAC,Febre Maculosa,355720,Chavantes,SP,2015,0
FMAC,Febre Maculosa,355720,Chavantes,SP,2016,0
FMAC,Febre Maculosa,355720,Chavantes,SP,2017,0
FMAC,Febre Maculosa,355720,Chavantes,SP,2018,1
FMAC,Febre Maculosa,355720,Chavantes,SP,2019,0
FMAC,Febre Maculosa,355720,Chavantes,SP,2020,1
FMAC,Febre Maculosa,355720,Chavantes,SP,2021,0
FMAC,Febre Maculosa,355720,Chavantes,SP,2022,0
FMAC,Febre Maculosa,355720,Chavantes,SP,2023,0
FMAC,Febre Maculosa,355720,Chavantes,SP,2024,0
FMAC,Febre Maculosa,355720,Chavantes,SP,2025,0
FMAC,Febre Maculosa,170230,Arapoema,TO,2001,0
FMAC,Febre Maculosa,170230,Arapoema,TO,2006,0
FMAC,Febre Maculosa,170230,Arapoema,TO,2007,0
FMAC,Febre Maculosa,170230,Arapoema,TO,2008,0
FMAC,Febre Maculosa,170230,Arapoema,TO,2009,0
FMAC,Febre Maculosa,170230,Arapoema,TO,2010,0
FMAC,Febre Maculosa,170230,Arapoema,TO,2011,0
FMAC,Febre Maculosa,170230,Arapoema,TO,2012,0
FMAC,Febre Maculosa,170230,Arapoema,TO,2013,0
FMAC,Febre Maculosa,170230,Arapoema,TO,2014,0
FMAC,Febre Maculosa,170230,Arapoema,TO,2015,0
FMAC,Febre Maculosa,170230,Arapoema,TO,2016,0
FMAC,Febre Maculosa,170230,Arapoema,TO,2017,0
FMAC,Febre Maculosa,170230,Arapoema,TO,2018,0
FMAC,Febre Maculosa,170230,Arapoema,TO,2019,0
FMAC,Febre Maculosa,170230,Arapoema,TO,2020,0
FMAC,Febre Maculosa,170230,Arapoema,TO,2021,0
FMAC,Febre Maculosa,170230,Arapoema,TO,2022,1
FMAC,Febre Maculosa,170230,Arapoema,TO,2023,0
FMAC,Febre Maculosa,170230,Arapoema,TO,2024,0
FMAC,Febre Maculosa,170230,Arapoema,TO,2025,0
