doenca,doenca_nome,cod_mun6,municipio,uf,ano,casos
FTIFO,Febre Tifóide,120010,Brasileia,AC,2001,0
FTIFO,Febre Tifóide,120010,Brasileia,AC,2003,0
FTIFO,Febre Tifóide,120010,Brasileia,AC,2006,0
FTIFO,Febre Tifóide,120010,Brasileia,AC,2007,0
FTIFO,Febre Tifóide,120010,Brasileia,AC,2008,0
FTIFO,Febre Tifóide,120010,Brasileia,AC,2009,0
FTIFO,Febre Tifóide,120010,Brasileia,AC,2010,0
FTIFO,Febre Tifóide,120010,Brasileia,AC,2011,0
FTIFO,Febre Tifóide,120010,Brasileia,AC,2012,0
FTIFO,Febre Tifóide,120010,Brasileia,AC,2013,0
FTIFO,Febre Tifóide,120010,Brasileia,AC,2014,0
FTIFO,Febre Tifóide,120010,Brasileia,AC,2015,0
FTIFO,Febre Tifóide,120010,Brasileia,AC,2016,0
FTIFO,Febre Tifóide,120010,Brasileia,AC,2017,0
FTIFO,Febre Tifóide,120010,Brasileia,AC,2018,0
FTIFO,Febre Tifóide,120010,Brasileia,AC,2019,1
FTIFO,Febre Tifóide,120010,Brasileia,AC,2020,0
FTIFO,Febre Tifóide,120010,Brasileia,AC,2021,0
FTIFO,Febre Tifóide,120010,Brasileia,AC,2022,0
FTIFO,Febre Tifóide,120010,Brasileia,AC,2023,3
FTIFO,Febre Tifóide,120010,Brasileia,AC,2024,0
FTIFO,Febre Tifóide,120010,Brasileia,AC,2025,0
FTIFO,Febre Tifóide,120020,Cruzeiro do Sul,AC,2001,0
FTIFO,Febre Tifóide,120020,Cruzeiro do Sul,AC,2003,0
FTIFO,Febre Tifóide,120020,Cruzeiro do Sul,AC,2006,0
FTIFO,Febre Tifóide,120020,Cruzeiro do Sul,AC,2007,1
FTIFO,Febre Tifóide,120020,Cruzeiro do Sul,AC,2008,0
FTIFO,Febre Tifóide,120020,Cruzeiro do Sul,AC,2009,0
FTIFO,Febre Tifóide,120020,Cruzeiro do Sul,AC,2010,0
FTIFO,Febre Tifóide,120020,Cruzeiro do Sul,AC,2011,1
FTIFO,Febre Tifóide,120020,Cruzeiro do Sul,AC,2012,0
FTIFO,Febre Tifóide,120020,Cruzeiro do Sul,AC,2013,0
FTIFO,Febre Tifóide,120020,Cruzeiro do Sul,AC,2014,1
FTIFO,Febre Tifóide,120020,Cruzeiro do Sul,AC,2015,1
FTIFO,Febre Tifóide,120020,Cruzeiro do Sul,AC,2016,0
FTIFO,Febre Tifóide,120020,Cruzeiro do Sul,AC,2017,0
FTIFO,Febre Tifóide,120020,Cruzeiro do Sul,AC,2018,0
FTIFO,Febre Tifóide,120020,Cruzeiro do Sul,AC,2019,0
FTIFO,Febre Tifóide,120020,Cruzeiro do Sul,AC,2020,0
FTIFO,Febre Tifóide,120020,Cruzeiro do Sul,AC,2021,0
FTIFO,Febre Tifóide,120020,Cruzeiro do Sul,AC,2022,0
FTIFO,Febre Tifóide,120020,Cruzeiro do Sul,AC,2023,1
FTIFO,Febre Tifóide,120020,Cruzeiro do Sul,AC,2024,1
FTIFO,Febre Tifóide,120020,Cruzeiro do Sul,AC,2025,0
FTIFO,Febre Tifóide,120032,Jordao,AC,2001,0
FTIFO,Febre Tifóide,120032,Jordao,AC,2003,0
FTIFO,Febre Tifóide,120032,Jordao,AC,2006,0
FTIFO,Febre Tifóide,120032,Jordao,AC,2007,11
FTIFO,Febre Tifóide,120032,Jordao,AC,2008,0
FTIFO,Febre Tifóide,120032,Jordao,AC,2009,0
FTIFO,Febre Tifóide,120032,Jordao,AC,2010,1
FTIFO,Febre Tifóide,120032,Jordao,AC,2011,0
FTIFO,Febre Tifóide,120032,Jordao,AC,2012,0
FTIFO,Febre Tifóide,120032,Jordao,AC,2013,0
FTIFO,Febre Tifóide,120032,Jordao,AC,2014,0
FTIFO,Febre Tifóide,120032,Jordao,AC,2015,0
FTIFO,Febre Tifóide,120032,Jordao,AC,2016,0
FTIFO,Febre Tifóide,120032,Jordao,AC,2017,0
FTIFO,Febre Tifóide,120032,Jordao,AC,2018,0
FTIFO,Febre Tifóide,120032,Jordao,AC,2019,0
FTIFO,Febre Tifóide,120032,Jordao,AC,2020,0
FTIFO,Febre Tifóide,120032,Jordao,AC,2021,0
FTIFO,Febre Tifóide,120032,Jordao,AC,2022,0
FTIFO,Febre Tifóide,120032,Jordao,AC,2023,0
FTIFO,Febre Tifóide,120032,Jordao,AC,2024,0
FTIFO,Febre Tifóide,120032,Jordao,AC,2025,0
FTIFO,Febre Tifóide,120033,Mancio Lima,AC,2001,0
FTIFO,Febre Tifóide,120033,Mancio Lima,AC,2003,0
FTIFO,Febre Tifóide,120033,Mancio Lima,AC,2006,0
FTIFO,Febre Tifóide,120033,Mancio Lima,AC,2007,0
FTIFO,Febre Tifóide,120033,Mancio Lima,AC,2008,0
FTIFO,Febre Tifóide,120033,Mancio Lima,AC,2009,0
FTIFO,Febre Tifóide,120033,Mancio Lima,AC,2010,0
FTIFO,Febre Tifóide,120033,Mancio Lima,AC,2011,0
FTIFO,Febre Tifóide,120033,Mancio Lima,AC,2012,0
FTIFO,Febre Tifóide,120033,Mancio Lima,AC,2013,0
FTIFO,Febre Tifóide,120033,Mancio Lima,AC,2014,0
FTIFO,Febre Tifóide,120033,Mancio Lima,AC,2015,0
FTIFO,Febre Tifóide,120033,Mancio Lima,AC,2016,0
FTIFO,Febre Tifóide,120033,Mancio Lima,AC,2017,1
FTIFO,Febre Tifóide,120033,Mancio Lima,AC,2018,0
FTIFO,Febre Tifóide,120033,Mancio Lima,AC,2019,0
FTIFO,Febre Tifóide,120033,Mancio Lima,AC,2020,0
FTIFO,Febre Tifóide,120033,Mancio Lima,AC,2021,0
FTIFO,Febre Tifóide,120033,Mancio Lima,AC,2022,0
FTIFO,Febre Tifóide,120033,Mancio Lima,AC,2023,0
FTIFO,Febre Tifóide,120033,Mancio Lima,AC,2024,0
FTIFO,Febre Tifóide,120033,Mancio Lima,AC,2025,0
FTIFO,Febre Tifóide,120039,Porto Walter,AC,2001,0
FTIFO,Febre Tifóide,120039,Porto Walter,AC,2003,0
FTIFO,Febre Tifóide,120039,Porto Walter,AC,2006,0
FTIFO,Febre Tifóide,120039,Porto Walter,AC,2007,0
FTIFO,Febre Tifóide,120039,Porto Walter,AC,2008,0
FTIFO,Febre Tifóide,120039,Porto Walter,AC,2009,0
FTIFO,Febre Tifóide,120039,Porto Walter,AC,2010,0
FTIFO,Febre Tifóide,120039,Porto Walter,AC,2011,0
FTIFO,Febre Tifóide,120039,Porto Walter,AC,2012,0
FTIFO,Febre Tifóide,120039,Porto Walter,AC,2013,0
FTIFO,Febre Tifóide,120039,Porto Walter,AC,2014,0
FTIFO,Febre Tifóide,120039,Porto Walter,AC,2015,0
FTIFO,Febre Tifóide,120039,Porto Walter,AC,2016,0
FTIFO,Febre Tifóide,120039,Porto Walter,AC,2017,0
FTIFO,Febre Tifóide,120039,Porto Walter,AC,2018,0
FTIFO,Febre Tifóide,120039,Porto Walter,AC,2019,0
FTIFO,Febre Tifóide,120039,Porto Walter,AC,2020,0
FTIFO,Febre Tifóide,120039,Porto Walter,AC,2021,0
FTIFO,Febre Tifóide,120039,Porto Walter,AC,2022,0
FTIFO,Febre Tifóide,120039,Porto Walter,AC,2023,0
FTIFO,Febre Tifóide,120039,Porto Walter,AC,2024,0
FTIFO,Febre Tifóide,120039,Porto Walter,AC,2025,2
FTIFO,Febre Tifóide,120040,Rio Branco,AC,2001,0
FTIFO,Febre Tifóide,120040,Rio Branco,AC,2003,0
FTIFO,Febre Tifóide,120040,Rio Branco,AC,2006,0
FTIFO,Febre Tifóide,120040,Rio Branco,AC,2007,0
FTIFO,Febre Tifóide,120040,Rio Branco,AC,2008,0
FTIFO,Febre Tifóide,120040,Rio Branco,AC,2009,3
FTIFO,Febre Tifóide,120040,Rio Branco,AC,2010,0
FTIFO,Febre Tifóide,120040,Rio Branco,AC,2011,0
FTIFO,Febre Tifóide,120040,Rio Branco,AC,2012,0
FTIFO,Febre Tifóide,120040,Rio Branco,AC,2013,0
FTIFO,Febre Tifóide,120040,Rio Branco,AC,2014,0
FTIFO,Febre Tifóide,120040,Rio Branco,AC,2015,0
FTIFO,Febre Tifóide,120040,Rio Branco,AC,2016,0
FTIFO,Febre Tifóide,120040,Rio Branco,AC,2017,0
FTIFO,Febre Tifóide,120040,Rio Branco,AC,2018,0
FTIFO,Febre Tifóide,120040,Rio Branco,AC,2019,0
FTIFO,Febre Tifóide,120040,Rio Branco,AC,2020,0
FTIFO,Febre Tifóide,120040,Rio Branco,AC,2021,0
FTIFO,Febre Tifóide,120040,Rio Branco,AC,2022,0
FTIFO,Febre Tifóide,120040,Rio Branco,AC,2023,0
FTIFO,Febre Tifóide,120040,Rio Branco,AC,2024,0
FTIFO,Febre Tifóide,120040,Rio Branco,AC,2025,0
FTIFO,Febre Tifóide,120060,Tarauaca,AC,2001,0
FTIFO,Febre Tifóide,120060,Tarauaca,AC,2003,0
FTIFO,Febre Tifóide,120060,Tarauaca,AC,2006,0
FTIFO,Febre Tifóide,120060,Tarauaca,AC,2007,2
FTIFO,Febre Tifóide,120060,Tarauaca,AC,2008,9
FTIFO,Febre Tifóide,120060,Tarauaca,AC,2009,1
FTIFO,Febre Tifóide,120060,Tarauaca,AC,2010,0
FTIFO,Febre Tifóide,120060,Tarauaca,AC,2011,1
FTIFO,Febre Tifóide,120060,Tarauaca,AC,2012,0
FTIFO,Febre Tifóide,120060,Tarauaca,AC,2013,0
FTIFO,Febre Tifóide,120060,Tarauaca,AC,2014,0
FTIFO,Febre Tifóide,120060,Tarauaca,AC,2015,0
FTIFO,Febre Tifóide,120060,Tarauaca,AC,2016,0
FTIFO,Febre Tifóide,120060,Tarauaca,AC,2017,0
FTIFO,Febre Tifóide,120060,Tarauaca,AC,2018,0
FTIFO,Febre Tifóide,120060,Tarauaca,AC,2019,0
FTIFO,Febre Tifóide,120060,Tarauaca,AC,2020,0
FTIFO,Febre Tifóide,120060,Tarauaca,AC,2021,0
FTIFO,Febre Tifóide,120060,Tarauaca,AC,2022,0
FTIFO,Febre Tifóide,120060,Tarauaca,AC,2023,0
FTIFO,Febre Tifóide,120060,Tarauaca,AC,2024,0
FTIFO,Febre Tifóide,120060,Tarauaca,AC,2025,0
FTIFO,Febre Tifóide,270030,Arapiraca,AL,2001,0
FTIFO,Febre Tifóide,270030,Arapiraca,AL,2003,0
FTIFO,Febre Tifóide,270030,Arapiraca,AL,2006,0
FTIFO,Febre Tifóide,270030,Arapiraca,AL,2007,1
FTIFO,Febre Tifóide,270030,Arapiraca,AL,2008,0
FTIFO,Febre Tifóide,270030,Arapiraca,AL,2009,0
FTIFO,Febre Tifóide,270030,Arapiraca,AL,2010,1
FTIFO,Febre Tifóide,270030,Arapiraca,AL,2011,0
FTIFO,Febre Tifóide,270030,Arapiraca,AL,2012,0
FTIFO,Febre Tifóide,270030,Arapiraca,AL,2013,0
FTIFO,Febre Tifóide,270030,Arapiraca,AL,2014,0
FTIFO,Febre Tifóide,270030,Arapiraca,AL,2015,0
FTIFO,Febre Tifóide,270030,Arapiraca,AL,2016,0
FTIFO,Febre Tifóide,270030,Arapiraca,AL,2017,0
FTIFO,Febre Tifóide,270030,Arapiraca,AL,2018,0
FTIFO,Febre Tifóide,270030,Arapiraca,AL,2019,0
FTIFO,Febre Tifóide,270030,Arapiraca,AL,2020,0
FTIFO,Febre Tifóide,270030,Arapiraca,AL,2021,0
FTIFO,Febre Tifóide,270030,Arapiraca,AL,2022,0
FTIFO,Febre Tifóide,270030,Arapiraca,AL,2023,0
FTIFO,Febre Tifóide,270030,Arapiraca,AL,2024,0
FTIFO,Febre Tifóide,270030,Arapiraca,AL,2025,0
FTIFO,Febre Tifóide,270110,Branquinha,AL,2001,0
FTIFO,Febre Tifóide,270110,Branquinha,AL,2003,0
FTIFO,Febre Tifóide,270110,Branquinha,AL,2006,0
FTIFO,Febre Tifóide,270110,Branquinha,AL,2007,2
FTIFO,Febre Tifóide,270110,Branquinha,AL,2008,0
FTIFO,Febre Tifóide,270110,Branquinha,AL,2009,1
FTIFO,Febre Tifóide,270110,Branquinha,AL,2010,0
FTIFO,Febre Tifóide,270110,Branquinha,AL,2011,0
FTIFO,Febre Tifóide,270110,Branquinha,AL,2012,0
FTIFO,Febre Tifóide,270110,Branquinha,AL,2013,0
FTIFO,Febre Tifóide,270110,Branquinha,AL,2014,0
FTIFO,Febre Tifóide,270110,Branquinha,AL,2015,0
FTIFO,Febre Tifóide,270110,Branquinha,AL,2016,0
FTIFO,Febre Tifóide,270110,Branquinha,AL,2017,0
FTIFO,Febre Tifóide,270110,Branquinha,AL,2018,0
FTIFO,Febre Tifóide,270110,Branquinha,AL,2019,0
FTIFO,Febre Tifóide,270110,Branquinha,AL,2020,0
FTIFO,Febre Tifóide,270110,Branquinha,AL,2021,0
FTIFO,Febre Tifóide,270110,Branquinha,AL,2022,0
FTIFO,Febre Tifóide,270110,Branquinha,AL,2023,0
FTIFO,Febre Tifóide,270110,Branquinha,AL,2024,0
FTIFO,Febre Tifóide,270110,Branquinha,AL,2025,0
FTIFO,Febre Tifóide,270170,Capela,AL,2001,0
FTIFO,Febre Tifóide,270170,Capela,AL,2003,0
FTIFO,Febre Tifóide,270170,Capela,AL,2006,0
FTIFO,Febre Tifóide,270170,Capela,AL,2007,0
FTIFO,Febre Tifóide,270170,Capela,AL,2008,0
FTIFO,Febre Tifóide,270170,Capela,AL,2009,0
FTIFO,Febre Tifóide,270170,Capela,AL,2010,2
FTIFO,Febre Tifóide,270170,Capela,AL,2011,0
FTIFO,Febre Tifóide,270170,Capela,AL,2012,0
FTIFO,Febre Tifóide,270170,Capela,AL,2013,0
FTIFO,Febre Tifóide,270170,Capela,AL,2014,0
FTIFO,Febre Tifóide,270170,Capela,AL,2015,0
FTIFO,Febre Tifóide,270170,Capela,AL,2016,0
FTIFO,Febre Tifóide,270170,Capela,AL,2017,0
FTIFO,Febre Tifóide,270170,Capela,AL,2018,0
FTIFO,Febre Tifóide,270170,Capela,AL,2019,0
FTIFO,Febre Tifóide,270170,Capela,AL,2020,0
FTIFO,Febre Tifóide,270170,Capela,AL,2021,0
FTIFO,Febre Tifóide,270170,Capela,AL,2022,0
FTIFO,Febre Tifóide,270170,Capela,AL,2023,0
FTIFO,Febre Tifóide,270170,Capela,AL,2024,0
FTIFO,Febre Tifóide,270170,Capela,AL,2025,0
FTIFO,Febre Tifóide,270430,Maceio,AL,2001,0
FTIFO,Febre Tifóide,270430,Maceio,AL,2003,0
FTIFO,Febre Tifóide,270430,Maceio,AL,2006,2
FTIFO,Febre Tifóide,270430,Maceio,AL,2007,8
FTIFO,Febre Tifóide,270430,Maceio,AL,2008,31
FTIFO,Febre Tifóide,270430,Maceio,AL,2009,27
FTIFO,Febre Tifóide,270430,Maceio,AL,2010,19
FTIFO,Febre Tifóide,270430,Maceio,AL,2011,13
FTIFO,Febre Tifóide,270430,Maceio,AL,2012,5
FTIFO,Febre Tifóide,270430,Maceio,AL,2013,3
FTIFO,Febre Tifóide,270430,Maceio,AL,2014,5
FTIFO,Febre Tifóide,270430,Maceio,AL,2015,3
FTIFO,Febre Tifóide,270430,Maceio,AL,2016,0
FTIFO,Febre Tifóide,270430,Maceio,AL,2017,2
FTIFO,Febre Tifóide,270430,Maceio,AL,2018,0
FTIFO,Febre Tifóide,270430,Maceio,AL,2019,1
FTIFO,Febre Tifóide,270430,Maceio,AL,2020,0
FTIFO,Febre Tifóide,270430,Maceio,AL,2021,0
FTIFO,Febre Tifóide,270430,Maceio,AL,2022,0
FTIFO,Febre Tifóide,270430,Maceio,AL,2023,0
FTIFO,Febre Tifóide,270430,Maceio,AL,2024,0
FTIFO,Febre Tifóide,270430,Maceio,AL,2025,0
FTIFO,Febre Tifóide,270470,Marechal Deodoro,AL,2001,0
FTIFO,Febre Tifóide,270470,Marechal Deodoro,AL,2003,0
FTIFO,Febre Tifóide,270470,Marechal Deodoro,AL,2006,0
FTIFO,Febre Tifóide,270470,Marechal Deodoro,AL,2007,0
FTIFO,Febre Tifóide,270470,Marechal Deodoro,AL,2008,0
FTIFO,Febre Tifóide,270470,Marechal Deodoro,AL,2009,1
FTIFO,Febre Tifóide,270470,Marechal Deodoro,AL,2010,0
FTIFO,Febre Tifóide,270470,Marechal Deodoro,AL,2011,1
FTIFO,Febre Tifóide,270470,Marechal Deodoro,AL,2012,0
FTIFO,Febre Tifóide,270470,Marechal Deodoro,AL,2013,0
FTIFO,Febre Tifóide,270470,Marechal Deodoro,AL,2014,0
FTIFO,Febre Tifóide,270470,Marechal Deodoro,AL,2015,0
FTIFO,Febre Tifóide,270470,Marechal Deodoro,AL,2016,0
FTIFO,Febre Tifóide,270470,Marechal Deodoro,AL,2017,0
FTIFO,Febre Tifóide,270470,Marechal Deodoro,AL,2018,0
FTIFO,Febre Tifóide,270470,Marechal Deodoro,AL,2019,0
FTIFO,Febre Tifóide,270470,Marechal Deodoro,AL,2020,0
FTIFO,Febre Tifóide,270470,Marechal Deodoro,AL,2021,0
FTIFO,Febre Tifóide,270470,Marechal Deodoro,AL,2022,0
FTIFO,Febre Tifóide,270470,Marechal Deodoro,AL,2023,0
FTIFO,Febre Tifóide,270470,Marechal Deodoro,AL,2024,0
FTIFO,Febre Tifóide,270470,Marechal Deodoro,AL,2025,0
FTIFO,Febre Tifóide,270650,Passo de Camaragibe,AL,2001,0
FTIFO,Febre Tifóide,270650,Passo de Camaragibe,AL,2003,0
FTIFO,Febre Tifóide,270650,Passo de Camaragibe,AL,2006,0
FTIFO,Febre Tifóide,270650,Passo de Camaragibe,AL,2007,0
FTIFO,Febre Tifóide,270650,Passo de Camaragibe,AL,2008,0
FTIFO,Febre Tifóide,270650,Passo de Camaragibe,AL,2009,1
FTIFO,Febre Tifóide,270650,Passo de Camaragibe,AL,2010,0
FTIFO,Febre Tifóide,270650,Passo de Camaragibe,AL,2011,0
FTIFO,Febre Tifóide,270650,Passo de Camaragibe,AL,2012,0
FTIFO,Febre Tifóide,270650,Passo de Camaragibe,AL,2013,0
FTIFO,Febre Tifóide,270650,Passo de Camaragibe,AL,2014,0
FTIFO,Febre Tifóide,270650,Passo de Camaragibe,AL,2015,0
FTIFO,Febre Tifóide,270650,Passo de Camaragibe,AL,2016,0
FTIFO,Febre Tifóide,270650,Passo de Camaragibe,AL,2017,0
FTIFO,Febre Tifóide,270650,Passo de Camaragibe,AL,2018,0
FTIFO,Febre Tifóide,270650,Passo de Camaragibe,AL,2019,0
FTIFO,Febre Tifóide,270650,Passo de Camaragibe,AL,2020,0
FTIFO,Febre Tifóide,270650,Passo de Camaragibe,AL,2021,0
FTIFO,Febre Tifóide,270650,Passo de Camaragibe,AL,2022,0
FTIFO,Febre Tifóide,270650,Passo de Camaragibe,AL,2023,0
FTIFO,Febre Tifóide,270650,Passo de Camaragibe,AL,2024,0
FTIFO,Febre Tifóide,270650,Passo de Camaragibe,AL,2025,0
FTIFO,Febre Tifóide,270940,Vicosa,AL,2001,0
FTIFO,Febre Tifóide,270940,Vicosa,AL,2003,0
FTIFO,Febre Tifóide,270940,Vicosa,AL,2006,0
FTIFO,Febre Tifóide,270940,Vicosa,AL,2007,0
FTIFO,Febre Tifóide,270940,Vicosa,AL,2008,0
FTIFO,Febre Tifóide,270940,Vicosa,AL,2009,0
FTIFO,Febre Tifóide,270940,Vicosa,AL,2010,0
FTIFO,Febre Tifóide,270940,Vicosa,AL,2011,0
FTIFO,Febre Tifóide,270940,Vicosa,AL,2012,0
FTIFO,Febre Tifóide,270940,Vicosa,AL,2013,0
FTIFO,Febre Tifóide,270940,Vicosa,AL,2014,0
FTIFO,Febre Tifóide,270940,Vicosa,AL,2015,1
FTIFO,Febre Tifóide,270940,Vicosa,AL,2016,0
FTIFO,Febre Tifóide,270940,Vicosa,AL,2017,0
FTIFO,Febre Tifóide,270940,Vicosa,AL,2018,0
FTIFO,Febre Tifóide,270940,Vicosa,AL,2019,0
FTIFO,Febre Tifóide,270940,Vicosa,AL,2020,0
FTIFO,Febre Tifóide,270940,Vicosa,AL,2021,0
FTIFO,Febre Tifóide,270940,Vicosa,AL,2022,0
FTIFO,Febre Tifóide,270940,Vicosa,AL,2023,0
FTIFO,Febre Tifóide,270940,Vicosa,AL,2024,0
FTIFO,Febre Tifóide,270940,Vicosa,AL,2025,0
FTIFO,Febre Tifóide,130002,Alvaraes,AM,2001,0
FTIFO,Febre Tifóide,130002,Alvaraes,AM,2003,0
FTIFO,Febre Tifóide,130002,Alvaraes,AM,2006,0
FTIFO,Febre Tifóide,130002,Alvaraes,AM,2007,0
FTIFO,Febre Tifóide,130002,Alvaraes,AM,2008,0
FTIFO,Febre Tifóide,130002,Alvaraes,AM,2009,0
FTIFO,Febre Tifóide,130002,Alvaraes,AM,2010,0
FTIFO,Febre Tifóide,130002,Alvaraes,AM,2011,0
FTIFO,Febre Tifóide,130002,Alvaraes,AM,2012,0
FTIFO,Febre Tifóide,130002,Alvaraes,AM,2013,1
FTIFO,Febre Tifóide,130002,Alvaraes,AM,2014,0
FTIFO,Febre Tifóide,130002,Alvaraes,AM,2015,0
FTIFO,Febre Tifóide,130002,Alvaraes,AM,2016,0
FTIFO,Febre Tifóide,130002,Alvaraes,AM,2017,0
FTIFO,Febre Tifóide,130002,Alvaraes,AM,2018,0
FTIFO,Febre Tifóide,130002,Alvaraes,AM,2019,0
FTIFO,Febre Tifóide,130002,Alvaraes,AM,2020,0
FTIFO,Febre Tifóide,130002,Alvaraes,AM,2021,0
FTIFO,Febre Tifóide,130002,Alvaraes,AM,2022,0
FTIFO,Febre Tifóide,130002,Alvaraes,AM,2023,0
FTIFO,Febre Tifóide,130002,Alvaraes,AM,2024,0
FTIFO,Febre Tifóide,130002,Alvaraes,AM,2025,0
FTIFO,Febre Tifóide,130050,Barreirinha,AM,2001,0
FTIFO,Febre Tifóide,130050,Barreirinha,AM,2003,0
FTIFO,Febre Tifóide,130050,Barreirinha,AM,2006,0
FTIFO,Febre Tifóide,130050,Barreirinha,AM,2007,0
FTIFO,Febre Tifóide,130050,Barreirinha,AM,2008,0
FTIFO,Febre Tifóide,130050,Barreirinha,AM,2009,0
FTIFO,Febre Tifóide,130050,Barreirinha,AM,2010,0
FTIFO,Febre Tifóide,130050,Barreirinha,AM,2011,0
FTIFO,Febre Tifóide,130050,Barreirinha,AM,2012,0
FTIFO,Febre Tifóide,130050,Barreirinha,AM,2013,0
FTIFO,Febre Tifóide,130050,Barreirinha,AM,2014,0
FTIFO,Febre Tifóide,130050,Barreirinha,AM,2015,0
FTIFO,Febre Tifóide,130050,Barreirinha,AM,2016,1
FTIFO,Febre Tifóide,130050,Barreirinha,AM,2017,0
FTIFO,Febre Tifóide,130050,Barreirinha,AM,2018,0
FTIFO,Febre Tifóide,130050,Barreirinha,AM,2019,0
FTIFO,Febre Tifóide,130050,Barreirinha,AM,2020,0
FTIFO,Febre Tifóide,130050,Barreirinha,AM,2021,0
FTIFO,Febre Tifóide,130050,Barreirinha,AM,2022,0
FTIFO,Febre Tifóide,130050,Barreirinha,AM,2023,0
FTIFO,Febre Tifóide,130050,Barreirinha,AM,2024,0
FTIFO,Febre Tifóide,130050,Barreirinha,AM,2025,0
FTIFO,Febre Tifóide,130060,Benjamin Constant,AM,2001,0
FTIFO,Febre Tifóide,130060,Benjamin Constant,AM,2003,0
FTIFO,Febre Tifóide,130060,Benjamin Constant,AM,2006,0
FTIFO,Febre Tifóide,130060,Benjamin Constant,AM,2007,0
FTIFO,Febre Tifóide,130060,Benjamin Constant,AM,2008,0
FTIFO,Febre Tifóide,130060,Benjamin Constant,AM,2009,0
FTIFO,Febre Tifóide,130060,Benjamin Constant,AM,2010,0
FTIFO,Febre Tifóide,130060,Benjamin Constant,AM,2011,0
FTIFO,Febre Tifóide,130060,Benjamin Constant,AM,2012,0
FTIFO,Febre Tifóide,130060,Benjamin Constant,AM,2013,0
FTIFO,Febre Tifóide,130060,Benjamin Constant,AM,2014,1
FTIFO,Febre Tifóide,130060,Benjamin Constant,AM,2015,0
FTIFO,Febre Tifóide,130060,Benjamin Constant,AM,2016,0
FTIFO,Febre Tifóide,130060,Benjamin Constant,AM,2017,0
FTIFO,Febre Tifóide,130060,Benjamin Constant,AM,2018,0
FTIFO,Febre Tifóide,130060,Benjamin Constant,AM,2019,0
FTIFO,Febre Tifóide,130060,Benjamin Constant,AM,2020,0
FTIFO,Febre Tifóide,130060,Benjamin Constant,AM,2021,0
FTIFO,Febre Tifóide,130060,Benjamin Constant,AM,2022,0
FTIFO,Febre Tifóide,130060,Benjamin Constant,AM,2023,0
FTIFO,Febre Tifóide,130060,Benjamin Constant,AM,2024,0
FTIFO,Febre Tifóide,130060,Benjamin Constant,AM,2025,0
FTIFO,Febre Tifóide,130070,Boca do Acre,AM,2001,1
FTIFO,Febre Tifóide,130070,Boca do Acre,AM,2003,0
FTIFO,Febre Tifóide,130070,Boca do Acre,AM,2006,0
FTIFO,Febre Tifóide,130070,Boca do Acre,AM,2007,0
FTIFO,Febre Tifóide,130070,Boca do Acre,AM,2008,0
FTIFO,Febre Tifóide,130070,Boca do Acre,AM,2009,0
FTIFO,Febre Tifóide,130070,Boca do Acre,AM,2010,0
FTIFO,Febre Tifóide,130070,Boca do Acre,AM,2011,0
FTIFO,Febre Tifóide,130070,Boca do Acre,AM,2012,0
FTIFO,Febre Tifóide,130070,Boca do Acre,AM,2013,0
FTIFO,Febre Tifóide,130070,Boca do Acre,AM,2014,0
FTIFO,Febre Tifóide,130070,Boca do Acre,AM,2015,0
FTIFO,Febre Tifóide,130070,Boca do Acre,AM,2016,0
FTIFO,Febre Tifóide,130070,Boca do Acre,AM,2017,0
FTIFO,Febre Tifóide,130070,Boca do Acre,AM,2018,0
FTIFO,Febre Tifóide,130070,Boca do Acre,AM,2019,0
FTIFO,Febre Tifóide,130070,Boca do Acre,AM,2020,0
FTIFO,Febre Tifóide,130070,Boca do Acre,AM,2021,0
FTIFO,Febre Tifóide,130070,Boca do Acre,AM,2022,0
FTIFO,Febre Tifóide,130070,Boca do Acre,AM,2023,0
FTIFO,Febre Tifóide,130070,Boca do Acre,AM,2024,0
FTIFO,Febre Tifóide,130070,Boca do Acre,AM,2025,0
FTIFO,Febre Tifóide,130080,Borba,AM,2001,0
FTIFO,Febre Tifóide,130080,Borba,AM,2003,0
FTIFO,Febre Tifóide,130080,Borba,AM,2006,0
FTIFO,Febre Tifóide,130080,Borba,AM,2007,0
FTIFO,Febre Tifóide,130080,Borba,AM,2008,0
FTIFO,Febre Tifóide,130080,Borba,AM,2009,0
FTIFO,Febre Tifóide,130080,Borba,AM,2010,0
FTIFO,Febre Tifóide,130080,Borba,AM,2011,0
FTIFO,Febre Tifóide,130080,Borba,AM,2012,0
FTIFO,Febre Tifóide,130080,Borba,AM,2013,0
FTIFO,Febre Tifóide,130080,Borba,AM,2014,0
FTIFO,Febre Tifóide,130080,Borba,AM,2015,1
FTIFO,Febre Tifóide,130080,Borba,AM,2016,0
FTIFO,Febre Tifóide,130080,Borba,AM,2017,0
FTIFO,Febre Tifóide,130080,Borba,AM,2018,0
FTIFO,Febre Tifóide,130080,Borba,AM,2019,0
FTIFO,Febre Tifóide,130080,Borba,AM,2020,0
FTIFO,Febre Tifóide,130080,Borba,AM,2021,0
FTIFO,Febre Tifóide,130080,Borba,AM,2022,0
FTIFO,Febre Tifóide,130080,Borba,AM,2023,0
FTIFO,Febre Tifóide,130080,Borba,AM,2024,0
FTIFO,Febre Tifóide,130080,Borba,AM,2025,0
FTIFO,Febre Tifóide,130100,Carauari,AM,2001,0
FTIFO,Febre Tifóide,130100,Carauari,AM,2003,0
FTIFO,Febre Tifóide,130100,Carauari,AM,2006,0
FTIFO,Febre Tifóide,130100,Carauari,AM,2007,0
FTIFO,Febre Tifóide,130100,Carauari,AM,2008,0
FTIFO,Febre Tifóide,130100,Carauari,AM,2009,0
FTIFO,Febre Tifóide,130100,Carauari,AM,2010,0
FTIFO,Febre Tifóide,130100,Carauari,AM,2011,1
FTIFO,Febre Tifóide,130100,Carauari,AM,2012,0
FTIFO,Febre Tifóide,130100,Carauari,AM,2013,0
FTIFO,Febre Tifóide,130100,Carauari,AM,2014,0
FTIFO,Febre Tifóide,130100,Carauari,AM,2015,0
FTIFO,Febre Tifóide,130100,Carauari,AM,2016,0
FTIFO,Febre Tifóide,130100,Carauari,AM,2017,0
FTIFO,Febre Tifóide,130100,Carauari,AM,2018,0
FTIFO,Febre Tifóide,130100,Carauari,AM,2019,0
FTIFO,Febre Tifóide,130100,Carauari,AM,2020,0
FTIFO,Febre Tifóide,130100,Carauari,AM,2021,0
FTIFO,Febre Tifóide,130100,Carauari,AM,2022,0
FTIFO,Febre Tifóide,130100,Carauari,AM,2023,0
FTIFO,Febre Tifóide,130100,Carauari,AM,2024,0
FTIFO,Febre Tifóide,130100,Carauari,AM,2025,0
FTIFO,Febre Tifóide,130120,Coari,AM,2001,0
FTIFO,Febre Tifóide,130120,Coari,AM,2003,0
FTIFO,Febre Tifóide,130120,Coari,AM,2006,0
FTIFO,Febre Tifóide,130120,Coari,AM,2007,0
FTIFO,Febre Tifóide,130120,Coari,AM,2008,0
FTIFO,Febre Tifóide,130120,Coari,AM,2009,0
FTIFO,Febre Tifóide,130120,Coari,AM,2010,0
FTIFO,Febre Tifóide,130120,Coari,AM,2011,0
FTIFO,Febre Tifóide,130120,Coari,AM,2012,0
FTIFO,Febre Tifóide,130120,Coari,AM,2013,16
FTIFO,Febre Tifóide,130120,Coari,AM,2014,23
FTIFO,Febre Tifóide,130120,Coari,AM,2015,0
FTIFO,Febre Tifóide,130120,Coari,AM,2016,1
FTIFO,Febre Tifóide,130120,Coari,AM,2017,3
FTIFO,Febre Tifóide,130120,Coari,AM,2018,0
FTIFO,Febre Tifóide,130120,Coari,AM,2019,0
FTIFO,Febre Tifóide,130120,Coari,AM,2020,0
FTIFO,Febre Tifóide,130120,Coari,AM,2021,0
FTIFO,Febre Tifóide,130120,Coari,AM,2022,0
FTIFO,Febre Tifóide,130120,Coari,AM,2023,0
FTIFO,Febre Tifóide,130120,Coari,AM,2024,0
FTIFO,Febre Tifóide,130120,Coari,AM,2025,0
FTIFO,Febre Tifóide,130130,Codajas,AM,2001,0
FTIFO,Febre Tifóide,130130,Codajas,AM,2003,0
FTIFO,Febre Tifóide,130130,Codajas,AM,2006,0
FTIFO,Febre Tifóide,130130,Codajas,AM,2007,0
FTIFO,Febre Tifóide,130130,Codajas,AM,2008,0
FTIFO,Febre Tifóide,130130,Codajas,AM,2009,0
FTIFO,Febre Tifóide,130130,Codajas,AM,2010,8
FTIFO,Febre Tifóide,130130,Codajas,AM,2011,0
FTIFO,Febre Tifóide,130130,Codajas,AM,2012,0
FTIFO,Febre Tifóide,130130,Codajas,AM,2013,1
FTIFO,Febre Tifóide,130130,Codajas,AM,2014,0
FTIFO,Febre Tifóide,130130,Codajas,AM,2015,0
FTIFO,Febre Tifóide,130130,Codajas,AM,2016,0
FTIFO,Febre Tifóide,130130,Codajas,AM,2017,0
FTIFO,Febre Tifóide,130130,Codajas,AM,2018,0
FTIFO,Febre Tifóide,130130,Codajas,AM,2019,0
FTIFO,Febre Tifóide,130130,Codajas,AM,2020,0
FTIFO,Febre Tifóide,130130,Codajas,AM,2021,0
FTIFO,Febre Tifóide,130130,Codajas,AM,2022,0
FTIFO,Febre Tifóide,130130,Codajas,AM,2023,0
FTIFO,Febre Tifóide,130130,Codajas,AM,2024,0
FTIFO,Febre Tifóide,130130,Codajas,AM,2025,0
FTIFO,Febre Tifóide,130160,Fonte Boa,AM,2001,0
FTIFO,Febre Tifóide,130160,Fonte Boa,AM,2003,0
FTIFO,Febre Tifóide,130160,Fonte Boa,AM,2006,0
FTIFO,Febre Tifóide,130160,Fonte Boa,AM,2007,0
FTIFO,Febre Tifóide,130160,Fonte Boa,AM,2008,0
FTIFO,Febre Tifóide,130160,Fonte Boa,AM,2009,5
FTIFO,Febre Tifóide,130160,Fonte Boa,AM,2010,0
FTIFO,Febre Tifóide,130160,Fonte Boa,AM,2011,0
FTIFO,Febre Tifóide,130160,Fonte Boa,AM,2012,0
FTIFO,Febre Tifóide,130160,Fonte Boa,AM,2013,0
FTIFO,Febre Tifóide,130160,Fonte Boa,AM,2014,0
FTIFO,Febre Tifóide,130160,Fonte Boa,AM,2015,0
FTIFO,Febre Tifóide,130160,Fonte Boa,AM,2016,0
FTIFO,Febre Tifóide,130160,Fonte Boa,AM,2017,0
FTIFO,Febre Tifóide,130160,Fonte Boa,AM,2018,0
FTIFO,Febre Tifóide,130160,Fonte Boa,AM,2019,0
FTIFO,Febre Tifóide,130160,Fonte Boa,AM,2020,0
FTIFO,Febre Tifóide,130160,Fonte Boa,AM,2021,0
FTIFO,Febre Tifóide,130160,Fonte Boa,AM,2022,0
FTIFO,Febre Tifóide,130160,Fonte Boa,AM,2023,0
FTIFO,Febre Tifóide,130160,Fonte Boa,AM,2024,0
FTIFO,Febre Tifóide,130160,Fonte Boa,AM,2025,0
FTIFO,Febre Tifóide,130220,Jurua,AM,2001,0
FTIFO,Febre Tifóide,130220,Jurua,AM,2003,0
FTIFO,Febre Tifóide,130220,Jurua,AM,2006,0
FTIFO,Febre Tifóide,130220,Jurua,AM,2007,0
FTIFO,Febre Tifóide,130220,Jurua,AM,2008,0
FTIFO,Febre Tifóide,130220,Jurua,AM,2009,0
FTIFO,Febre Tifóide,130220,Jurua,AM,2010,3
FTIFO,Febre Tifóide,130220,Jurua,AM,2011,0
FTIFO,Febre Tifóide,130220,Jurua,AM,2012,0
FTIFO,Febre Tifóide,130220,Jurua,AM,2013,0
FTIFO,Febre Tifóide,130220,Jurua,AM,2014,0
FTIFO,Febre Tifóide,130220,Jurua,AM,2015,0
FTIFO,Febre Tifóide,130220,Jurua,AM,2016,0
FTIFO,Febre Tifóide,130220,Jurua,AM,2017,0
FTIFO,Febre Tifóide,130220,Jurua,AM,2018,0
FTIFO,Febre Tifóide,130220,Jurua,AM,2019,0
FTIFO,Febre Tifóide,130220,Jurua,AM,2020,0
FTIFO,Febre Tifóide,130220,Jurua,AM,2021,0
FTIFO,Febre Tifóide,130220,Jurua,AM,2022,0
FTIFO,Febre Tifóide,130220,Jurua,AM,2023,0
FTIFO,Febre Tifóide,130220,Jurua,AM,2024,0
FTIFO,Febre Tifóide,130220,Jurua,AM,2025,0
FTIFO,Febre Tifóide,130260,Manaus,AM,2001,0
FTIFO,Febre Tifóide,130260,Manaus,AM,2003,0
FTIFO,Febre Tifóide,130260,Manaus,AM,2006,1
FTIFO,Febre Tifóide,130260,Manaus,AM,2007,11
FTIFO,Febre Tifóide,130260,Manaus,AM,2008,7
FTIFO,Febre Tifóide,130260,Manaus,AM,2009,21
FTIFO,Febre Tifóide,130260,Manaus,AM,2010,16
FTIFO,Febre Tifóide,130260,Manaus,AM,2011,9
FTIFO,Febre Tifóide,130260,Manaus,AM,2012,3
FTIFO,Febre Tifóide,130260,Manaus,AM,2013,19
FTIFO,Febre Tifóide,130260,Manaus,AM,2014,10
FTIFO,Febre Tifóide,130260,Manaus,AM,2015,4
FTIFO,Febre Tifóide,130260,Manaus,AM,2016,17
FTIFO,Febre Tifóide,130260,Manaus,AM,2017,4
FTIFO,Febre Tifóide,130260,Manaus,AM,2018,6
FTIFO,Febre Tifóide,130260,Manaus,AM,2019,3
FTIFO,Febre Tifóide,130260,Manaus,AM,2020,0
FTIFO,Febre Tifóide,130260,Manaus,AM,2021,1
FTIFO,Febre Tifóide,130260,Manaus,AM,2022,1
FTIFO,Febre Tifóide,130260,Manaus,AM,2023,1
FTIFO,Febre Tifóide,130260,Manaus,AM,2024,0
FTIFO,Febre Tifóide,130260,Manaus,AM,2025,0
FTIFO,Febre Tifóide,130330,Novo Aripuana,AM,2001,0
FTIFO,Febre Tifóide,130330,Novo Aripuana,AM,2003,0
FTIFO,Febre Tifóide,130330,Novo Aripuana,AM,2006,0
FTIFO,Febre Tifóide,130330,Novo Aripuana,AM,2007,0
FTIFO,Febre Tifóide,130330,Novo Aripuana,AM,2008,0
FTIFO,Febre Tifóide,130330,Novo Aripuana,AM,2009,0
FTIFO,Febre Tifóide,130330,Novo Aripuana,AM,2010,0
FTIFO,Febre Tifóide,130330,Novo Aripuana,AM,2011,0
FTIFO,Febre Tifóide,130330,Novo Aripuana,AM,2012,0
FTIFO,Febre Tifóide,130330,Novo Aripuana,AM,2013,0
FTIFO,Febre Tifóide,130330,Novo Aripuana,AM,2014,0
FTIFO,Febre Tifóide,130330,Novo Aripuana,AM,2015,1
FTIFO,Febre Tifóide,130330,Novo Aripuana,AM,2016,0
FTIFO,Febre Tifóide,130330,Novo Aripuana,AM,2017,0
FTIFO,Febre Tifóide,130330,Novo Aripuana,AM,2018,1
FTIFO,Febre Tifóide,130330,Novo Aripuana,AM,2019,0
FTIFO,Febre Tifóide,130330,Novo Aripuana,AM,2020,0
FTIFO,Febre Tifóide,130330,Novo Aripuana,AM,2021,0
FTIFO,Febre Tifóide,130330,Novo Aripuana,AM,2022,0
FTIFO,Febre Tifóide,130330,Novo Aripuana,AM,2023,0
FTIFO,Febre Tifóide,130330,Novo Aripuana,AM,2024,0
FTIFO,Febre Tifóide,130330,Novo Aripuana,AM,2025,0
FTIFO,Febre Tifóide,130350,Pauini,AM,2001,0
FTIFO,Febre Tifóide,130350,Pauini,AM,2003,0
FTIFO,Febre Tifóide,130350,Pauini,AM,2006,0
FTIFO,Febre Tifóide,130350,Pauini,AM,2007,0
FTIFO,Febre Tifóide,130350,Pauini,AM,2008,0
FTIFO,Febre Tifóide,130350,Pauini,AM,2009,0
FTIFO,Febre Tifóide,130350,Pauini,AM,2010,0
FTIFO,Febre Tifóide,130350,Pauini,AM,2011,0
FTIFO,Febre Tifóide,130350,Pauini,AM,2012,0
FTIFO,Febre Tifóide,130350,Pauini,AM,2013,0
FTIFO,Febre Tifóide,130350,Pauini,AM,2014,0
FTIFO,Febre Tifóide,130350,Pauini,AM,2015,1
FTIFO,Febre Tifóide,130350,Pauini,AM,2016,0
FTIFO,Febre Tifóide,130350,Pauini,AM,2017,0
FTIFO,Febre Tifóide,130350,Pauini,AM,2018,0
FTIFO,Febre Tifóide,130350,Pauini,AM,2019,0
FTIFO,Febre Tifóide,130350,Pauini,AM,2020,0
FTIFO,Febre Tifóide,130350,Pauini,AM,2021,0
FTIFO,Febre Tifóide,130350,Pauini,AM,2022,0
FTIFO,Febre Tifóide,130350,Pauini,AM,2023,0
FTIFO,Febre Tifóide,130350,Pauini,AM,2024,0
FTIFO,Febre Tifóide,130350,Pauini,AM,2025,0
FTIFO,Febre Tifóide,130353,Presidente Figueiredo,AM,2001,0
FTIFO,Febre Tifóide,130353,Presidente Figueiredo,AM,2003,0
FTIFO,Febre Tifóide,130353,Presidente Figueiredo,AM,2006,0
FTIFO,Febre Tifóide,130353,Presidente Figueiredo,AM,2007,0
FTIFO,Febre Tifóide,130353,Presidente Figueiredo,AM,2008,0
FTIFO,Febre Tifóide,130353,Presidente Figueiredo,AM,2009,0
FTIFO,Febre Tifóide,130353,Presidente Figueiredo,AM,2010,0
FTIFO,Febre Tifóide,130353,Presidente Figueiredo,AM,2011,0
FTIFO,Febre Tifóide,130353,Presidente Figueiredo,AM,2012,0
FTIFO,Febre Tifóide,130353,Presidente Figueiredo,AM,2013,0
FTIFO,Febre Tifóide,130353,Presidente Figueiredo,AM,2014,0
FTIFO,Febre Tifóide,130353,Presidente Figueiredo,AM,2015,1
FTIFO,Febre Tifóide,130353,Presidente Figueiredo,AM,2016,0
FTIFO,Febre Tifóide,130353,Presidente Figueiredo,AM,2017,0
FTIFO,Febre Tifóide,130353,Presidente Figueiredo,AM,2018,0
FTIFO,Febre Tifóide,130353,Presidente Figueiredo,AM,2019,0
FTIFO,Febre Tifóide,130353,Presidente Figueiredo,AM,2020,0
FTIFO,Febre Tifóide,130353,Presidente Figueiredo,AM,2021,0
FTIFO,Febre Tifóide,130353,Presidente Figueiredo,AM,2022,0
FTIFO,Febre Tifóide,130353,Presidente Figueiredo,AM,2023,0
FTIFO,Febre Tifóide,130353,Presidente Figueiredo,AM,2024,0
FTIFO,Febre Tifóide,130353,Presidente Figueiredo,AM,2025,0
FTIFO,Febre Tifóide,130395,Sao Sebastiao do Uatuma,AM,2001,0
FTIFO,Febre Tifóide,130395,Sao Sebastiao do Uatuma,AM,2003,0
FTIFO,Febre Tifóide,130395,Sao Sebastiao do Uatuma,AM,2006,0
FTIFO,Febre Tifóide,130395,Sao Sebastiao do Uatuma,AM,2007,0
FTIFO,Febre Tifóide,130395,Sao Sebastiao do Uatuma,AM,2008,0
FTIFO,Febre Tifóide,130395,Sao Sebastiao do Uatuma,AM,2009,0
FTIFO,Febre Tifóide,130395,Sao Sebastiao do Uatuma,AM,2010,0
FTIFO,Febre Tifóide,130395,Sao Sebastiao do Uatuma,AM,2011,0
FTIFO,Febre Tifóide,130395,Sao Sebastiao do Uatuma,AM,2012,0
FTIFO,Febre Tifóide,130395,Sao Sebastiao do Uatuma,AM,2013,0
FTIFO,Febre Tifóide,130395,Sao Sebastiao do Uatuma,AM,2014,1
FTIFO,Febre Tifóide,130395,Sao Sebastiao do Uatuma,AM,2015,0
FTIFO,Febre Tifóide,130395,Sao Sebastiao do Uatuma,AM,2016,0
FTIFO,Febre Tifóide,130395,Sao Sebastiao do Uatuma,AM,2017,0
FTIFO,Febre Tifóide,130395,Sao Sebastiao do Uatuma,AM,2018,0
FTIFO,Febre Tifóide,130395,Sao Sebastiao do Uatuma,AM,2019,0
FTIFO,Febre Tifóide,130395,Sao Sebastiao do Uatuma,AM,2020,0
FTIFO,Febre Tifóide,130395,Sao Sebastiao do Uatuma,AM,2021,0
FTIFO,Febre Tifóide,130395,Sao Sebastiao do Uatuma,AM,2022,0
FTIFO,Febre Tifóide,130395,Sao Sebastiao do Uatuma,AM,2023,0
FTIFO,Febre Tifóide,130395,Sao Sebastiao do Uatuma,AM,2024,0
FTIFO,Febre Tifóide,130395,Sao Sebastiao do Uatuma,AM,2025,0
FTIFO,Febre Tifóide,130410,Tapaua,AM,2001,0
FTIFO,Febre Tifóide,130410,Tapaua,AM,2003,0
FTIFO,Febre Tifóide,130410,Tapaua,AM,2006,0
FTIFO,Febre Tifóide,130410,Tapaua,AM,2007,1
FTIFO,Febre Tifóide,130410,Tapaua,AM,2008,0
FTIFO,Febre Tifóide,130410,Tapaua,AM,2009,0
FTIFO,Febre Tifóide,130410,Tapaua,AM,2010,0
FTIFO,Febre Tifóide,130410,Tapaua,AM,2011,1
FTIFO,Febre Tifóide,130410,Tapaua,AM,2012,0
FTIFO,Febre Tifóide,130410,Tapaua,AM,2013,0
FTIFO,Febre Tifóide,130410,Tapaua,AM,2014,0
FTIFO,Febre Tifóide,130410,Tapaua,AM,2015,0
FTIFO,Febre Tifóide,130410,Tapaua,AM,2016,0
FTIFO,Febre Tifóide,130410,Tapaua,AM,2017,0
FTIFO,Febre Tifóide,130410,Tapaua,AM,2018,0
FTIFO,Febre Tifóide,130410,Tapaua,AM,2019,0
FTIFO,Febre Tifóide,130410,Tapaua,AM,2020,0
FTIFO,Febre Tifóide,130410,Tapaua,AM,2021,0
FTIFO,Febre Tifóide,130410,Tapaua,AM,2022,0
FTIFO,Febre Tifóide,130410,Tapaua,AM,2023,0
FTIFO,Febre Tifóide,130410,Tapaua,AM,2024,0
FTIFO,Febre Tifóide,130410,Tapaua,AM,2025,0
FTIFO,Febre Tifóide,130420,Tefe,AM,2001,0
FTIFO,Febre Tifóide,130420,Tefe,AM,2003,0
FTIFO,Febre Tifóide,130420,Tefe,AM,2006,0
FTIFO,Febre Tifóide,130420,Tefe,AM,2007,1
FTIFO,Febre Tifóide,130420,Tefe,AM,2008,0
FTIFO,Febre Tifóide,130420,Tefe,AM,2009,0
FTIFO,Febre Tifóide,130420,Tefe,AM,2010,0
FTIFO,Febre Tifóide,130420,Tefe,AM,2011,0
FTIFO,Febre Tifóide,130420,Tefe,AM,2012,0
FTIFO,Febre Tifóide,130420,Tefe,AM,2013,0
FTIFO,Febre Tifóide,130420,Tefe,AM,2014,0
FTIFO,Febre Tifóide,130420,Tefe,AM,2015,0
FTIFO,Febre Tifóide,130420,Tefe,AM,2016,0
FTIFO,Febre Tifóide,130420,Tefe,AM,2017,0
FTIFO,Febre Tifóide,130420,Tefe,AM,2018,0
FTIFO,Febre Tifóide,130420,Tefe,AM,2019,2
FTIFO,Febre Tifóide,130420,Tefe,AM,2020,0
FTIFO,Febre Tifóide,130420,Tefe,AM,2021,0
FTIFO,Febre Tifóide,130420,Tefe,AM,2022,0
FTIFO,Febre Tifóide,130420,Tefe,AM,2023,0
FTIFO,Febre Tifóide,130420,Tefe,AM,2024,0
FTIFO,Febre Tifóide,130420,Tefe,AM,2025,0
FTIFO,Febre Tifóide,160027,Laranjal do Jari,AP,2001,0
FTIFO,Febre Tifóide,160027,Laranjal do Jari,AP,2003,0
FTIFO,Febre Tifóide,160027,Laranjal do Jari,AP,2006,0
FTIFO,Febre Tifóide,160027,Laranjal do Jari,AP,2007,0
FTIFO,Febre Tifóide,160027,Laranjal do Jari,AP,2008,0
FTIFO,Febre Tifóide,160027,Laranjal do Jari,AP,2009,0
FTIFO,Febre Tifóide,160027,Laranjal do Jari,AP,2010,0
FTIFO,Febre Tifóide,160027,Laranjal do Jari,AP,2011,0
FTIFO,Febre Tifóide,160027,Laranjal do Jari,AP,2012,0
FTIFO,Febre Tifóide,160027,Laranjal do Jari,AP,2013,0
FTIFO,Febre Tifóide,160027,Laranjal do Jari,AP,2014,0
FTIFO,Febre Tifóide,160027,Laranjal do Jari,AP,2015,0
FTIFO,Febre Tifóide,160027,Laranjal do Jari,AP,2016,6
FTIFO,Febre Tifóide,160027,Laranjal do Jari,AP,2017,18
FTIFO,Febre Tifóide,160027,Laranjal do Jari,AP,2018,9
FTIFO,Febre Tifóide,160027,Laranjal do Jari,AP,2019,0
FTIFO,Febre Tifóide,160027,Laranjal do Jari,AP,2020,0
FTIFO,Febre Tifóide,160027,Laranjal do Jari,AP,2021,0
FTIFO,Febre Tifóide,160027,Laranjal do Jari,AP,2022,2
FTIFO,Febre Tifóide,160027,Laranjal do Jari,AP,2023,4
FTIFO,Febre Tifóide,160027,Laranjal do Jari,AP,2024,4
FTIFO,Febre Tifóide,160027,Laranjal do Jari,AP,2025,0
FTIFO,Febre Tifóide,160030,Macapa,AP,2001,0
FTIFO,Febre Tifóide,160030,Macapa,AP,2003,0
FTIFO,Febre Tifóide,160030,Macapa,AP,2006,0
FTIFO,Febre Tifóide,160030,Macapa,AP,2007,1
FTIFO,Febre Tifóide,160030,Macapa,AP,2008,1
FTIFO,Febre Tifóide,160030,Macapa,AP,2009,2
FTIFO,Febre Tifóide,160030,Macapa,AP,2010,15
FTIFO,Febre Tifóide,160030,Macapa,AP,2011,49
FTIFO,Febre Tifóide,160030,Macapa,AP,2012,7
FTIFO,Febre Tifóide,160030,Macapa,AP,2013,5
FTIFO,Febre Tifóide,160030,Macapa,AP,2014,14
FTIFO,Febre Tifóide,160030,Macapa,AP,2015,2
FTIFO,Febre Tifóide,160030,Macapa,AP,2016,9
FTIFO,Febre Tifóide,160030,Macapa,AP,2017,9
FTIFO,Febre Tifóide,160030,Macapa,AP,2018,4
FTIFO,Febre Tifóide,160030,Macapa,AP,2019,4
FTIFO,Febre Tifóide,160030,Macapa,AP,2020,0
FTIFO,Febre Tifóide,160030,Macapa,AP,2021,4
FTIFO,Febre Tifóide,160030,Macapa,AP,2022,0
FTIFO,Febre Tifóide,160030,Macapa,AP,2023,0
FTIFO,Febre Tifóide,160030,Macapa,AP,2024,0
FTIFO,Febre Tifóide,160030,Macapa,AP,2025,0
FTIFO,Febre Tifóide,160053,Porto Grande,AP,2001,0
FTIFO,Febre Tifóide,160053,Porto Grande,AP,2003,0
FTIFO,Febre Tifóide,160053,Porto Grande,AP,2006,0
FTIFO,Febre Tifóide,160053,Porto Grande,AP,2007,0
FTIFO,Febre Tifóide,160053,Porto Grande,AP,2008,0
FTIFO,Febre Tifóide,160053,Porto Grande,AP,2009,2
FTIFO,Febre Tifóide,160053,Porto Grande,AP,2010,0
FTIFO,Febre Tifóide,160053,Porto Grande,AP,2011,0
FTIFO,Febre Tifóide,160053,Porto Grande,AP,2012,0
FTIFO,Febre Tifóide,160053,Porto Grande,AP,2013,0
FTIFO,Febre Tifóide,160053,Porto Grande,AP,2014,0
FTIFO,Febre Tifóide,160053,Porto Grande,AP,2015,0
FTIFO,Febre Tifóide,160053,Porto Grande,AP,2016,0
FTIFO,Febre Tifóide,160053,Porto Grande,AP,2017,0
FTIFO,Febre Tifóide,160053,Porto Grande,AP,2018,0
FTIFO,Febre Tifóide,160053,Porto Grande,AP,2019,0
FTIFO,Febre Tifóide,160053,Porto Grande,AP,2020,0
FTIFO,Febre Tifóide,160053,Porto Grande,AP,2021,0
FTIFO,Febre Tifóide,160053,Porto Grande,AP,2022,0
FTIFO,Febre Tifóide,160053,Porto Grande,AP,2023,0
FTIFO,Febre Tifóide,160053,Porto Grande,AP,2024,0
FTIFO,Febre Tifóide,160053,Porto Grande,AP,2025,0
FTIFO,Febre Tifóide,160060,Santana,AP,2001,0
FTIFO,Febre Tifóide,160060,Santana,AP,2003,0
FTIFO,Febre Tifóide,160060,Santana,AP,2006,0
FTIFO,Febre Tifóide,160060,Santana,AP,2007,0
FTIFO,Febre Tifóide,160060,Santana,AP,2008,0
FTIFO,Febre Tifóide,160060,Santana,AP,2009,0
FTIFO,Febre Tifóide,160060,Santana,AP,2010,1
FTIFO,Febre Tifóide,160060,Santana,AP,2011,7
FTIFO,Febre Tifóide,160060,Santana,AP,2012,1
FTIFO,Febre Tifóide,160060,Santana,AP,2013,1
FTIFO,Febre Tifóide,160060,Santana,AP,2014,2
FTIFO,Febre Tifóide,160060,Santana,AP,2015,0
FTIFO,Febre Tifóide,160060,Santana,AP,2016,1
FTIFO,Febre Tifóide,160060,Santana,AP,2017,1
FTIFO,Febre Tifóide,160060,Santana,AP,2018,0
FTIFO,Febre Tifóide,160060,Santana,AP,2019,0
FTIFO,Febre Tifóide,160060,Santana,AP,2020,0
FTIFO,Febre Tifóide,160060,Santana,AP,2021,0
FTIFO,Febre Tifóide,160060,Santana,AP,2022,0
FTIFO,Febre Tifóide,160060,Santana,AP,2023,0
FTIFO,Febre Tifóide,160060,Santana,AP,2024,0
FTIFO,Febre Tifóide,160060,Santana,AP,2025,0
FTIFO,Febre Tifóide,160080,Vitoria do Jari,AP,2001,0
FTIFO,Febre Tifóide,160080,Vitoria do Jari,AP,2003,0
FTIFO,Febre Tifóide,160080,Vitoria do Jari,AP,2006,0
FTIFO,Febre Tifóide,160080,Vitoria do Jari,AP,2007,0
FTIFO,Febre Tifóide,160080,Vitoria do Jari,AP,2008,1
FTIFO,Febre Tifóide,160080,Vitoria do Jari,AP,2009,0
FTIFO,Febre Tifóide,160080,Vitoria do Jari,AP,2010,0
FTIFO,Febre Tifóide,160080,Vitoria do Jari,AP,2011,0
FTIFO,Febre Tifóide,160080,Vitoria do Jari,AP,2012,0
FTIFO,Febre Tifóide,160080,Vitoria do Jari,AP,2013,0
FTIFO,Febre Tifóide,160080,Vitoria do Jari,AP,2014,0
FTIFO,Febre Tifóide,160080,Vitoria do Jari,AP,2015,0
FTIFO,Febre Tifóide,160080,Vitoria do Jari,AP,2016,0
FTIFO,Febre Tifóide,160080,Vitoria do Jari,AP,2017,10
FTIFO,Febre Tifóide,160080,Vitoria do Jari,AP,2018,3
FTIFO,Febre Tifóide,160080,Vitoria do Jari,AP,2019,0
FTIFO,Febre Tifóide,160080,Vitoria do Jari,AP,2020,16
FTIFO,Febre Tifóide,160080,Vitoria do Jari,AP,2021,9
FTIFO,Febre Tifóide,160080,Vitoria do Jari,AP,2022,0
FTIFO,Febre Tifóide,160080,Vitoria do Jari,AP,2023,0
FTIFO,Febre Tifóide,160080,Vitoria do Jari,AP,2024,0
FTIFO,Febre Tifóide,160080,Vitoria do Jari,AP,2025,0
FTIFO,Febre Tifóide,290115,America Dourada,BA,2001,0
FTIFO,Febre Tifóide,290115,America Dourada,BA,2003,0
FTIFO,Febre Tifóide,290115,America Dourada,BA,2006,1
FTIFO,Febre Tifóide,290115,America Dourada,BA,2007,0
FTIFO,Febre Tifóide,290115,America Dourada,BA,2008,0
FTIFO,Febre Tifóide,290115,America Dourada,BA,2009,2
FTIFO,Febre Tifóide,290115,America Dourada,BA,2010,1
FTIFO,Febre Tifóide,290115,America Dourada,BA,2011,0
FTIFO,Febre Tifóide,290115,America Dourada,BA,2012,1
FTIFO,Febre Tifóide,290115,America Dourada,BA,2013,0
FTIFO,Febre Tifóide,290115,America Dourada,BA,2014,0
FTIFO,Febre Tifóide,290115,America Dourada,BA,2015,0
FTIFO,Febre Tifóide,290115,America Dourada,BA,2016,0
FTIFO,Febre Tifóide,290115,America Dourada,BA,2017,0
FTIFO,Febre Tifóide,290115,America Dourada,BA,2018,7
FTIFO,Febre Tifóide,290115,America Dourada,BA,2019,0
FTIFO,Febre Tifóide,290115,America Dourada,BA,2020,0
FTIFO,Febre Tifóide,290115,America Dourada,BA,2021,0
FTIFO,Febre Tifóide,290115,America Dourada,BA,2022,0
FTIFO,Febre Tifóide,290115,America Dourada,BA,2023,0
FTIFO,Febre Tifóide,290115,America Dourada,BA,2024,0
FTIFO,Febre Tifóide,290115,America Dourada,BA,2025,0
FTIFO,Febre Tifóide,290240,Aurelino Leal,BA,2001,0
FTIFO,Febre Tifóide,290240,Aurelino Leal,BA,2003,0
FTIFO,Febre Tifóide,290240,Aurelino Leal,BA,2006,0
FTIFO,Febre Tifóide,290240,Aurelino Leal,BA,2007,0
FTIFO,Febre Tifóide,290240,Aurelino Leal,BA,2008,0
FTIFO,Febre Tifóide,290240,Aurelino Leal,BA,2009,0
FTIFO,Febre Tifóide,290240,Aurelino Leal,BA,2010,1
FTIFO,Febre Tifóide,290240,Aurelino Leal,BA,2011,0
FTIFO,Febre Tifóide,290240,Aurelino Leal,BA,2012,0
FTIFO,Febre Tifóide,290240,Aurelino Leal,BA,2013,0
FTIFO,Febre Tifóide,290240,Aurelino Leal,BA,2014,0
FTIFO,Febre Tifóide,290240,Aurelino Leal,BA,2015,0
FTIFO,Febre Tifóide,290240,Aurelino Leal,BA,2016,0
FTIFO,Febre Tifóide,290240,Aurelino Leal,BA,2017,0
FTIFO,Febre Tifóide,290240,Aurelino Leal,BA,2018,0
FTIFO,Febre Tifóide,290240,Aurelino Leal,BA,2019,0
FTIFO,Febre Tifóide,290240,Aurelino Leal,BA,2020,0
FTIFO,Febre Tifóide,290240,Aurelino Leal,BA,2021,0
FTIFO,Febre Tifóide,290240,Aurelino Leal,BA,2022,0
FTIFO,Febre Tifóide,290240,Aurelino Leal,BA,2023,0
FTIFO,Febre Tifóide,290240,Aurelino Leal,BA,2024,0
FTIFO,Febre Tifóide,290240,Aurelino Leal,BA,2025,0
FTIFO,Febre Tifóide,290310,Barra do Rocha,BA,2001,0
FTIFO,Febre Tifóide,290310,Barra do Rocha,BA,2003,0
FTIFO,Febre Tifóide,290310,Barra do Rocha,BA,2006,0
FTIFO,Febre Tifóide,290310,Barra do Rocha,BA,2007,0
FTIFO,Febre Tifóide,290310,Barra do Rocha,BA,2008,0
FTIFO,Febre Tifóide,290310,Barra do Rocha,BA,2009,0
FTIFO,Febre Tifóide,290310,Barra do Rocha,BA,2010,1
FTIFO,Febre Tifóide,290310,Barra do Rocha,BA,2011,0
FTIFO,Febre Tifóide,290310,Barra do Rocha,BA,2012,0
FTIFO,Febre Tifóide,290310,Barra do Rocha,BA,2013,0
FTIFO,Febre Tifóide,290310,Barra do Rocha,BA,2014,0
FTIFO,Febre Tifóide,290310,Barra do Rocha,BA,2015,0
FTIFO,Febre Tifóide,290310,Barra do Rocha,BA,2016,0
FTIFO,Febre Tifóide,290310,Barra do Rocha,BA,2017,0
FTIFO,Febre Tifóide,290310,Barra do Rocha,BA,2018,0
FTIFO,Febre Tifóide,290310,Barra do Rocha,BA,2019,0
FTIFO,Febre Tifóide,290310,Barra do Rocha,BA,2020,0
FTIFO,Febre Tifóide,290310,Barra do Rocha,BA,2021,0
FTIFO,Febre Tifóide,290310,Barra do Rocha,BA,2022,0
FTIFO,Febre Tifóide,290310,Barra do Rocha,BA,2023,0
FTIFO,Febre Tifóide,290310,Barra do Rocha,BA,2024,0
FTIFO,Febre Tifóide,290310,Barra do Rocha,BA,2025,0
FTIFO,Febre Tifóide,290320,Barreiras,BA,2001,0
FTIFO,Febre Tifóide,290320,Barreiras,BA,2003,0
FTIFO,Febre Tifóide,290320,Barreiras,BA,2006,0
FTIFO,Febre Tifóide,290320,Barreiras,BA,2007,1
FTIFO,Febre Tifóide,290320,Barreiras,BA,2008,0
FTIFO,Febre Tifóide,290320,Barreiras,BA,2009,2
FTIFO,Febre Tifóide,290320,Barreiras,BA,2010,1
FTIFO,Febre Tifóide,290320,Barreiras,BA,2011,0
FTIFO,Febre Tifóide,290320,Barreiras,BA,2012,0
FTIFO,Febre Tifóide,290320,Barreiras,BA,2013,0
FTIFO,Febre Tifóide,290320,Barreiras,BA,2014,1
FTIFO,Febre Tifóide,290320,Barreiras,BA,2015,0
FTIFO,Febre Tifóide,290320,Barreiras,BA,2016,0
FTIFO,Febre Tifóide,290320,Barreiras,BA,2017,0
FTIFO,Febre Tifóide,290320,Barreiras,BA,2018,0
FTIFO,Febre Tifóide,290320,Barreiras,BA,2019,0
FTIFO,Febre Tifóide,290320,Barreiras,BA,2020,0
FTIFO,Febre Tifóide,290320,Barreiras,BA,2021,0
FTIFO,Febre Tifóide,290320,Barreiras,BA,2022,0
FTIFO,Febre Tifóide,290320,Barreiras,BA,2023,0
FTIFO,Febre Tifóide,290320,Barreiras,BA,2024,0
FTIFO,Febre Tifóide,290320,Barreiras,BA,2025,0
FTIFO,Febre Tifóide,290323,Barro Alto,BA,2001,0
FTIFO,Febre Tifóide,290323,Barro Alto,BA,2003,0
FTIFO,Febre Tifóide,290323,Barro Alto,BA,2006,0
FTIFO,Febre Tifóide,290323,Barro Alto,BA,2007,0
FTIFO,Febre Tifóide,290323,Barro Alto,BA,2008,0
FTIFO,Febre Tifóide,290323,Barro Alto,BA,2009,0
FTIFO,Febre Tifóide,290323,Barro Alto,BA,2010,1
FTIFO,Febre Tifóide,290323,Barro Alto,BA,2011,0
FTIFO,Febre Tifóide,290323,Barro Alto,BA,2012,0
FTIFO,Febre Tifóide,290323,Barro Alto,BA,2013,0
FTIFO,Febre Tifóide,290323,Barro Alto,BA,2014,0
FTIFO,Febre Tifóide,290323,Barro Alto,BA,2015,1
FTIFO,Febre Tifóide,290323,Barro Alto,BA,2016,0
FTIFO,Febre Tifóide,290323,Barro Alto,BA,2017,0
FTIFO,Febre Tifóide,290323,Barro Alto,BA,2018,0
FTIFO,Febre Tifóide,290323,Barro Alto,BA,2019,0
FTIFO,Febre Tifóide,290323,Barro Alto,BA,2020,0
FTIFO,Febre Tifóide,290323,Barro Alto,BA,2021,0
FTIFO,Febre Tifóide,290323,Barro Alto,BA,2022,0
FTIFO,Febre Tifóide,290323,Barro Alto,BA,2023,0
FTIFO,Febre Tifóide,290323,Barro Alto,BA,2024,0
FTIFO,Febre Tifóide,290323,Barro Alto,BA,2025,0
FTIFO,Febre Tifóide,290470,Buerarema,BA,2001,0
FTIFO,Febre Tifóide,290470,Buerarema,BA,2003,0
FTIFO,Febre Tifóide,290470,Buerarema,BA,2006,0
FTIFO,Febre Tifóide,290470,Buerarema,BA,2007,2
FTIFO,Febre Tifóide,290470,Buerarema,BA,2008,0
FTIFO,Febre Tifóide,290470,Buerarema,BA,2009,0
FTIFO,Febre Tifóide,290470,Buerarema,BA,2010,0
FTIFO,Febre Tifóide,290470,Buerarema,BA,2011,0
FTIFO,Febre Tifóide,290470,Buerarema,BA,2012,0
FTIFO,Febre Tifóide,290470,Buerarema,BA,2013,0
FTIFO,Febre Tifóide,290470,Buerarema,BA,2014,0
FTIFO,Febre Tifóide,290470,Buerarema,BA,2015,0
FTIFO,Febre Tifóide,290470,Buerarema,BA,2016,0
FTIFO,Febre Tifóide,290470,Buerarema,BA,2017,0
FTIFO,Febre Tifóide,290470,Buerarema,BA,2018,0
FTIFO,Febre Tifóide,290470,Buerarema,BA,2019,0
FTIFO,Febre Tifóide,290470,Buerarema,BA,2020,0
FTIFO,Febre Tifóide,290470,Buerarema,BA,2021,0
FTIFO,Febre Tifóide,290470,Buerarema,BA,2022,0
FTIFO,Febre Tifóide,290470,Buerarema,BA,2023,0
FTIFO,Febre Tifóide,290470,Buerarema,BA,2024,0
FTIFO,Febre Tifóide,290470,Buerarema,BA,2025,0
FTIFO,Febre Tifóide,290480,Caatiba,BA,2001,0
FTIFO,Febre Tifóide,290480,Caatiba,BA,2003,0
FTIFO,Febre Tifóide,290480,Caatiba,BA,2006,0
FTIFO,Febre Tifóide,290480,Caatiba,BA,2007,1
FTIFO,Febre Tifóide,290480,Caatiba,BA,2008,0
FTIFO,Febre Tifóide,290480,Caatiba,BA,2009,0
FTIFO,Febre Tifóide,290480,Caatiba,BA,2010,0
FTIFO,Febre Tifóide,290480,Caatiba,BA,2011,0
FTIFO,Febre Tifóide,290480,Caatiba,BA,2012,0
FTIFO,Febre Tifóide,290480,Caatiba,BA,2013,0
FTIFO,Febre Tifóide,290480,Caatiba,BA,2014,0
FTIFO,Febre Tifóide,290480,Caatiba,BA,2015,0
FTIFO,Febre Tifóide,290480,Caatiba,BA,2016,0
FTIFO,Febre Tifóide,290480,Caatiba,BA,2017,0
FTIFO,Febre Tifóide,290480,Caatiba,BA,2018,3
FTIFO,Febre Tifóide,290480,Caatiba,BA,2019,0
FTIFO,Febre Tifóide,290480,Caatiba,BA,2020,0
FTIFO,Febre Tifóide,290480,Caatiba,BA,2021,0
FTIFO,Febre Tifóide,290480,Caatiba,BA,2022,0
FTIFO,Febre Tifóide,290480,Caatiba,BA,2023,0
FTIFO,Febre Tifóide,290480,Caatiba,BA,2024,0
FTIFO,Febre Tifóide,290480,Caatiba,BA,2025,0
FTIFO,Febre Tifóide,290570,Camacari,BA,2001,0
FTIFO,Febre Tifóide,290570,Camacari,BA,2003,0
FTIFO,Febre Tifóide,290570,Camacari,BA,2006,0
FTIFO,Febre Tifóide,290570,Camacari,BA,2007,1
FTIFO,Febre Tifóide,290570,Camacari,BA,2008,0
FTIFO,Febre Tifóide,290570,Camacari,BA,2009,0
FTIFO,Febre Tifóide,290570,Camacari,BA,2010,0
FTIFO,Febre Tifóide,290570,Camacari,BA,2011,0
FTIFO,Febre Tifóide,290570,Camacari,BA,2012,0
FTIFO,Febre Tifóide,290570,Camacari,BA,2013,0
FTIFO,Febre Tifóide,290570,Camacari,BA,2014,0
FTIFO,Febre Tifóide,290570,Camacari,BA,2015,0
FTIFO,Febre Tifóide,290570,Camacari,BA,2016,0
FTIFO,Febre Tifóide,290570,Camacari,BA,2017,0
FTIFO,Febre Tifóide,290570,Camacari,BA,2018,0
FTIFO,Febre Tifóide,290570,Camacari,BA,2019,0
FTIFO,Febre Tifóide,290570,Camacari,BA,2020,0
FTIFO,Febre Tifóide,290570,Camacari,BA,2021,0
FTIFO,Febre Tifóide,290570,Camacari,BA,2022,0
FTIFO,Febre Tifóide,290570,Camacari,BA,2023,0
FTIFO,Febre Tifóide,290570,Camacari,BA,2024,0
FTIFO,Febre Tifóide,290570,Camacari,BA,2025,0
FTIFO,Febre Tifóide,290620,Canarana,BA,2001,0
FTIFO,Febre Tifóide,290620,Canarana,BA,2003,0
FTIFO,Febre Tifóide,290620,Canarana,BA,2006,0
FTIFO,Febre Tifóide,290620,Canarana,BA,2007,1
FTIFO,Febre Tifóide,290620,Canarana,BA,2008,0
FTIFO,Febre Tifóide,290620,Canarana,BA,2009,0
FTIFO,Febre Tifóide,290620,Canarana,BA,2010,0
FTIFO,Febre Tifóide,290620,Canarana,BA,2011,0
FTIFO,Febre Tifóide,290620,Canarana,BA,2012,0
FTIFO,Febre Tifóide,290620,Canarana,BA,2013,0
FTIFO,Febre Tifóide,290620,Canarana,BA,2014,0
FTIFO,Febre Tifóide,290620,Canarana,BA,2015,0
FTIFO,Febre Tifóide,290620,Canarana,BA,2016,0
FTIFO,Febre Tifóide,290620,Canarana,BA,2017,0
FTIFO,Febre Tifóide,290620,Canarana,BA,2018,0
FTIFO,Febre Tifóide,290620,Canarana,BA,2019,0
FTIFO,Febre Tifóide,290620,Canarana,BA,2020,0
FTIFO,Febre Tifóide,290620,Canarana,BA,2021,0
FTIFO,Febre Tifóide,290620,Canarana,BA,2022,0
FTIFO,Febre Tifóide,290620,Canarana,BA,2023,0
FTIFO,Febre Tifóide,290620,Canarana,BA,2024,0
FTIFO,Febre Tifóide,290620,Canarana,BA,2025,0
FTIFO,Febre Tifóide,291080,Feira de Santana,BA,2001,0
FTIFO,Febre Tifóide,291080,Feira de Santana,BA,2003,0
FTIFO,Febre Tifóide,291080,Feira de Santana,BA,2006,0
FTIFO,Febre Tifóide,291080,Feira de Santana,BA,2007,0
FTIFO,Febre Tifóide,291080,Feira de Santana,BA,2008,0
FTIFO,Febre Tifóide,291080,Feira de Santana,BA,2009,0
FTIFO,Febre Tifóide,291080,Feira de Santana,BA,2010,0
FTIFO,Febre Tifóide,291080,Feira de Santana,BA,2011,0
FTIFO,Febre Tifóide,291080,Feira de Santana,BA,2012,0
FTIFO,Febre Tifóide,291080,Feira de Santana,BA,2013,1
FTIFO,Febre Tifóide,291080,Feira de Santana,BA,2014,0
FTIFO,Febre Tifóide,291080,Feira de Santana,BA,2015,0
FTIFO,Febre Tifóide,291080,Feira de Santana,BA,2016,0
FTIFO,Febre Tifóide,291080,Feira de Santana,BA,2017,0
FTIFO,Febre Tifóide,291080,Feira de Santana,BA,2018,0
FTIFO,Febre Tifóide,291080,Feira de Santana,BA,2019,0
FTIFO,Febre Tifóide,291080,Feira de Santana,BA,2020,0
FTIFO,Febre Tifóide,291080,Feira de Santana,BA,2021,0
FTIFO,Febre Tifóide,291080,Feira de Santana,BA,2022,0
FTIFO,Febre Tifóide,291080,Feira de Santana,BA,2023,0
FTIFO,Febre Tifóide,291080,Feira de Santana,BA,2024,0
FTIFO,Febre Tifóide,291080,Feira de Santana,BA,2025,0
FTIFO,Febre Tifóide,291130,Gentio do Ouro,BA,2001,0
FTIFO,Febre Tifóide,291130,Gentio do Ouro,BA,2003,0
FTIFO,Febre Tifóide,291130,Gentio do Ouro,BA,2006,0
FTIFO,Febre Tifóide,291130,Gentio do Ouro,BA,2007,0
FTIFO,Febre Tifóide,291130,Gentio do Ouro,BA,2008,0
FTIFO,Febre Tifóide,291130,Gentio do Ouro,BA,2009,0
FTIFO,Febre Tifóide,291130,Gentio do Ouro,BA,2010,1
FTIFO,Febre Tifóide,291130,Gentio do Ouro,BA,2011,0
FTIFO,Febre Tifóide,291130,Gentio do Ouro,BA,2012,0
FTIFO,Febre Tifóide,291130,Gentio do Ouro,BA,2013,0
FTIFO,Febre Tifóide,291130,Gentio do Ouro,BA,2014,0
FTIFO,Febre Tifóide,291130,Gentio do Ouro,BA,2015,0
FTIFO,Febre Tifóide,291130,Gentio do Ouro,BA,2016,0
FTIFO,Febre Tifóide,291130,Gentio do Ouro,BA,2017,0
FTIFO,Febre Tifóide,291130,Gentio do Ouro,BA,2018,0
FTIFO,Febre Tifóide,291130,Gentio do Ouro,BA,2019,0
FTIFO,Febre Tifóide,291130,Gentio do Ouro,BA,2020,0
FTIFO,Febre Tifóide,291130,Gentio do Ouro,BA,2021,0
FTIFO,Febre Tifóide,291130,Gentio do Ouro,BA,2022,0
FTIFO,Febre Tifóide,291130,Gentio do Ouro,BA,2023,0
FTIFO,Febre Tifóide,291130,Gentio do Ouro,BA,2024,0
FTIFO,Febre Tifóide,291130,Gentio do Ouro,BA,2025,0
FTIFO,Febre Tifóide,291210,Ibicarai,BA,2001,0
FTIFO,Febre Tifóide,291210,Ibicarai,BA,2003,0
FTIFO,Febre Tifóide,291210,Ibicarai,BA,2006,2
FTIFO,Febre Tifóide,291210,Ibicarai,BA,2007,2
FTIFO,Febre Tifóide,291210,Ibicarai,BA,2008,0
FTIFO,Febre Tifóide,291210,Ibicarai,BA,2009,0
FTIFO,Febre Tifóide,291210,Ibicarai,BA,2010,0
FTIFO,Febre Tifóide,291210,Ibicarai,BA,2011,0
FTIFO,Febre Tifóide,291210,Ibicarai,BA,2012,1
FTIFO,Febre Tifóide,291210,Ibicarai,BA,2013,0
FTIFO,Febre Tifóide,291210,Ibicarai,BA,2014,0
FTIFO,Febre Tifóide,291210,Ibicarai,BA,2015,0
FTIFO,Febre Tifóide,291210,Ibicarai,BA,2016,0
FTIFO,Febre Tifóide,291210,Ibicarai,BA,2017,0
FTIFO,Febre Tifóide,291210,Ibicarai,BA,2018,0
FTIFO,Febre Tifóide,291210,Ibicarai,BA,2019,0
FTIFO,Febre Tifóide,291210,Ibicarai,BA,2020,0
FTIFO,Febre Tifóide,291210,Ibicarai,BA,2021,0
FTIFO,Febre Tifóide,291210,Ibicarai,BA,2022,0
FTIFO,Febre Tifóide,291210,Ibicarai,BA,2023,0
FTIFO,Febre Tifóide,291210,Ibicarai,BA,2024,0
FTIFO,Febre Tifóide,291210,Ibicarai,BA,2025,0
FTIFO,Febre Tifóide,291240,Ibipeba,BA,2001,0
FTIFO,Febre Tifóide,291240,Ibipeba,BA,2003,0
FTIFO,Febre Tifóide,291240,Ibipeba,BA,2006,0
FTIFO,Febre Tifóide,291240,Ibipeba,BA,2007,0
FTIFO,Febre Tifóide,291240,Ibipeba,BA,2008,0
FTIFO,Febre Tifóide,291240,Ibipeba,BA,2009,1
FTIFO,Febre Tifóide,291240,Ibipeba,BA,2010,0
FTIFO,Febre Tifóide,291240,Ibipeba,BA,2011,0
FTIFO,Febre Tifóide,291240,Ibipeba,BA,2012,0
FTIFO,Febre Tifóide,291240,Ibipeba,BA,2013,0
FTIFO,Febre Tifóide,291240,Ibipeba,BA,2014,0
FTIFO,Febre Tifóide,291240,Ibipeba,BA,2015,0
FTIFO,Febre Tifóide,291240,Ibipeba,BA,2016,0
FTIFO,Febre Tifóide,291240,Ibipeba,BA,2017,0
FTIFO,Febre Tifóide,291240,Ibipeba,BA,2018,0
FTIFO,Febre Tifóide,291240,Ibipeba,BA,2019,0
FTIFO,Febre Tifóide,291240,Ibipeba,BA,2020,0
FTIFO,Febre Tifóide,291240,Ibipeba,BA,2021,0
FTIFO,Febre Tifóide,291240,Ibipeba,BA,2022,0
FTIFO,Febre Tifóide,291240,Ibipeba,BA,2023,0
FTIFO,Febre Tifóide,291240,Ibipeba,BA,2024,0
FTIFO,Febre Tifóide,291240,Ibipeba,BA,2025,0
FTIFO,Febre Tifóide,291310,Ibitita,BA,2001,0
FTIFO,Febre Tifóide,291310,Ibitita,BA,2003,0
FTIFO,Febre Tifóide,291310,Ibitita,BA,2006,0
FTIFO,Febre Tifóide,291310,Ibitita,BA,2007,0
FTIFO,Febre Tifóide,291310,Ibitita,BA,2008,0
FTIFO,Febre Tifóide,291310,Ibitita,BA,2009,0
FTIFO,Febre Tifóide,291310,Ibitita,BA,2010,0
FTIFO,Febre Tifóide,291310,Ibitita,BA,2011,1
FTIFO,Febre Tifóide,291310,Ibitita,BA,2012,0
FTIFO,Febre Tifóide,291310,Ibitita,BA,2013,0
FTIFO,Febre Tifóide,291310,Ibitita,BA,2014,0
FTIFO,Febre Tifóide,291310,Ibitita,BA,2015,0
FTIFO,Febre Tifóide,291310,Ibitita,BA,2016,0
FTIFO,Febre Tifóide,291310,Ibitita,BA,2017,0
FTIFO,Febre Tifóide,291310,Ibitita,BA,2018,0
FTIFO,Febre Tifóide,291310,Ibitita,BA,2019,0
FTIFO,Febre Tifóide,291310,Ibitita,BA,2020,0
FTIFO,Febre Tifóide,291310,Ibitita,BA,2021,0
FTIFO,Febre Tifóide,291310,Ibitita,BA,2022,0
FTIFO,Febre Tifóide,291310,Ibitita,BA,2023,0
FTIFO,Febre Tifóide,291310,Ibitita,BA,2024,0
FTIFO,Febre Tifóide,291310,Ibitita,BA,2025,0
FTIFO,Febre Tifóide,291360,Ilheus,BA,2001,0
FTIFO,Febre Tifóide,291360,Ilheus,BA,2003,0
FTIFO,Febre Tifóide,291360,Ilheus,BA,2006,0
FTIFO,Febre Tifóide,291360,Ilheus,BA,2007,1
FTIFO,Febre Tifóide,291360,Ilheus,BA,2008,0
FTIFO,Febre Tifóide,291360,Ilheus,BA,2009,0
FTIFO,Febre Tifóide,291360,Ilheus,BA,2010,0
FTIFO,Febre Tifóide,291360,Ilheus,BA,2011,0
FTIFO,Febre Tifóide,291360,Ilheus,BA,2012,0
FTIFO,Febre Tifóide,291360,Ilheus,BA,2013,0
FTIFO,Febre Tifóide,291360,Ilheus,BA,2014,0
FTIFO,Febre Tifóide,291360,Ilheus,BA,2015,0
FTIFO,Febre Tifóide,291360,Ilheus,BA,2016,0
FTIFO,Febre Tifóide,291360,Ilheus,BA,2017,0
FTIFO,Febre Tifóide,291360,Ilheus,BA,2018,0
FTIFO,Febre Tifóide,291360,Ilheus,BA,2019,0
FTIFO,Febre Tifóide,291360,Ilheus,BA,2020,0
FTIFO,Febre Tifóide,291360,Ilheus,BA,2021,0
FTIFO,Febre Tifóide,291360,Ilheus,BA,2022,0
FTIFO,Febre Tifóide,291360,Ilheus,BA,2023,0
FTIFO,Febre Tifóide,291360,Ilheus,BA,2024,0
FTIFO,Febre Tifóide,291360,Ilheus,BA,2025,0
FTIFO,Febre Tifóide,291390,Ipiau,BA,2001,0
FTIFO,Febre Tifóide,291390,Ipiau,BA,2003,0
FTIFO,Febre Tifóide,291390,Ipiau,BA,2006,0
FTIFO,Febre Tifóide,291390,Ipiau,BA,2007,0
FTIFO,Febre Tifóide,291390,Ipiau,BA,2008,0
FTIFO,Febre Tifóide,291390,Ipiau,BA,2009,2
FTIFO,Febre Tifóide,291390,Ipiau,BA,2010,0
FTIFO,Febre Tifóide,291390,Ipiau,BA,2011,1
FTIFO,Febre Tifóide,291390,Ipiau,BA,2012,0
FTIFO,Febre Tifóide,291390,Ipiau,BA,2013,0
FTIFO,Febre Tifóide,291390,Ipiau,BA,2014,0
FTIFO,Febre Tifóide,291390,Ipiau,BA,2015,1
FTIFO,Febre Tifóide,291390,Ipiau,BA,2016,0
FTIFO,Febre Tifóide,291390,Ipiau,BA,2017,0
FTIFO,Febre Tifóide,291390,Ipiau,BA,2018,0
FTIFO,Febre Tifóide,291390,Ipiau,BA,2019,0
FTIFO,Febre Tifóide,291390,Ipiau,BA,2020,0
FTIFO,Febre Tifóide,291390,Ipiau,BA,2021,0
FTIFO,Febre Tifóide,291390,Ipiau,BA,2022,0
FTIFO,Febre Tifóide,291390,Ipiau,BA,2023,0
FTIFO,Febre Tifóide,291390,Ipiau,BA,2024,0
FTIFO,Febre Tifóide,291390,Ipiau,BA,2025,0
FTIFO,Febre Tifóide,291460,Irece,BA,2001,0
FTIFO,Febre Tifóide,291460,Irece,BA,2003,0
FTIFO,Febre Tifóide,291460,Irece,BA,2006,0
FTIFO,Febre Tifóide,291460,Irece,BA,2007,1
FTIFO,Febre Tifóide,291460,Irece,BA,2008,0
FTIFO,Febre Tifóide,291460,Irece,BA,2009,1
FTIFO,Febre Tifóide,291460,Irece,BA,2010,3
FTIFO,Febre Tifóide,291460,Irece,BA,2011,1
FTIFO,Febre Tifóide,291460,Irece,BA,2012,0
FTIFO,Febre Tifóide,291460,Irece,BA,2013,0
FTIFO,Febre Tifóide,291460,Irece,BA,2014,1
FTIFO,Febre Tifóide,291460,Irece,BA,2015,0
FTIFO,Febre Tifóide,291460,Irece,BA,2016,0
FTIFO,Febre Tifóide,291460,Irece,BA,2017,0
FTIFO,Febre Tifóide,291460,Irece,BA,2018,1
FTIFO,Febre Tifóide,291460,Irece,BA,2019,0
FTIFO,Febre Tifóide,291460,Irece,BA,2020,0
FTIFO,Febre Tifóide,291460,Irece,BA,2021,0
FTIFO,Febre Tifóide,291460,Irece,BA,2022,0
FTIFO,Febre Tifóide,291460,Irece,BA,2023,0
FTIFO,Febre Tifóide,291460,Irece,BA,2024,0
FTIFO,Febre Tifóide,291460,Irece,BA,2025,0
FTIFO,Febre Tifóide,291480,Itabuna,BA,2001,0
FTIFO,Febre Tifóide,291480,Itabuna,BA,2003,0
FTIFO,Febre Tifóide,291480,Itabuna,BA,2006,1
FTIFO,Febre Tifóide,291480,Itabuna,BA,2007,11
FTIFO,Febre Tifóide,291480,Itabuna,BA,2008,0
FTIFO,Febre Tifóide,291480,Itabuna,BA,2009,12
FTIFO,Febre Tifóide,291480,Itabuna,BA,2010,0
FTIFO,Febre Tifóide,291480,Itabuna,BA,2011,0
FTIFO,Febre Tifóide,291480,Itabuna,BA,2012,0
FTIFO,Febre Tifóide,291480,Itabuna,BA,2013,0
FTIFO,Febre Tifóide,291480,Itabuna,BA,2014,0
FTIFO,Febre Tifóide,291480,Itabuna,BA,2015,0
FTIFO,Febre Tifóide,291480,Itabuna,BA,2016,0
FTIFO,Febre Tifóide,291480,Itabuna,BA,2017,0
FTIFO,Febre Tifóide,291480,Itabuna,BA,2018,0
FTIFO,Febre Tifóide,291480,Itabuna,BA,2019,0
FTIFO,Febre Tifóide,291480,Itabuna,BA,2020,0
FTIFO,Febre Tifóide,291480,Itabuna,BA,2021,0
FTIFO,Febre Tifóide,291480,Itabuna,BA,2022,0
FTIFO,Febre Tifóide,291480,Itabuna,BA,2023,0
FTIFO,Febre Tifóide,291480,Itabuna,BA,2024,0
FTIFO,Febre Tifóide,291480,Itabuna,BA,2025,0
FTIFO,Febre Tifóide,291510,Itagi,BA,2001,0
FTIFO,Febre Tifóide,291510,Itagi,BA,2003,0
FTIFO,Febre Tifóide,291510,Itagi,BA,2006,0
FTIFO,Febre Tifóide,291510,Itagi,BA,2007,0
FTIFO,Febre Tifóide,291510,Itagi,BA,2008,1
FTIFO,Febre Tifóide,291510,Itagi,BA,2009,0
FTIFO,Febre Tifóide,291510,Itagi,BA,2010,1
FTIFO,Febre Tifóide,291510,Itagi,BA,2011,0
FTIFO,Febre Tifóide,291510,Itagi,BA,2012,0
FTIFO,Febre Tifóide,291510,Itagi,BA,2013,0
FTIFO,Febre Tifóide,291510,Itagi,BA,2014,0
FTIFO,Febre Tifóide,291510,Itagi,BA,2015,0
FTIFO,Febre Tifóide,291510,Itagi,BA,2016,0
FTIFO,Febre Tifóide,291510,Itagi,BA,2017,0
FTIFO,Febre Tifóide,291510,Itagi,BA,2018,0
FTIFO,Febre Tifóide,291510,Itagi,BA,2019,0
FTIFO,Febre Tifóide,291510,Itagi,BA,2020,0
FTIFO,Febre Tifóide,291510,Itagi,BA,2021,0
FTIFO,Febre Tifóide,291510,Itagi,BA,2022,0
FTIFO,Febre Tifóide,291510,Itagi,BA,2023,0
FTIFO,Febre Tifóide,291510,Itagi,BA,2024,0
FTIFO,Febre Tifóide,291510,Itagi,BA,2025,0
FTIFO,Febre Tifóide,291535,Itaguacu da Bahia,BA,2001,0
FTIFO,Febre Tifóide,291535,Itaguacu da Bahia,BA,2003,0
FTIFO,Febre Tifóide,291535,Itaguacu da Bahia,BA,2006,0
FTIFO,Febre Tifóide,291535,Itaguacu da Bahia,BA,2007,0
FTIFO,Febre Tifóide,291535,Itaguacu da Bahia,BA,2008,0
FTIFO,Febre Tifóide,291535,Itaguacu da Bahia,BA,2009,0
FTIFO,Febre Tifóide,291535,Itaguacu da Bahia,BA,2010,0
FTIFO,Febre Tifóide,291535,Itaguacu da Bahia,BA,2011,1
FTIFO,Febre Tifóide,291535,Itaguacu da Bahia,BA,2012,0
FTIFO,Febre Tifóide,291535,Itaguacu da Bahia,BA,2013,0
FTIFO,Febre Tifóide,291535,Itaguacu da Bahia,BA,2014,0
FTIFO,Febre Tifóide,291535,Itaguacu da Bahia,BA,2015,0
FTIFO,Febre Tifóide,291535,Itaguacu da Bahia,BA,2016,0
FTIFO,Febre Tifóide,291535,Itaguacu da Bahia,BA,2017,0
FTIFO,Febre Tifóide,291535,Itaguacu da Bahia,BA,2018,0
FTIFO,Febre Tifóide,291535,Itaguacu da Bahia,BA,2019,0
FTIFO,Febre Tifóide,291535,Itaguacu da Bahia,BA,2020,0
FTIFO,Febre Tifóide,291535,Itaguacu da Bahia,BA,2021,0
FTIFO,Febre Tifóide,291535,Itaguacu da Bahia,BA,2022,0
FTIFO,Febre Tifóide,291535,Itaguacu da Bahia,BA,2023,0
FTIFO,Febre Tifóide,291535,Itaguacu da Bahia,BA,2024,0
FTIFO,Febre Tifóide,291535,Itaguacu da Bahia,BA,2025,1
FTIFO,Febre Tifóide,291580,Itambe,BA,2001,0
FTIFO,Febre Tifóide,291580,Itambe,BA,2003,0
FTIFO,Febre Tifóide,291580,Itambe,BA,2006,0
FTIFO,Febre Tifóide,291580,Itambe,BA,2007,0
FTIFO,Febre Tifóide,291580,Itambe,BA,2008,0
FTIFO,Febre Tifóide,291580,Itambe,BA,2009,1
FTIFO,Febre Tifóide,291580,Itambe,BA,2010,0
FTIFO,Febre Tifóide,291580,Itambe,BA,2011,0
FTIFO,Febre Tifóide,291580,Itambe,BA,2012,0
FTIFO,Febre Tifóide,291580,Itambe,BA,2013,0
FTIFO,Febre Tifóide,291580,Itambe,BA,2014,0
FTIFO,Febre Tifóide,291580,Itambe,BA,2015,0
FTIFO,Febre Tifóide,291580,Itambe,BA,2016,0
FTIFO,Febre Tifóide,291580,Itambe,BA,2017,0
FTIFO,Febre Tifóide,291580,Itambe,BA,2018,0
FTIFO,Febre Tifóide,291580,Itambe,BA,2019,0
FTIFO,Febre Tifóide,291580,Itambe,BA,2020,0
FTIFO,Febre Tifóide,291580,Itambe,BA,2021,0
FTIFO,Febre Tifóide,291580,Itambe,BA,2022,0
FTIFO,Febre Tifóide,291580,Itambe,BA,2023,0
FTIFO,Febre Tifóide,291580,Itambe,BA,2024,0
FTIFO,Febre Tifóide,291580,Itambe,BA,2025,0
FTIFO,Febre Tifóide,291620,Itape,BA,2001,0
FTIFO,Febre Tifóide,291620,Itape,BA,2003,0
FTIFO,Febre Tifóide,291620,Itape,BA,2006,3
FTIFO,Febre Tifóide,291620,Itape,BA,2007,2
FTIFO,Febre Tifóide,291620,Itape,BA,2008,0
FTIFO,Febre Tifóide,291620,Itape,BA,2009,0
FTIFO,Febre Tifóide,291620,Itape,BA,2010,0
FTIFO,Febre Tifóide,291620,Itape,BA,2011,1
FTIFO,Febre Tifóide,291620,Itape,BA,2012,0
FTIFO,Febre Tifóide,291620,Itape,BA,2013,0
FTIFO,Febre Tifóide,291620,Itape,BA,2014,0
FTIFO,Febre Tifóide,291620,Itape,BA,2015,0
FTIFO,Febre Tifóide,291620,Itape,BA,2016,0
FTIFO,Febre Tifóide,291620,Itape,BA,2017,0
FTIFO,Febre Tifóide,291620,Itape,BA,2018,0
FTIFO,Febre Tifóide,291620,Itape,BA,2019,0
FTIFO,Febre Tifóide,291620,Itape,BA,2020,0
FTIFO,Febre Tifóide,291620,Itape,BA,2021,0
FTIFO,Febre Tifóide,291620,Itape,BA,2022,0
FTIFO,Febre Tifóide,291620,Itape,BA,2023,0
FTIFO,Febre Tifóide,291620,Itape,BA,2024,0
FTIFO,Febre Tifóide,291620,Itape,BA,2025,0
FTIFO,Febre Tifóide,291640,Itapetinga,BA,2001,0
FTIFO,Febre Tifóide,291640,Itapetinga,BA,2003,0
FTIFO,Febre Tifóide,291640,Itapetinga,BA,2006,0
FTIFO,Febre Tifóide,291640,Itapetinga,BA,2007,0
FTIFO,Febre Tifóide,291640,Itapetinga,BA,2008,0
FTIFO,Febre Tifóide,291640,Itapetinga,BA,2009,1
FTIFO,Febre Tifóide,291640,Itapetinga,BA,2010,0
FTIFO,Febre Tifóide,291640,Itapetinga,BA,2011,1
FTIFO,Febre Tifóide,291640,Itapetinga,BA,2012,0
FTIFO,Febre Tifóide,291640,Itapetinga,BA,2013,0
FTIFO,Febre Tifóide,291640,Itapetinga,BA,2014,0
FTIFO,Febre Tifóide,291640,Itapetinga,BA,2015,0
FTIFO,Febre Tifóide,291640,Itapetinga,BA,2016,0
FTIFO,Febre Tifóide,291640,Itapetinga,BA,2017,0
FTIFO,Febre Tifóide,291640,Itapetinga,BA,2018,0
FTIFO,Febre Tifóide,291640,Itapetinga,BA,2019,1
FTIFO,Febre Tifóide,291640,Itapetinga,BA,2020,0
FTIFO,Febre Tifóide,291640,Itapetinga,BA,2021,0
FTIFO,Febre Tifóide,291640,Itapetinga,BA,2022,0
FTIFO,Febre Tifóide,291640,Itapetinga,BA,2023,0
FTIFO,Febre Tifóide,291640,Itapetinga,BA,2024,0
FTIFO,Febre Tifóide,291640,Itapetinga,BA,2025,0
FTIFO,Febre Tifóide,291760,Jaguaquara,BA,2001,0
FTIFO,Febre Tifóide,291760,Jaguaquara,BA,2003,0
FTIFO,Febre Tifóide,291760,Jaguaquara,BA,2006,0
FTIFO,Febre Tifóide,291760,Jaguaquara,BA,2007,1
FTIFO,Febre Tifóide,291760,Jaguaquara,BA,2008,0
FTIFO,Febre Tifóide,291760,Jaguaquara,BA,2009,0
FTIFO,Febre Tifóide,291760,Jaguaquara,BA,2010,0
FTIFO,Febre Tifóide,291760,Jaguaquara,BA,2011,0
FTIFO,Febre Tifóide,291760,Jaguaquara,BA,2012,0
FTIFO,Febre Tifóide,291760,Jaguaquara,BA,2013,1
FTIFO,Febre Tifóide,291760,Jaguaquara,BA,2014,0
FTIFO,Febre Tifóide,291760,Jaguaquara,BA,2015,0
FTIFO,Febre Tifóide,291760,Jaguaquara,BA,2016,0
FTIFO,Febre Tifóide,291760,Jaguaquara,BA,2017,0
FTIFO,Febre Tifóide,291760,Jaguaquara,BA,2018,0
FTIFO,Febre Tifóide,291760,Jaguaquara,BA,2019,0
FTIFO,Febre Tifóide,291760,Jaguaquara,BA,2020,0
FTIFO,Febre Tifóide,291760,Jaguaquara,BA,2021,0
FTIFO,Febre Tifóide,291760,Jaguaquara,BA,2022,0
FTIFO,Febre Tifóide,291760,Jaguaquara,BA,2023,0
FTIFO,Febre Tifóide,291760,Jaguaquara,BA,2024,0
FTIFO,Febre Tifóide,291760,Jaguaquara,BA,2025,0
FTIFO,Febre Tifóide,291800,Jequie,BA,2001,0
FTIFO,Febre Tifóide,291800,Jequie,BA,2003,0
FTIFO,Febre Tifóide,291800,Jequie,BA,2006,0
FTIFO,Febre Tifóide,291800,Jequie,BA,2007,0
FTIFO,Febre Tifóide,291800,Jequie,BA,2008,0
FTIFO,Febre Tifóide,291800,Jequie,BA,2009,0
FTIFO,Febre Tifóide,291800,Jequie,BA,2010,0
FTIFO,Febre Tifóide,291800,Jequie,BA,2011,0
FTIFO,Febre Tifóide,291800,Jequie,BA,2012,0
FTIFO,Febre Tifóide,291800,Jequie,BA,2013,0
FTIFO,Febre Tifóide,291800,Jequie,BA,2014,0
FTIFO,Febre Tifóide,291800,Jequie,BA,2015,2
FTIFO,Febre Tifóide,291800,Jequie,BA,2016,0
FTIFO,Febre Tifóide,291800,Jequie,BA,2017,0
FTIFO,Febre Tifóide,291800,Jequie,BA,2018,2
FTIFO,Febre Tifóide,291800,Jequie,BA,2019,0
FTIFO,Febre Tifóide,291800,Jequie,BA,2020,0
FTIFO,Febre Tifóide,291800,Jequie,BA,2021,0
FTIFO,Febre Tifóide,291800,Jequie,BA,2022,0
FTIFO,Febre Tifóide,291800,Jequie,BA,2023,0
FTIFO,Febre Tifóide,291800,Jequie,BA,2024,0
FTIFO,Febre Tifóide,291800,Jequie,BA,2025,0
FTIFO,Febre Tifóide,291835,Joao Dourado,BA,2001,0
FTIFO,Febre Tifóide,291835,Joao Dourado,BA,2003,0
FTIFO,Febre Tifóide,291835,Joao Dourado,BA,2006,0
FTIFO,Febre Tifóide,291835,Joao Dourado,BA,2007,2
FTIFO,Febre Tifóide,291835,Joao Dourado,BA,2008,0
FTIFO,Febre Tifóide,291835,Joao Dourado,BA,2009,0
FTIFO,Febre Tifóide,291835,Joao Dourado,BA,2010,1
FTIFO,Febre Tifóide,291835,Joao Dourado,BA,2011,0
FTIFO,Febre Tifóide,291835,Joao Dourado,BA,2012,0
FTIFO,Febre Tifóide,291835,Joao Dourado,BA,2013,1
FTIFO,Febre Tifóide,291835,Joao Dourado,BA,2014,0
FTIFO,Febre Tifóide,291835,Joao Dourado,BA,2015,0
FTIFO,Febre Tifóide,291835,Joao Dourado,BA,2016,0
FTIFO,Febre Tifóide,291835,Joao Dourado,BA,2017,0
FTIFO,Febre Tifóide,291835,Joao Dourado,BA,2018,2
FTIFO,Febre Tifóide,291835,Joao Dourado,BA,2019,0
FTIFO,Febre Tifóide,291835,Joao Dourado,BA,2020,0
FTIFO,Febre Tifóide,291835,Joao Dourado,BA,2021,0
FTIFO,Febre Tifóide,291835,Joao Dourado,BA,2022,0
FTIFO,Febre Tifóide,291835,Joao Dourado,BA,2023,0
FTIFO,Febre Tifóide,291835,Joao Dourado,BA,2024,0
FTIFO,Febre Tifóide,291835,Joao Dourado,BA,2025,0
FTIFO,Febre Tifóide,291840,Juazeiro,BA,2001,0
FTIFO,Febre Tifóide,291840,Juazeiro,BA,2003,0
FTIFO,Febre Tifóide,291840,Juazeiro,BA,2006,0
FTIFO,Febre Tifóide,291840,Juazeiro,BA,2007,0
FTIFO,Febre Tifóide,291840,Juazeiro,BA,2008,0
FTIFO,Febre Tifóide,291840,Juazeiro,BA,2009,0
FTIFO,Febre Tifóide,291840,Juazeiro,BA,2010,0
FTIFO,Febre Tifóide,291840,Juazeiro,BA,2011,0
FTIFO,Febre Tifóide,291840,Juazeiro,BA,2012,0
FTIFO,Febre Tifóide,291840,Juazeiro,BA,2013,0
FTIFO,Febre Tifóide,291840,Juazeiro,BA,2014,0
FTIFO,Febre Tifóide,291840,Juazeiro,BA,2015,0
FTIFO,Febre Tifóide,291840,Juazeiro,BA,2016,1
FTIFO,Febre Tifóide,291840,Juazeiro,BA,2017,0
FTIFO,Febre Tifóide,291840,Juazeiro,BA,2018,0
FTIFO,Febre Tifóide,291840,Juazeiro,BA,2019,0
FTIFO,Febre Tifóide,291840,Juazeiro,BA,2020,0
FTIFO,Febre Tifóide,291840,Juazeiro,BA,2021,0
FTIFO,Febre Tifóide,291840,Juazeiro,BA,2022,0
FTIFO,Febre Tifóide,291840,Juazeiro,BA,2023,0
FTIFO,Febre Tifóide,291840,Juazeiro,BA,2024,0
FTIFO,Febre Tifóide,291840,Juazeiro,BA,2025,0
FTIFO,Febre Tifóide,291850,Jussara,BA,2001,0
FTIFO,Febre Tifóide,291850,Jussara,BA,2003,0
FTIFO,Febre Tifóide,291850,Jussara,BA,2006,0
FTIFO,Febre Tifóide,291850,Jussara,BA,2007,0
FTIFO,Febre Tifóide,291850,Jussara,BA,2008,1
FTIFO,Febre Tifóide,291850,Jussara,BA,2009,1
FTIFO,Febre Tifóide,291850,Jussara,BA,2010,0
FTIFO,Febre Tifóide,291850,Jussara,BA,2011,0
FTIFO,Febre Tifóide,291850,Jussara,BA,2012,0
FTIFO,Febre Tifóide,291850,Jussara,BA,2013,0
FTIFO,Febre Tifóide,291850,Jussara,BA,2014,0
FTIFO,Febre Tifóide,291850,Jussara,BA,2015,0
FTIFO,Febre Tifóide,291850,Jussara,BA,2016,0
FTIFO,Febre Tifóide,291850,Jussara,BA,2017,0
FTIFO,Febre Tifóide,291850,Jussara,BA,2018,0
FTIFO,Febre Tifóide,291850,Jussara,BA,2019,0
FTIFO,Febre Tifóide,291850,Jussara,BA,2020,0
FTIFO,Febre Tifóide,291850,Jussara,BA,2021,0
FTIFO,Febre Tifóide,291850,Jussara,BA,2022,0
FTIFO,Febre Tifóide,291850,Jussara,BA,2023,0
FTIFO,Febre Tifóide,291850,Jussara,BA,2024,0
FTIFO,Febre Tifóide,291850,Jussara,BA,2025,0
FTIFO,Febre Tifóide,291915,Lapao,BA,2001,0
FTIFO,Febre Tifóide,291915,Lapao,BA,2003,0
FTIFO,Febre Tifóide,291915,Lapao,BA,2006,0
FTIFO,Febre Tifóide,291915,Lapao,BA,2007,1
FTIFO,Febre Tifóide,291915,Lapao,BA,2008,0
FTIFO,Febre Tifóide,291915,Lapao,BA,2009,0
FTIFO,Febre Tifóide,291915,Lapao,BA,2010,1
FTIFO,Febre Tifóide,291915,Lapao,BA,2011,0
FTIFO,Febre Tifóide,291915,Lapao,BA,2012,0
FTIFO,Febre Tifóide,291915,Lapao,BA,2013,0
FTIFO,Febre Tifóide,291915,Lapao,BA,2014,0
FTIFO,Febre Tifóide,291915,Lapao,BA,2015,0
FTIFO,Febre Tifóide,291915,Lapao,BA,2016,0
FTIFO,Febre Tifóide,291915,Lapao,BA,2017,0
FTIFO,Febre Tifóide,291915,Lapao,BA,2018,0
FTIFO,Febre Tifóide,291915,Lapao,BA,2019,0
FTIFO,Febre Tifóide,291915,Lapao,BA,2020,0
FTIFO,Febre Tifóide,291915,Lapao,BA,2021,0
FTIFO,Febre Tifóide,291915,Lapao,BA,2022,0
FTIFO,Febre Tifóide,291915,Lapao,BA,2023,0
FTIFO,Febre Tifóide,291915,Lapao,BA,2024,0
FTIFO,Febre Tifóide,291915,Lapao,BA,2025,0
FTIFO,Febre Tifóide,292130,Milagres,BA,2001,0
FTIFO,Febre Tifóide,292130,Milagres,BA,2003,0
FTIFO,Febre Tifóide,292130,Milagres,BA,2006,0
FTIFO,Febre Tifóide,292130,Milagres,BA,2007,0
FTIFO,Febre Tifóide,292130,Milagres,BA,2008,0
FTIFO,Febre Tifóide,292130,Milagres,BA,2009,0
FTIFO,Febre Tifóide,292130,Milagres,BA,2010,0
FTIFO,Febre Tifóide,292130,Milagres,BA,2011,0
FTIFO,Febre Tifóide,292130,Milagres,BA,2012,1
FTIFO,Febre Tifóide,292130,Milagres,BA,2013,0
FTIFO,Febre Tifóide,292130,Milagres,BA,2014,0
FTIFO,Febre Tifóide,292130,Milagres,BA,2015,0
FTIFO,Febre Tifóide,292130,Milagres,BA,2016,0
FTIFO,Febre Tifóide,292130,Milagres,BA,2017,0
FTIFO,Febre Tifóide,292130,Milagres,BA,2018,0
FTIFO,Febre Tifóide,292130,Milagres,BA,2019,0
FTIFO,Febre Tifóide,292130,Milagres,BA,2020,0
FTIFO,Febre Tifóide,292130,Milagres,BA,2021,0
FTIFO,Febre Tifóide,292130,Milagres,BA,2022,0
FTIFO,Febre Tifóide,292130,Milagres,BA,2023,0
FTIFO,Febre Tifóide,292130,Milagres,BA,2024,0
FTIFO,Febre Tifóide,292130,Milagres,BA,2025,0
FTIFO,Febre Tifóide,292240,Mutuipe,BA,2001,0
FTIFO,Febre Tifóide,292240,Mutuipe,BA,2003,0
FTIFO,Febre Tifóide,292240,Mutuipe,BA,2006,0
FTIFO,Febre Tifóide,292240,Mutuipe,BA,2007,0
FTIFO,Febre Tifóide,292240,Mutuipe,BA,2008,0
FTIFO,Febre Tifóide,292240,Mutuipe,BA,2009,0
FTIFO,Febre Tifóide,292240,Mutuipe,BA,2010,0
FTIFO,Febre Tifóide,292240,Mutuipe,BA,2011,1
FTIFO,Febre Tifóide,292240,Mutuipe,BA,2012,0
FTIFO,Febre Tifóide,292240,Mutuipe,BA,2013,0
FTIFO,Febre Tifóide,292240,Mutuipe,BA,2014,0
FTIFO,Febre Tifóide,292240,Mutuipe,BA,2015,0
FTIFO,Febre Tifóide,292240,Mutuipe,BA,2016,0
FTIFO,Febre Tifóide,292240,Mutuipe,BA,2017,0
FTIFO,Febre Tifóide,292240,Mutuipe,BA,2018,0
FTIFO,Febre Tifóide,292240,Mutuipe,BA,2019,0
FTIFO,Febre Tifóide,292240,Mutuipe,BA,2020,0
FTIFO,Febre Tifóide,292240,Mutuipe,BA,2021,0
FTIFO,Febre Tifóide,292240,Mutuipe,BA,2022,0
FTIFO,Febre Tifóide,292240,Mutuipe,BA,2023,0
FTIFO,Febre Tifóide,292240,Mutuipe,BA,2024,0
FTIFO,Febre Tifóide,292240,Mutuipe,BA,2025,0
FTIFO,Febre Tifóide,292405,pe de Serra,BA,2001,0
FTIFO,Febre Tifóide,292405,pe de Serra,BA,2003,0
FTIFO,Febre Tifóide,292405,pe de Serra,BA,2006,0
FTIFO,Febre Tifóide,292405,pe de Serra,BA,2007,0
FTIFO,Febre Tifóide,292405,pe de Serra,BA,2008,0
FTIFO,Febre Tifóide,292405,pe de Serra,BA,2009,0
FTIFO,Febre Tifóide,292405,pe de Serra,BA,2010,0
FTIFO,Febre Tifóide,292405,pe de Serra,BA,2011,0
FTIFO,Febre Tifóide,292405,pe de Serra,BA,2012,1
FTIFO,Febre Tifóide,292405,pe de Serra,BA,2013,0
FTIFO,Febre Tifóide,292405,pe de Serra,BA,2014,0
FTIFO,Febre Tifóide,292405,pe de Serra,BA,2015,0
FTIFO,Febre Tifóide,292405,pe de Serra,BA,2016,0
FTIFO,Febre Tifóide,292405,pe de Serra,BA,2017,0
FTIFO,Febre Tifóide,292405,pe de Serra,BA,2018,0
FTIFO,Febre Tifóide,292405,pe de Serra,BA,2019,0
FTIFO,Febre Tifóide,292405,pe de Serra,BA,2020,0
FTIFO,Febre Tifóide,292405,pe de Serra,BA,2021,0
FTIFO,Febre Tifóide,292405,pe de Serra,BA,2022,0
FTIFO,Febre Tifóide,292405,pe de Serra,BA,2023,0
FTIFO,Febre Tifóide,292405,pe de Serra,BA,2024,0
FTIFO,Febre Tifóide,292405,pe de Serra,BA,2025,0
FTIFO,Febre Tifóide,292740,Salvador,BA,2001,0
FTIFO,Febre Tifóide,292740,Salvador,BA,2003,0
FTIFO,Febre Tifóide,292740,Salvador,BA,2006,0
FTIFO,Febre Tifóide,292740,Salvador,BA,2007,13
FTIFO,Febre Tifóide,292740,Salvador,BA,2008,14
FTIFO,Febre Tifóide,292740,Salvador,BA,2009,5
FTIFO,Febre Tifóide,292740,Salvador,BA,2010,14
FTIFO,Febre Tifóide,292740,Salvador,BA,2011,10
FTIFO,Febre Tifóide,292740,Salvador,BA,2012,2
FTIFO,Febre Tifóide,292740,Salvador,BA,2013,3
FTIFO,Febre Tifóide,292740,Salvador,BA,2014,0
FTIFO,Febre Tifóide,292740,Salvador,BA,2015,0
FTIFO,Febre Tifóide,292740,Salvador,BA,2016,1
FTIFO,Febre Tifóide,292740,Salvador,BA,2017,0
FTIFO,Febre Tifóide,292740,Salvador,BA,2018,1
FTIFO,Febre Tifóide,292740,Salvador,BA,2019,1
FTIFO,Febre Tifóide,292740,Salvador,BA,2020,1
FTIFO,Febre Tifóide,292740,Salvador,BA,2021,0
FTIFO,Febre Tifóide,292740,Salvador,BA,2022,0
FTIFO,Febre Tifóide,292740,Salvador,BA,2023,0
FTIFO,Febre Tifóide,292740,Salvador,BA,2024,0
FTIFO,Febre Tifóide,292740,Salvador,BA,2025,1
FTIFO,Febre Tifóide,292925,Sao Gabriel,BA,2001,0
FTIFO,Febre Tifóide,292925,Sao Gabriel,BA,2003,0
FTIFO,Febre Tifóide,292925,Sao Gabriel,BA,2006,0
FTIFO,Febre Tifóide,292925,Sao Gabriel,BA,2007,1
FTIFO,Febre Tifóide,292925,Sao Gabriel,BA,2008,0
FTIFO,Febre Tifóide,292925,Sao Gabriel,BA,2009,0
FTIFO,Febre Tifóide,292925,Sao Gabriel,BA,2010,5
FTIFO,Febre Tifóide,292925,Sao Gabriel,BA,2011,0
FTIFO,Febre Tifóide,292925,Sao Gabriel,BA,2012,1
FTIFO,Febre Tifóide,292925,Sao Gabriel,BA,2013,0
FTIFO,Febre Tifóide,292925,Sao Gabriel,BA,2014,0
FTIFO,Febre Tifóide,292925,Sao Gabriel,BA,2015,0
FTIFO,Febre Tifóide,292925,Sao Gabriel,BA,2016,0
FTIFO,Febre Tifóide,292925,Sao Gabriel,BA,2017,0
FTIFO,Febre Tifóide,292925,Sao Gabriel,BA,2018,0
FTIFO,Febre Tifóide,292925,Sao Gabriel,BA,2019,0
FTIFO,Febre Tifóide,292925,Sao Gabriel,BA,2020,0
FTIFO,Febre Tifóide,292925,Sao Gabriel,BA,2021,0
FTIFO,Febre Tifóide,292925,Sao Gabriel,BA,2022,0
FTIFO,Febre Tifóide,292925,Sao Gabriel,BA,2023,0
FTIFO,Febre Tifóide,292925,Sao Gabriel,BA,2024,0
FTIFO,Febre Tifóide,292925,Sao Gabriel,BA,2025,0
FTIFO,Febre Tifóide,293170,Terra Nova,BA,2001,0
FTIFO,Febre Tifóide,293170,Terra Nova,BA,2003,0
FTIFO,Febre Tifóide,293170,Terra Nova,BA,2006,0
FTIFO,Febre Tifóide,293170,Terra Nova,BA,2007,0
FTIFO,Febre Tifóide,293170,Terra Nova,BA,2008,1
FTIFO,Febre Tifóide,293170,Terra Nova,BA,2009,0
FTIFO,Febre Tifóide,293170,Terra Nova,BA,2010,0
FTIFO,Febre Tifóide,293170,Terra Nova,BA,2011,0
FTIFO,Febre Tifóide,293170,Terra Nova,BA,2012,0
FTIFO,Febre Tifóide,293170,Terra Nova,BA,2013,0
FTIFO,Febre Tifóide,293170,Terra Nova,BA,2014,0
FTIFO,Febre Tifóide,293170,Terra Nova,BA,2015,0
FTIFO,Febre Tifóide,293170,Terra Nova,BA,2016,0
FTIFO,Febre Tifóide,293170,Terra Nova,BA,2017,0
FTIFO,Febre Tifóide,293170,Terra Nova,BA,2018,0
FTIFO,Febre Tifóide,293170,Terra Nova,BA,2019,0
FTIFO,Febre Tifóide,293170,Terra Nova,BA,2020,0
FTIFO,Febre Tifóide,293170,Terra Nova,BA,2021,0
FTIFO,Febre Tifóide,293170,Terra Nova,BA,2022,0
FTIFO,Febre Tifóide,293170,Terra Nova,BA,2023,0
FTIFO,Febre Tifóide,293170,Terra Nova,BA,2024,0
FTIFO,Febre Tifóide,293170,Terra Nova,BA,2025,0
FTIFO,Febre Tifóide,293220,Ubaitaba,BA,2001,0
FTIFO,Febre Tifóide,293220,Ubaitaba,BA,2003,0
FTIFO,Febre Tifóide,293220,Ubaitaba,BA,2006,0
FTIFO,Febre Tifóide,293220,Ubaitaba,BA,2007,0
FTIFO,Febre Tifóide,293220,Ubaitaba,BA,2008,1
FTIFO,Febre Tifóide,293220,Ubaitaba,BA,2009,1
FTIFO,Febre Tifóide,293220,Ubaitaba,BA,2010,0
FTIFO,Febre Tifóide,293220,Ubaitaba,BA,2011,0
FTIFO,Febre Tifóide,293220,Ubaitaba,BA,2012,0
FTIFO,Febre Tifóide,293220,Ubaitaba,BA,2013,0
FTIFO,Febre Tifóide,293220,Ubaitaba,BA,2014,0
FTIFO,Febre Tifóide,293220,Ubaitaba,BA,2015,0
FTIFO,Febre Tifóide,293220,Ubaitaba,BA,2016,0
FTIFO,Febre Tifóide,293220,Ubaitaba,BA,2017,0
FTIFO,Febre Tifóide,293220,Ubaitaba,BA,2018,0
FTIFO,Febre Tifóide,293220,Ubaitaba,BA,2019,0
FTIFO,Febre Tifóide,293220,Ubaitaba,BA,2020,0
FTIFO,Febre Tifóide,293220,Ubaitaba,BA,2021,0
FTIFO,Febre Tifóide,293220,Ubaitaba,BA,2022,0
FTIFO,Febre Tifóide,293220,Ubaitaba,BA,2023,0
FTIFO,Febre Tifóide,293220,Ubaitaba,BA,2024,0
FTIFO,Febre Tifóide,293220,Ubaitaba,BA,2025,0
FTIFO,Febre Tifóide,293240,Uibai,BA,2001,0
FTIFO,Febre Tifóide,293240,Uibai,BA,2003,0
FTIFO,Febre Tifóide,293240,Uibai,BA,2006,0
FTIFO,Febre Tifóide,293240,Uibai,BA,2007,3
FTIFO,Febre Tifóide,293240,Uibai,BA,2008,0
FTIFO,Febre Tifóide,293240,Uibai,BA,2009,0
FTIFO,Febre Tifóide,293240,Uibai,BA,2010,1
FTIFO,Febre Tifóide,293240,Uibai,BA,2011,0
FTIFO,Febre Tifóide,293240,Uibai,BA,2012,0
FTIFO,Febre Tifóide,293240,Uibai,BA,2013,0
FTIFO,Febre Tifóide,293240,Uibai,BA,2014,0
FTIFO,Febre Tifóide,293240,Uibai,BA,2015,0
FTIFO,Febre Tifóide,293240,Uibai,BA,2016,0
FTIFO,Febre Tifóide,293240,Uibai,BA,2017,0
FTIFO,Febre Tifóide,293240,Uibai,BA,2018,0
FTIFO,Febre Tifóide,293240,Uibai,BA,2019,0
FTIFO,Febre Tifóide,293240,Uibai,BA,2020,0
FTIFO,Febre Tifóide,293240,Uibai,BA,2021,0
FTIFO,Febre Tifóide,293240,Uibai,BA,2022,0
FTIFO,Febre Tifóide,293240,Uibai,BA,2023,0
FTIFO,Febre Tifóide,293240,Uibai,BA,2024,0
FTIFO,Febre Tifóide,293240,Uibai,BA,2025,0
FTIFO,Febre Tifóide,293290,Valenca,BA,2001,0
FTIFO,Febre Tifóide,293290,Valenca,BA,2003,0
FTIFO,Febre Tifóide,293290,Valenca,BA,2006,0
FTIFO,Febre Tifóide,293290,Valenca,BA,2007,0
FTIFO,Febre Tifóide,293290,Valenca,BA,2008,0
FTIFO,Febre Tifóide,293290,Valenca,BA,2009,0
FTIFO,Febre Tifóide,293290,Valenca,BA,2010,1
FTIFO,Febre Tifóide,293290,Valenca,BA,2011,0
FTIFO,Febre Tifóide,293290,Valenca,BA,2012,0
FTIFO,Febre Tifóide,293290,Valenca,BA,2013,0
FTIFO,Febre Tifóide,293290,Valenca,BA,2014,0
FTIFO,Febre Tifóide,293290,Valenca,BA,2015,0
FTIFO,Febre Tifóide,293290,Valenca,BA,2016,0
FTIFO,Febre Tifóide,293290,Valenca,BA,2017,0
FTIFO,Febre Tifóide,293290,Valenca,BA,2018,0
FTIFO,Febre Tifóide,293290,Valenca,BA,2019,0
FTIFO,Febre Tifóide,293290,Valenca,BA,2020,0
FTIFO,Febre Tifóide,293290,Valenca,BA,2021,0
FTIFO,Febre Tifóide,293290,Valenca,BA,2022,0
FTIFO,Febre Tifóide,293290,Valenca,BA,2023,0
FTIFO,Febre Tifóide,293290,Valenca,BA,2024,0
FTIFO,Febre Tifóide,293290,Valenca,BA,2025,0
FTIFO,Febre Tifóide,293330,Vitoria da Conquista,BA,2001,0
FTIFO,Febre Tifóide,293330,Vitoria da Conquista,BA,2003,0
FTIFO,Febre Tifóide,293330,Vitoria da Conquista,BA,2006,0
FTIFO,Febre Tifóide,293330,Vitoria da Conquista,BA,2007,1
FTIFO,Febre Tifóide,293330,Vitoria da Conquista,BA,2008,2
FTIFO,Febre Tifóide,293330,Vitoria da Conquista,BA,2009,0
FTIFO,Febre Tifóide,293330,Vitoria da Conquista,BA,2010,0
FTIFO,Febre Tifóide,293330,Vitoria da Conquista,BA,2011,0
FTIFO,Febre Tifóide,293330,Vitoria da Conquista,BA,2012,0
FTIFO,Febre Tifóide,293330,Vitoria da Conquista,BA,2013,0
FTIFO,Febre Tifóide,293330,Vitoria da Conquista,BA,2014,0
FTIFO,Febre Tifóide,293330,Vitoria da Conquista,BA,2015,0
FTIFO,Febre Tifóide,293330,Vitoria da Conquista,BA,2016,0
FTIFO,Febre Tifóide,293330,Vitoria da Conquista,BA,2017,0
FTIFO,Febre Tifóide,293330,Vitoria da Conquista,BA,2018,0
FTIFO,Febre Tifóide,293330,Vitoria da Conquista,BA,2019,0
FTIFO,Febre Tifóide,293330,Vitoria da Conquista,BA,2020,0
FTIFO,Febre Tifóide,293330,Vitoria da Conquista,BA,2021,0
FTIFO,Febre Tifóide,293330,Vitoria da Conquista,BA,2022,0
FTIFO,Febre Tifóide,293330,Vitoria da Conquista,BA,2023,0
FTIFO,Febre Tifóide,293330,Vitoria da Conquista,BA,2024,0
FTIFO,Febre Tifóide,293330,Vitoria da Conquista,BA,2025,0
FTIFO,Febre Tifóide,293350,Wenceslau Guimaraes,BA,2001,0
FTIFO,Febre Tifóide,293350,Wenceslau Guimaraes,BA,2003,0
FTIFO,Febre Tifóide,293350,Wenceslau Guimaraes,BA,2006,0
FTIFO,Febre Tifóide,293350,Wenceslau Guimaraes,BA,2007,0
FTIFO,Febre Tifóide,293350,Wenceslau Guimaraes,BA,2008,0
FTIFO,Febre Tifóide,293350,Wenceslau Guimaraes,BA,2009,0
FTIFO,Febre Tifóide,293350,Wenceslau Guimaraes,BA,2010,0
FTIFO,Febre Tifóide,293350,Wenceslau Guimaraes,BA,2011,0
FTIFO,Febre Tifóide,293350,Wenceslau Guimaraes,BA,2012,0
FTIFO,Febre Tifóide,293350,Wenceslau Guimaraes,BA,2013,0
FTIFO,Febre Tifóide,293350,Wenceslau Guimaraes,BA,2014,1
FTIFO,Febre Tifóide,293350,Wenceslau Guimaraes,BA,2015,0
FTIFO,Febre Tifóide,293350,Wenceslau Guimaraes,BA,2016,0
FTIFO,Febre Tifóide,293350,Wenceslau Guimaraes,BA,2017,0
FTIFO,Febre Tifóide,293350,Wenceslau Guimaraes,BA,2018,0
FTIFO,Febre Tifóide,293350,Wenceslau Guimaraes,BA,2019,0
FTIFO,Febre Tifóide,293350,Wenceslau Guimaraes,BA,2020,0
FTIFO,Febre Tifóide,293350,Wenceslau Guimaraes,BA,2021,0
FTIFO,Febre Tifóide,293350,Wenceslau Guimaraes,BA,2022,0
FTIFO,Febre Tifóide,293350,Wenceslau Guimaraes,BA,2023,0
FTIFO,Febre Tifóide,293350,Wenceslau Guimaraes,BA,2024,0
FTIFO,Febre Tifóide,293350,Wenceslau Guimaraes,BA,2025,0
FTIFO,Febre Tifóide,293360,Xique-xique,BA,2001,0
FTIFO,Febre Tifóide,293360,Xique-xique,BA,2003,0
FTIFO,Febre Tifóide,293360,Xique-xique,BA,2006,0
FTIFO,Febre Tifóide,293360,Xique-xique,BA,2007,0
FTIFO,Febre Tifóide,293360,Xique-xique,BA,2008,0
FTIFO,Febre Tifóide,293360,Xique-xique,BA,2009,1
FTIFO,Febre Tifóide,293360,Xique-xique,BA,2010,1
FTIFO,Febre Tifóide,293360,Xique-xique,BA,2011,8
FTIFO,Febre Tifóide,293360,Xique-xique,BA,2012,0
FTIFO,Febre Tifóide,293360,Xique-xique,BA,2013,0
FTIFO,Febre Tifóide,293360,Xique-xique,BA,2014,0
FTIFO,Febre Tifóide,293360,Xique-xique,BA,2015,0
FTIFO,Febre Tifóide,293360,Xique-xique,BA,2016,0
FTIFO,Febre Tifóide,293360,Xique-xique,BA,2017,0
FTIFO,Febre Tifóide,293360,Xique-xique,BA,2018,0
FTIFO,Febre Tifóide,293360,Xique-xique,BA,2019,0
FTIFO,Febre Tifóide,293360,Xique-xique,BA,2020,0
FTIFO,Febre Tifóide,293360,Xique-xique,BA,2021,0
FTIFO,Febre Tifóide,293360,Xique-xique,BA,2022,0
FTIFO,Febre Tifóide,293360,Xique-xique,BA,2023,0
FTIFO,Febre Tifóide,293360,Xique-xique,BA,2024,0
FTIFO,Febre Tifóide,293360,Xique-xique,BA,2025,0
FTIFO,Febre Tifóide,230220,Beberibe,CE,2001,0
FTIFO,Febre Tifóide,230220,Beberibe,CE,2003,0
FTIFO,Febre Tifóide,230220,Beberibe,CE,2006,0
FTIFO,Febre Tifóide,230220,Beberibe,CE,2007,1
FTIFO,Febre Tifóide,230220,Beberibe,CE,2008,0
FTIFO,Febre Tifóide,230220,Beberibe,CE,2009,0
FTIFO,Febre Tifóide,230220,Beberibe,CE,2010,0
FTIFO,Febre Tifóide,230220,Beberibe,CE,2011,0
FTIFO,Febre Tifóide,230220,Beberibe,CE,2012,0
FTIFO,Febre Tifóide,230220,Beberibe,CE,2013,0
FTIFO,Febre Tifóide,230220,Beberibe,CE,2014,0
FTIFO,Febre Tifóide,230220,Beberibe,CE,2015,0
FTIFO,Febre Tifóide,230220,Beberibe,CE,2016,0
FTIFO,Febre Tifóide,230220,Beberibe,CE,2017,0
FTIFO,Febre Tifóide,230220,Beberibe,CE,2018,0
FTIFO,Febre Tifóide,230220,Beberibe,CE,2019,0
FTIFO,Febre Tifóide,230220,Beberibe,CE,2020,0
FTIFO,Febre Tifóide,230220,Beberibe,CE,2021,0
FTIFO,Febre Tifóide,230220,Beberibe,CE,2022,0
FTIFO,Febre Tifóide,230220,Beberibe,CE,2023,0
FTIFO,Febre Tifóide,230220,Beberibe,CE,2024,0
FTIFO,Febre Tifóide,230220,Beberibe,CE,2025,0
FTIFO,Febre Tifóide,230400,Coreau,CE,2001,0
FTIFO,Febre Tifóide,230400,Coreau,CE,2003,0
FTIFO,Febre Tifóide,230400,Coreau,CE,2006,0
FTIFO,Febre Tifóide,230400,Coreau,CE,2007,0
FTIFO,Febre Tifóide,230400,Coreau,CE,2008,0
FTIFO,Febre Tifóide,230400,Coreau,CE,2009,0
FTIFO,Febre Tifóide,230400,Coreau,CE,2010,0
FTIFO,Febre Tifóide,230400,Coreau,CE,2011,0
FTIFO,Febre Tifóide,230400,Coreau,CE,2012,0
FTIFO,Febre Tifóide,230400,Coreau,CE,2013,0
FTIFO,Febre Tifóide,230400,Coreau,CE,2014,0
FTIFO,Febre Tifóide,230400,Coreau,CE,2015,0
FTIFO,Febre Tifóide,230400,Coreau,CE,2016,0
FTIFO,Febre Tifóide,230400,Coreau,CE,2017,0
FTIFO,Febre Tifóide,230400,Coreau,CE,2018,1
FTIFO,Febre Tifóide,230400,Coreau,CE,2019,0
FTIFO,Febre Tifóide,230400,Coreau,CE,2020,0
FTIFO,Febre Tifóide,230400,Coreau,CE,2021,0
FTIFO,Febre Tifóide,230400,Coreau,CE,2022,0
FTIFO,Febre Tifóide,230400,Coreau,CE,2023,0
FTIFO,Febre Tifóide,230400,Coreau,CE,2024,0
FTIFO,Febre Tifóide,230400,Coreau,CE,2025,0
FTIFO,Febre Tifóide,230440,Fortaleza,CE,2001,0
FTIFO,Febre Tifóide,230440,Fortaleza,CE,2003,0
FTIFO,Febre Tifóide,230440,Fortaleza,CE,2006,0
FTIFO,Febre Tifóide,230440,Fortaleza,CE,2007,9
FTIFO,Febre Tifóide,230440,Fortaleza,CE,2008,2
FTIFO,Febre Tifóide,230440,Fortaleza,CE,2009,4
FTIFO,Febre Tifóide,230440,Fortaleza,CE,2010,0
FTIFO,Febre Tifóide,230440,Fortaleza,CE,2011,3
FTIFO,Febre Tifóide,230440,Fortaleza,CE,2012,0
FTIFO,Febre Tifóide,230440,Fortaleza,CE,2013,0
FTIFO,Febre Tifóide,230440,Fortaleza,CE,2014,0
FTIFO,Febre Tifóide,230440,Fortaleza,CE,2015,0
FTIFO,Febre Tifóide,230440,Fortaleza,CE,2016,0
FTIFO,Febre Tifóide,230440,Fortaleza,CE,2017,1
FTIFO,Febre Tifóide,230440,Fortaleza,CE,2018,0
FTIFO,Febre Tifóide,230440,Fortaleza,CE,2019,1
FTIFO,Febre Tifóide,230440,Fortaleza,CE,2020,1
FTIFO,Febre Tifóide,230440,Fortaleza,CE,2021,0
FTIFO,Febre Tifóide,230440,Fortaleza,CE,2022,0
FTIFO,Febre Tifóide,230440,Fortaleza,CE,2023,0
FTIFO,Febre Tifóide,230440,Fortaleza,CE,2024,0
FTIFO,Febre Tifóide,230440,Fortaleza,CE,2025,0
FTIFO,Febre Tifóide,230510,Guaramiranga,CE,2001,0
FTIFO,Febre Tifóide,230510,Guaramiranga,CE,2003,0
FTIFO,Febre Tifóide,230510,Guaramiranga,CE,2006,0
FTIFO,Febre Tifóide,230510,Guaramiranga,CE,2007,0
FTIFO,Febre Tifóide,230510,Guaramiranga,CE,2008,0
FTIFO,Febre Tifóide,230510,Guaramiranga,CE,2009,1
FTIFO,Febre Tifóide,230510,Guaramiranga,CE,2010,0
FTIFO,Febre Tifóide,230510,Guaramiranga,CE,2011,0
FTIFO,Febre Tifóide,230510,Guaramiranga,CE,2012,0
FTIFO,Febre Tifóide,230510,Guaramiranga,CE,2013,0
FTIFO,Febre Tifóide,230510,Guaramiranga,CE,2014,0
FTIFO,Febre Tifóide,230510,Guaramiranga,CE,2015,0
FTIFO,Febre Tifóide,230510,Guaramiranga,CE,2016,0
FTIFO,Febre Tifóide,230510,Guaramiranga,CE,2017,0
FTIFO,Febre Tifóide,230510,Guaramiranga,CE,2018,0
FTIFO,Febre Tifóide,230510,Guaramiranga,CE,2019,0
FTIFO,Febre Tifóide,230510,Guaramiranga,CE,2020,0
FTIFO,Febre Tifóide,230510,Guaramiranga,CE,2021,0
FTIFO,Febre Tifóide,230510,Guaramiranga,CE,2022,0
FTIFO,Febre Tifóide,230510,Guaramiranga,CE,2023,0
FTIFO,Febre Tifóide,230510,Guaramiranga,CE,2024,0
FTIFO,Febre Tifóide,230510,Guaramiranga,CE,2025,0
FTIFO,Febre Tifóide,230550,Iguatu,CE,2001,0
FTIFO,Febre Tifóide,230550,Iguatu,CE,2003,0
FTIFO,Febre Tifóide,230550,Iguatu,CE,2006,0
FTIFO,Febre Tifóide,230550,Iguatu,CE,2007,1
FTIFO,Febre Tifóide,230550,Iguatu,CE,2008,0
FTIFO,Febre Tifóide,230550,Iguatu,CE,2009,0
FTIFO,Febre Tifóide,230550,Iguatu,CE,2010,1
FTIFO,Febre Tifóide,230550,Iguatu,CE,2011,0
FTIFO,Febre Tifóide,230550,Iguatu,CE,2012,0
FTIFO,Febre Tifóide,230550,Iguatu,CE,2013,0
FTIFO,Febre Tifóide,230550,Iguatu,CE,2014,0
FTIFO,Febre Tifóide,230550,Iguatu,CE,2015,0
FTIFO,Febre Tifóide,230550,Iguatu,CE,2016,0
FTIFO,Febre Tifóide,230550,Iguatu,CE,2017,0
FTIFO,Febre Tifóide,230550,Iguatu,CE,2018,0
FTIFO,Febre Tifóide,230550,Iguatu,CE,2019,0
FTIFO,Febre Tifóide,230550,Iguatu,CE,2020,0
FTIFO,Febre Tifóide,230550,Iguatu,CE,2021,0
FTIFO,Febre Tifóide,230550,Iguatu,CE,2022,0
FTIFO,Febre Tifóide,230550,Iguatu,CE,2023,0
FTIFO,Febre Tifóide,230550,Iguatu,CE,2024,0
FTIFO,Febre Tifóide,230550,Iguatu,CE,2025,0
FTIFO,Febre Tifóide,230730,Juazeiro do Norte,CE,2001,0
FTIFO,Febre Tifóide,230730,Juazeiro do Norte,CE,2003,0
FTIFO,Febre Tifóide,230730,Juazeiro do Norte,CE,2006,0
FTIFO,Febre Tifóide,230730,Juazeiro do Norte,CE,2007,0
FTIFO,Febre Tifóide,230730,Juazeiro do Norte,CE,2008,0
FTIFO,Febre Tifóide,230730,Juazeiro do Norte,CE,2009,0
FTIFO,Febre Tifóide,230730,Juazeiro do Norte,CE,2010,0
FTIFO,Febre Tifóide,230730,Juazeiro do Norte,CE,2011,0
FTIFO,Febre Tifóide,230730,Juazeiro do Norte,CE,2012,1
FTIFO,Febre Tifóide,230730,Juazeiro do Norte,CE,2013,0
FTIFO,Febre Tifóide,230730,Juazeiro do Norte,CE,2014,0
FTIFO,Febre Tifóide,230730,Juazeiro do Norte,CE,2015,0
FTIFO,Febre Tifóide,230730,Juazeiro do Norte,CE,2016,0
FTIFO,Febre Tifóide,230730,Juazeiro do Norte,CE,2017,0
FTIFO,Febre Tifóide,230730,Juazeiro do Norte,CE,2018,0
FTIFO,Febre Tifóide,230730,Juazeiro do Norte,CE,2019,0
FTIFO,Febre Tifóide,230730,Juazeiro do Norte,CE,2020,0
FTIFO,Febre Tifóide,230730,Juazeiro do Norte,CE,2021,0
FTIFO,Febre Tifóide,230730,Juazeiro do Norte,CE,2022,0
FTIFO,Febre Tifóide,230730,Juazeiro do Norte,CE,2023,0
FTIFO,Febre Tifóide,230730,Juazeiro do Norte,CE,2024,0
FTIFO,Febre Tifóide,230730,Juazeiro do Norte,CE,2025,0
FTIFO,Febre Tifóide,231290,Sobral,CE,2001,0
FTIFO,Febre Tifóide,231290,Sobral,CE,2003,0
FTIFO,Febre Tifóide,231290,Sobral,CE,2006,0
FTIFO,Febre Tifóide,231290,Sobral,CE,2007,1
FTIFO,Febre Tifóide,231290,Sobral,CE,2008,0
FTIFO,Febre Tifóide,231290,Sobral,CE,2009,3
FTIFO,Febre Tifóide,231290,Sobral,CE,2010,1
FTIFO,Febre Tifóide,231290,Sobral,CE,2011,0
FTIFO,Febre Tifóide,231290,Sobral,CE,2012,0
FTIFO,Febre Tifóide,231290,Sobral,CE,2013,0
FTIFO,Febre Tifóide,231290,Sobral,CE,2014,0
FTIFO,Febre Tifóide,231290,Sobral,CE,2015,0
FTIFO,Febre Tifóide,231290,Sobral,CE,2016,0
FTIFO,Febre Tifóide,231290,Sobral,CE,2017,0
FTIFO,Febre Tifóide,231290,Sobral,CE,2018,0
FTIFO,Febre Tifóide,231290,Sobral,CE,2019,0
FTIFO,Febre Tifóide,231290,Sobral,CE,2020,0
FTIFO,Febre Tifóide,231290,Sobral,CE,2021,0
FTIFO,Febre Tifóide,231290,Sobral,CE,2022,0
FTIFO,Febre Tifóide,231290,Sobral,CE,2023,0
FTIFO,Febre Tifóide,231290,Sobral,CE,2024,0
FTIFO,Febre Tifóide,231290,Sobral,CE,2025,0
FTIFO,Febre Tifóide,231360,Ubajara,CE,2001,0
FTIFO,Febre Tifóide,231360,Ubajara,CE,2003,0
FTIFO,Febre Tifóide,231360,Ubajara,CE,2006,0
FTIFO,Febre Tifóide,231360,Ubajara,CE,2007,18
FTIFO,Febre Tifóide,231360,Ubajara,CE,2008,0
FTIFO,Febre Tifóide,231360,Ubajara,CE,2009,0
FTIFO,Febre Tifóide,231360,Ubajara,CE,2010,0
FTIFO,Febre Tifóide,231360,Ubajara,CE,2011,0
FTIFO,Febre Tifóide,231360,Ubajara,CE,2012,0
FTIFO,Febre Tifóide,231360,Ubajara,CE,2013,0
FTIFO,Febre Tifóide,231360,Ubajara,CE,2014,0
FTIFO,Febre Tifóide,231360,Ubajara,CE,2015,0
FTIFO,Febre Tifóide,231360,Ubajara,CE,2016,0
FTIFO,Febre Tifóide,231360,Ubajara,CE,2017,0
FTIFO,Febre Tifóide,231360,Ubajara,CE,2018,0
FTIFO,Febre Tifóide,231360,Ubajara,CE,2019,0
FTIFO,Febre Tifóide,231360,Ubajara,CE,2020,0
FTIFO,Febre Tifóide,231360,Ubajara,CE,2021,0
FTIFO,Febre Tifóide,231360,Ubajara,CE,2022,0
FTIFO,Febre Tifóide,231360,Ubajara,CE,2023,0
FTIFO,Febre Tifóide,231360,Ubajara,CE,2024,0
FTIFO,Febre Tifóide,231360,Ubajara,CE,2025,0
FTIFO,Febre Tifóide,530010,Brasilia,DF,2001,0
FTIFO,Febre Tifóide,530010,Brasilia,DF,2003,0
FTIFO,Febre Tifóide,530010,Brasilia,DF,2006,0
FTIFO,Febre Tifóide,530010,Brasilia,DF,2007,1
FTIFO,Febre Tifóide,530010,Brasilia,DF,2008,0
FTIFO,Febre Tifóide,530010,Brasilia,DF,2009,0
FTIFO,Febre Tifóide,530010,Brasilia,DF,2010,0
FTIFO,Febre Tifóide,530010,Brasilia,DF,2011,0
FTIFO,Febre Tifóide,530010,Brasilia,DF,2012,2
FTIFO,Febre Tifóide,530010,Brasilia,DF,2013,0
FTIFO,Febre Tifóide,530010,Brasilia,DF,2014,0
FTIFO,Febre Tifóide,530010,Brasilia,DF,2015,1
FTIFO,Febre Tifóide,530010,Brasilia,DF,2016,3
FTIFO,Febre Tifóide,530010,Brasilia,DF,2017,0
FTIFO,Febre Tifóide,530010,Brasilia,DF,2018,0
FTIFO,Febre Tifóide,530010,Brasilia,DF,2019,0
FTIFO,Febre Tifóide,530010,Brasilia,DF,2020,0
FTIFO,Febre Tifóide,530010,Brasilia,DF,2021,0
FTIFO,Febre Tifóide,530010,Brasilia,DF,2022,0
FTIFO,Febre Tifóide,530010,Brasilia,DF,2023,0
FTIFO,Febre Tifóide,530010,Brasilia,DF,2024,0
FTIFO,Febre Tifóide,530010,Brasilia,DF,2025,0
FTIFO,Febre Tifóide,320050,Apiaca,ES,2001,0
FTIFO,Febre Tifóide,320050,Apiaca,ES,2003,0
FTIFO,Febre Tifóide,320050,Apiaca,ES,2006,0
FTIFO,Febre Tifóide,320050,Apiaca,ES,2007,1
FTIFO,Febre Tifóide,320050,Apiaca,ES,2008,2
FTIFO,Febre Tifóide,320050,Apiaca,ES,2009,1
FTIFO,Febre Tifóide,320050,Apiaca,ES,2010,0
FTIFO,Febre Tifóide,320050,Apiaca,ES,2011,0
FTIFO,Febre Tifóide,320050,Apiaca,ES,2012,0
FTIFO,Febre Tifóide,320050,Apiaca,ES,2013,0
FTIFO,Febre Tifóide,320050,Apiaca,ES,2014,0
FTIFO,Febre Tifóide,320050,Apiaca,ES,2015,0
FTIFO,Febre Tifóide,320050,Apiaca,ES,2016,0
FTIFO,Febre Tifóide,320050,Apiaca,ES,2017,0
FTIFO,Febre Tifóide,320050,Apiaca,ES,2018,0
FTIFO,Febre Tifóide,320050,Apiaca,ES,2019,0
FTIFO,Febre Tifóide,320050,Apiaca,ES,2020,0
FTIFO,Febre Tifóide,320050,Apiaca,ES,2021,0
FTIFO,Febre Tifóide,320050,Apiaca,ES,2022,0
FTIFO,Febre Tifóide,320050,Apiaca,ES,2023,0
FTIFO,Febre Tifóide,320050,Apiaca,ES,2024,0
FTIFO,Febre Tifóide,320050,Apiaca,ES,2025,0
FTIFO,Febre Tifóide,320110,Bom Jesus do Norte,ES,2001,0
FTIFO,Febre Tifóide,320110,Bom Jesus do Norte,ES,2003,0
FTIFO,Febre Tifóide,320110,Bom Jesus do Norte,ES,2006,0
FTIFO,Febre Tifóide,320110,Bom Jesus do Norte,ES,2007,0
FTIFO,Febre Tifóide,320110,Bom Jesus do Norte,ES,2008,2
FTIFO,Febre Tifóide,320110,Bom Jesus do Norte,ES,2009,0
FTIFO,Febre Tifóide,320110,Bom Jesus do Norte,ES,2010,0
FTIFO,Febre Tifóide,320110,Bom Jesus do Norte,ES,2011,0
FTIFO,Febre Tifóide,320110,Bom Jesus do Norte,ES,2012,0
FTIFO,Febre Tifóide,320110,Bom Jesus do Norte,ES,2013,0
FTIFO,Febre Tifóide,320110,Bom Jesus do Norte,ES,2014,0
FTIFO,Febre Tifóide,320110,Bom Jesus do Norte,ES,2015,0
FTIFO,Febre Tifóide,320110,Bom Jesus do Norte,ES,2016,0
FTIFO,Febre Tifóide,320110,Bom Jesus do Norte,ES,2017,0
FTIFO,Febre Tifóide,320110,Bom Jesus do Norte,ES,2018,0
FTIFO,Febre Tifóide,320110,Bom Jesus do Norte,ES,2019,0
FTIFO,Febre Tifóide,320110,Bom Jesus do Norte,ES,2020,0
FTIFO,Febre Tifóide,320110,Bom Jesus do Norte,ES,2021,0
FTIFO,Febre Tifóide,320110,Bom Jesus do Norte,ES,2022,0
FTIFO,Febre Tifóide,320110,Bom Jesus do Norte,ES,2023,0
FTIFO,Febre Tifóide,320110,Bom Jesus do Norte,ES,2024,0
FTIFO,Febre Tifóide,320110,Bom Jesus do Norte,ES,2025,0
FTIFO,Febre Tifóide,320130,Cariacica,ES,2001,0
FTIFO,Febre Tifóide,320130,Cariacica,ES,2003,0
FTIFO,Febre Tifóide,320130,Cariacica,ES,2006,0
FTIFO,Febre Tifóide,320130,Cariacica,ES,2007,0
FTIFO,Febre Tifóide,320130,Cariacica,ES,2008,0
FTIFO,Febre Tifóide,320130,Cariacica,ES,2009,0
FTIFO,Febre Tifóide,320130,Cariacica,ES,2010,0
FTIFO,Febre Tifóide,320130,Cariacica,ES,2011,0
FTIFO,Febre Tifóide,320130,Cariacica,ES,2012,0
FTIFO,Febre Tifóide,320130,Cariacica,ES,2013,0
FTIFO,Febre Tifóide,320130,Cariacica,ES,2014,0
FTIFO,Febre Tifóide,320130,Cariacica,ES,2015,0
FTIFO,Febre Tifóide,320130,Cariacica,ES,2016,0
FTIFO,Febre Tifóide,320130,Cariacica,ES,2017,0
FTIFO,Febre Tifóide,320130,Cariacica,ES,2018,0
FTIFO,Febre Tifóide,320130,Cariacica,ES,2019,1
FTIFO,Febre Tifóide,320130,Cariacica,ES,2020,0
FTIFO,Febre Tifóide,320130,Cariacica,ES,2021,0
FTIFO,Febre Tifóide,320130,Cariacica,ES,2022,0
FTIFO,Febre Tifóide,320130,Cariacica,ES,2023,0
FTIFO,Febre Tifóide,320130,Cariacica,ES,2024,0
FTIFO,Febre Tifóide,320130,Cariacica,ES,2025,0
FTIFO,Febre Tifóide,320150,Colatina,ES,2001,0
FTIFO,Febre Tifóide,320150,Colatina,ES,2003,0
FTIFO,Febre Tifóide,320150,Colatina,ES,2006,0
FTIFO,Febre Tifóide,320150,Colatina,ES,2007,1
FTIFO,Febre Tifóide,320150,Colatina,ES,2008,0
FTIFO,Febre Tifóide,320150,Colatina,ES,2009,0
FTIFO,Febre Tifóide,320150,Colatina,ES,2010,0
FTIFO,Febre Tifóide,320150,Colatina,ES,2011,0
FTIFO,Febre Tifóide,320150,Colatina,ES,2012,0
FTIFO,Febre Tifóide,320150,Colatina,ES,2013,0
FTIFO,Febre Tifóide,320150,Colatina,ES,2014,0
FTIFO,Febre Tifóide,320150,Colatina,ES,2015,0
FTIFO,Febre Tifóide,320150,Colatina,ES,2016,0
FTIFO,Febre Tifóide,320150,Colatina,ES,2017,0
FTIFO,Febre Tifóide,320150,Colatina,ES,2018,0
FTIFO,Febre Tifóide,320150,Colatina,ES,2019,0
FTIFO,Febre Tifóide,320150,Colatina,ES,2020,0
FTIFO,Febre Tifóide,320150,Colatina,ES,2021,0
FTIFO,Febre Tifóide,320150,Colatina,ES,2022,0
FTIFO,Febre Tifóide,320150,Colatina,ES,2023,0
FTIFO,Febre Tifóide,320150,Colatina,ES,2024,0
FTIFO,Febre Tifóide,320150,Colatina,ES,2025,0
FTIFO,Febre Tifóide,320316,Laranja da Terra,ES,2001,0
FTIFO,Febre Tifóide,320316,Laranja da Terra,ES,2003,0
FTIFO,Febre Tifóide,320316,Laranja da Terra,ES,2006,0
FTIFO,Febre Tifóide,320316,Laranja da Terra,ES,2007,2
FTIFO,Febre Tifóide,320316,Laranja da Terra,ES,2008,0
FTIFO,Febre Tifóide,320316,Laranja da Terra,ES,2009,0
FTIFO,Febre Tifóide,320316,Laranja da Terra,ES,2010,0
FTIFO,Febre Tifóide,320316,Laranja da Terra,ES,2011,0
FTIFO,Febre Tifóide,320316,Laranja da Terra,ES,2012,0
FTIFO,Febre Tifóide,320316,Laranja da Terra,ES,2013,0
FTIFO,Febre Tifóide,320316,Laranja da Terra,ES,2014,0
FTIFO,Febre Tifóide,320316,Laranja da Terra,ES,2015,0
FTIFO,Febre Tifóide,320316,Laranja da Terra,ES,2016,0
FTIFO,Febre Tifóide,320316,Laranja da Terra,ES,2017,0
FTIFO,Febre Tifóide,320316,Laranja da Terra,ES,2018,0
FTIFO,Febre Tifóide,320316,Laranja da Terra,ES,2019,0
FTIFO,Febre Tifóide,320316,Laranja da Terra,ES,2020,0
FTIFO,Febre Tifóide,320316,Laranja da Terra,ES,2021,0
FTIFO,Febre Tifóide,320316,Laranja da Terra,ES,2022,0
FTIFO,Febre Tifóide,320316,Laranja da Terra,ES,2023,0
FTIFO,Febre Tifóide,320316,Laranja da Terra,ES,2024,0
FTIFO,Febre Tifóide,320316,Laranja da Terra,ES,2025,0
FTIFO,Febre Tifóide,320480,Sao Jose do Calcado,ES,2001,0
FTIFO,Febre Tifóide,320480,Sao Jose do Calcado,ES,2003,0
FTIFO,Febre Tifóide,320480,Sao Jose do Calcado,ES,2006,0
FTIFO,Febre Tifóide,320480,Sao Jose do Calcado,ES,2007,1
FTIFO,Febre Tifóide,320480,Sao Jose do Calcado,ES,2008,0
FTIFO,Febre Tifóide,320480,Sao Jose do Calcado,ES,2009,0
FTIFO,Febre Tifóide,320480,Sao Jose do Calcado,ES,2010,0
FTIFO,Febre Tifóide,320480,Sao Jose do Calcado,ES,2011,0
FTIFO,Febre Tifóide,320480,Sao Jose do Calcado,ES,2012,0
FTIFO,Febre Tifóide,320480,Sao Jose do Calcado,ES,2013,0
FTIFO,Febre Tifóide,320480,Sao Jose do Calcado,ES,2014,0
FTIFO,Febre Tifóide,320480,Sao Jose do Calcado,ES,2015,0
FTIFO,Febre Tifóide,320480,Sao Jose do Calcado,ES,2016,0
FTIFO,Febre Tifóide,320480,Sao Jose do Calcado,ES,2017,0
FTIFO,Febre Tifóide,320480,Sao Jose do Calcado,ES,2018,0
FTIFO,Febre Tifóide,320480,Sao Jose do Calcado,ES,2019,0
FTIFO,Febre Tifóide,320480,Sao Jose do Calcado,ES,2020,0
FTIFO,Febre Tifóide,320480,Sao Jose do Calcado,ES,2021,0
FTIFO,Febre Tifóide,320480,Sao Jose do Calcado,ES,2022,0
FTIFO,Febre Tifóide,320480,Sao Jose do Calcado,ES,2023,0
FTIFO,Febre Tifóide,320480,Sao Jose do Calcado,ES,2024,0
FTIFO,Febre Tifóide,320480,Sao Jose do Calcado,ES,2025,0
FTIFO,Febre Tifóide,320500,Serra,ES,2001,0
FTIFO,Febre Tifóide,320500,Serra,ES,2003,0
FTIFO,Febre Tifóide,320500,Serra,ES,2006,0
FTIFO,Febre Tifóide,320500,Serra,ES,2007,0
FTIFO,Febre Tifóide,320500,Serra,ES,2008,0
FTIFO,Febre Tifóide,320500,Serra,ES,2009,0
FTIFO,Febre Tifóide,320500,Serra,ES,2010,0
FTIFO,Febre Tifóide,320500,Serra,ES,2011,1
FTIFO,Febre Tifóide,320500,Serra,ES,2012,0
FTIFO,Febre Tifóide,320500,Serra,ES,2013,0
FTIFO,Febre Tifóide,320500,Serra,ES,2014,0
FTIFO,Febre Tifóide,320500,Serra,ES,2015,0
FTIFO,Febre Tifóide,320500,Serra,ES,2016,0
FTIFO,Febre Tifóide,320500,Serra,ES,2017,0
FTIFO,Febre Tifóide,320500,Serra,ES,2018,1
FTIFO,Febre Tifóide,320500,Serra,ES,2019,0
FTIFO,Febre Tifóide,320500,Serra,ES,2020,0
FTIFO,Febre Tifóide,320500,Serra,ES,2021,0
FTIFO,Febre Tifóide,320500,Serra,ES,2022,0
FTIFO,Febre Tifóide,320500,Serra,ES,2023,0
FTIFO,Febre Tifóide,320500,Serra,ES,2024,0
FTIFO,Febre Tifóide,320500,Serra,ES,2025,0
FTIFO,Febre Tifóide,320520,Vila Velha,ES,2001,0
FTIFO,Febre Tifóide,320520,Vila Velha,ES,2003,0
FTIFO,Febre Tifóide,320520,Vila Velha,ES,2006,0
FTIFO,Febre Tifóide,320520,Vila Velha,ES,2007,0
FTIFO,Febre Tifóide,320520,Vila Velha,ES,2008,1
FTIFO,Febre Tifóide,320520,Vila Velha,ES,2009,0
FTIFO,Febre Tifóide,320520,Vila Velha,ES,2010,0
FTIFO,Febre Tifóide,320520,Vila Velha,ES,2011,0
FTIFO,Febre Tifóide,320520,Vila Velha,ES,2012,0
FTIFO,Febre Tifóide,320520,Vila Velha,ES,2013,1
FTIFO,Febre Tifóide,320520,Vila Velha,ES,2014,0
FTIFO,Febre Tifóide,320520,Vila Velha,ES,2015,0
FTIFO,Febre Tifóide,320520,Vila Velha,ES,2016,0
FTIFO,Febre Tifóide,320520,Vila Velha,ES,2017,0
FTIFO,Febre Tifóide,320520,Vila Velha,ES,2018,0
FTIFO,Febre Tifóide,320520,Vila Velha,ES,2019,0
FTIFO,Febre Tifóide,320520,Vila Velha,ES,2020,0
FTIFO,Febre Tifóide,320520,Vila Velha,ES,2021,0
FTIFO,Febre Tifóide,320520,Vila Velha,ES,2022,0
FTIFO,Febre Tifóide,320520,Vila Velha,ES,2023,0
FTIFO,Febre Tifóide,320520,Vila Velha,ES,2024,0
FTIFO,Febre Tifóide,320520,Vila Velha,ES,2025,0
FTIFO,Febre Tifóide,320530,Vitoria,ES,2001,0
FTIFO,Febre Tifóide,320530,Vitoria,ES,2003,0
FTIFO,Febre Tifóide,320530,Vitoria,ES,2006,0
FTIFO,Febre Tifóide,320530,Vitoria,ES,2007,0
FTIFO,Febre Tifóide,320530,Vitoria,ES,2008,0
FTIFO,Febre Tifóide,320530,Vitoria,ES,2009,0
FTIFO,Febre Tifóide,320530,Vitoria,ES,2010,1
FTIFO,Febre Tifóide,320530,Vitoria,ES,2011,2
FTIFO,Febre Tifóide,320530,Vitoria,ES,2012,0
FTIFO,Febre Tifóide,320530,Vitoria,ES,2013,1
FTIFO,Febre Tifóide,320530,Vitoria,ES,2014,0
FTIFO,Febre Tifóide,320530,Vitoria,ES,2015,0
FTIFO,Febre Tifóide,320530,Vitoria,ES,2016,0
FTIFO,Febre Tifóide,320530,Vitoria,ES,2017,1
FTIFO,Febre Tifóide,320530,Vitoria,ES,2018,0
FTIFO,Febre Tifóide,320530,Vitoria,ES,2019,1
FTIFO,Febre Tifóide,320530,Vitoria,ES,2020,1
FTIFO,Febre Tifóide,320530,Vitoria,ES,2021,0
FTIFO,Febre Tifóide,320530,Vitoria,ES,2022,0
FTIFO,Febre Tifóide,320530,Vitoria,ES,2023,0
FTIFO,Febre Tifóide,320530,Vitoria,ES,2024,0
FTIFO,Febre Tifóide,320530,Vitoria,ES,2025,0
FTIFO,Febre Tifóide,520110,Anapolis,GO,2001,0
FTIFO,Febre Tifóide,520110,Anapolis,GO,2003,0
FTIFO,Febre Tifóide,520110,Anapolis,GO,2006,0
FTIFO,Febre Tifóide,520110,Anapolis,GO,2007,1
FTIFO,Febre Tifóide,520110,Anapolis,GO,2008,0
FTIFO,Febre Tifóide,520110,Anapolis,GO,2009,0
FTIFO,Febre Tifóide,520110,Anapolis,GO,2010,0
FTIFO,Febre Tifóide,520110,Anapolis,GO,2011,0
FTIFO,Febre Tifóide,520110,Anapolis,GO,2012,0
FTIFO,Febre Tifóide,520110,Anapolis,GO,2013,0
FTIFO,Febre Tifóide,520110,Anapolis,GO,2014,0
FTIFO,Febre Tifóide,520110,Anapolis,GO,2015,0
FTIFO,Febre Tifóide,520110,Anapolis,GO,2016,0
FTIFO,Febre Tifóide,520110,Anapolis,GO,2017,0
FTIFO,Febre Tifóide,520110,Anapolis,GO,2018,0
FTIFO,Febre Tifóide,520110,Anapolis,GO,2019,0
FTIFO,Febre Tifóide,520110,Anapolis,GO,2020,0
FTIFO,Febre Tifóide,520110,Anapolis,GO,2021,0
FTIFO,Febre Tifóide,520110,Anapolis,GO,2022,0
FTIFO,Febre Tifóide,520110,Anapolis,GO,2023,0
FTIFO,Febre Tifóide,520110,Anapolis,GO,2024,0
FTIFO,Febre Tifóide,520110,Anapolis,GO,2025,0
FTIFO,Febre Tifóide,520870,Goiania,GO,2001,0
FTIFO,Febre Tifóide,520870,Goiania,GO,2003,0
FTIFO,Febre Tifóide,520870,Goiania,GO,2006,0
FTIFO,Febre Tifóide,520870,Goiania,GO,2007,0
FTIFO,Febre Tifóide,520870,Goiania,GO,2008,1
FTIFO,Febre Tifóide,520870,Goiania,GO,2009,0
FTIFO,Febre Tifóide,520870,Goiania,GO,2010,0
FTIFO,Febre Tifóide,520870,Goiania,GO,2011,0
FTIFO,Febre Tifóide,520870,Goiania,GO,2012,0
FTIFO,Febre Tifóide,520870,Goiania,GO,2013,0
FTIFO,Febre Tifóide,520870,Goiania,GO,2014,0
FTIFO,Febre Tifóide,520870,Goiania,GO,2015,0
FTIFO,Febre Tifóide,520870,Goiania,GO,2016,0
FTIFO,Febre Tifóide,520870,Goiania,GO,2017,0
FTIFO,Febre Tifóide,520870,Goiania,GO,2018,0
FTIFO,Febre Tifóide,520870,Goiania,GO,2019,0
FTIFO,Febre Tifóide,520870,Goiania,GO,2020,0
FTIFO,Febre Tifóide,520870,Goiania,GO,2021,0
FTIFO,Febre Tifóide,520870,Goiania,GO,2022,0
FTIFO,Febre Tifóide,520870,Goiania,GO,2023,0
FTIFO,Febre Tifóide,520870,Goiania,GO,2024,0
FTIFO,Febre Tifóide,520870,Goiania,GO,2025,0
FTIFO,Febre Tifóide,210005,Acailandia,MA,2001,0
FTIFO,Febre Tifóide,210005,Acailandia,MA,2003,0
FTIFO,Febre Tifóide,210005,Acailandia,MA,2006,0
FTIFO,Febre Tifóide,210005,Acailandia,MA,2007,0
FTIFO,Febre Tifóide,210005,Acailandia,MA,2008,1
FTIFO,Febre Tifóide,210005,Acailandia,MA,2009,0
FTIFO,Febre Tifóide,210005,Acailandia,MA,2010,0
FTIFO,Febre Tifóide,210005,Acailandia,MA,2011,0
FTIFO,Febre Tifóide,210005,Acailandia,MA,2012,0
FTIFO,Febre Tifóide,210005,Acailandia,MA,2013,0
FTIFO,Febre Tifóide,210005,Acailandia,MA,2014,0
FTIFO,Febre Tifóide,210005,Acailandia,MA,2015,0
FTIFO,Febre Tifóide,210005,Acailandia,MA,2016,0
FTIFO,Febre Tifóide,210005,Acailandia,MA,2017,0
FTIFO,Febre Tifóide,210005,Acailandia,MA,2018,0
FTIFO,Febre Tifóide,210005,Acailandia,MA,2019,0
FTIFO,Febre Tifóide,210005,Acailandia,MA,2020,0
FTIFO,Febre Tifóide,210005,Acailandia,MA,2021,0
FTIFO,Febre Tifóide,210005,Acailandia,MA,2022,0
FTIFO,Febre Tifóide,210005,Acailandia,MA,2023,0
FTIFO,Febre Tifóide,210005,Acailandia,MA,2024,0
FTIFO,Febre Tifóide,210005,Acailandia,MA,2025,0
FTIFO,Febre Tifóide,210060,Amarante do Maranhao,MA,2001,0
FTIFO,Febre Tifóide,210060,Amarante do Maranhao,MA,2003,0
FTIFO,Febre Tifóide,210060,Amarante do Maranhao,MA,2006,0
FTIFO,Febre Tifóide,210060,Amarante do Maranhao,MA,2007,0
FTIFO,Febre Tifóide,210060,Amarante do Maranhao,MA,2008,1
FTIFO,Febre Tifóide,210060,Amarante do Maranhao,MA,2009,2
FTIFO,Febre Tifóide,210060,Amarante do Maranhao,MA,2010,0
FTIFO,Febre Tifóide,210060,Amarante do Maranhao,MA,2011,0
FTIFO,Febre Tifóide,210060,Amarante do Maranhao,MA,2012,0
FTIFO,Febre Tifóide,210060,Amarante do Maranhao,MA,2013,0
FTIFO,Febre Tifóide,210060,Amarante do Maranhao,MA,2014,0
FTIFO,Febre Tifóide,210060,Amarante do Maranhao,MA,2015,0
FTIFO,Febre Tifóide,210060,Amarante do Maranhao,MA,2016,0
FTIFO,Febre Tifóide,210060,Amarante do Maranhao,MA,2017,0
FTIFO,Febre Tifóide,210060,Amarante do Maranhao,MA,2018,0
FTIFO,Febre Tifóide,210060,Amarante do Maranhao,MA,2019,0
FTIFO,Febre Tifóide,210060,Amarante do Maranhao,MA,2020,0
FTIFO,Febre Tifóide,210060,Amarante do Maranhao,MA,2021,0
FTIFO,Febre Tifóide,210060,Amarante do Maranhao,MA,2022,0
FTIFO,Febre Tifóide,210060,Amarante do Maranhao,MA,2023,0
FTIFO,Febre Tifóide,210060,Amarante do Maranhao,MA,2024,0
FTIFO,Febre Tifóide,210060,Amarante do Maranhao,MA,2025,0
FTIFO,Febre Tifóide,210140,Balsas,MA,2001,0
FTIFO,Febre Tifóide,210140,Balsas,MA,2003,0
FTIFO,Febre Tifóide,210140,Balsas,MA,2006,0
FTIFO,Febre Tifóide,210140,Balsas,MA,2007,0
FTIFO,Febre Tifóide,210140,Balsas,MA,2008,0
FTIFO,Febre Tifóide,210140,Balsas,MA,2009,0
FTIFO,Febre Tifóide,210140,Balsas,MA,2010,1
FTIFO,Febre Tifóide,210140,Balsas,MA,2011,0
FTIFO,Febre Tifóide,210140,Balsas,MA,2012,0
FTIFO,Febre Tifóide,210140,Balsas,MA,2013,0
FTIFO,Febre Tifóide,210140,Balsas,MA,2014,0
FTIFO,Febre Tifóide,210140,Balsas,MA,2015,0
FTIFO,Febre Tifóide,210140,Balsas,MA,2016,0
FTIFO,Febre Tifóide,210140,Balsas,MA,2017,0
FTIFO,Febre Tifóide,210140,Balsas,MA,2018,0
FTIFO,Febre Tifóide,210140,Balsas,MA,2019,0
FTIFO,Febre Tifóide,210140,Balsas,MA,2020,0
FTIFO,Febre Tifóide,210140,Balsas,MA,2021,0
FTIFO,Febre Tifóide,210140,Balsas,MA,2022,0
FTIFO,Febre Tifóide,210140,Balsas,MA,2023,0
FTIFO,Febre Tifóide,210140,Balsas,MA,2024,0
FTIFO,Febre Tifóide,210140,Balsas,MA,2025,0
FTIFO,Febre Tifóide,210330,Codo,MA,2001,0
FTIFO,Febre Tifóide,210330,Codo,MA,2003,0
FTIFO,Febre Tifóide,210330,Codo,MA,2006,0
FTIFO,Febre Tifóide,210330,Codo,MA,2007,0
FTIFO,Febre Tifóide,210330,Codo,MA,2008,0
FTIFO,Febre Tifóide,210330,Codo,MA,2009,0
FTIFO,Febre Tifóide,210330,Codo,MA,2010,0
FTIFO,Febre Tifóide,210330,Codo,MA,2011,0
FTIFO,Febre Tifóide,210330,Codo,MA,2012,0
FTIFO,Febre Tifóide,210330,Codo,MA,2013,1
FTIFO,Febre Tifóide,210330,Codo,MA,2014,0
FTIFO,Febre Tifóide,210330,Codo,MA,2015,0
FTIFO,Febre Tifóide,210330,Codo,MA,2016,0
FTIFO,Febre Tifóide,210330,Codo,MA,2017,0
FTIFO,Febre Tifóide,210330,Codo,MA,2018,0
FTIFO,Febre Tifóide,210330,Codo,MA,2019,0
FTIFO,Febre Tifóide,210330,Codo,MA,2020,0
FTIFO,Febre Tifóide,210330,Codo,MA,2021,0
FTIFO,Febre Tifóide,210330,Codo,MA,2022,0
FTIFO,Febre Tifóide,210330,Codo,MA,2023,0
FTIFO,Febre Tifóide,210330,Codo,MA,2024,0
FTIFO,Febre Tifóide,210330,Codo,MA,2025,0
FTIFO,Febre Tifóide,210375,Davinopolis,MA,2001,0
FTIFO,Febre Tifóide,210375,Davinopolis,MA,2003,0
FTIFO,Febre Tifóide,210375,Davinopolis,MA,2006,0
FTIFO,Febre Tifóide,210375,Davinopolis,MA,2007,0
FTIFO,Febre Tifóide,210375,Davinopolis,MA,2008,0
FTIFO,Febre Tifóide,210375,Davinopolis,MA,2009,7
FTIFO,Febre Tifóide,210375,Davinopolis,MA,2010,0
FTIFO,Febre Tifóide,210375,Davinopolis,MA,2011,0
FTIFO,Febre Tifóide,210375,Davinopolis,MA,2012,0
FTIFO,Febre Tifóide,210375,Davinopolis,MA,2013,0
FTIFO,Febre Tifóide,210375,Davinopolis,MA,2014,0
FTIFO,Febre Tifóide,210375,Davinopolis,MA,2015,0
FTIFO,Febre Tifóide,210375,Davinopolis,MA,2016,0
FTIFO,Febre Tifóide,210375,Davinopolis,MA,2017,0
FTIFO,Febre Tifóide,210375,Davinopolis,MA,2018,0
FTIFO,Febre Tifóide,210375,Davinopolis,MA,2019,0
FTIFO,Febre Tifóide,210375,Davinopolis,MA,2020,0
FTIFO,Febre Tifóide,210375,Davinopolis,MA,2021,0
FTIFO,Febre Tifóide,210375,Davinopolis,MA,2022,0
FTIFO,Febre Tifóide,210375,Davinopolis,MA,2023,0
FTIFO,Febre Tifóide,210375,Davinopolis,MA,2024,0
FTIFO,Febre Tifóide,210375,Davinopolis,MA,2025,0
FTIFO,Febre Tifóide,210405,Estreito,MA,2001,0
FTIFO,Febre Tifóide,210405,Estreito,MA,2003,0
FTIFO,Febre Tifóide,210405,Estreito,MA,2006,0
FTIFO,Febre Tifóide,210405,Estreito,MA,2007,0
FTIFO,Febre Tifóide,210405,Estreito,MA,2008,0
FTIFO,Febre Tifóide,210405,Estreito,MA,2009,0
FTIFO,Febre Tifóide,210405,Estreito,MA,2010,0
FTIFO,Febre Tifóide,210405,Estreito,MA,2011,0
FTIFO,Febre Tifóide,210405,Estreito,MA,2012,0
FTIFO,Febre Tifóide,210405,Estreito,MA,2013,0
FTIFO,Febre Tifóide,210405,Estreito,MA,2014,0
FTIFO,Febre Tifóide,210405,Estreito,MA,2015,0
FTIFO,Febre Tifóide,210405,Estreito,MA,2016,0
FTIFO,Febre Tifóide,210405,Estreito,MA,2017,0
FTIFO,Febre Tifóide,210405,Estreito,MA,2018,0
FTIFO,Febre Tifóide,210405,Estreito,MA,2019,0
FTIFO,Febre Tifóide,210405,Estreito,MA,2020,0
FTIFO,Febre Tifóide,210405,Estreito,MA,2021,0
FTIFO,Febre Tifóide,210405,Estreito,MA,2022,0
FTIFO,Febre Tifóide,210405,Estreito,MA,2023,0
FTIFO,Febre Tifóide,210405,Estreito,MA,2024,1
FTIFO,Febre Tifóide,210405,Estreito,MA,2025,0
FTIFO,Febre Tifóide,210530,Imperatriz,MA,2001,0
FTIFO,Febre Tifóide,210530,Imperatriz,MA,2003,0
FTIFO,Febre Tifóide,210530,Imperatriz,MA,2006,2
FTIFO,Febre Tifóide,210530,Imperatriz,MA,2007,121
FTIFO,Febre Tifóide,210530,Imperatriz,MA,2008,109
FTIFO,Febre Tifóide,210530,Imperatriz,MA,2009,50
FTIFO,Febre Tifóide,210530,Imperatriz,MA,2010,0
FTIFO,Febre Tifóide,210530,Imperatriz,MA,2011,0
FTIFO,Febre Tifóide,210530,Imperatriz,MA,2012,0
FTIFO,Febre Tifóide,210530,Imperatriz,MA,2013,0
FTIFO,Febre Tifóide,210530,Imperatriz,MA,2014,0
FTIFO,Febre Tifóide,210530,Imperatriz,MA,2015,0
FTIFO,Febre Tifóide,210530,Imperatriz,MA,2016,0
FTIFO,Febre Tifóide,210530,Imperatriz,MA,2017,0
FTIFO,Febre Tifóide,210530,Imperatriz,MA,2018,0
FTIFO,Febre Tifóide,210530,Imperatriz,MA,2019,0
FTIFO,Febre Tifóide,210530,Imperatriz,MA,2020,0
FTIFO,Febre Tifóide,210530,Imperatriz,MA,2021,0
FTIFO,Febre Tifóide,210530,Imperatriz,MA,2022,0
FTIFO,Febre Tifóide,210530,Imperatriz,MA,2023,0
FTIFO,Febre Tifóide,210530,Imperatriz,MA,2024,0
FTIFO,Febre Tifóide,210530,Imperatriz,MA,2025,0
FTIFO,Febre Tifóide,210550,Joao Lisboa,MA,2001,0
FTIFO,Febre Tifóide,210550,Joao Lisboa,MA,2003,0
FTIFO,Febre Tifóide,210550,Joao Lisboa,MA,2006,0
FTIFO,Febre Tifóide,210550,Joao Lisboa,MA,2007,0
FTIFO,Febre Tifóide,210550,Joao Lisboa,MA,2008,0
FTIFO,Febre Tifóide,210550,Joao Lisboa,MA,2009,1
FTIFO,Febre Tifóide,210550,Joao Lisboa,MA,2010,0
FTIFO,Febre Tifóide,210550,Joao Lisboa,MA,2011,0
FTIFO,Febre Tifóide,210550,Joao Lisboa,MA,2012,0
FTIFO,Febre Tifóide,210550,Joao Lisboa,MA,2013,0
FTIFO,Febre Tifóide,210550,Joao Lisboa,MA,2014,0
FTIFO,Febre Tifóide,210550,Joao Lisboa,MA,2015,0
FTIFO,Febre Tifóide,210550,Joao Lisboa,MA,2016,0
FTIFO,Febre Tifóide,210550,Joao Lisboa,MA,2017,0
FTIFO,Febre Tifóide,210550,Joao Lisboa,MA,2018,0
FTIFO,Febre Tifóide,210550,Joao Lisboa,MA,2019,0
FTIFO,Febre Tifóide,210550,Joao Lisboa,MA,2020,0
FTIFO,Febre Tifóide,210550,Joao Lisboa,MA,2021,0
FTIFO,Febre Tifóide,210550,Joao Lisboa,MA,2022,0
FTIFO,Febre Tifóide,210550,Joao Lisboa,MA,2023,0
FTIFO,Febre Tifóide,210550,Joao Lisboa,MA,2024,0
FTIFO,Febre Tifóide,210550,Joao Lisboa,MA,2025,0
FTIFO,Febre Tifóide,210700,Montes Altos,MA,2001,0
FTIFO,Febre Tifóide,210700,Montes Altos,MA,2003,0
FTIFO,Febre Tifóide,210700,Montes Altos,MA,2006,0
FTIFO,Febre Tifóide,210700,Montes Altos,MA,2007,0
FTIFO,Febre Tifóide,210700,Montes Altos,MA,2008,1
FTIFO,Febre Tifóide,210700,Montes Altos,MA,2009,0
FTIFO,Febre Tifóide,210700,Montes Altos,MA,2010,0
FTIFO,Febre Tifóide,210700,Montes Altos,MA,2011,0
FTIFO,Febre Tifóide,210700,Montes Altos,MA,2012,0
FTIFO,Febre Tifóide,210700,Montes Altos,MA,2013,0
FTIFO,Febre Tifóide,210700,Montes Altos,MA,2014,0
FTIFO,Febre Tifóide,210700,Montes Altos,MA,2015,0
FTIFO,Febre Tifóide,210700,Montes Altos,MA,2016,0
FTIFO,Febre Tifóide,210700,Montes Altos,MA,2017,0
FTIFO,Febre Tifóide,210700,Montes Altos,MA,2018,0
FTIFO,Febre Tifóide,210700,Montes Altos,MA,2019,0
FTIFO,Febre Tifóide,210700,Montes Altos,MA,2020,0
FTIFO,Febre Tifóide,210700,Montes Altos,MA,2021,0
FTIFO,Febre Tifóide,210700,Montes Altos,MA,2022,0
FTIFO,Febre Tifóide,210700,Montes Altos,MA,2023,0
FTIFO,Febre Tifóide,210700,Montes Altos,MA,2024,0
FTIFO,Febre Tifóide,210700,Montes Altos,MA,2025,0
FTIFO,Febre Tifóide,210900,Porto Franco,MA,2001,0
FTIFO,Febre Tifóide,210900,Porto Franco,MA,2003,0
FTIFO,Febre Tifóide,210900,Porto Franco,MA,2006,0
FTIFO,Febre Tifóide,210900,Porto Franco,MA,2007,0
FTIFO,Febre Tifóide,210900,Porto Franco,MA,2008,2
FTIFO,Febre Tifóide,210900,Porto Franco,MA,2009,0
FTIFO,Febre Tifóide,210900,Porto Franco,MA,2010,2
FTIFO,Febre Tifóide,210900,Porto Franco,MA,2011,0
FTIFO,Febre Tifóide,210900,Porto Franco,MA,2012,0
FTIFO,Febre Tifóide,210900,Porto Franco,MA,2013,0
FTIFO,Febre Tifóide,210900,Porto Franco,MA,2014,0
FTIFO,Febre Tifóide,210900,Porto Franco,MA,2015,0
FTIFO,Febre Tifóide,210900,Porto Franco,MA,2016,0
FTIFO,Febre Tifóide,210900,Porto Franco,MA,2017,0
FTIFO,Febre Tifóide,210900,Porto Franco,MA,2018,0
FTIFO,Febre Tifóide,210900,Porto Franco,MA,2019,0
FTIFO,Febre Tifóide,210900,Porto Franco,MA,2020,0
FTIFO,Febre Tifóide,210900,Porto Franco,MA,2021,0
FTIFO,Febre Tifóide,210900,Porto Franco,MA,2022,0
FTIFO,Febre Tifóide,210900,Porto Franco,MA,2023,0
FTIFO,Febre Tifóide,210900,Porto Franco,MA,2024,0
FTIFO,Febre Tifóide,210900,Porto Franco,MA,2025,0
FTIFO,Febre Tifóide,211085,Sao Francisco do Brejao,MA,2001,0
FTIFO,Febre Tifóide,211085,Sao Francisco do Brejao,MA,2003,0
FTIFO,Febre Tifóide,211085,Sao Francisco do Brejao,MA,2006,0
FTIFO,Febre Tifóide,211085,Sao Francisco do Brejao,MA,2007,0
FTIFO,Febre Tifóide,211085,Sao Francisco do Brejao,MA,2008,0
FTIFO,Febre Tifóide,211085,Sao Francisco do Brejao,MA,2009,1
FTIFO,Febre Tifóide,211085,Sao Francisco do Brejao,MA,2010,0
FTIFO,Febre Tifóide,211085,Sao Francisco do Brejao,MA,2011,0
FTIFO,Febre Tifóide,211085,Sao Francisco do Brejao,MA,2012,0
FTIFO,Febre Tifóide,211085,Sao Francisco do Brejao,MA,2013,0
FTIFO,Febre Tifóide,211085,Sao Francisco do Brejao,MA,2014,0
FTIFO,Febre Tifóide,211085,Sao Francisco do Brejao,MA,2015,0
FTIFO,Febre Tifóide,211085,Sao Francisco do Brejao,MA,2016,0
FTIFO,Febre Tifóide,211085,Sao Francisco do Brejao,MA,2017,0
FTIFO,Febre Tifóide,211085,Sao Francisco do Brejao,MA,2018,0
FTIFO,Febre Tifóide,211085,Sao Francisco do Brejao,MA,2019,0
FTIFO,Febre Tifóide,211085,Sao Francisco do Brejao,MA,2020,0
FTIFO,Febre Tifóide,211085,Sao Francisco do Brejao,MA,2021,0
FTIFO,Febre Tifóide,211085,Sao Francisco do Brejao,MA,2022,0
FTIFO,Febre Tifóide,211085,Sao Francisco do Brejao,MA,2023,0
FTIFO,Febre Tifóide,211085,Sao Francisco do Brejao,MA,2024,0
FTIFO,Febre Tifóide,211085,Sao Francisco do Brejao,MA,2025,0
FTIFO,Febre Tifóide,211130,Sao Luis,MA,2001,0
FTIFO,Febre Tifóide,211130,Sao Luis,MA,2003,0
FTIFO,Febre Tifóide,211130,Sao Luis,MA,2006,0
FTIFO,Febre Tifóide,211130,Sao Luis,MA,2007,1
FTIFO,Febre Tifóide,211130,Sao Luis,MA,2008,0
FTIFO,Febre Tifóide,211130,Sao Luis,MA,2009,0
FTIFO,Febre Tifóide,211130,Sao Luis,MA,2010,2
FTIFO,Febre Tifóide,211130,Sao Luis,MA,2011,0
FTIFO,Febre Tifóide,211130,Sao Luis,MA,2012,0
FTIFO,Febre Tifóide,211130,Sao Luis,MA,2013,0
FTIFO,Febre Tifóide,211130,Sao Luis,MA,2014,0
FTIFO,Febre Tifóide,211130,Sao Luis,MA,2015,0
FTIFO,Febre Tifóide,211130,Sao Luis,MA,2016,0
FTIFO,Febre Tifóide,211130,Sao Luis,MA,2017,0
FTIFO,Febre Tifóide,211130,Sao Luis,MA,2018,0
FTIFO,Febre Tifóide,211130,Sao Luis,MA,2019,0
FTIFO,Febre Tifóide,211130,Sao Luis,MA,2020,0
FTIFO,Febre Tifóide,211130,Sao Luis,MA,2021,5
FTIFO,Febre Tifóide,211130,Sao Luis,MA,2022,0
FTIFO,Febre Tifóide,211130,Sao Luis,MA,2023,0
FTIFO,Febre Tifóide,211130,Sao Luis,MA,2024,0
FTIFO,Febre Tifóide,211130,Sao Luis,MA,2025,0
FTIFO,Febre Tifóide,211180,Sitio Novo,MA,2001,0
FTIFO,Febre Tifóide,211180,Sitio Novo,MA,2003,0
FTIFO,Febre Tifóide,211180,Sitio Novo,MA,2006,1
FTIFO,Febre Tifóide,211180,Sitio Novo,MA,2007,18
FTIFO,Febre Tifóide,211180,Sitio Novo,MA,2008,1
FTIFO,Febre Tifóide,211180,Sitio Novo,MA,2009,9
FTIFO,Febre Tifóide,211180,Sitio Novo,MA,2010,0
FTIFO,Febre Tifóide,211180,Sitio Novo,MA,2011,0
FTIFO,Febre Tifóide,211180,Sitio Novo,MA,2012,0
FTIFO,Febre Tifóide,211180,Sitio Novo,MA,2013,1
FTIFO,Febre Tifóide,211180,Sitio Novo,MA,2014,1
FTIFO,Febre Tifóide,211180,Sitio Novo,MA,2015,0
FTIFO,Febre Tifóide,211180,Sitio Novo,MA,2016,0
FTIFO,Febre Tifóide,211180,Sitio Novo,MA,2017,0
FTIFO,Febre Tifóide,211180,Sitio Novo,MA,2018,0
FTIFO,Febre Tifóide,211180,Sitio Novo,MA,2019,0
FTIFO,Febre Tifóide,211180,Sitio Novo,MA,2020,0
FTIFO,Febre Tifóide,211180,Sitio Novo,MA,2021,0
FTIFO,Febre Tifóide,211180,Sitio Novo,MA,2022,0
FTIFO,Febre Tifóide,211180,Sitio Novo,MA,2023,0
FTIFO,Febre Tifóide,211180,Sitio Novo,MA,2024,0
FTIFO,Febre Tifóide,211180,Sitio Novo,MA,2025,0
FTIFO,Febre Tifóide,211240,Turiacu,MA,2001,0
FTIFO,Febre Tifóide,211240,Turiacu,MA,2003,0
FTIFO,Febre Tifóide,211240,Turiacu,MA,2006,0
FTIFO,Febre Tifóide,211240,Turiacu,MA,2007,0
FTIFO,Febre Tifóide,211240,Turiacu,MA,2008,29
FTIFO,Febre Tifóide,211240,Turiacu,MA,2009,0
FTIFO,Febre Tifóide,211240,Turiacu,MA,2010,0
FTIFO,Febre Tifóide,211240,Turiacu,MA,2011,0
FTIFO,Febre Tifóide,211240,Turiacu,MA,2012,0
FTIFO,Febre Tifóide,211240,Turiacu,MA,2013,0
FTIFO,Febre Tifóide,211240,Turiacu,MA,2014,0
FTIFO,Febre Tifóide,211240,Turiacu,MA,2015,0
FTIFO,Febre Tifóide,211240,Turiacu,MA,2016,0
FTIFO,Febre Tifóide,211240,Turiacu,MA,2017,0
FTIFO,Febre Tifóide,211240,Turiacu,MA,2018,0
FTIFO,Febre Tifóide,211240,Turiacu,MA,2019,0
FTIFO,Febre Tifóide,211240,Turiacu,MA,2020,0
FTIFO,Febre Tifóide,211240,Turiacu,MA,2021,0
FTIFO,Febre Tifóide,211240,Turiacu,MA,2022,0
FTIFO,Febre Tifóide,211240,Turiacu,MA,2023,0
FTIFO,Febre Tifóide,211240,Turiacu,MA,2024,0
FTIFO,Febre Tifóide,211240,Turiacu,MA,2025,0
FTIFO,Febre Tifóide,310110,Aimores,MG,2001,0
FTIFO,Febre Tifóide,310110,Aimores,MG,2003,0
FTIFO,Febre Tifóide,310110,Aimores,MG,2006,0
FTIFO,Febre Tifóide,310110,Aimores,MG,2007,0
FTIFO,Febre Tifóide,310110,Aimores,MG,2008,1
FTIFO,Febre Tifóide,310110,Aimores,MG,2009,0
FTIFO,Febre Tifóide,310110,Aimores,MG,2010,0
FTIFO,Febre Tifóide,310110,Aimores,MG,2011,0
FTIFO,Febre Tifóide,310110,Aimores,MG,2012,0
FTIFO,Febre Tifóide,310110,Aimores,MG,2013,0
FTIFO,Febre Tifóide,310110,Aimores,MG,2014,0
FTIFO,Febre Tifóide,310110,Aimores,MG,2015,0
FTIFO,Febre Tifóide,310110,Aimores,MG,2016,0
FTIFO,Febre Tifóide,310110,Aimores,MG,2017,0
FTIFO,Febre Tifóide,310110,Aimores,MG,2018,0
FTIFO,Febre Tifóide,310110,Aimores,MG,2019,0
FTIFO,Febre Tifóide,310110,Aimores,MG,2020,0
FTIFO,Febre Tifóide,310110,Aimores,MG,2021,0
FTIFO,Febre Tifóide,310110,Aimores,MG,2022,0
FTIFO,Febre Tifóide,310110,Aimores,MG,2023,0
FTIFO,Febre Tifóide,310110,Aimores,MG,2024,0
FTIFO,Febre Tifóide,310110,Aimores,MG,2025,0
FTIFO,Febre Tifóide,310620,Belo Horizonte,MG,2001,0
FTIFO,Febre Tifóide,310620,Belo Horizonte,MG,2003,0
FTIFO,Febre Tifóide,310620,Belo Horizonte,MG,2006,0
FTIFO,Febre Tifóide,310620,Belo Horizonte,MG,2007,1
FTIFO,Febre Tifóide,310620,Belo Horizonte,MG,2008,0
FTIFO,Febre Tifóide,310620,Belo Horizonte,MG,2009,2
FTIFO,Febre Tifóide,310620,Belo Horizonte,MG,2010,0
FTIFO,Febre Tifóide,310620,Belo Horizonte,MG,2011,0
FTIFO,Febre Tifóide,310620,Belo Horizonte,MG,2012,0
FTIFO,Febre Tifóide,310620,Belo Horizonte,MG,2013,0
FTIFO,Febre Tifóide,310620,Belo Horizonte,MG,2014,1
FTIFO,Febre Tifóide,310620,Belo Horizonte,MG,2015,1
FTIFO,Febre Tifóide,310620,Belo Horizonte,MG,2016,0
FTIFO,Febre Tifóide,310620,Belo Horizonte,MG,2017,2
FTIFO,Febre Tifóide,310620,Belo Horizonte,MG,2018,3
FTIFO,Febre Tifóide,310620,Belo Horizonte,MG,2019,0
FTIFO,Febre Tifóide,310620,Belo Horizonte,MG,2020,0
FTIFO,Febre Tifóide,310620,Belo Horizonte,MG,2021,3
FTIFO,Febre Tifóide,310620,Belo Horizonte,MG,2022,1
FTIFO,Febre Tifóide,310620,Belo Horizonte,MG,2023,0
FTIFO,Febre Tifóide,310620,Belo Horizonte,MG,2024,0
FTIFO,Febre Tifóide,310620,Belo Horizonte,MG,2025,1
FTIFO,Febre Tifóide,311860,Contagem,MG,2001,0
FTIFO,Febre Tifóide,311860,Contagem,MG,2003,0
FTIFO,Febre Tifóide,311860,Contagem,MG,2006,0
FTIFO,Febre Tifóide,311860,Contagem,MG,2007,0
FTIFO,Febre Tifóide,311860,Contagem,MG,2008,0
FTIFO,Febre Tifóide,311860,Contagem,MG,2009,0
FTIFO,Febre Tifóide,311860,Contagem,MG,2010,0
FTIFO,Febre Tifóide,311860,Contagem,MG,2011,0
FTIFO,Febre Tifóide,311860,Contagem,MG,2012,0
FTIFO,Febre Tifóide,311860,Contagem,MG,2013,0
FTIFO,Febre Tifóide,311860,Contagem,MG,2014,0
FTIFO,Febre Tifóide,311860,Contagem,MG,2015,0
FTIFO,Febre Tifóide,311860,Contagem,MG,2016,0
FTIFO,Febre Tifóide,311860,Contagem,MG,2017,0
FTIFO,Febre Tifóide,311860,Contagem,MG,2018,0
FTIFO,Febre Tifóide,311860,Contagem,MG,2019,0
FTIFO,Febre Tifóide,311860,Contagem,MG,2020,0
FTIFO,Febre Tifóide,311860,Contagem,MG,2021,0
FTIFO,Febre Tifóide,311860,Contagem,MG,2022,0
FTIFO,Febre Tifóide,311860,Contagem,MG,2023,0
FTIFO,Febre Tifóide,311860,Contagem,MG,2024,1
FTIFO,Febre Tifóide,311860,Contagem,MG,2025,0
FTIFO,Febre Tifóide,312160,Diamantina,MG,2001,0
FTIFO,Febre Tifóide,312160,Diamantina,MG,2003,0
FTIFO,Febre Tifóide,312160,Diamantina,MG,2006,0
FTIFO,Febre Tifóide,312160,Diamantina,MG,2007,0
FTIFO,Febre Tifóide,312160,Diamantina,MG,2008,1
FTIFO,Febre Tifóide,312160,Diamantina,MG,2009,1
FTIFO,Febre Tifóide,312160,Diamantina,MG,2010,0
FTIFO,Febre Tifóide,312160,Diamantina,MG,2011,0
FTIFO,Febre Tifóide,312160,Diamantina,MG,2012,0
FTIFO,Febre Tifóide,312160,Diamantina,MG,2013,0
FTIFO,Febre Tifóide,312160,Diamantina,MG,2014,0
FTIFO,Febre Tifóide,312160,Diamantina,MG,2015,0
FTIFO,Febre Tifóide,312160,Diamantina,MG,2016,0
FTIFO,Febre Tifóide,312160,Diamantina,MG,2017,0
FTIFO,Febre Tifóide,312160,Diamantina,MG,2018,0
FTIFO,Febre Tifóide,312160,Diamantina,MG,2019,0
FTIFO,Febre Tifóide,312160,Diamantina,MG,2020,0
FTIFO,Febre Tifóide,312160,Diamantina,MG,2021,0
FTIFO,Febre Tifóide,312160,Diamantina,MG,2022,0
FTIFO,Febre Tifóide,312160,Diamantina,MG,2023,0
FTIFO,Febre Tifóide,312160,Diamantina,MG,2024,0
FTIFO,Febre Tifóide,312160,Diamantina,MG,2025,0
FTIFO,Febre Tifóide,312770,Governador Valadares,MG,2001,0
FTIFO,Febre Tifóide,312770,Governador Valadares,MG,2003,0
FTIFO,Febre Tifóide,312770,Governador Valadares,MG,2006,0
FTIFO,Febre Tifóide,312770,Governador Valadares,MG,2007,0
FTIFO,Febre Tifóide,312770,Governador Valadares,MG,2008,0
FTIFO,Febre Tifóide,312770,Governador Valadares,MG,2009,0
FTIFO,Febre Tifóide,312770,Governador Valadares,MG,2010,0
FTIFO,Febre Tifóide,312770,Governador Valadares,MG,2011,1
FTIFO,Febre Tifóide,312770,Governador Valadares,MG,2012,0
FTIFO,Febre Tifóide,312770,Governador Valadares,MG,2013,0
FTIFO,Febre Tifóide,312770,Governador Valadares,MG,2014,0
FTIFO,Febre Tifóide,312770,Governador Valadares,MG,2015,0
FTIFO,Febre Tifóide,312770,Governador Valadares,MG,2016,0
FTIFO,Febre Tifóide,312770,Governador Valadares,MG,2017,0
FTIFO,Febre Tifóide,312770,Governador Valadares,MG,2018,0
FTIFO,Febre Tifóide,312770,Governador Valadares,MG,2019,1
FTIFO,Febre Tifóide,312770,Governador Valadares,MG,2020,0
FTIFO,Febre Tifóide,312770,Governador Valadares,MG,2021,0
FTIFO,Febre Tifóide,312770,Governador Valadares,MG,2022,0
FTIFO,Febre Tifóide,312770,Governador Valadares,MG,2023,0
FTIFO,Febre Tifóide,312770,Governador Valadares,MG,2024,0
FTIFO,Febre Tifóide,312770,Governador Valadares,MG,2025,0
FTIFO,Febre Tifóide,312980,Ibirite,MG,2001,0
FTIFO,Febre Tifóide,312980,Ibirite,MG,2003,0
FTIFO,Febre Tifóide,312980,Ibirite,MG,2006,0
FTIFO,Febre Tifóide,312980,Ibirite,MG,2007,0
FTIFO,Febre Tifóide,312980,Ibirite,MG,2008,1
FTIFO,Febre Tifóide,312980,Ibirite,MG,2009,0
FTIFO,Febre Tifóide,312980,Ibirite,MG,2010,0
FTIFO,Febre Tifóide,312980,Ibirite,MG,2011,0
FTIFO,Febre Tifóide,312980,Ibirite,MG,2012,0
FTIFO,Febre Tifóide,312980,Ibirite,MG,2013,0
FTIFO,Febre Tifóide,312980,Ibirite,MG,2014,0
FTIFO,Febre Tifóide,312980,Ibirite,MG,2015,0
FTIFO,Febre Tifóide,312980,Ibirite,MG,2016,0
FTIFO,Febre Tifóide,312980,Ibirite,MG,2017,0
FTIFO,Febre Tifóide,312980,Ibirite,MG,2018,0
FTIFO,Febre Tifóide,312980,Ibirite,MG,2019,0
FTIFO,Febre Tifóide,312980,Ibirite,MG,2020,0
FTIFO,Febre Tifóide,312980,Ibirite,MG,2021,0
FTIFO,Febre Tifóide,312980,Ibirite,MG,2022,0
FTIFO,Febre Tifóide,312980,Ibirite,MG,2023,0
FTIFO,Febre Tifóide,312980,Ibirite,MG,2024,0
FTIFO,Febre Tifóide,312980,Ibirite,MG,2025,0
FTIFO,Febre Tifóide,313170,Itabira,MG,2001,0
FTIFO,Febre Tifóide,313170,Itabira,MG,2003,0
FTIFO,Febre Tifóide,313170,Itabira,MG,2006,0
FTIFO,Febre Tifóide,313170,Itabira,MG,2007,0
FTIFO,Febre Tifóide,313170,Itabira,MG,2008,0
FTIFO,Febre Tifóide,313170,Itabira,MG,2009,0
FTIFO,Febre Tifóide,313170,Itabira,MG,2010,0
FTIFO,Febre Tifóide,313170,Itabira,MG,2011,0
FTIFO,Febre Tifóide,313170,Itabira,MG,2012,0
FTIFO,Febre Tifóide,313170,Itabira,MG,2013,0
FTIFO,Febre Tifóide,313170,Itabira,MG,2014,0
FTIFO,Febre Tifóide,313170,Itabira,MG,2015,0
FTIFO,Febre Tifóide,313170,Itabira,MG,2016,0
FTIFO,Febre Tifóide,313170,Itabira,MG,2017,0
FTIFO,Febre Tifóide,313170,Itabira,MG,2018,0
FTIFO,Febre Tifóide,313170,Itabira,MG,2019,0
FTIFO,Febre Tifóide,313170,Itabira,MG,2020,0
FTIFO,Febre Tifóide,313170,Itabira,MG,2021,0
FTIFO,Febre Tifóide,313170,Itabira,MG,2022,0
FTIFO,Febre Tifóide,313170,Itabira,MG,2023,1
FTIFO,Febre Tifóide,313170,Itabira,MG,2024,0
FTIFO,Febre Tifóide,313170,Itabira,MG,2025,0
FTIFO,Febre Tifóide,313620,Joao Monlevade,MG,2001,0
FTIFO,Febre Tifóide,313620,Joao Monlevade,MG,2003,0
FTIFO,Febre Tifóide,313620,Joao Monlevade,MG,2006,0
FTIFO,Febre Tifóide,313620,Joao Monlevade,MG,2007,0
FTIFO,Febre Tifóide,313620,Joao Monlevade,MG,2008,0
FTIFO,Febre Tifóide,313620,Joao Monlevade,MG,2009,1
FTIFO,Febre Tifóide,313620,Joao Monlevade,MG,2010,0
FTIFO,Febre Tifóide,313620,Joao Monlevade,MG,2011,0
FTIFO,Febre Tifóide,313620,Joao Monlevade,MG,2012,0
FTIFO,Febre Tifóide,313620,Joao Monlevade,MG,2013,0
FTIFO,Febre Tifóide,313620,Joao Monlevade,MG,2014,0
FTIFO,Febre Tifóide,313620,Joao Monlevade,MG,2015,0
FTIFO,Febre Tifóide,313620,Joao Monlevade,MG,2016,0
FTIFO,Febre Tifóide,313620,Joao Monlevade,MG,2017,0
FTIFO,Febre Tifóide,313620,Joao Monlevade,MG,2018,0
FTIFO,Febre Tifóide,313620,Joao Monlevade,MG,2019,0
FTIFO,Febre Tifóide,313620,Joao Monlevade,MG,2020,0
FTIFO,Febre Tifóide,313620,Joao Monlevade,MG,2021,0
FTIFO,Febre Tifóide,313620,Joao Monlevade,MG,2022,0
FTIFO,Febre Tifóide,313620,Joao Monlevade,MG,2023,0
FTIFO,Febre Tifóide,313620,Joao Monlevade,MG,2024,0
FTIFO,Febre Tifóide,313620,Joao Monlevade,MG,2025,0
FTIFO,Febre Tifóide,314330,Montes Claros,MG,2001,0
FTIFO,Febre Tifóide,314330,Montes Claros,MG,2003,0
FTIFO,Febre Tifóide,314330,Montes Claros,MG,2006,0
FTIFO,Febre Tifóide,314330,Montes Claros,MG,2007,0
FTIFO,Febre Tifóide,314330,Montes Claros,MG,2008,1
FTIFO,Febre Tifóide,314330,Montes Claros,MG,2009,0
FTIFO,Febre Tifóide,314330,Montes Claros,MG,2010,0
FTIFO,Febre Tifóide,314330,Montes Claros,MG,2011,0
FTIFO,Febre Tifóide,314330,Montes Claros,MG,2012,0
FTIFO,Febre Tifóide,314330,Montes Claros,MG,2013,0
FTIFO,Febre Tifóide,314330,Montes Claros,MG,2014,0
FTIFO,Febre Tifóide,314330,Montes Claros,MG,2015,0
FTIFO,Febre Tifóide,314330,Montes Claros,MG,2016,0
FTIFO,Febre Tifóide,314330,Montes Claros,MG,2017,0
FTIFO,Febre Tifóide,314330,Montes Claros,MG,2018,0
FTIFO,Febre Tifóide,314330,Montes Claros,MG,2019,0
FTIFO,Febre Tifóide,314330,Montes Claros,MG,2020,0
FTIFO,Febre Tifóide,314330,Montes Claros,MG,2021,0
FTIFO,Febre Tifóide,314330,Montes Claros,MG,2022,0
FTIFO,Febre Tifóide,314330,Montes Claros,MG,2023,0
FTIFO,Febre Tifóide,314330,Montes Claros,MG,2024,0
FTIFO,Febre Tifóide,314330,Montes Claros,MG,2025,0
FTIFO,Febre Tifóide,314800,Patos de Minas,MG,2001,0
FTIFO,Febre Tifóide,314800,Patos de Minas,MG,2003,0
FTIFO,Febre Tifóide,314800,Patos de Minas,MG,2006,0
FTIFO,Febre Tifóide,314800,Patos de Minas,MG,2007,0
FTIFO,Febre Tifóide,314800,Patos de Minas,MG,2008,0
FTIFO,Febre Tifóide,314800,Patos de Minas,MG,2009,0
FTIFO,Febre Tifóide,314800,Patos de Minas,MG,2010,0
FTIFO,Febre Tifóide,314800,Patos de Minas,MG,2011,0
FTIFO,Febre Tifóide,314800,Patos de Minas,MG,2012,0
FTIFO,Febre Tifóide,314800,Patos de Minas,MG,2013,0
FTIFO,Febre Tifóide,314800,Patos de Minas,MG,2014,0
FTIFO,Febre Tifóide,314800,Patos de Minas,MG,2015,0
FTIFO,Febre Tifóide,314800,Patos de Minas,MG,2016,0
FTIFO,Febre Tifóide,314800,Patos de Minas,MG,2017,0
FTIFO,Febre Tifóide,314800,Patos de Minas,MG,2018,0
FTIFO,Febre Tifóide,314800,Patos de Minas,MG,2019,0
FTIFO,Febre Tifóide,314800,Patos de Minas,MG,2020,0
FTIFO,Febre Tifóide,314800,Patos de Minas,MG,2021,0
FTIFO,Febre Tifóide,314800,Patos de Minas,MG,2022,0
FTIFO,Febre Tifóide,314800,Patos de Minas,MG,2023,0
FTIFO,Febre Tifóide,314800,Patos de Minas,MG,2024,1
FTIFO,Febre Tifóide,314800,Patos de Minas,MG,2025,0
FTIFO,Febre Tifóide,315180,Pocos de Caldas,MG,2001,0
FTIFO,Febre Tifóide,315180,Pocos de Caldas,MG,2003,0
FTIFO,Febre Tifóide,315180,Pocos de Caldas,MG,2006,0
FTIFO,Febre Tifóide,315180,Pocos de Caldas,MG,2007,0
FTIFO,Febre Tifóide,315180,Pocos de Caldas,MG,2008,1
FTIFO,Febre Tifóide,315180,Pocos de Caldas,MG,2009,0
FTIFO,Febre Tifóide,315180,Pocos de Caldas,MG,2010,0
FTIFO,Febre Tifóide,315180,Pocos de Caldas,MG,2011,0
FTIFO,Febre Tifóide,315180,Pocos de Caldas,MG,2012,0
FTIFO,Febre Tifóide,315180,Pocos de Caldas,MG,2013,0
FTIFO,Febre Tifóide,315180,Pocos de Caldas,MG,2014,0
FTIFO,Febre Tifóide,315180,Pocos de Caldas,MG,2015,0
FTIFO,Febre Tifóide,315180,Pocos de Caldas,MG,2016,0
FTIFO,Febre Tifóide,315180,Pocos de Caldas,MG,2017,0
FTIFO,Febre Tifóide,315180,Pocos de Caldas,MG,2018,0
FTIFO,Febre Tifóide,315180,Pocos de Caldas,MG,2019,0
FTIFO,Febre Tifóide,315180,Pocos de Caldas,MG,2020,0
FTIFO,Febre Tifóide,315180,Pocos de Caldas,MG,2021,0
FTIFO,Febre Tifóide,315180,Pocos de Caldas,MG,2022,0
FTIFO,Febre Tifóide,315180,Pocos de Caldas,MG,2023,0
FTIFO,Febre Tifóide,315180,Pocos de Caldas,MG,2024,0
FTIFO,Febre Tifóide,315180,Pocos de Caldas,MG,2025,0
FTIFO,Febre Tifóide,316860,Teofilo Otoni,MG,2001,0
FTIFO,Febre Tifóide,316860,Teofilo Otoni,MG,2003,0
FTIFO,Febre Tifóide,316860,Teofilo Otoni,MG,2006,0
FTIFO,Febre Tifóide,316860,Teofilo Otoni,MG,2007,0
FTIFO,Febre Tifóide,316860,Teofilo Otoni,MG,2008,0
FTIFO,Febre Tifóide,316860,Teofilo Otoni,MG,2009,0
FTIFO,Febre Tifóide,316860,Teofilo Otoni,MG,2010,0
FTIFO,Febre Tifóide,316860,Teofilo Otoni,MG,2011,1
FTIFO,Febre Tifóide,316860,Teofilo Otoni,MG,2012,0
FTIFO,Febre Tifóide,316860,Teofilo Otoni,MG,2013,0
FTIFO,Febre Tifóide,316860,Teofilo Otoni,MG,2014,0
FTIFO,Febre Tifóide,316860,Teofilo Otoni,MG,2015,0
FTIFO,Febre Tifóide,316860,Teofilo Otoni,MG,2016,0
FTIFO,Febre Tifóide,316860,Teofilo Otoni,MG,2017,0
FTIFO,Febre Tifóide,316860,Teofilo Otoni,MG,2018,0
FTIFO,Febre Tifóide,316860,Teofilo Otoni,MG,2019,0
FTIFO,Febre Tifóide,316860,Teofilo Otoni,MG,2020,0
FTIFO,Febre Tifóide,316860,Teofilo Otoni,MG,2021,0
FTIFO,Febre Tifóide,316860,Teofilo Otoni,MG,2022,0
FTIFO,Febre Tifóide,316860,Teofilo Otoni,MG,2023,0
FTIFO,Febre Tifóide,316860,Teofilo Otoni,MG,2024,0
FTIFO,Febre Tifóide,316860,Teofilo Otoni,MG,2025,0
FTIFO,Febre Tifóide,316940,Tres Pontas,MG,2001,0
FTIFO,Febre Tifóide,316940,Tres Pontas,MG,2003,0
FTIFO,Febre Tifóide,316940,Tres Pontas,MG,2006,0
FTIFO,Febre Tifóide,316940,Tres Pontas,MG,2007,0
FTIFO,Febre Tifóide,316940,Tres Pontas,MG,2008,0
FTIFO,Febre Tifóide,316940,Tres Pontas,MG,2009,0
FTIFO,Febre Tifóide,316940,Tres Pontas,MG,2010,0
FTIFO,Febre Tifóide,316940,Tres Pontas,MG,2011,0
FTIFO,Febre Tifóide,316940,Tres Pontas,MG,2012,0
FTIFO,Febre Tifóide,316940,Tres Pontas,MG,2013,0
FTIFO,Febre Tifóide,316940,Tres Pontas,MG,2014,1
FTIFO,Febre Tifóide,316940,Tres Pontas,MG,2015,0
FTIFO,Febre Tifóide,316940,Tres Pontas,MG,2016,0
FTIFO,Febre Tifóide,316940,Tres Pontas,MG,2017,0
FTIFO,Febre Tifóide,316940,Tres Pontas,MG,2018,0
FTIFO,Febre Tifóide,316940,Tres Pontas,MG,2019,0
FTIFO,Febre Tifóide,316940,Tres Pontas,MG,2020,0
FTIFO,Febre Tifóide,316940,Tres Pontas,MG,2021,0
FTIFO,Febre Tifóide,316940,Tres Pontas,MG,2022,0
FTIFO,Febre Tifóide,316940,Tres Pontas,MG,2023,0
FTIFO,Febre Tifóide,316940,Tres Pontas,MG,2024,0
FTIFO,Febre Tifóide,316940,Tres Pontas,MG,2025,0
FTIFO,Febre Tifóide,317020,Uberlandia,MG,2001,0
FTIFO,Febre Tifóide,317020,Uberlandia,MG,2003,0
FTIFO,Febre Tifóide,317020,Uberlandia,MG,2006,0
FTIFO,Febre Tifóide,317020,Uberlandia,MG,2007,0
FTIFO,Febre Tifóide,317020,Uberlandia,MG,2008,0
FTIFO,Febre Tifóide,317020,Uberlandia,MG,2009,0
FTIFO,Febre Tifóide,317020,Uberlandia,MG,2010,0
FTIFO,Febre Tifóide,317020,Uberlandia,MG,2011,0
FTIFO,Febre Tifóide,317020,Uberlandia,MG,2012,0
FTIFO,Febre Tifóide,317020,Uberlandia,MG,2013,0
FTIFO,Febre Tifóide,317020,Uberlandia,MG,2014,0
FTIFO,Febre Tifóide,317020,Uberlandia,MG,2015,0
FTIFO,Febre Tifóide,317020,Uberlandia,MG,2016,0
FTIFO,Febre Tifóide,317020,Uberlandia,MG,2017,0
FTIFO,Febre Tifóide,317020,Uberlandia,MG,2018,0
FTIFO,Febre Tifóide,317020,Uberlandia,MG,2019,0
FTIFO,Febre Tifóide,317020,Uberlandia,MG,2020,0
FTIFO,Febre Tifóide,317020,Uberlandia,MG,2021,0
FTIFO,Febre Tifóide,317020,Uberlandia,MG,2022,0
FTIFO,Febre Tifóide,317020,Uberlandia,MG,2023,0
FTIFO,Febre Tifóide,317020,Uberlandia,MG,2024,1
FTIFO,Febre Tifóide,317020,Uberlandia,MG,2025,0
FTIFO,Febre Tifóide,510025,Alta Floresta,MT,2001,0
FTIFO,Febre Tifóide,510025,Alta Floresta,MT,2003,0
FTIFO,Febre Tifóide,510025,Alta Floresta,MT,2006,0
FTIFO,Febre Tifóide,510025,Alta Floresta,MT,2007,0
FTIFO,Febre Tifóide,510025,Alta Floresta,MT,2008,0
FTIFO,Febre Tifóide,510025,Alta Floresta,MT,2009,2
FTIFO,Febre Tifóide,510025,Alta Floresta,MT,2010,0
FTIFO,Febre Tifóide,510025,Alta Floresta,MT,2011,0
FTIFO,Febre Tifóide,510025,Alta Floresta,MT,2012,0
FTIFO,Febre Tifóide,510025,Alta Floresta,MT,2013,0
FTIFO,Febre Tifóide,510025,Alta Floresta,MT,2014,0
FTIFO,Febre Tifóide,510025,Alta Floresta,MT,2015,0
FTIFO,Febre Tifóide,510025,Alta Floresta,MT,2016,0
FTIFO,Febre Tifóide,510025,Alta Floresta,MT,2017,0
FTIFO,Febre Tifóide,510025,Alta Floresta,MT,2018,0
FTIFO,Febre Tifóide,510025,Alta Floresta,MT,2019,0
FTIFO,Febre Tifóide,510025,Alta Floresta,MT,2020,0
FTIFO,Febre Tifóide,510025,Alta Floresta,MT,2021,0
FTIFO,Febre Tifóide,510025,Alta Floresta,MT,2022,0
FTIFO,Febre Tifóide,510025,Alta Floresta,MT,2023,0
FTIFO,Febre Tifóide,510025,Alta Floresta,MT,2024,0
FTIFO,Febre Tifóide,510025,Alta Floresta,MT,2025,0
FTIFO,Febre Tifóide,510340,Cuiaba,MT,2001,0
FTIFO,Febre Tifóide,510340,Cuiaba,MT,2003,0
FTIFO,Febre Tifóide,510340,Cuiaba,MT,2006,0
FTIFO,Febre Tifóide,510340,Cuiaba,MT,2007,0
FTIFO,Febre Tifóide,510340,Cuiaba,MT,2008,0
FTIFO,Febre Tifóide,510340,Cuiaba,MT,2009,3
FTIFO,Febre Tifóide,510340,Cuiaba,MT,2010,2
FTIFO,Febre Tifóide,510340,Cuiaba,MT,2011,0
FTIFO,Febre Tifóide,510340,Cuiaba,MT,2012,0
FTIFO,Febre Tifóide,510340,Cuiaba,MT,2013,0
FTIFO,Febre Tifóide,510340,Cuiaba,MT,2014,0
FTIFO,Febre Tifóide,510340,Cuiaba,MT,2015,1
FTIFO,Febre Tifóide,510340,Cuiaba,MT,2016,0
FTIFO,Febre Tifóide,510340,Cuiaba,MT,2017,0
FTIFO,Febre Tifóide,510340,Cuiaba,MT,2018,0
FTIFO,Febre Tifóide,510340,Cuiaba,MT,2019,2
FTIFO,Febre Tifóide,510340,Cuiaba,MT,2020,0
FTIFO,Febre Tifóide,510340,Cuiaba,MT,2021,0
FTIFO,Febre Tifóide,510340,Cuiaba,MT,2022,0
FTIFO,Febre Tifóide,510340,Cuiaba,MT,2023,0
FTIFO,Febre Tifóide,510340,Cuiaba,MT,2024,0
FTIFO,Febre Tifóide,510340,Cuiaba,MT,2025,0
FTIFO,Febre Tifóide,510410,Guaranta do Norte,MT,2001,0
FTIFO,Febre Tifóide,510410,Guaranta do Norte,MT,2003,0
FTIFO,Febre Tifóide,510410,Guaranta do Norte,MT,2006,0
FTIFO,Febre Tifóide,510410,Guaranta do Norte,MT,2007,0
FTIFO,Febre Tifóide,510410,Guaranta do Norte,MT,2008,1
FTIFO,Febre Tifóide,510410,Guaranta do Norte,MT,2009,0
FTIFO,Febre Tifóide,510410,Guaranta do Norte,MT,2010,0
FTIFO,Febre Tifóide,510410,Guaranta do Norte,MT,2011,0
FTIFO,Febre Tifóide,510410,Guaranta do Norte,MT,2012,0
FTIFO,Febre Tifóide,510410,Guaranta do Norte,MT,2013,0
FTIFO,Febre Tifóide,510410,Guaranta do Norte,MT,2014,0
FTIFO,Febre Tifóide,510410,Guaranta do Norte,MT,2015,0
FTIFO,Febre Tifóide,510410,Guaranta do Norte,MT,2016,0
FTIFO,Febre Tifóide,510410,Guaranta do Norte,MT,2017,0
FTIFO,Febre Tifóide,510410,Guaranta do Norte,MT,2018,0
FTIFO,Febre Tifóide,510410,Guaranta do Norte,MT,2019,0
FTIFO,Febre Tifóide,510410,Guaranta do Norte,MT,2020,0
FTIFO,Febre Tifóide,510410,Guaranta do Norte,MT,2021,0
FTIFO,Febre Tifóide,510410,Guaranta do Norte,MT,2022,0
FTIFO,Febre Tifóide,510410,Guaranta do Norte,MT,2023,0
FTIFO,Febre Tifóide,510410,Guaranta do Norte,MT,2024,0
FTIFO,Febre Tifóide,510410,Guaranta do Norte,MT,2025,0
FTIFO,Febre Tifóide,510760,Rondonopolis,MT,2001,0
FTIFO,Febre Tifóide,510760,Rondonopolis,MT,2003,0
FTIFO,Febre Tifóide,510760,Rondonopolis,MT,2006,0
FTIFO,Febre Tifóide,510760,Rondonopolis,MT,2007,0
FTIFO,Febre Tifóide,510760,Rondonopolis,MT,2008,0
FTIFO,Febre Tifóide,510760,Rondonopolis,MT,2009,0
FTIFO,Febre Tifóide,510760,Rondonopolis,MT,2010,0
FTIFO,Febre Tifóide,510760,Rondonopolis,MT,2011,0
FTIFO,Febre Tifóide,510760,Rondonopolis,MT,2012,0
FTIFO,Febre Tifóide,510760,Rondonopolis,MT,2013,0
FTIFO,Febre Tifóide,510760,Rondonopolis,MT,2014,1
FTIFO,Febre Tifóide,510760,Rondonopolis,MT,2015,0
FTIFO,Febre Tifóide,510760,Rondonopolis,MT,2016,0
FTIFO,Febre Tifóide,510760,Rondonopolis,MT,2017,0
FTIFO,Febre Tifóide,510760,Rondonopolis,MT,2018,0
FTIFO,Febre Tifóide,510760,Rondonopolis,MT,2019,0
FTIFO,Febre Tifóide,510760,Rondonopolis,MT,2020,0
FTIFO,Febre Tifóide,510760,Rondonopolis,MT,2021,0
FTIFO,Febre Tifóide,510760,Rondonopolis,MT,2022,0
FTIFO,Febre Tifóide,510760,Rondonopolis,MT,2023,0
FTIFO,Febre Tifóide,510760,Rondonopolis,MT,2024,0
FTIFO,Febre Tifóide,510760,Rondonopolis,MT,2025,0
FTIFO,Febre Tifóide,510790,Sinop,MT,2001,0
FTIFO,Febre Tifóide,510790,Sinop,MT,2003,0
FTIFO,Febre Tifóide,510790,Sinop,MT,2006,0
FTIFO,Febre Tifóide,510790,Sinop,MT,2007,0
FTIFO,Febre Tifóide,510790,Sinop,MT,2008,0
FTIFO,Febre Tifóide,510790,Sinop,MT,2009,0
FTIFO,Febre Tifóide,510790,Sinop,MT,2010,1
FTIFO,Febre Tifóide,510790,Sinop,MT,2011,0
FTIFO,Febre Tifóide,510790,Sinop,MT,2012,0
FTIFO,Febre Tifóide,510790,Sinop,MT,2013,0
FTIFO,Febre Tifóide,510790,Sinop,MT,2014,0
FTIFO,Febre Tifóide,510790,Sinop,MT,2015,0
FTIFO,Febre Tifóide,510790,Sinop,MT,2016,0
FTIFO,Febre Tifóide,510790,Sinop,MT,2017,0
FTIFO,Febre Tifóide,510790,Sinop,MT,2018,0
FTIFO,Febre Tifóide,510790,Sinop,MT,2019,0
FTIFO,Febre Tifóide,510790,Sinop,MT,2020,0
FTIFO,Febre Tifóide,510790,Sinop,MT,2021,0
FTIFO,Febre Tifóide,510790,Sinop,MT,2022,0
FTIFO,Febre Tifóide,510790,Sinop,MT,2023,0
FTIFO,Febre Tifóide,510790,Sinop,MT,2024,0
FTIFO,Febre Tifóide,510790,Sinop,MT,2025,0
FTIFO,Febre Tifóide,510792,Sorriso,MT,2001,0
FTIFO,Febre Tifóide,510792,Sorriso,MT,2003,0
FTIFO,Febre Tifóide,510792,Sorriso,MT,2006,0
FTIFO,Febre Tifóide,510792,Sorriso,MT,2007,0
FTIFO,Febre Tifóide,510792,Sorriso,MT,2008,0
FTIFO,Febre Tifóide,510792,Sorriso,MT,2009,0
FTIFO,Febre Tifóide,510792,Sorriso,MT,2010,0
FTIFO,Febre Tifóide,510792,Sorriso,MT,2011,0
FTIFO,Febre Tifóide,510792,Sorriso,MT,2012,0
FTIFO,Febre Tifóide,510792,Sorriso,MT,2013,0
FTIFO,Febre Tifóide,510792,Sorriso,MT,2014,1
FTIFO,Febre Tifóide,510792,Sorriso,MT,2015,0
FTIFO,Febre Tifóide,510792,Sorriso,MT,2016,0
FTIFO,Febre Tifóide,510792,Sorriso,MT,2017,0
FTIFO,Febre Tifóide,510792,Sorriso,MT,2018,0
FTIFO,Febre Tifóide,510792,Sorriso,MT,2019,0
FTIFO,Febre Tifóide,510792,Sorriso,MT,2020,0
FTIFO,Febre Tifóide,510792,Sorriso,MT,2021,0
FTIFO,Febre Tifóide,510792,Sorriso,MT,2022,0
FTIFO,Febre Tifóide,510792,Sorriso,MT,2023,0
FTIFO,Febre Tifóide,510792,Sorriso,MT,2024,0
FTIFO,Febre Tifóide,510792,Sorriso,MT,2025,0
FTIFO,Febre Tifóide,150010,Abaetetuba,PA,2001,0
FTIFO,Febre Tifóide,150010,Abaetetuba,PA,2003,0
FTIFO,Febre Tifóide,150010,Abaetetuba,PA,2006,1
FTIFO,Febre Tifóide,150010,Abaetetuba,PA,2007,11
FTIFO,Febre Tifóide,150010,Abaetetuba,PA,2008,7
FTIFO,Febre Tifóide,150010,Abaetetuba,PA,2009,33
FTIFO,Febre Tifóide,150010,Abaetetuba,PA,2010,5
FTIFO,Febre Tifóide,150010,Abaetetuba,PA,2011,10
FTIFO,Febre Tifóide,150010,Abaetetuba,PA,2012,16
FTIFO,Febre Tifóide,150010,Abaetetuba,PA,2013,2
FTIFO,Febre Tifóide,150010,Abaetetuba,PA,2014,0
FTIFO,Febre Tifóide,150010,Abaetetuba,PA,2015,0
FTIFO,Febre Tifóide,150010,Abaetetuba,PA,2016,0
FTIFO,Febre Tifóide,150010,Abaetetuba,PA,2017,1
FTIFO,Febre Tifóide,150010,Abaetetuba,PA,2018,0
FTIFO,Febre Tifóide,150010,Abaetetuba,PA,2019,1
FTIFO,Febre Tifóide,150010,Abaetetuba,PA,2020,0
FTIFO,Febre Tifóide,150010,Abaetetuba,PA,2021,0
FTIFO,Febre Tifóide,150010,Abaetetuba,PA,2022,0
FTIFO,Febre Tifóide,150010,Abaetetuba,PA,2023,0
FTIFO,Febre Tifóide,150010,Abaetetuba,PA,2024,1
FTIFO,Febre Tifóide,150010,Abaetetuba,PA,2025,0
FTIFO,Febre Tifóide,150030,Afua,PA,2001,0
FTIFO,Febre Tifóide,150030,Afua,PA,2003,0
FTIFO,Febre Tifóide,150030,Afua,PA,2006,0
FTIFO,Febre Tifóide,150030,Afua,PA,2007,9
FTIFO,Febre Tifóide,150030,Afua,PA,2008,0
FTIFO,Febre Tifóide,150030,Afua,PA,2009,3
FTIFO,Febre Tifóide,150030,Afua,PA,2010,0
FTIFO,Febre Tifóide,150030,Afua,PA,2011,0
FTIFO,Febre Tifóide,150030,Afua,PA,2012,0
FTIFO,Febre Tifóide,150030,Afua,PA,2013,0
FTIFO,Febre Tifóide,150030,Afua,PA,2014,0
FTIFO,Febre Tifóide,150030,Afua,PA,2015,0
FTIFO,Febre Tifóide,150030,Afua,PA,2016,0
FTIFO,Febre Tifóide,150030,Afua,PA,2017,0
FTIFO,Febre Tifóide,150030,Afua,PA,2018,0
FTIFO,Febre Tifóide,150030,Afua,PA,2019,0
FTIFO,Febre Tifóide,150030,Afua,PA,2020,0
FTIFO,Febre Tifóide,150030,Afua,PA,2021,0
FTIFO,Febre Tifóide,150030,Afua,PA,2022,0
FTIFO,Febre Tifóide,150030,Afua,PA,2023,0
FTIFO,Febre Tifóide,150030,Afua,PA,2024,0
FTIFO,Febre Tifóide,150030,Afua,PA,2025,0
FTIFO,Febre Tifóide,150050,Almeirim,PA,2001,0
FTIFO,Febre Tifóide,150050,Almeirim,PA,2003,0
FTIFO,Febre Tifóide,150050,Almeirim,PA,2006,2
FTIFO,Febre Tifóide,150050,Almeirim,PA,2007,16
FTIFO,Febre Tifóide,150050,Almeirim,PA,2008,0
FTIFO,Febre Tifóide,150050,Almeirim,PA,2009,0
FTIFO,Febre Tifóide,150050,Almeirim,PA,2010,1
FTIFO,Febre Tifóide,150050,Almeirim,PA,2011,0
FTIFO,Febre Tifóide,150050,Almeirim,PA,2012,1
FTIFO,Febre Tifóide,150050,Almeirim,PA,2013,0
FTIFO,Febre Tifóide,150050,Almeirim,PA,2014,0
FTIFO,Febre Tifóide,150050,Almeirim,PA,2015,2
FTIFO,Febre Tifóide,150050,Almeirim,PA,2016,0
FTIFO,Febre Tifóide,150050,Almeirim,PA,2017,0
FTIFO,Febre Tifóide,150050,Almeirim,PA,2018,0
FTIFO,Febre Tifóide,150050,Almeirim,PA,2019,0
FTIFO,Febre Tifóide,150050,Almeirim,PA,2020,0
FTIFO,Febre Tifóide,150050,Almeirim,PA,2021,0
FTIFO,Febre Tifóide,150050,Almeirim,PA,2022,0
FTIFO,Febre Tifóide,150050,Almeirim,PA,2023,0
FTIFO,Febre Tifóide,150050,Almeirim,PA,2024,0
FTIFO,Febre Tifóide,150050,Almeirim,PA,2025,0
FTIFO,Febre Tifóide,150070,Anajas,PA,2001,0
FTIFO,Febre Tifóide,150070,Anajas,PA,2003,0
FTIFO,Febre Tifóide,150070,Anajas,PA,2006,0
FTIFO,Febre Tifóide,150070,Anajas,PA,2007,0
FTIFO,Febre Tifóide,150070,Anajas,PA,2008,1
FTIFO,Febre Tifóide,150070,Anajas,PA,2009,1
FTIFO,Febre Tifóide,150070,Anajas,PA,2010,0
FTIFO,Febre Tifóide,150070,Anajas,PA,2011,0
FTIFO,Febre Tifóide,150070,Anajas,PA,2012,0
FTIFO,Febre Tifóide,150070,Anajas,PA,2013,0
FTIFO,Febre Tifóide,150070,Anajas,PA,2014,0
FTIFO,Febre Tifóide,150070,Anajas,PA,2015,0
FTIFO,Febre Tifóide,150070,Anajas,PA,2016,0
FTIFO,Febre Tifóide,150070,Anajas,PA,2017,0
FTIFO,Febre Tifóide,150070,Anajas,PA,2018,0
FTIFO,Febre Tifóide,150070,Anajas,PA,2019,1
FTIFO,Febre Tifóide,150070,Anajas,PA,2020,1
FTIFO,Febre Tifóide,150070,Anajas,PA,2021,0
FTIFO,Febre Tifóide,150070,Anajas,PA,2022,0
FTIFO,Febre Tifóide,150070,Anajas,PA,2023,0
FTIFO,Febre Tifóide,150070,Anajas,PA,2024,0
FTIFO,Febre Tifóide,150070,Anajas,PA,2025,0
FTIFO,Febre Tifóide,150080,Ananindeua,PA,2001,0
FTIFO,Febre Tifóide,150080,Ananindeua,PA,2003,0
FTIFO,Febre Tifóide,150080,Ananindeua,PA,2006,0
FTIFO,Febre Tifóide,150080,Ananindeua,PA,2007,1
FTIFO,Febre Tifóide,150080,Ananindeua,PA,2008,0
FTIFO,Febre Tifóide,150080,Ananindeua,PA,2009,0
FTIFO,Febre Tifóide,150080,Ananindeua,PA,2010,0
FTIFO,Febre Tifóide,150080,Ananindeua,PA,2011,1
FTIFO,Febre Tifóide,150080,Ananindeua,PA,2012,1
FTIFO,Febre Tifóide,150080,Ananindeua,PA,2013,24
FTIFO,Febre Tifóide,150080,Ananindeua,PA,2014,103
FTIFO,Febre Tifóide,150080,Ananindeua,PA,2015,36
FTIFO,Febre Tifóide,150080,Ananindeua,PA,2016,30
FTIFO,Febre Tifóide,150080,Ananindeua,PA,2017,26
FTIFO,Febre Tifóide,150080,Ananindeua,PA,2018,16
FTIFO,Febre Tifóide,150080,Ananindeua,PA,2019,24
FTIFO,Febre Tifóide,150080,Ananindeua,PA,2020,2
FTIFO,Febre Tifóide,150080,Ananindeua,PA,2021,3
FTIFO,Febre Tifóide,150080,Ananindeua,PA,2022,8
FTIFO,Febre Tifóide,150080,Ananindeua,PA,2023,2
FTIFO,Febre Tifóide,150080,Ananindeua,PA,2024,53
FTIFO,Febre Tifóide,150080,Ananindeua,PA,2025,12
FTIFO,Febre Tifóide,150110,Bagre,PA,2001,0
FTIFO,Febre Tifóide,150110,Bagre,PA,2003,0
FTIFO,Febre Tifóide,150110,Bagre,PA,2006,0
FTIFO,Febre Tifóide,150110,Bagre,PA,2007,0
FTIFO,Febre Tifóide,150110,Bagre,PA,2008,0
FTIFO,Febre Tifóide,150110,Bagre,PA,2009,0
FTIFO,Febre Tifóide,150110,Bagre,PA,2010,1
FTIFO,Febre Tifóide,150110,Bagre,PA,2011,0
FTIFO,Febre Tifóide,150110,Bagre,PA,2012,0
FTIFO,Febre Tifóide,150110,Bagre,PA,2013,0
FTIFO,Febre Tifóide,150110,Bagre,PA,2014,0
FTIFO,Febre Tifóide,150110,Bagre,PA,2015,0
FTIFO,Febre Tifóide,150110,Bagre,PA,2016,0
FTIFO,Febre Tifóide,150110,Bagre,PA,2017,0
FTIFO,Febre Tifóide,150110,Bagre,PA,2018,0
FTIFO,Febre Tifóide,150110,Bagre,PA,2019,0
FTIFO,Febre Tifóide,150110,Bagre,PA,2020,0
FTIFO,Febre Tifóide,150110,Bagre,PA,2021,0
FTIFO,Febre Tifóide,150110,Bagre,PA,2022,0
FTIFO,Febre Tifóide,150110,Bagre,PA,2023,0
FTIFO,Febre Tifóide,150110,Bagre,PA,2024,0
FTIFO,Febre Tifóide,150110,Bagre,PA,2025,0
FTIFO,Febre Tifóide,150130,Barcarena,PA,2001,0
FTIFO,Febre Tifóide,150130,Barcarena,PA,2003,0
FTIFO,Febre Tifóide,150130,Barcarena,PA,2006,2
FTIFO,Febre Tifóide,150130,Barcarena,PA,2007,0
FTIFO,Febre Tifóide,150130,Barcarena,PA,2008,0
FTIFO,Febre Tifóide,150130,Barcarena,PA,2009,0
FTIFO,Febre Tifóide,150130,Barcarena,PA,2010,0
FTIFO,Febre Tifóide,150130,Barcarena,PA,2011,0
FTIFO,Febre Tifóide,150130,Barcarena,PA,2012,0
FTIFO,Febre Tifóide,150130,Barcarena,PA,2013,0
FTIFO,Febre Tifóide,150130,Barcarena,PA,2014,0
FTIFO,Febre Tifóide,150130,Barcarena,PA,2015,0
FTIFO,Febre Tifóide,150130,Barcarena,PA,2016,0
FTIFO,Febre Tifóide,150130,Barcarena,PA,2017,0
FTIFO,Febre Tifóide,150130,Barcarena,PA,2018,0
FTIFO,Febre Tifóide,150130,Barcarena,PA,2019,0
FTIFO,Febre Tifóide,150130,Barcarena,PA,2020,0
FTIFO,Febre Tifóide,150130,Barcarena,PA,2021,0
FTIFO,Febre Tifóide,150130,Barcarena,PA,2022,0
FTIFO,Febre Tifóide,150130,Barcarena,PA,2023,0
FTIFO,Febre Tifóide,150130,Barcarena,PA,2024,0
FTIFO,Febre Tifóide,150130,Barcarena,PA,2025,0
FTIFO,Febre Tifóide,150140,Belem,PA,2001,0
FTIFO,Febre Tifóide,150140,Belem,PA,2003,1
FTIFO,Febre Tifóide,150140,Belem,PA,2006,0
FTIFO,Febre Tifóide,150140,Belem,PA,2007,23
FTIFO,Febre Tifóide,150140,Belem,PA,2008,28
FTIFO,Febre Tifóide,150140,Belem,PA,2009,22
FTIFO,Febre Tifóide,150140,Belem,PA,2010,8
FTIFO,Febre Tifóide,150140,Belem,PA,2011,2
FTIFO,Febre Tifóide,150140,Belem,PA,2012,5
FTIFO,Febre Tifóide,150140,Belem,PA,2013,8
FTIFO,Febre Tifóide,150140,Belem,PA,2014,8
FTIFO,Febre Tifóide,150140,Belem,PA,2015,6
FTIFO,Febre Tifóide,150140,Belem,PA,2016,5
FTIFO,Febre Tifóide,150140,Belem,PA,2017,7
FTIFO,Febre Tifóide,150140,Belem,PA,2018,6
FTIFO,Febre Tifóide,150140,Belem,PA,2019,9
FTIFO,Febre Tifóide,150140,Belem,PA,2020,0
FTIFO,Febre Tifóide,150140,Belem,PA,2021,1
FTIFO,Febre Tifóide,150140,Belem,PA,2022,3
FTIFO,Febre Tifóide,150140,Belem,PA,2023,2
FTIFO,Febre Tifóide,150140,Belem,PA,2024,35
FTIFO,Febre Tifóide,150140,Belem,PA,2025,1
FTIFO,Febre Tifóide,150150,Benevides,PA,2001,0
FTIFO,Febre Tifóide,150150,Benevides,PA,2003,0
FTIFO,Febre Tifóide,150150,Benevides,PA,2006,0
FTIFO,Febre Tifóide,150150,Benevides,PA,2007,0
FTIFO,Febre Tifóide,150150,Benevides,PA,2008,0
FTIFO,Febre Tifóide,150150,Benevides,PA,2009,0
FTIFO,Febre Tifóide,150150,Benevides,PA,2010,0
FTIFO,Febre Tifóide,150150,Benevides,PA,2011,0
FTIFO,Febre Tifóide,150150,Benevides,PA,2012,0
FTIFO,Febre Tifóide,150150,Benevides,PA,2013,0
FTIFO,Febre Tifóide,150150,Benevides,PA,2014,0
FTIFO,Febre Tifóide,150150,Benevides,PA,2015,0
FTIFO,Febre Tifóide,150150,Benevides,PA,2016,0
FTIFO,Febre Tifóide,150150,Benevides,PA,2017,0
FTIFO,Febre Tifóide,150150,Benevides,PA,2018,0
FTIFO,Febre Tifóide,150150,Benevides,PA,2019,1
FTIFO,Febre Tifóide,150150,Benevides,PA,2020,0
FTIFO,Febre Tifóide,150150,Benevides,PA,2021,0
FTIFO,Febre Tifóide,150150,Benevides,PA,2022,0
FTIFO,Febre Tifóide,150150,Benevides,PA,2023,0
FTIFO,Febre Tifóide,150150,Benevides,PA,2024,0
FTIFO,Febre Tifóide,150150,Benevides,PA,2025,0
FTIFO,Febre Tifóide,150180,Breves,PA,2001,0
FTIFO,Febre Tifóide,150180,Breves,PA,2003,0
FTIFO,Febre Tifóide,150180,Breves,PA,2006,0
FTIFO,Febre Tifóide,150180,Breves,PA,2007,1
FTIFO,Febre Tifóide,150180,Breves,PA,2008,0
FTIFO,Febre Tifóide,150180,Breves,PA,2009,1
FTIFO,Febre Tifóide,150180,Breves,PA,2010,1
FTIFO,Febre Tifóide,150180,Breves,PA,2011,0
FTIFO,Febre Tifóide,150180,Breves,PA,2012,10
FTIFO,Febre Tifóide,150180,Breves,PA,2013,1
FTIFO,Febre Tifóide,150180,Breves,PA,2014,4
FTIFO,Febre Tifóide,150180,Breves,PA,2015,12
FTIFO,Febre Tifóide,150180,Breves,PA,2016,2
FTIFO,Febre Tifóide,150180,Breves,PA,2017,1
FTIFO,Febre Tifóide,150180,Breves,PA,2018,0
FTIFO,Febre Tifóide,150180,Breves,PA,2019,2
FTIFO,Febre Tifóide,150180,Breves,PA,2020,0
FTIFO,Febre Tifóide,150180,Breves,PA,2021,0
FTIFO,Febre Tifóide,150180,Breves,PA,2022,1
FTIFO,Febre Tifóide,150180,Breves,PA,2023,0
FTIFO,Febre Tifóide,150180,Breves,PA,2024,1
FTIFO,Febre Tifóide,150180,Breves,PA,2025,0
FTIFO,Febre Tifóide,150210,Cameta,PA,2001,0
FTIFO,Febre Tifóide,150210,Cameta,PA,2003,0
FTIFO,Febre Tifóide,150210,Cameta,PA,2006,0
FTIFO,Febre Tifóide,150210,Cameta,PA,2007,5
FTIFO,Febre Tifóide,150210,Cameta,PA,2008,6
FTIFO,Febre Tifóide,150210,Cameta,PA,2009,3
FTIFO,Febre Tifóide,150210,Cameta,PA,2010,0
FTIFO,Febre Tifóide,150210,Cameta,PA,2011,0
FTIFO,Febre Tifóide,150210,Cameta,PA,2012,0
FTIFO,Febre Tifóide,150210,Cameta,PA,2013,0
FTIFO,Febre Tifóide,150210,Cameta,PA,2014,0
FTIFO,Febre Tifóide,150210,Cameta,PA,2015,0
FTIFO,Febre Tifóide,150210,Cameta,PA,2016,0
FTIFO,Febre Tifóide,150210,Cameta,PA,2017,1
FTIFO,Febre Tifóide,150210,Cameta,PA,2018,1
FTIFO,Febre Tifóide,150210,Cameta,PA,2019,1
FTIFO,Febre Tifóide,150210,Cameta,PA,2020,0
FTIFO,Febre Tifóide,150210,Cameta,PA,2021,0
FTIFO,Febre Tifóide,150210,Cameta,PA,2022,0
FTIFO,Febre Tifóide,150210,Cameta,PA,2023,0
FTIFO,Febre Tifóide,150210,Cameta,PA,2024,0
FTIFO,Febre Tifóide,150210,Cameta,PA,2025,1
FTIFO,Febre Tifóide,150240,Castanhal,PA,2001,0
FTIFO,Febre Tifóide,150240,Castanhal,PA,2003,0
FTIFO,Febre Tifóide,150240,Castanhal,PA,2006,0
FTIFO,Febre Tifóide,150240,Castanhal,PA,2007,3
FTIFO,Febre Tifóide,150240,Castanhal,PA,2008,0
FTIFO,Febre Tifóide,150240,Castanhal,PA,2009,1
FTIFO,Febre Tifóide,150240,Castanhal,PA,2010,0
FTIFO,Febre Tifóide,150240,Castanhal,PA,2011,0
FTIFO,Febre Tifóide,150240,Castanhal,PA,2012,0
FTIFO,Febre Tifóide,150240,Castanhal,PA,2013,0
FTIFO,Febre Tifóide,150240,Castanhal,PA,2014,0
FTIFO,Febre Tifóide,150240,Castanhal,PA,2015,0
FTIFO,Febre Tifóide,150240,Castanhal,PA,2016,0
FTIFO,Febre Tifóide,150240,Castanhal,PA,2017,0
FTIFO,Febre Tifóide,150240,Castanhal,PA,2018,0
FTIFO,Febre Tifóide,150240,Castanhal,PA,2019,0
FTIFO,Febre Tifóide,150240,Castanhal,PA,2020,0
FTIFO,Febre Tifóide,150240,Castanhal,PA,2021,0
FTIFO,Febre Tifóide,150240,Castanhal,PA,2022,0
FTIFO,Febre Tifóide,150240,Castanhal,PA,2023,0
FTIFO,Febre Tifóide,150240,Castanhal,PA,2024,0
FTIFO,Febre Tifóide,150240,Castanhal,PA,2025,0
FTIFO,Febre Tifóide,150280,Curralinho,PA,2001,0
FTIFO,Febre Tifóide,150280,Curralinho,PA,2003,0
FTIFO,Febre Tifóide,150280,Curralinho,PA,2006,0
FTIFO,Febre Tifóide,150280,Curralinho,PA,2007,0
FTIFO,Febre Tifóide,150280,Curralinho,PA,2008,0
FTIFO,Febre Tifóide,150280,Curralinho,PA,2009,1
FTIFO,Febre Tifóide,150280,Curralinho,PA,2010,0
FTIFO,Febre Tifóide,150280,Curralinho,PA,2011,0
FTIFO,Febre Tifóide,150280,Curralinho,PA,2012,0
FTIFO,Febre Tifóide,150280,Curralinho,PA,2013,0
FTIFO,Febre Tifóide,150280,Curralinho,PA,2014,0
FTIFO,Febre Tifóide,150280,Curralinho,PA,2015,0
FTIFO,Febre Tifóide,150280,Curralinho,PA,2016,0
FTIFO,Febre Tifóide,150280,Curralinho,PA,2017,0
FTIFO,Febre Tifóide,150280,Curralinho,PA,2018,0
FTIFO,Febre Tifóide,150280,Curralinho,PA,2019,0
FTIFO,Febre Tifóide,150280,Curralinho,PA,2020,0
FTIFO,Febre Tifóide,150280,Curralinho,PA,2021,0
FTIFO,Febre Tifóide,150280,Curralinho,PA,2022,0
FTIFO,Febre Tifóide,150280,Curralinho,PA,2023,0
FTIFO,Febre Tifóide,150280,Curralinho,PA,2024,0
FTIFO,Febre Tifóide,150280,Curralinho,PA,2025,0
FTIFO,Febre Tifóide,150330,Igarape-miri,PA,2001,0
FTIFO,Febre Tifóide,150330,Igarape-miri,PA,2003,0
FTIFO,Febre Tifóide,150330,Igarape-miri,PA,2006,0
FTIFO,Febre Tifóide,150330,Igarape-miri,PA,2007,0
FTIFO,Febre Tifóide,150330,Igarape-miri,PA,2008,0
FTIFO,Febre Tifóide,150330,Igarape-miri,PA,2009,1
FTIFO,Febre Tifóide,150330,Igarape-miri,PA,2010,0
FTIFO,Febre Tifóide,150330,Igarape-miri,PA,2011,0
FTIFO,Febre Tifóide,150330,Igarape-miri,PA,2012,0
FTIFO,Febre Tifóide,150330,Igarape-miri,PA,2013,0
FTIFO,Febre Tifóide,150330,Igarape-miri,PA,2014,0
FTIFO,Febre Tifóide,150330,Igarape-miri,PA,2015,0
FTIFO,Febre Tifóide,150330,Igarape-miri,PA,2016,0
FTIFO,Febre Tifóide,150330,Igarape-miri,PA,2017,1
FTIFO,Febre Tifóide,150330,Igarape-miri,PA,2018,0
FTIFO,Febre Tifóide,150330,Igarape-miri,PA,2019,0
FTIFO,Febre Tifóide,150330,Igarape-miri,PA,2020,0
FTIFO,Febre Tifóide,150330,Igarape-miri,PA,2021,0
FTIFO,Febre Tifóide,150330,Igarape-miri,PA,2022,0
FTIFO,Febre Tifóide,150330,Igarape-miri,PA,2023,1
FTIFO,Febre Tifóide,150330,Igarape-miri,PA,2024,0
FTIFO,Febre Tifóide,150330,Igarape-miri,PA,2025,1
FTIFO,Febre Tifóide,150360,Itaituba,PA,2001,0
FTIFO,Febre Tifóide,150360,Itaituba,PA,2003,0
FTIFO,Febre Tifóide,150360,Itaituba,PA,2006,0
FTIFO,Febre Tifóide,150360,Itaituba,PA,2007,0
FTIFO,Febre Tifóide,150360,Itaituba,PA,2008,0
FTIFO,Febre Tifóide,150360,Itaituba,PA,2009,0
FTIFO,Febre Tifóide,150360,Itaituba,PA,2010,0
FTIFO,Febre Tifóide,150360,Itaituba,PA,2011,0
FTIFO,Febre Tifóide,150360,Itaituba,PA,2012,0
FTIFO,Febre Tifóide,150360,Itaituba,PA,2013,0
FTIFO,Febre Tifóide,150360,Itaituba,PA,2014,0
FTIFO,Febre Tifóide,150360,Itaituba,PA,2015,0
FTIFO,Febre Tifóide,150360,Itaituba,PA,2016,1
FTIFO,Febre Tifóide,150360,Itaituba,PA,2017,0
FTIFO,Febre Tifóide,150360,Itaituba,PA,2018,0
FTIFO,Febre Tifóide,150360,Itaituba,PA,2019,0
FTIFO,Febre Tifóide,150360,Itaituba,PA,2020,0
FTIFO,Febre Tifóide,150360,Itaituba,PA,2021,0
FTIFO,Febre Tifóide,150360,Itaituba,PA,2022,0
FTIFO,Febre Tifóide,150360,Itaituba,PA,2023,0
FTIFO,Febre Tifóide,150360,Itaituba,PA,2024,0
FTIFO,Febre Tifóide,150360,Itaituba,PA,2025,0
FTIFO,Febre Tifóide,150420,Maraba,PA,2001,0
FTIFO,Febre Tifóide,150420,Maraba,PA,2003,0
FTIFO,Febre Tifóide,150420,Maraba,PA,2006,0
FTIFO,Febre Tifóide,150420,Maraba,PA,2007,2
FTIFO,Febre Tifóide,150420,Maraba,PA,2008,0
FTIFO,Febre Tifóide,150420,Maraba,PA,2009,1
FTIFO,Febre Tifóide,150420,Maraba,PA,2010,0
FTIFO,Febre Tifóide,150420,Maraba,PA,2011,1
FTIFO,Febre Tifóide,150420,Maraba,PA,2012,0
FTIFO,Febre Tifóide,150420,Maraba,PA,2013,0
FTIFO,Febre Tifóide,150420,Maraba,PA,2014,0
FTIFO,Febre Tifóide,150420,Maraba,PA,2015,0
FTIFO,Febre Tifóide,150420,Maraba,PA,2016,0
FTIFO,Febre Tifóide,150420,Maraba,PA,2017,0
FTIFO,Febre Tifóide,150420,Maraba,PA,2018,0
FTIFO,Febre Tifóide,150420,Maraba,PA,2019,0
FTIFO,Febre Tifóide,150420,Maraba,PA,2020,0
FTIFO,Febre Tifóide,150420,Maraba,PA,2021,0
FTIFO,Febre Tifóide,150420,Maraba,PA,2022,0
FTIFO,Febre Tifóide,150420,Maraba,PA,2023,0
FTIFO,Febre Tifóide,150420,Maraba,PA,2024,0
FTIFO,Febre Tifóide,150420,Maraba,PA,2025,0
FTIFO,Febre Tifóide,150442,Marituba,PA,2001,0
FTIFO,Febre Tifóide,150442,Marituba,PA,2003,0
FTIFO,Febre Tifóide,150442,Marituba,PA,2006,0
FTIFO,Febre Tifóide,150442,Marituba,PA,2007,1
FTIFO,Febre Tifóide,150442,Marituba,PA,2008,0
FTIFO,Febre Tifóide,150442,Marituba,PA,2009,0
FTIFO,Febre Tifóide,150442,Marituba,PA,2010,1
FTIFO,Febre Tifóide,150442,Marituba,PA,2011,0
FTIFO,Febre Tifóide,150442,Marituba,PA,2012,1
FTIFO,Febre Tifóide,150442,Marituba,PA,2013,0
FTIFO,Febre Tifóide,150442,Marituba,PA,2014,0
FTIFO,Febre Tifóide,150442,Marituba,PA,2015,0
FTIFO,Febre Tifóide,150442,Marituba,PA,2016,0
FTIFO,Febre Tifóide,150442,Marituba,PA,2017,0
FTIFO,Febre Tifóide,150442,Marituba,PA,2018,0
FTIFO,Febre Tifóide,150442,Marituba,PA,2019,0
FTIFO,Febre Tifóide,150442,Marituba,PA,2020,0
FTIFO,Febre Tifóide,150442,Marituba,PA,2021,0
FTIFO,Febre Tifóide,150442,Marituba,PA,2022,0
FTIFO,Febre Tifóide,150442,Marituba,PA,2023,0
FTIFO,Febre Tifóide,150442,Marituba,PA,2024,0
FTIFO,Febre Tifóide,150442,Marituba,PA,2025,0
FTIFO,Febre Tifóide,150460,Mocajuba,PA,2001,0
FTIFO,Febre Tifóide,150460,Mocajuba,PA,2003,0
FTIFO,Febre Tifóide,150460,Mocajuba,PA,2006,0
FTIFO,Febre Tifóide,150460,Mocajuba,PA,2007,0
FTIFO,Febre Tifóide,150460,Mocajuba,PA,2008,0
FTIFO,Febre Tifóide,150460,Mocajuba,PA,2009,0
FTIFO,Febre Tifóide,150460,Mocajuba,PA,2010,0
FTIFO,Febre Tifóide,150460,Mocajuba,PA,2011,0
FTIFO,Febre Tifóide,150460,Mocajuba,PA,2012,1
FTIFO,Febre Tifóide,150460,Mocajuba,PA,2013,0
FTIFO,Febre Tifóide,150460,Mocajuba,PA,2014,0
FTIFO,Febre Tifóide,150460,Mocajuba,PA,2015,0
FTIFO,Febre Tifóide,150460,Mocajuba,PA,2016,0
FTIFO,Febre Tifóide,150460,Mocajuba,PA,2017,0
FTIFO,Febre Tifóide,150460,Mocajuba,PA,2018,0
FTIFO,Febre Tifóide,150460,Mocajuba,PA,2019,0
FTIFO,Febre Tifóide,150460,Mocajuba,PA,2020,0
FTIFO,Febre Tifóide,150460,Mocajuba,PA,2021,0
FTIFO,Febre Tifóide,150460,Mocajuba,PA,2022,0
FTIFO,Febre Tifóide,150460,Mocajuba,PA,2023,0
FTIFO,Febre Tifóide,150460,Mocajuba,PA,2024,0
FTIFO,Febre Tifóide,150460,Mocajuba,PA,2025,0
FTIFO,Febre Tifóide,150490,Muana,PA,2001,0
FTIFO,Febre Tifóide,150490,Muana,PA,2003,0
FTIFO,Febre Tifóide,150490,Muana,PA,2006,0
FTIFO,Febre Tifóide,150490,Muana,PA,2007,1
FTIFO,Febre Tifóide,150490,Muana,PA,2008,2
FTIFO,Febre Tifóide,150490,Muana,PA,2009,1
FTIFO,Febre Tifóide,150490,Muana,PA,2010,0
FTIFO,Febre Tifóide,150490,Muana,PA,2011,1
FTIFO,Febre Tifóide,150490,Muana,PA,2012,0
FTIFO,Febre Tifóide,150490,Muana,PA,2013,0
FTIFO,Febre Tifóide,150490,Muana,PA,2014,0
FTIFO,Febre Tifóide,150490,Muana,PA,2015,0
FTIFO,Febre Tifóide,150490,Muana,PA,2016,0
FTIFO,Febre Tifóide,150490,Muana,PA,2017,0
FTIFO,Febre Tifóide,150490,Muana,PA,2018,0
FTIFO,Febre Tifóide,150490,Muana,PA,2019,0
FTIFO,Febre Tifóide,150490,Muana,PA,2020,0
FTIFO,Febre Tifóide,150490,Muana,PA,2021,0
FTIFO,Febre Tifóide,150490,Muana,PA,2022,0
FTIFO,Febre Tifóide,150490,Muana,PA,2023,0
FTIFO,Febre Tifóide,150490,Muana,PA,2024,0
FTIFO,Febre Tifóide,150490,Muana,PA,2025,0
FTIFO,Febre Tifóide,150520,Oeiras do Para,PA,2001,0
FTIFO,Febre Tifóide,150520,Oeiras do Para,PA,2003,0
FTIFO,Febre Tifóide,150520,Oeiras do Para,PA,2006,0
FTIFO,Febre Tifóide,150520,Oeiras do Para,PA,2007,0
FTIFO,Febre Tifóide,150520,Oeiras do Para,PA,2008,0
FTIFO,Febre Tifóide,150520,Oeiras do Para,PA,2009,0
FTIFO,Febre Tifóide,150520,Oeiras do Para,PA,2010,0
FTIFO,Febre Tifóide,150520,Oeiras do Para,PA,2011,0
FTIFO,Febre Tifóide,150520,Oeiras do Para,PA,2012,0
FTIFO,Febre Tifóide,150520,Oeiras do Para,PA,2013,0
FTIFO,Febre Tifóide,150520,Oeiras do Para,PA,2014,0
FTIFO,Febre Tifóide,150520,Oeiras do Para,PA,2015,0
FTIFO,Febre Tifóide,150520,Oeiras do Para,PA,2016,0
FTIFO,Febre Tifóide,150520,Oeiras do Para,PA,2017,1
FTIFO,Febre Tifóide,150520,Oeiras do Para,PA,2018,2
FTIFO,Febre Tifóide,150520,Oeiras do Para,PA,2019,0
FTIFO,Febre Tifóide,150520,Oeiras do Para,PA,2020,0
FTIFO,Febre Tifóide,150520,Oeiras do Para,PA,2021,0
FTIFO,Febre Tifóide,150520,Oeiras do Para,PA,2022,0
FTIFO,Febre Tifóide,150520,Oeiras do Para,PA,2023,0
FTIFO,Febre Tifóide,150520,Oeiras do Para,PA,2024,0
FTIFO,Febre Tifóide,150520,Oeiras do Para,PA,2025,0
FTIFO,Febre Tifóide,150530,Oriximina,PA,2001,0
FTIFO,Febre Tifóide,150530,Oriximina,PA,2003,0
FTIFO,Febre Tifóide,150530,Oriximina,PA,2006,0
FTIFO,Febre Tifóide,150530,Oriximina,PA,2007,0
FTIFO,Febre Tifóide,150530,Oriximina,PA,2008,3
FTIFO,Febre Tifóide,150530,Oriximina,PA,2009,1
FTIFO,Febre Tifóide,150530,Oriximina,PA,2010,0
FTIFO,Febre Tifóide,150530,Oriximina,PA,2011,4
FTIFO,Febre Tifóide,150530,Oriximina,PA,2012,13
FTIFO,Febre Tifóide,150530,Oriximina,PA,2013,2
FTIFO,Febre Tifóide,150530,Oriximina,PA,2014,0
FTIFO,Febre Tifóide,150530,Oriximina,PA,2015,0
FTIFO,Febre Tifóide,150530,Oriximina,PA,2016,0
FTIFO,Febre Tifóide,150530,Oriximina,PA,2017,0
FTIFO,Febre Tifóide,150530,Oriximina,PA,2018,0
FTIFO,Febre Tifóide,150530,Oriximina,PA,2019,0
FTIFO,Febre Tifóide,150530,Oriximina,PA,2020,0
FTIFO,Febre Tifóide,150530,Oriximina,PA,2021,0
FTIFO,Febre Tifóide,150530,Oriximina,PA,2022,0
FTIFO,Febre Tifóide,150530,Oriximina,PA,2023,0
FTIFO,Febre Tifóide,150530,Oriximina,PA,2024,0
FTIFO,Febre Tifóide,150530,Oriximina,PA,2025,1
FTIFO,Febre Tifóide,150548,Pacaja,PA,2001,0
FTIFO,Febre Tifóide,150548,Pacaja,PA,2003,0
FTIFO,Febre Tifóide,150548,Pacaja,PA,2006,0
FTIFO,Febre Tifóide,150548,Pacaja,PA,2007,0
FTIFO,Febre Tifóide,150548,Pacaja,PA,2008,10
FTIFO,Febre Tifóide,150548,Pacaja,PA,2009,0
FTIFO,Febre Tifóide,150548,Pacaja,PA,2010,0
FTIFO,Febre Tifóide,150548,Pacaja,PA,2011,0
FTIFO,Febre Tifóide,150548,Pacaja,PA,2012,0
FTIFO,Febre Tifóide,150548,Pacaja,PA,2013,0
FTIFO,Febre Tifóide,150548,Pacaja,PA,2014,0
FTIFO,Febre Tifóide,150548,Pacaja,PA,2015,0
FTIFO,Febre Tifóide,150548,Pacaja,PA,2016,0
FTIFO,Febre Tifóide,150548,Pacaja,PA,2017,0
FTIFO,Febre Tifóide,150548,Pacaja,PA,2018,0
FTIFO,Febre Tifóide,150548,Pacaja,PA,2019,0
FTIFO,Febre Tifóide,150548,Pacaja,PA,2020,0
FTIFO,Febre Tifóide,150548,Pacaja,PA,2021,0
FTIFO,Febre Tifóide,150548,Pacaja,PA,2022,0
FTIFO,Febre Tifóide,150548,Pacaja,PA,2023,0
FTIFO,Febre Tifóide,150548,Pacaja,PA,2024,0
FTIFO,Febre Tifóide,150548,Pacaja,PA,2025,0
FTIFO,Febre Tifóide,150580,Portel,PA,2001,0
FTIFO,Febre Tifóide,150580,Portel,PA,2003,0
FTIFO,Febre Tifóide,150580,Portel,PA,2006,0
FTIFO,Febre Tifóide,150580,Portel,PA,2007,0
FTIFO,Febre Tifóide,150580,Portel,PA,2008,0
FTIFO,Febre Tifóide,150580,Portel,PA,2009,0
FTIFO,Febre Tifóide,150580,Portel,PA,2010,0
FTIFO,Febre Tifóide,150580,Portel,PA,2011,0
FTIFO,Febre Tifóide,150580,Portel,PA,2012,0
FTIFO,Febre Tifóide,150580,Portel,PA,2013,0
FTIFO,Febre Tifóide,150580,Portel,PA,2014,0
FTIFO,Febre Tifóide,150580,Portel,PA,2015,1
FTIFO,Febre Tifóide,150580,Portel,PA,2016,0
FTIFO,Febre Tifóide,150580,Portel,PA,2017,0
FTIFO,Febre Tifóide,150580,Portel,PA,2018,0
FTIFO,Febre Tifóide,150580,Portel,PA,2019,0
FTIFO,Febre Tifóide,150580,Portel,PA,2020,0
FTIFO,Febre Tifóide,150580,Portel,PA,2021,0
FTIFO,Febre Tifóide,150580,Portel,PA,2022,0
FTIFO,Febre Tifóide,150580,Portel,PA,2023,0
FTIFO,Febre Tifóide,150580,Portel,PA,2024,0
FTIFO,Febre Tifóide,150580,Portel,PA,2025,0
FTIFO,Febre Tifóide,150600,Prainha,PA,2001,0
FTIFO,Febre Tifóide,150600,Prainha,PA,2003,0
FTIFO,Febre Tifóide,150600,Prainha,PA,2006,0
FTIFO,Febre Tifóide,150600,Prainha,PA,2007,0
FTIFO,Febre Tifóide,150600,Prainha,PA,2008,1
FTIFO,Febre Tifóide,150600,Prainha,PA,2009,0
FTIFO,Febre Tifóide,150600,Prainha,PA,2010,0
FTIFO,Febre Tifóide,150600,Prainha,PA,2011,0
FTIFO,Febre Tifóide,150600,Prainha,PA,2012,0
FTIFO,Febre Tifóide,150600,Prainha,PA,2013,0
FTIFO,Febre Tifóide,150600,Prainha,PA,2014,0
FTIFO,Febre Tifóide,150600,Prainha,PA,2015,0
FTIFO,Febre Tifóide,150600,Prainha,PA,2016,0
FTIFO,Febre Tifóide,150600,Prainha,PA,2017,0
FTIFO,Febre Tifóide,150600,Prainha,PA,2018,0
FTIFO,Febre Tifóide,150600,Prainha,PA,2019,0
FTIFO,Febre Tifóide,150600,Prainha,PA,2020,0
FTIFO,Febre Tifóide,150600,Prainha,PA,2021,0
FTIFO,Febre Tifóide,150600,Prainha,PA,2022,0
FTIFO,Febre Tifóide,150600,Prainha,PA,2023,0
FTIFO,Febre Tifóide,150600,Prainha,PA,2024,0
FTIFO,Febre Tifóide,150600,Prainha,PA,2025,0
FTIFO,Febre Tifóide,150613,Redencao,PA,2001,0
FTIFO,Febre Tifóide,150613,Redencao,PA,2003,0
FTIFO,Febre Tifóide,150613,Redencao,PA,2006,0
FTIFO,Febre Tifóide,150613,Redencao,PA,2007,0
FTIFO,Febre Tifóide,150613,Redencao,PA,2008,0
FTIFO,Febre Tifóide,150613,Redencao,PA,2009,0
FTIFO,Febre Tifóide,150613,Redencao,PA,2010,0
FTIFO,Febre Tifóide,150613,Redencao,PA,2011,0
FTIFO,Febre Tifóide,150613,Redencao,PA,2012,0
FTIFO,Febre Tifóide,150613,Redencao,PA,2013,0
FTIFO,Febre Tifóide,150613,Redencao,PA,2014,0
FTIFO,Febre Tifóide,150613,Redencao,PA,2015,0
FTIFO,Febre Tifóide,150613,Redencao,PA,2016,0
FTIFO,Febre Tifóide,150613,Redencao,PA,2017,0
FTIFO,Febre Tifóide,150613,Redencao,PA,2018,0
FTIFO,Febre Tifóide,150613,Redencao,PA,2019,0
FTIFO,Febre Tifóide,150613,Redencao,PA,2020,0
FTIFO,Febre Tifóide,150613,Redencao,PA,2021,0
FTIFO,Febre Tifóide,150613,Redencao,PA,2022,0
FTIFO,Febre Tifóide,150613,Redencao,PA,2023,0
FTIFO,Febre Tifóide,150613,Redencao,PA,2024,4
FTIFO,Febre Tifóide,150613,Redencao,PA,2025,0
FTIFO,Febre Tifóide,150680,Santarem,PA,2001,0
FTIFO,Febre Tifóide,150680,Santarem,PA,2003,0
FTIFO,Febre Tifóide,150680,Santarem,PA,2006,0
FTIFO,Febre Tifóide,150680,Santarem,PA,2007,1
FTIFO,Febre Tifóide,150680,Santarem,PA,2008,1
FTIFO,Febre Tifóide,150680,Santarem,PA,2009,0
FTIFO,Febre Tifóide,150680,Santarem,PA,2010,1
FTIFO,Febre Tifóide,150680,Santarem,PA,2011,0
FTIFO,Febre Tifóide,150680,Santarem,PA,2012,0
FTIFO,Febre Tifóide,150680,Santarem,PA,2013,0
FTIFO,Febre Tifóide,150680,Santarem,PA,2014,0
FTIFO,Febre Tifóide,150680,Santarem,PA,2015,0
FTIFO,Febre Tifóide,150680,Santarem,PA,2016,0
FTIFO,Febre Tifóide,150680,Santarem,PA,2017,0
FTIFO,Febre Tifóide,150680,Santarem,PA,2018,0
FTIFO,Febre Tifóide,150680,Santarem,PA,2019,0
FTIFO,Febre Tifóide,150680,Santarem,PA,2020,0
FTIFO,Febre Tifóide,150680,Santarem,PA,2021,0
FTIFO,Febre Tifóide,150680,Santarem,PA,2022,0
FTIFO,Febre Tifóide,150680,Santarem,PA,2023,0
FTIFO,Febre Tifóide,150680,Santarem,PA,2024,0
FTIFO,Febre Tifóide,150680,Santarem,PA,2025,1
FTIFO,Febre Tifóide,150700,Santo Antonio do Taua,PA,2001,0
FTIFO,Febre Tifóide,150700,Santo Antonio do Taua,PA,2003,0
FTIFO,Febre Tifóide,150700,Santo Antonio do Taua,PA,2006,0
FTIFO,Febre Tifóide,150700,Santo Antonio do Taua,PA,2007,1
FTIFO,Febre Tifóide,150700,Santo Antonio do Taua,PA,2008,0
FTIFO,Febre Tifóide,150700,Santo Antonio do Taua,PA,2009,0
FTIFO,Febre Tifóide,150700,Santo Antonio do Taua,PA,2010,0
FTIFO,Febre Tifóide,150700,Santo Antonio do Taua,PA,2011,0
FTIFO,Febre Tifóide,150700,Santo Antonio do Taua,PA,2012,0
FTIFO,Febre Tifóide,150700,Santo Antonio do Taua,PA,2013,0
FTIFO,Febre Tifóide,150700,Santo Antonio do Taua,PA,2014,0
FTIFO,Febre Tifóide,150700,Santo Antonio do Taua,PA,2015,0
FTIFO,Febre Tifóide,150700,Santo Antonio do Taua,PA,2016,0
FTIFO,Febre Tifóide,150700,Santo Antonio do Taua,PA,2017,0
FTIFO,Febre Tifóide,150700,Santo Antonio do Taua,PA,2018,0
FTIFO,Febre Tifóide,150700,Santo Antonio do Taua,PA,2019,0
FTIFO,Febre Tifóide,150700,Santo Antonio do Taua,PA,2020,0
FTIFO,Febre Tifóide,150700,Santo Antonio do Taua,PA,2021,0
FTIFO,Febre Tifóide,150700,Santo Antonio do Taua,PA,2022,0
FTIFO,Febre Tifóide,150700,Santo Antonio do Taua,PA,2023,0
FTIFO,Febre Tifóide,150700,Santo Antonio do Taua,PA,2024,0
FTIFO,Febre Tifóide,150700,Santo Antonio do Taua,PA,2025,0
FTIFO,Febre Tifóide,150797,Terra Santa,PA,2001,0
FTIFO,Febre Tifóide,150797,Terra Santa,PA,2003,0
FTIFO,Febre Tifóide,150797,Terra Santa,PA,2006,0
FTIFO,Febre Tifóide,150797,Terra Santa,PA,2007,0
FTIFO,Febre Tifóide,150797,Terra Santa,PA,2008,0
FTIFO,Febre Tifóide,150797,Terra Santa,PA,2009,1
FTIFO,Febre Tifóide,150797,Terra Santa,PA,2010,0
FTIFO,Febre Tifóide,150797,Terra Santa,PA,2011,0
FTIFO,Febre Tifóide,150797,Terra Santa,PA,2012,0
FTIFO,Febre Tifóide,150797,Terra Santa,PA,2013,0
FTIFO,Febre Tifóide,150797,Terra Santa,PA,2014,0
FTIFO,Febre Tifóide,150797,Terra Santa,PA,2015,0
FTIFO,Febre Tifóide,150797,Terra Santa,PA,2016,0
FTIFO,Febre Tifóide,150797,Terra Santa,PA,2017,0
FTIFO,Febre Tifóide,150797,Terra Santa,PA,2018,0
FTIFO,Febre Tifóide,150797,Terra Santa,PA,2019,0
FTIFO,Febre Tifóide,150797,Terra Santa,PA,2020,0
FTIFO,Febre Tifóide,150797,Terra Santa,PA,2021,0
FTIFO,Febre Tifóide,150797,Terra Santa,PA,2022,0
FTIFO,Febre Tifóide,150797,Terra Santa,PA,2023,0
FTIFO,Febre Tifóide,150797,Terra Santa,PA,2024,0
FTIFO,Febre Tifóide,150797,Terra Santa,PA,2025,0
FTIFO,Febre Tifóide,150803,Tracuateua,PA,2001,0
FTIFO,Febre Tifóide,150803,Tracuateua,PA,2003,0
FTIFO,Febre Tifóide,150803,Tracuateua,PA,2006,1
FTIFO,Febre Tifóide,150803,Tracuateua,PA,2007,0
FTIFO,Febre Tifóide,150803,Tracuateua,PA,2008,0
FTIFO,Febre Tifóide,150803,Tracuateua,PA,2009,0
FTIFO,Febre Tifóide,150803,Tracuateua,PA,2010,0
FTIFO,Febre Tifóide,150803,Tracuateua,PA,2011,0
FTIFO,Febre Tifóide,150803,Tracuateua,PA,2012,0
FTIFO,Febre Tifóide,150803,Tracuateua,PA,2013,0
FTIFO,Febre Tifóide,150803,Tracuateua,PA,2014,0
FTIFO,Febre Tifóide,150803,Tracuateua,PA,2015,0
FTIFO,Febre Tifóide,150803,Tracuateua,PA,2016,0
FTIFO,Febre Tifóide,150803,Tracuateua,PA,2017,0
FTIFO,Febre Tifóide,150803,Tracuateua,PA,2018,0
FTIFO,Febre Tifóide,150803,Tracuateua,PA,2019,0
FTIFO,Febre Tifóide,150803,Tracuateua,PA,2020,0
FTIFO,Febre Tifóide,150803,Tracuateua,PA,2021,0
FTIFO,Febre Tifóide,150803,Tracuateua,PA,2022,0
FTIFO,Febre Tifóide,150803,Tracuateua,PA,2023,0
FTIFO,Febre Tifóide,150803,Tracuateua,PA,2024,0
FTIFO,Febre Tifóide,150803,Tracuateua,PA,2025,0
FTIFO,Febre Tifóide,150810,Tucurui,PA,2001,0
FTIFO,Febre Tifóide,150810,Tucurui,PA,2003,0
FTIFO,Febre Tifóide,150810,Tucurui,PA,2006,0
FTIFO,Febre Tifóide,150810,Tucurui,PA,2007,1
FTIFO,Febre Tifóide,150810,Tucurui,PA,2008,1
FTIFO,Febre Tifóide,150810,Tucurui,PA,2009,0
FTIFO,Febre Tifóide,150810,Tucurui,PA,2010,5
FTIFO,Febre Tifóide,150810,Tucurui,PA,2011,0
FTIFO,Febre Tifóide,150810,Tucurui,PA,2012,2
FTIFO,Febre Tifóide,150810,Tucurui,PA,2013,0
FTIFO,Febre Tifóide,150810,Tucurui,PA,2014,0
FTIFO,Febre Tifóide,150810,Tucurui,PA,2015,0
FTIFO,Febre Tifóide,150810,Tucurui,PA,2016,0
FTIFO,Febre Tifóide,150810,Tucurui,PA,2017,0
FTIFO,Febre Tifóide,150810,Tucurui,PA,2018,0
FTIFO,Febre Tifóide,150810,Tucurui,PA,2019,0
FTIFO,Febre Tifóide,150810,Tucurui,PA,2020,0
FTIFO,Febre Tifóide,150810,Tucurui,PA,2021,0
FTIFO,Febre Tifóide,150810,Tucurui,PA,2022,0
FTIFO,Febre Tifóide,150810,Tucurui,PA,2023,0
FTIFO,Febre Tifóide,150810,Tucurui,PA,2024,0
FTIFO,Febre Tifóide,150810,Tucurui,PA,2025,0
FTIFO,Febre Tifóide,150812,Ulianopolis,PA,2001,0
FTIFO,Febre Tifóide,150812,Ulianopolis,PA,2003,0
FTIFO,Febre Tifóide,150812,Ulianopolis,PA,2006,0
FTIFO,Febre Tifóide,150812,Ulianopolis,PA,2007,0
FTIFO,Febre Tifóide,150812,Ulianopolis,PA,2008,0
FTIFO,Febre Tifóide,150812,Ulianopolis,PA,2009,0
FTIFO,Febre Tifóide,150812,Ulianopolis,PA,2010,0
FTIFO,Febre Tifóide,150812,Ulianopolis,PA,2011,1
FTIFO,Febre Tifóide,150812,Ulianopolis,PA,2012,1
FTIFO,Febre Tifóide,150812,Ulianopolis,PA,2013,0
FTIFO,Febre Tifóide,150812,Ulianopolis,PA,2014,0
FTIFO,Febre Tifóide,150812,Ulianopolis,PA,2015,0
FTIFO,Febre Tifóide,150812,Ulianopolis,PA,2016,0
FTIFO,Febre Tifóide,150812,Ulianopolis,PA,2017,0
FTIFO,Febre Tifóide,150812,Ulianopolis,PA,2018,0
FTIFO,Febre Tifóide,150812,Ulianopolis,PA,2019,0
FTIFO,Febre Tifóide,150812,Ulianopolis,PA,2020,0
FTIFO,Febre Tifóide,150812,Ulianopolis,PA,2021,0
FTIFO,Febre Tifóide,150812,Ulianopolis,PA,2022,0
FTIFO,Febre Tifóide,150812,Ulianopolis,PA,2023,0
FTIFO,Febre Tifóide,150812,Ulianopolis,PA,2024,0
FTIFO,Febre Tifóide,150812,Ulianopolis,PA,2025,0
FTIFO,Febre Tifóide,250400,Campina Grande,PB,2001,0
FTIFO,Febre Tifóide,250400,Campina Grande,PB,2003,0
FTIFO,Febre Tifóide,250400,Campina Grande,PB,2006,0
FTIFO,Febre Tifóide,250400,Campina Grande,PB,2007,0
FTIFO,Febre Tifóide,250400,Campina Grande,PB,2008,0
FTIFO,Febre Tifóide,250400,Campina Grande,PB,2009,0
FTIFO,Febre Tifóide,250400,Campina Grande,PB,2010,0
FTIFO,Febre Tifóide,250400,Campina Grande,PB,2011,1
FTIFO,Febre Tifóide,250400,Campina Grande,PB,2012,0
FTIFO,Febre Tifóide,250400,Campina Grande,PB,2013,0
FTIFO,Febre Tifóide,250400,Campina Grande,PB,2014,0
FTIFO,Febre Tifóide,250400,Campina Grande,PB,2015,0
FTIFO,Febre Tifóide,250400,Campina Grande,PB,2016,0
FTIFO,Febre Tifóide,250400,Campina Grande,PB,2017,1
FTIFO,Febre Tifóide,250400,Campina Grande,PB,2018,0
FTIFO,Febre Tifóide,250400,Campina Grande,PB,2019,0
FTIFO,Febre Tifóide,250400,Campina Grande,PB,2020,0
FTIFO,Febre Tifóide,250400,Campina Grande,PB,2021,0
FTIFO,Febre Tifóide,250400,Campina Grande,PB,2022,0
FTIFO,Febre Tifóide,250400,Campina Grande,PB,2023,0
FTIFO,Febre Tifóide,250400,Campina Grande,PB,2024,0
FTIFO,Febre Tifóide,250400,Campina Grande,PB,2025,0
FTIFO,Febre Tifóide,250750,Joao Pessoa,PB,2001,0
FTIFO,Febre Tifóide,250750,Joao Pessoa,PB,2003,0
FTIFO,Febre Tifóide,250750,Joao Pessoa,PB,2006,0
FTIFO,Febre Tifóide,250750,Joao Pessoa,PB,2007,0
FTIFO,Febre Tifóide,250750,Joao Pessoa,PB,2008,1
FTIFO,Febre Tifóide,250750,Joao Pessoa,PB,2009,4
FTIFO,Febre Tifóide,250750,Joao Pessoa,PB,2010,0
FTIFO,Febre Tifóide,250750,Joao Pessoa,PB,2011,1
FTIFO,Febre Tifóide,250750,Joao Pessoa,PB,2012,0
FTIFO,Febre Tifóide,250750,Joao Pessoa,PB,2013,0
FTIFO,Febre Tifóide,250750,Joao Pessoa,PB,2014,0
FTIFO,Febre Tifóide,250750,Joao Pessoa,PB,2015,0
FTIFO,Febre Tifóide,250750,Joao Pessoa,PB,2016,0
FTIFO,Febre Tifóide,250750,Joao Pessoa,PB,2017,0
FTIFO,Febre Tifóide,250750,Joao Pessoa,PB,2018,0
FTIFO,Febre Tifóide,250750,Joao Pessoa,PB,2019,0
FTIFO,Febre Tifóide,250750,Joao Pessoa,PB,2020,0
FTIFO,Febre Tifóide,250750,Joao Pessoa,PB,2021,0
FTIFO,Febre Tifóide,250750,Joao Pessoa,PB,2022,0
FTIFO,Febre Tifóide,250750,Joao Pessoa,PB,2023,0
FTIFO,Febre Tifóide,250750,Joao Pessoa,PB,2024,0
FTIFO,Febre Tifóide,250750,Joao Pessoa,PB,2025,0
FTIFO,Febre Tifóide,250780,Junco do Serido,PB,2001,0
FTIFO,Febre Tifóide,250780,Junco do Serido,PB,2003,0
FTIFO,Febre Tifóide,250780,Junco do Serido,PB,2006,0
FTIFO,Febre Tifóide,250780,Junco do Serido,PB,2007,0
FTIFO,Febre Tifóide,250780,Junco do Serido,PB,2008,0
FTIFO,Febre Tifóide,250780,Junco do Serido,PB,2009,0
FTIFO,Febre Tifóide,250780,Junco do Serido,PB,2010,0
FTIFO,Febre Tifóide,250780,Junco do Serido,PB,2011,0
FTIFO,Febre Tifóide,250780,Junco do Serido,PB,2012,0
FTIFO,Febre Tifóide,250780,Junco do Serido,PB,2013,0
FTIFO,Febre Tifóide,250780,Junco do Serido,PB,2014,0
FTIFO,Febre Tifóide,250780,Junco do Serido,PB,2015,1
FTIFO,Febre Tifóide,250780,Junco do Serido,PB,2016,0
FTIFO,Febre Tifóide,250780,Junco do Serido,PB,2017,0
FTIFO,Febre Tifóide,250780,Junco do Serido,PB,2018,0
FTIFO,Febre Tifóide,250780,Junco do Serido,PB,2019,0
FTIFO,Febre Tifóide,250780,Junco do Serido,PB,2020,0
FTIFO,Febre Tifóide,250780,Junco do Serido,PB,2021,0
FTIFO,Febre Tifóide,250780,Junco do Serido,PB,2022,0
FTIFO,Febre Tifóide,250780,Junco do Serido,PB,2023,0
FTIFO,Febre Tifóide,250780,Junco do Serido,PB,2024,0
FTIFO,Febre Tifóide,250780,Junco do Serido,PB,2025,0
FTIFO,Febre Tifóide,251080,Patos,PB,2001,0
FTIFO,Febre Tifóide,251080,Patos,PB,2003,0
FTIFO,Febre Tifóide,251080,Patos,PB,2006,0
FTIFO,Febre Tifóide,251080,Patos,PB,2007,0
FTIFO,Febre Tifóide,251080,Patos,PB,2008,1
FTIFO,Febre Tifóide,251080,Patos,PB,2009,0
FTIFO,Febre Tifóide,251080,Patos,PB,2010,0
FTIFO,Febre Tifóide,251080,Patos,PB,2011,0
FTIFO,Febre Tifóide,251080,Patos,PB,2012,0
FTIFO,Febre Tifóide,251080,Patos,PB,2013,0
FTIFO,Febre Tifóide,251080,Patos,PB,2014,0
FTIFO,Febre Tifóide,251080,Patos,PB,2015,0
FTIFO,Febre Tifóide,251080,Patos,PB,2016,0
FTIFO,Febre Tifóide,251080,Patos,PB,2017,0
FTIFO,Febre Tifóide,251080,Patos,PB,2018,0
FTIFO,Febre Tifóide,251080,Patos,PB,2019,0
FTIFO,Febre Tifóide,251080,Patos,PB,2020,0
FTIFO,Febre Tifóide,251080,Patos,PB,2021,0
FTIFO,Febre Tifóide,251080,Patos,PB,2022,0
FTIFO,Febre Tifóide,251080,Patos,PB,2023,0
FTIFO,Febre Tifóide,251080,Patos,PB,2024,0
FTIFO,Febre Tifóide,251080,Patos,PB,2025,0
FTIFO,Febre Tifóide,260090,Amaraji,PE,2001,0
FTIFO,Febre Tifóide,260090,Amaraji,PE,2003,0
FTIFO,Febre Tifóide,260090,Amaraji,PE,2006,0
FTIFO,Febre Tifóide,260090,Amaraji,PE,2007,0
FTIFO,Febre Tifóide,260090,Amaraji,PE,2008,1
FTIFO,Febre Tifóide,260090,Amaraji,PE,2009,0
FTIFO,Febre Tifóide,260090,Amaraji,PE,2010,0
FTIFO,Febre Tifóide,260090,Amaraji,PE,2011,0
FTIFO,Febre Tifóide,260090,Amaraji,PE,2012,0
FTIFO,Febre Tifóide,260090,Amaraji,PE,2013,0
FTIFO,Febre Tifóide,260090,Amaraji,PE,2014,0
FTIFO,Febre Tifóide,260090,Amaraji,PE,2015,0
FTIFO,Febre Tifóide,260090,Amaraji,PE,2016,0
FTIFO,Febre Tifóide,260090,Amaraji,PE,2017,0
FTIFO,Febre Tifóide,260090,Amaraji,PE,2018,0
FTIFO,Febre Tifóide,260090,Amaraji,PE,2019,0
FTIFO,Febre Tifóide,260090,Amaraji,PE,2020,0
FTIFO,Febre Tifóide,260090,Amaraji,PE,2021,0
FTIFO,Febre Tifóide,260090,Amaraji,PE,2022,0
FTIFO,Febre Tifóide,260090,Amaraji,PE,2023,0
FTIFO,Febre Tifóide,260090,Amaraji,PE,2024,0
FTIFO,Febre Tifóide,260090,Amaraji,PE,2025,0
FTIFO,Febre Tifóide,260260,Brejo da Madre de Deus,PE,2001,0
FTIFO,Febre Tifóide,260260,Brejo da Madre de Deus,PE,2003,0
FTIFO,Febre Tifóide,260260,Brejo da Madre de Deus,PE,2006,0
FTIFO,Febre Tifóide,260260,Brejo da Madre de Deus,PE,2007,0
FTIFO,Febre Tifóide,260260,Brejo da Madre de Deus,PE,2008,0
FTIFO,Febre Tifóide,260260,Brejo da Madre de Deus,PE,2009,0
FTIFO,Febre Tifóide,260260,Brejo da Madre de Deus,PE,2010,0
FTIFO,Febre Tifóide,260260,Brejo da Madre de Deus,PE,2011,0
FTIFO,Febre Tifóide,260260,Brejo da Madre de Deus,PE,2012,0
FTIFO,Febre Tifóide,260260,Brejo da Madre de Deus,PE,2013,0
FTIFO,Febre Tifóide,260260,Brejo da Madre de Deus,PE,2014,0
FTIFO,Febre Tifóide,260260,Brejo da Madre de Deus,PE,2015,0
FTIFO,Febre Tifóide,260260,Brejo da Madre de Deus,PE,2016,1
FTIFO,Febre Tifóide,260260,Brejo da Madre de Deus,PE,2017,1
FTIFO,Febre Tifóide,260260,Brejo da Madre de Deus,PE,2018,0
FTIFO,Febre Tifóide,260260,Brejo da Madre de Deus,PE,2019,0
FTIFO,Febre Tifóide,260260,Brejo da Madre de Deus,PE,2020,0
FTIFO,Febre Tifóide,260260,Brejo da Madre de Deus,PE,2021,0
FTIFO,Febre Tifóide,260260,Brejo da Madre de Deus,PE,2022,0
FTIFO,Febre Tifóide,260260,Brejo da Madre de Deus,PE,2023,0
FTIFO,Febre Tifóide,260260,Brejo da Madre de Deus,PE,2024,0
FTIFO,Febre Tifóide,260260,Brejo da Madre de Deus,PE,2025,0
FTIFO,Febre Tifóide,260410,Caruaru,PE,2001,0
FTIFO,Febre Tifóide,260410,Caruaru,PE,2003,0
FTIFO,Febre Tifóide,260410,Caruaru,PE,2006,0
FTIFO,Febre Tifóide,260410,Caruaru,PE,2007,2
FTIFO,Febre Tifóide,260410,Caruaru,PE,2008,1
FTIFO,Febre Tifóide,260410,Caruaru,PE,2009,0
FTIFO,Febre Tifóide,260410,Caruaru,PE,2010,0
FTIFO,Febre Tifóide,260410,Caruaru,PE,2011,0
FTIFO,Febre Tifóide,260410,Caruaru,PE,2012,0
FTIFO,Febre Tifóide,260410,Caruaru,PE,2013,0
FTIFO,Febre Tifóide,260410,Caruaru,PE,2014,0
FTIFO,Febre Tifóide,260410,Caruaru,PE,2015,0
FTIFO,Febre Tifóide,260410,Caruaru,PE,2016,0
FTIFO,Febre Tifóide,260410,Caruaru,PE,2017,0
FTIFO,Febre Tifóide,260410,Caruaru,PE,2018,0
FTIFO,Febre Tifóide,260410,Caruaru,PE,2019,0
FTIFO,Febre Tifóide,260410,Caruaru,PE,2020,0
FTIFO,Febre Tifóide,260410,Caruaru,PE,2021,0
FTIFO,Febre Tifóide,260410,Caruaru,PE,2022,0
FTIFO,Febre Tifóide,260410,Caruaru,PE,2023,0
FTIFO,Febre Tifóide,260410,Caruaru,PE,2024,0
FTIFO,Febre Tifóide,260410,Caruaru,PE,2025,0
FTIFO,Febre Tifóide,260960,Olinda,PE,2001,0
FTIFO,Febre Tifóide,260960,Olinda,PE,2003,0
FTIFO,Febre Tifóide,260960,Olinda,PE,2006,0
FTIFO,Febre Tifóide,260960,Olinda,PE,2007,0
FTIFO,Febre Tifóide,260960,Olinda,PE,2008,0
FTIFO,Febre Tifóide,260960,Olinda,PE,2009,0
FTIFO,Febre Tifóide,260960,Olinda,PE,2010,1
FTIFO,Febre Tifóide,260960,Olinda,PE,2011,0
FTIFO,Febre Tifóide,260960,Olinda,PE,2012,0
FTIFO,Febre Tifóide,260960,Olinda,PE,2013,0
FTIFO,Febre Tifóide,260960,Olinda,PE,2014,1
FTIFO,Febre Tifóide,260960,Olinda,PE,2015,0
FTIFO,Febre Tifóide,260960,Olinda,PE,2016,0
FTIFO,Febre Tifóide,260960,Olinda,PE,2017,0
FTIFO,Febre Tifóide,260960,Olinda,PE,2018,0
FTIFO,Febre Tifóide,260960,Olinda,PE,2019,0
FTIFO,Febre Tifóide,260960,Olinda,PE,2020,0
FTIFO,Febre Tifóide,260960,Olinda,PE,2021,0
FTIFO,Febre Tifóide,260960,Olinda,PE,2022,0
FTIFO,Febre Tifóide,260960,Olinda,PE,2023,0
FTIFO,Febre Tifóide,260960,Olinda,PE,2024,0
FTIFO,Febre Tifóide,260960,Olinda,PE,2025,0
FTIFO,Febre Tifóide,261110,Petrolina,PE,2001,0
FTIFO,Febre Tifóide,261110,Petrolina,PE,2003,0
FTIFO,Febre Tifóide,261110,Petrolina,PE,2006,0
FTIFO,Febre Tifóide,261110,Petrolina,PE,2007,0
FTIFO,Febre Tifóide,261110,Petrolina,PE,2008,0
FTIFO,Febre Tifóide,261110,Petrolina,PE,2009,0
FTIFO,Febre Tifóide,261110,Petrolina,PE,2010,0
FTIFO,Febre Tifóide,261110,Petrolina,PE,2011,0
FTIFO,Febre Tifóide,261110,Petrolina,PE,2012,1
FTIFO,Febre Tifóide,261110,Petrolina,PE,2013,0
FTIFO,Febre Tifóide,261110,Petrolina,PE,2014,0
FTIFO,Febre Tifóide,261110,Petrolina,PE,2015,0
FTIFO,Febre Tifóide,261110,Petrolina,PE,2016,6
FTIFO,Febre Tifóide,261110,Petrolina,PE,2017,0
FTIFO,Febre Tifóide,261110,Petrolina,PE,2018,0
FTIFO,Febre Tifóide,261110,Petrolina,PE,2019,0
FTIFO,Febre Tifóide,261110,Petrolina,PE,2020,0
FTIFO,Febre Tifóide,261110,Petrolina,PE,2021,0
FTIFO,Febre Tifóide,261110,Petrolina,PE,2022,0
FTIFO,Febre Tifóide,261110,Petrolina,PE,2023,0
FTIFO,Febre Tifóide,261110,Petrolina,PE,2024,0
FTIFO,Febre Tifóide,261110,Petrolina,PE,2025,0
FTIFO,Febre Tifóide,261160,Recife,PE,2001,0
FTIFO,Febre Tifóide,261160,Recife,PE,2003,0
FTIFO,Febre Tifóide,261160,Recife,PE,2006,0
FTIFO,Febre Tifóide,261160,Recife,PE,2007,5
FTIFO,Febre Tifóide,261160,Recife,PE,2008,3
FTIFO,Febre Tifóide,261160,Recife,PE,2009,1
FTIFO,Febre Tifóide,261160,Recife,PE,2010,1
FTIFO,Febre Tifóide,261160,Recife,PE,2011,0
FTIFO,Febre Tifóide,261160,Recife,PE,2012,0
FTIFO,Febre Tifóide,261160,Recife,PE,2013,3
FTIFO,Febre Tifóide,261160,Recife,PE,2014,0
FTIFO,Febre Tifóide,261160,Recife,PE,2015,0
FTIFO,Febre Tifóide,261160,Recife,PE,2016,1
FTIFO,Febre Tifóide,261160,Recife,PE,2017,1
FTIFO,Febre Tifóide,261160,Recife,PE,2018,0
FTIFO,Febre Tifóide,261160,Recife,PE,2019,1
FTIFO,Febre Tifóide,261160,Recife,PE,2020,0
FTIFO,Febre Tifóide,261160,Recife,PE,2021,0
FTIFO,Febre Tifóide,261160,Recife,PE,2022,1
FTIFO,Febre Tifóide,261160,Recife,PE,2023,0
FTIFO,Febre Tifóide,261160,Recife,PE,2024,1
FTIFO,Febre Tifóide,261160,Recife,PE,2025,0
FTIFO,Febre Tifóide,261220,Salgueiro,PE,2001,0
FTIFO,Febre Tifóide,261220,Salgueiro,PE,2003,0
FTIFO,Febre Tifóide,261220,Salgueiro,PE,2006,0
FTIFO,Febre Tifóide,261220,Salgueiro,PE,2007,0
FTIFO,Febre Tifóide,261220,Salgueiro,PE,2008,1
FTIFO,Febre Tifóide,261220,Salgueiro,PE,2009,0
FTIFO,Febre Tifóide,261220,Salgueiro,PE,2010,0
FTIFO,Febre Tifóide,261220,Salgueiro,PE,2011,0
FTIFO,Febre Tifóide,261220,Salgueiro,PE,2012,0
FTIFO,Febre Tifóide,261220,Salgueiro,PE,2013,0
FTIFO,Febre Tifóide,261220,Salgueiro,PE,2014,0
FTIFO,Febre Tifóide,261220,Salgueiro,PE,2015,0
FTIFO,Febre Tifóide,261220,Salgueiro,PE,2016,0
FTIFO,Febre Tifóide,261220,Salgueiro,PE,2017,0
FTIFO,Febre Tifóide,261220,Salgueiro,PE,2018,0
FTIFO,Febre Tifóide,261220,Salgueiro,PE,2019,0
FTIFO,Febre Tifóide,261220,Salgueiro,PE,2020,0
FTIFO,Febre Tifóide,261220,Salgueiro,PE,2021,0
FTIFO,Febre Tifóide,261220,Salgueiro,PE,2022,0
FTIFO,Febre Tifóide,261220,Salgueiro,PE,2023,0
FTIFO,Febre Tifóide,261220,Salgueiro,PE,2024,0
FTIFO,Febre Tifóide,261220,Salgueiro,PE,2025,0
FTIFO,Febre Tifóide,261310,Sao Caitano,PE,2001,0
FTIFO,Febre Tifóide,261310,Sao Caitano,PE,2003,0
FTIFO,Febre Tifóide,261310,Sao Caitano,PE,2006,0
FTIFO,Febre Tifóide,261310,Sao Caitano,PE,2007,0
FTIFO,Febre Tifóide,261310,Sao Caitano,PE,2008,1
FTIFO,Febre Tifóide,261310,Sao Caitano,PE,2009,0
FTIFO,Febre Tifóide,261310,Sao Caitano,PE,2010,0
FTIFO,Febre Tifóide,261310,Sao Caitano,PE,2011,0
FTIFO,Febre Tifóide,261310,Sao Caitano,PE,2012,0
FTIFO,Febre Tifóide,261310,Sao Caitano,PE,2013,0
FTIFO,Febre Tifóide,261310,Sao Caitano,PE,2014,0
FTIFO,Febre Tifóide,261310,Sao Caitano,PE,2015,0
FTIFO,Febre Tifóide,261310,Sao Caitano,PE,2016,0
FTIFO,Febre Tifóide,261310,Sao Caitano,PE,2017,0
FTIFO,Febre Tifóide,261310,Sao Caitano,PE,2018,0
FTIFO,Febre Tifóide,261310,Sao Caitano,PE,2019,0
FTIFO,Febre Tifóide,261310,Sao Caitano,PE,2020,0
FTIFO,Febre Tifóide,261310,Sao Caitano,PE,2021,0
FTIFO,Febre Tifóide,261310,Sao Caitano,PE,2022,0
FTIFO,Febre Tifóide,261310,Sao Caitano,PE,2023,0
FTIFO,Febre Tifóide,261310,Sao Caitano,PE,2024,0
FTIFO,Febre Tifóide,261310,Sao Caitano,PE,2025,0
FTIFO,Febre Tifóide,261600,Venturosa,PE,2001,0
FTIFO,Febre Tifóide,261600,Venturosa,PE,2003,0
FTIFO,Febre Tifóide,261600,Venturosa,PE,2006,0
FTIFO,Febre Tifóide,261600,Venturosa,PE,2007,0
FTIFO,Febre Tifóide,261600,Venturosa,PE,2008,1
FTIFO,Febre Tifóide,261600,Venturosa,PE,2009,0
FTIFO,Febre Tifóide,261600,Venturosa,PE,2010,0
FTIFO,Febre Tifóide,261600,Venturosa,PE,2011,0
FTIFO,Febre Tifóide,261600,Venturosa,PE,2012,0
FTIFO,Febre Tifóide,261600,Venturosa,PE,2013,0
FTIFO,Febre Tifóide,261600,Venturosa,PE,2014,0
FTIFO,Febre Tifóide,261600,Venturosa,PE,2015,0
FTIFO,Febre Tifóide,261600,Venturosa,PE,2016,0
FTIFO,Febre Tifóide,261600,Venturosa,PE,2017,0
FTIFO,Febre Tifóide,261600,Venturosa,PE,2018,0
FTIFO,Febre Tifóide,261600,Venturosa,PE,2019,0
FTIFO,Febre Tifóide,261600,Venturosa,PE,2020,0
FTIFO,Febre Tifóide,261600,Venturosa,PE,2021,0
FTIFO,Febre Tifóide,261600,Venturosa,PE,2022,0
FTIFO,Febre Tifóide,261600,Venturosa,PE,2023,0
FTIFO,Febre Tifóide,261600,Venturosa,PE,2024,0
FTIFO,Febre Tifóide,261600,Venturosa,PE,2025,0
FTIFO,Febre Tifóide,220198,Brejo do Piaui,PI,2001,0
FTIFO,Febre Tifóide,220198,Brejo do Piaui,PI,2003,0
FTIFO,Febre Tifóide,220198,Brejo do Piaui,PI,2006,0
FTIFO,Febre Tifóide,220198,Brejo do Piaui,PI,2007,0
FTIFO,Febre Tifóide,220198,Brejo do Piaui,PI,2008,1
FTIFO,Febre Tifóide,220198,Brejo do Piaui,PI,2009,0
FTIFO,Febre Tifóide,220198,Brejo do Piaui,PI,2010,0
FTIFO,Febre Tifóide,220198,Brejo do Piaui,PI,2011,0
FTIFO,Febre Tifóide,220198,Brejo do Piaui,PI,2012,0
FTIFO,Febre Tifóide,220198,Brejo do Piaui,PI,2013,0
FTIFO,Febre Tifóide,220198,Brejo do Piaui,PI,2014,0
FTIFO,Febre Tifóide,220198,Brejo do Piaui,PI,2015,0
FTIFO,Febre Tifóide,220198,Brejo do Piaui,PI,2016,0
FTIFO,Febre Tifóide,220198,Brejo do Piaui,PI,2017,0
FTIFO,Febre Tifóide,220198,Brejo do Piaui,PI,2018,0
FTIFO,Febre Tifóide,220198,Brejo do Piaui,PI,2019,0
FTIFO,Febre Tifóide,220198,Brejo do Piaui,PI,2020,0
FTIFO,Febre Tifóide,220198,Brejo do Piaui,PI,2021,0
FTIFO,Febre Tifóide,220198,Brejo do Piaui,PI,2022,0
FTIFO,Febre Tifóide,220198,Brejo do Piaui,PI,2023,0
FTIFO,Febre Tifóide,220198,Brejo do Piaui,PI,2024,0
FTIFO,Febre Tifóide,220198,Brejo do Piaui,PI,2025,0
FTIFO,Febre Tifóide,220340,Dom Expedito Lopes,PI,2001,0
FTIFO,Febre Tifóide,220340,Dom Expedito Lopes,PI,2003,0
FTIFO,Febre Tifóide,220340,Dom Expedito Lopes,PI,2006,0
FTIFO,Febre Tifóide,220340,Dom Expedito Lopes,PI,2007,0
FTIFO,Febre Tifóide,220340,Dom Expedito Lopes,PI,2008,1
FTIFO,Febre Tifóide,220340,Dom Expedito Lopes,PI,2009,0
FTIFO,Febre Tifóide,220340,Dom Expedito Lopes,PI,2010,0
FTIFO,Febre Tifóide,220340,Dom Expedito Lopes,PI,2011,0
FTIFO,Febre Tifóide,220340,Dom Expedito Lopes,PI,2012,0
FTIFO,Febre Tifóide,220340,Dom Expedito Lopes,PI,2013,0
FTIFO,Febre Tifóide,220340,Dom Expedito Lopes,PI,2014,0
FTIFO,Febre Tifóide,220340,Dom Expedito Lopes,PI,2015,0
FTIFO,Febre Tifóide,220340,Dom Expedito Lopes,PI,2016,0
FTIFO,Febre Tifóide,220340,Dom Expedito Lopes,PI,2017,0
FTIFO,Febre Tifóide,220340,Dom Expedito Lopes,PI,2018,0
FTIFO,Febre Tifóide,220340,Dom Expedito Lopes,PI,2019,0
FTIFO,Febre Tifóide,220340,Dom Expedito Lopes,PI,2020,0
FTIFO,Febre Tifóide,220340,Dom Expedito Lopes,PI,2021,0
FTIFO,Febre Tifóide,220340,Dom Expedito Lopes,PI,2022,0
FTIFO,Febre Tifóide,220340,Dom Expedito Lopes,PI,2023,0
FTIFO,Febre Tifóide,220340,Dom Expedito Lopes,PI,2024,0
FTIFO,Febre Tifóide,220340,Dom Expedito Lopes,PI,2025,0
FTIFO,Febre Tifóide,220770,Parnaiba,PI,2001,0
FTIFO,Febre Tifóide,220770,Parnaiba,PI,2003,0
FTIFO,Febre Tifóide,220770,Parnaiba,PI,2006,0
FTIFO,Febre Tifóide,220770,Parnaiba,PI,2007,0
FTIFO,Febre Tifóide,220770,Parnaiba,PI,2008,1
FTIFO,Febre Tifóide,220770,Parnaiba,PI,2009,0
FTIFO,Febre Tifóide,220770,Parnaiba,PI,2010,0
FTIFO,Febre Tifóide,220770,Parnaiba,PI,2011,0
FTIFO,Febre Tifóide,220770,Parnaiba,PI,2012,1
FTIFO,Febre Tifóide,220770,Parnaiba,PI,2013,0
FTIFO,Febre Tifóide,220770,Parnaiba,PI,2014,0
FTIFO,Febre Tifóide,220770,Parnaiba,PI,2015,0
FTIFO,Febre Tifóide,220770,Parnaiba,PI,2016,0
FTIFO,Febre Tifóide,220770,Parnaiba,PI,2017,0
FTIFO,Febre Tifóide,220770,Parnaiba,PI,2018,0
FTIFO,Febre Tifóide,220770,Parnaiba,PI,2019,0
FTIFO,Febre Tifóide,220770,Parnaiba,PI,2020,0
FTIFO,Febre Tifóide,220770,Parnaiba,PI,2021,0
FTIFO,Febre Tifóide,220770,Parnaiba,PI,2022,0
FTIFO,Febre Tifóide,220770,Parnaiba,PI,2023,0
FTIFO,Febre Tifóide,220770,Parnaiba,PI,2024,0
FTIFO,Febre Tifóide,220770,Parnaiba,PI,2025,0
FTIFO,Febre Tifóide,220800,Picos,PI,2001,0
FTIFO,Febre Tifóide,220800,Picos,PI,2003,0
FTIFO,Febre Tifóide,220800,Picos,PI,2006,0
FTIFO,Febre Tifóide,220800,Picos,PI,2007,1
FTIFO,Febre Tifóide,220800,Picos,PI,2008,0
FTIFO,Febre Tifóide,220800,Picos,PI,2009,0
FTIFO,Febre Tifóide,220800,Picos,PI,2010,0
FTIFO,Febre Tifóide,220800,Picos,PI,2011,0
FTIFO,Febre Tifóide,220800,Picos,PI,2012,0
FTIFO,Febre Tifóide,220800,Picos,PI,2013,0
FTIFO,Febre Tifóide,220800,Picos,PI,2014,0
FTIFO,Febre Tifóide,220800,Picos,PI,2015,0
FTIFO,Febre Tifóide,220800,Picos,PI,2016,0
FTIFO,Febre Tifóide,220800,Picos,PI,2017,0
FTIFO,Febre Tifóide,220800,Picos,PI,2018,0
FTIFO,Febre Tifóide,220800,Picos,PI,2019,0
FTIFO,Febre Tifóide,220800,Picos,PI,2020,0
FTIFO,Febre Tifóide,220800,Picos,PI,2021,0
FTIFO,Febre Tifóide,220800,Picos,PI,2022,0
FTIFO,Febre Tifóide,220800,Picos,PI,2023,0
FTIFO,Febre Tifóide,220800,Picos,PI,2024,0
FTIFO,Febre Tifóide,220800,Picos,PI,2025,0
FTIFO,Febre Tifóide,221100,Teresina,PI,2001,0
FTIFO,Febre Tifóide,221100,Teresina,PI,2003,0
FTIFO,Febre Tifóide,221100,Teresina,PI,2006,0
FTIFO,Febre Tifóide,221100,Teresina,PI,2007,1
FTIFO,Febre Tifóide,221100,Teresina,PI,2008,0
FTIFO,Febre Tifóide,221100,Teresina,PI,2009,2
FTIFO,Febre Tifóide,221100,Teresina,PI,2010,2
FTIFO,Febre Tifóide,221100,Teresina,PI,2011,0
FTIFO,Febre Tifóide,221100,Teresina,PI,2012,0
FTIFO,Febre Tifóide,221100,Teresina,PI,2013,0
FTIFO,Febre Tifóide,221100,Teresina,PI,2014,1
FTIFO,Febre Tifóide,221100,Teresina,PI,2015,0
FTIFO,Febre Tifóide,221100,Teresina,PI,2016,0
FTIFO,Febre Tifóide,221100,Teresina,PI,2017,0
FTIFO,Febre Tifóide,221100,Teresina,PI,2018,1
FTIFO,Febre Tifóide,221100,Teresina,PI,2019,0
FTIFO,Febre Tifóide,221100,Teresina,PI,2020,0
FTIFO,Febre Tifóide,221100,Teresina,PI,2021,0
FTIFO,Febre Tifóide,221100,Teresina,PI,2022,0
FTIFO,Febre Tifóide,221100,Teresina,PI,2023,0
FTIFO,Febre Tifóide,221100,Teresina,PI,2024,0
FTIFO,Febre Tifóide,221100,Teresina,PI,2025,0
FTIFO,Febre Tifóide,410480,Cascavel,PR,2001,0
FTIFO,Febre Tifóide,410480,Cascavel,PR,2003,0
FTIFO,Febre Tifóide,410480,Cascavel,PR,2006,0
FTIFO,Febre Tifóide,410480,Cascavel,PR,2007,1
FTIFO,Febre Tifóide,410480,Cascavel,PR,2008,1
FTIFO,Febre Tifóide,410480,Cascavel,PR,2009,0
FTIFO,Febre Tifóide,410480,Cascavel,PR,2010,0
FTIFO,Febre Tifóide,410480,Cascavel,PR,2011,1
FTIFO,Febre Tifóide,410480,Cascavel,PR,2012,0
FTIFO,Febre Tifóide,410480,Cascavel,PR,2013,0
FTIFO,Febre Tifóide,410480,Cascavel,PR,2014,0
FTIFO,Febre Tifóide,410480,Cascavel,PR,2015,0
FTIFO,Febre Tifóide,410480,Cascavel,PR,2016,0
FTIFO,Febre Tifóide,410480,Cascavel,PR,2017,0
FTIFO,Febre Tifóide,410480,Cascavel,PR,2018,0
FTIFO,Febre Tifóide,410480,Cascavel,PR,2019,0
FTIFO,Febre Tifóide,410480,Cascavel,PR,2020,0
FTIFO,Febre Tifóide,410480,Cascavel,PR,2021,0
FTIFO,Febre Tifóide,410480,Cascavel,PR,2022,0
FTIFO,Febre Tifóide,410480,Cascavel,PR,2023,0
FTIFO,Febre Tifóide,410480,Cascavel,PR,2024,0
FTIFO,Febre Tifóide,410480,Cascavel,PR,2025,0
FTIFO,Febre Tifóide,410690,Curitiba,PR,2001,0
FTIFO,Febre Tifóide,410690,Curitiba,PR,2003,0
FTIFO,Febre Tifóide,410690,Curitiba,PR,2006,0
FTIFO,Febre Tifóide,410690,Curitiba,PR,2007,0
FTIFO,Febre Tifóide,410690,Curitiba,PR,2008,1
FTIFO,Febre Tifóide,410690,Curitiba,PR,2009,1
FTIFO,Febre Tifóide,410690,Curitiba,PR,2010,0
FTIFO,Febre Tifóide,410690,Curitiba,PR,2011,0
FTIFO,Febre Tifóide,410690,Curitiba,PR,2012,0
FTIFO,Febre Tifóide,410690,Curitiba,PR,2013,0
FTIFO,Febre Tifóide,410690,Curitiba,PR,2014,0
FTIFO,Febre Tifóide,410690,Curitiba,PR,2015,0
FTIFO,Febre Tifóide,410690,Curitiba,PR,2016,0
FTIFO,Febre Tifóide,410690,Curitiba,PR,2017,0
FTIFO,Febre Tifóide,410690,Curitiba,PR,2018,0
FTIFO,Febre Tifóide,410690,Curitiba,PR,2019,0
FTIFO,Febre Tifóide,410690,Curitiba,PR,2020,0
FTIFO,Febre Tifóide,410690,Curitiba,PR,2021,0
FTIFO,Febre Tifóide,410690,Curitiba,PR,2022,0
FTIFO,Febre Tifóide,410690,Curitiba,PR,2023,0
FTIFO,Febre Tifóide,410690,Curitiba,PR,2024,0
FTIFO,Febre Tifóide,410690,Curitiba,PR,2025,0
FTIFO,Febre Tifóide,410750,Engenheiro Beltrao,PR,2001,0
FTIFO,Febre Tifóide,410750,Engenheiro Beltrao,PR,2003,0
FTIFO,Febre Tifóide,410750,Engenheiro Beltrao,PR,2006,0
FTIFO,Febre Tifóide,410750,Engenheiro Beltrao,PR,2007,0
FTIFO,Febre Tifóide,410750,Engenheiro Beltrao,PR,2008,0
FTIFO,Febre Tifóide,410750,Engenheiro Beltrao,PR,2009,0
FTIFO,Febre Tifóide,410750,Engenheiro Beltrao,PR,2010,0
FTIFO,Febre Tifóide,410750,Engenheiro Beltrao,PR,2011,0
FTIFO,Febre Tifóide,410750,Engenheiro Beltrao,PR,2012,1
FTIFO,Febre Tifóide,410750,Engenheiro Beltrao,PR,2013,0
FTIFO,Febre Tifóide,410750,Engenheiro Beltrao,PR,2014,0
FTIFO,Febre Tifóide,410750,Engenheiro Beltrao,PR,2015,0
FTIFO,Febre Tifóide,410750,Engenheiro Beltrao,PR,2016,0
FTIFO,Febre Tifóide,410750,Engenheiro Beltrao,PR,2017,0
FTIFO,Febre Tifóide,410750,Engenheiro Beltrao,PR,2018,0
FTIFO,Febre Tifóide,410750,Engenheiro Beltrao,PR,2019,0
FTIFO,Febre Tifóide,410750,Engenheiro Beltrao,PR,2020,0
FTIFO,Febre Tifóide,410750,Engenheiro Beltrao,PR,2021,0
FTIFO,Febre Tifóide,410750,Engenheiro Beltrao,PR,2022,0
FTIFO,Febre Tifóide,410750,Engenheiro Beltrao,PR,2023,0
FTIFO,Febre Tifóide,410750,Engenheiro Beltrao,PR,2024,0
FTIFO,Febre Tifóide,410750,Engenheiro Beltrao,PR,2025,0
FTIFO,Febre Tifóide,410830,Foz do Iguacu,PR,2001,0
FTIFO,Febre Tifóide,410830,Foz do Iguacu,PR,2003,0
FTIFO,Febre Tifóide,410830,Foz do Iguacu,PR,2006,0
FTIFO,Febre Tifóide,410830,Foz do Iguacu,PR,2007,1
FTIFO,Febre Tifóide,410830,Foz do Iguacu,PR,2008,0
FTIFO,Febre Tifóide,410830,Foz do Iguacu,PR,2009,0
FTIFO,Febre Tifóide,410830,Foz do Iguacu,PR,2010,0
FTIFO,Febre Tifóide,410830,Foz do Iguacu,PR,2011,0
FTIFO,Febre Tifóide,410830,Foz do Iguacu,PR,2012,0
FTIFO,Febre Tifóide,410830,Foz do Iguacu,PR,2013,0
FTIFO,Febre Tifóide,410830,Foz do Iguacu,PR,2014,0
FTIFO,Febre Tifóide,410830,Foz do Iguacu,PR,2015,0
FTIFO,Febre Tifóide,410830,Foz do Iguacu,PR,2016,0
FTIFO,Febre Tifóide,410830,Foz do Iguacu,PR,2017,0
FTIFO,Febre Tifóide,410830,Foz do Iguacu,PR,2018,0
FTIFO,Febre Tifóide,410830,Foz do Iguacu,PR,2019,0
FTIFO,Febre Tifóide,410830,Foz do Iguacu,PR,2020,0
FTIFO,Febre Tifóide,410830,Foz do Iguacu,PR,2021,0
FTIFO,Febre Tifóide,410830,Foz do Iguacu,PR,2022,0
FTIFO,Febre Tifóide,410830,Foz do Iguacu,PR,2023,0
FTIFO,Febre Tifóide,410830,Foz do Iguacu,PR,2024,0
FTIFO,Febre Tifóide,410830,Foz do Iguacu,PR,2025,0
FTIFO,Febre Tifóide,411070,Irati,PR,2001,0
FTIFO,Febre Tifóide,411070,Irati,PR,2003,0
FTIFO,Febre Tifóide,411070,Irati,PR,2006,0
FTIFO,Febre Tifóide,411070,Irati,PR,2007,0
FTIFO,Febre Tifóide,411070,Irati,PR,2008,0
FTIFO,Febre Tifóide,411070,Irati,PR,2009,1
FTIFO,Febre Tifóide,411070,Irati,PR,2010,0
FTIFO,Febre Tifóide,411070,Irati,PR,2011,0
FTIFO,Febre Tifóide,411070,Irati,PR,2012,0
FTIFO,Febre Tifóide,411070,Irati,PR,2013,0
FTIFO,Febre Tifóide,411070,Irati,PR,2014,0
FTIFO,Febre Tifóide,411070,Irati,PR,2015,0
FTIFO,Febre Tifóide,411070,Irati,PR,2016,0
FTIFO,Febre Tifóide,411070,Irati,PR,2017,0
FTIFO,Febre Tifóide,411070,Irati,PR,2018,0
FTIFO,Febre Tifóide,411070,Irati,PR,2019,0
FTIFO,Febre Tifóide,411070,Irati,PR,2020,0
FTIFO,Febre Tifóide,411070,Irati,PR,2021,0
FTIFO,Febre Tifóide,411070,Irati,PR,2022,0
FTIFO,Febre Tifóide,411070,Irati,PR,2023,0
FTIFO,Febre Tifóide,411070,Irati,PR,2024,0
FTIFO,Febre Tifóide,411070,Irati,PR,2025,0
FTIFO,Febre Tifóide,411370,Londrina,PR,2001,0
FTIFO,Febre Tifóide,411370,Londrina,PR,2003,0
FTIFO,Febre Tifóide,411370,Londrina,PR,2006,0
FTIFO,Febre Tifóide,411370,Londrina,PR,2007,0
FTIFO,Febre Tifóide,411370,Londrina,PR,2008,0
FTIFO,Febre Tifóide,411370,Londrina,PR,2009,0
FTIFO,Febre Tifóide,411370,Londrina,PR,2010,0
FTIFO,Febre Tifóide,411370,Londrina,PR,2011,0
FTIFO,Febre Tifóide,411370,Londrina,PR,2012,1
FTIFO,Febre Tifóide,411370,Londrina,PR,2013,0
FTIFO,Febre Tifóide,411370,Londrina,PR,2014,0
FTIFO,Febre Tifóide,411370,Londrina,PR,2015,0
FTIFO,Febre Tifóide,411370,Londrina,PR,2016,0
FTIFO,Febre Tifóide,411370,Londrina,PR,2017,0
FTIFO,Febre Tifóide,411370,Londrina,PR,2018,0
FTIFO,Febre Tifóide,411370,Londrina,PR,2019,0
FTIFO,Febre Tifóide,411370,Londrina,PR,2020,0
FTIFO,Febre Tifóide,411370,Londrina,PR,2021,0
FTIFO,Febre Tifóide,411370,Londrina,PR,2022,0
FTIFO,Febre Tifóide,411370,Londrina,PR,2023,0
FTIFO,Febre Tifóide,411370,Londrina,PR,2024,0
FTIFO,Febre Tifóide,411370,Londrina,PR,2025,0
FTIFO,Febre Tifóide,411520,Maringa,PR,2001,0
FTIFO,Febre Tifóide,411520,Maringa,PR,2003,0
FTIFO,Febre Tifóide,411520,Maringa,PR,2006,0
FTIFO,Febre Tifóide,411520,Maringa,PR,2007,1
FTIFO,Febre Tifóide,411520,Maringa,PR,2008,1
FTIFO,Febre Tifóide,411520,Maringa,PR,2009,0
FTIFO,Febre Tifóide,411520,Maringa,PR,2010,0
FTIFO,Febre Tifóide,411520,Maringa,PR,2011,1
FTIFO,Febre Tifóide,411520,Maringa,PR,2012,0
FTIFO,Febre Tifóide,411520,Maringa,PR,2013,0
FTIFO,Febre Tifóide,411520,Maringa,PR,2014,0
FTIFO,Febre Tifóide,411520,Maringa,PR,2015,0
FTIFO,Febre Tifóide,411520,Maringa,PR,2016,1
FTIFO,Febre Tifóide,411520,Maringa,PR,2017,0
FTIFO,Febre Tifóide,411520,Maringa,PR,2018,0
FTIFO,Febre Tifóide,411520,Maringa,PR,2019,0
FTIFO,Febre Tifóide,411520,Maringa,PR,2020,0
FTIFO,Febre Tifóide,411520,Maringa,PR,2021,0
FTIFO,Febre Tifóide,411520,Maringa,PR,2022,0
FTIFO,Febre Tifóide,411520,Maringa,PR,2023,0
FTIFO,Febre Tifóide,411520,Maringa,PR,2024,0
FTIFO,Febre Tifóide,411520,Maringa,PR,2025,0
FTIFO,Febre Tifóide,330060,Bom Jesus do Itabapoana,RJ,2001,0
FTIFO,Febre Tifóide,330060,Bom Jesus do Itabapoana,RJ,2003,0
FTIFO,Febre Tifóide,330060,Bom Jesus do Itabapoana,RJ,2006,1
FTIFO,Febre Tifóide,330060,Bom Jesus do Itabapoana,RJ,2007,1
FTIFO,Febre Tifóide,330060,Bom Jesus do Itabapoana,RJ,2008,10
FTIFO,Febre Tifóide,330060,Bom Jesus do Itabapoana,RJ,2009,7
FTIFO,Febre Tifóide,330060,Bom Jesus do Itabapoana,RJ,2010,1
FTIFO,Febre Tifóide,330060,Bom Jesus do Itabapoana,RJ,2011,0
FTIFO,Febre Tifóide,330060,Bom Jesus do Itabapoana,RJ,2012,0
FTIFO,Febre Tifóide,330060,Bom Jesus do Itabapoana,RJ,2013,0
FTIFO,Febre Tifóide,330060,Bom Jesus do Itabapoana,RJ,2014,0
FTIFO,Febre Tifóide,330060,Bom Jesus do Itabapoana,RJ,2015,1
FTIFO,Febre Tifóide,330060,Bom Jesus do Itabapoana,RJ,2016,0
FTIFO,Febre Tifóide,330060,Bom Jesus do Itabapoana,RJ,2017,0
FTIFO,Febre Tifóide,330060,Bom Jesus do Itabapoana,RJ,2018,0
FTIFO,Febre Tifóide,330060,Bom Jesus do Itabapoana,RJ,2019,0
FTIFO,Febre Tifóide,330060,Bom Jesus do Itabapoana,RJ,2020,0
FTIFO,Febre Tifóide,330060,Bom Jesus do Itabapoana,RJ,2021,0
FTIFO,Febre Tifóide,330060,Bom Jesus do Itabapoana,RJ,2022,0
FTIFO,Febre Tifóide,330060,Bom Jesus do Itabapoana,RJ,2023,0
FTIFO,Febre Tifóide,330060,Bom Jesus do Itabapoana,RJ,2024,0
FTIFO,Febre Tifóide,330060,Bom Jesus do Itabapoana,RJ,2025,0
FTIFO,Febre Tifóide,330170,Duque de Caxias,RJ,2001,0
FTIFO,Febre Tifóide,330170,Duque de Caxias,RJ,2003,0
FTIFO,Febre Tifóide,330170,Duque de Caxias,RJ,2006,0
FTIFO,Febre Tifóide,330170,Duque de Caxias,RJ,2007,0
FTIFO,Febre Tifóide,330170,Duque de Caxias,RJ,2008,0
FTIFO,Febre Tifóide,330170,Duque de Caxias,RJ,2009,0
FTIFO,Febre Tifóide,330170,Duque de Caxias,RJ,2010,0
FTIFO,Febre Tifóide,330170,Duque de Caxias,RJ,2011,0
FTIFO,Febre Tifóide,330170,Duque de Caxias,RJ,2012,0
FTIFO,Febre Tifóide,330170,Duque de Caxias,RJ,2013,0
FTIFO,Febre Tifóide,330170,Duque de Caxias,RJ,2014,1
FTIFO,Febre Tifóide,330170,Duque de Caxias,RJ,2015,0
FTIFO,Febre Tifóide,330170,Duque de Caxias,RJ,2016,0
FTIFO,Febre Tifóide,330170,Duque de Caxias,RJ,2017,0
FTIFO,Febre Tifóide,330170,Duque de Caxias,RJ,2018,0
FTIFO,Febre Tifóide,330170,Duque de Caxias,RJ,2019,0
FTIFO,Febre Tifóide,330170,Duque de Caxias,RJ,2020,0
FTIFO,Febre Tifóide,330170,Duque de Caxias,RJ,2021,0
FTIFO,Febre Tifóide,330170,Duque de Caxias,RJ,2022,0
FTIFO,Febre Tifóide,330170,Duque de Caxias,RJ,2023,0
FTIFO,Febre Tifóide,330170,Duque de Caxias,RJ,2024,0
FTIFO,Febre Tifóide,330170,Duque de Caxias,RJ,2025,0
FTIFO,Febre Tifóide,330220,Itaperuna,RJ,2001,0
FTIFO,Febre Tifóide,330220,Itaperuna,RJ,2003,0
FTIFO,Febre Tifóide,330220,Itaperuna,RJ,2006,0
FTIFO,Febre Tifóide,330220,Itaperuna,RJ,2007,0
FTIFO,Febre Tifóide,330220,Itaperuna,RJ,2008,0
FTIFO,Febre Tifóide,330220,Itaperuna,RJ,2009,0
FTIFO,Febre Tifóide,330220,Itaperuna,RJ,2010,0
FTIFO,Febre Tifóide,330220,Itaperuna,RJ,2011,1
FTIFO,Febre Tifóide,330220,Itaperuna,RJ,2012,0
FTIFO,Febre Tifóide,330220,Itaperuna,RJ,2013,0
FTIFO,Febre Tifóide,330220,Itaperuna,RJ,2014,0
FTIFO,Febre Tifóide,330220,Itaperuna,RJ,2015,0
FTIFO,Febre Tifóide,330220,Itaperuna,RJ,2016,0
FTIFO,Febre Tifóide,330220,Itaperuna,RJ,2017,0
FTIFO,Febre Tifóide,330220,Itaperuna,RJ,2018,0
FTIFO,Febre Tifóide,330220,Itaperuna,RJ,2019,0
FTIFO,Febre Tifóide,330220,Itaperuna,RJ,2020,0
FTIFO,Febre Tifóide,330220,Itaperuna,RJ,2021,0
FTIFO,Febre Tifóide,330220,Itaperuna,RJ,2022,0
FTIFO,Febre Tifóide,330220,Itaperuna,RJ,2023,0
FTIFO,Febre Tifóide,330220,Itaperuna,RJ,2024,0
FTIFO,Febre Tifóide,330220,Itaperuna,RJ,2025,0
FTIFO,Febre Tifóide,330410,Porciuncula,RJ,2001,0
FTIFO,Febre Tifóide,330410,Porciuncula,RJ,2003,0
FTIFO,Febre Tifóide,330410,Porciuncula,RJ,2006,0
FTIFO,Febre Tifóide,330410,Porciuncula,RJ,2007,0
FTIFO,Febre Tifóide,330410,Porciuncula,RJ,2008,0
FTIFO,Febre Tifóide,330410,Porciuncula,RJ,2009,0
FTIFO,Febre Tifóide,330410,Porciuncula,RJ,2010,0
FTIFO,Febre Tifóide,330410,Porciuncula,RJ,2011,0
FTIFO,Febre Tifóide,330410,Porciuncula,RJ,2012,0
FTIFO,Febre Tifóide,330410,Porciuncula,RJ,2013,0
FTIFO,Febre Tifóide,330410,Porciuncula,RJ,2014,0
FTIFO,Febre Tifóide,330410,Porciuncula,RJ,2015,1
FTIFO,Febre Tifóide,330410,Porciuncula,RJ,2016,0
FTIFO,Febre Tifóide,330410,Porciuncula,RJ,2017,0
FTIFO,Febre Tifóide,330410,Porciuncula,RJ,2018,0
FTIFO,Febre Tifóide,330410,Porciuncula,RJ,2019,0
FTIFO,Febre Tifóide,330410,Porciuncula,RJ,2020,0
FTIFO,Febre Tifóide,330410,Porciuncula,RJ,2021,0
FTIFO,Febre Tifóide,330410,Porciuncula,RJ,2022,0
FTIFO,Febre Tifóide,330410,Porciuncula,RJ,2023,0
FTIFO,Febre Tifóide,330410,Porciuncula,RJ,2024,0
FTIFO,Febre Tifóide,330410,Porciuncula,RJ,2025,0
FTIFO,Febre Tifóide,330420,Resende,RJ,2001,0
FTIFO,Febre Tifóide,330420,Resende,RJ,2003,0
FTIFO,Febre Tifóide,330420,Resende,RJ,2006,0
FTIFO,Febre Tifóide,330420,Resende,RJ,2007,0
FTIFO,Febre Tifóide,330420,Resende,RJ,2008,0
FTIFO,Febre Tifóide,330420,Resende,RJ,2009,0
FTIFO,Febre Tifóide,330420,Resende,RJ,2010,0
FTIFO,Febre Tifóide,330420,Resende,RJ,2011,0
FTIFO,Febre Tifóide,330420,Resende,RJ,2012,0
FTIFO,Febre Tifóide,330420,Resende,RJ,2013,0
FTIFO,Febre Tifóide,330420,Resende,RJ,2014,0
FTIFO,Febre Tifóide,330420,Resende,RJ,2015,0
FTIFO,Febre Tifóide,330420,Resende,RJ,2016,1
FTIFO,Febre Tifóide,330420,Resende,RJ,2017,0
FTIFO,Febre Tifóide,330420,Resende,RJ,2018,0
FTIFO,Febre Tifóide,330420,Resende,RJ,2019,0
FTIFO,Febre Tifóide,330420,Resende,RJ,2020,0
FTIFO,Febre Tifóide,330420,Resende,RJ,2021,0
FTIFO,Febre Tifóide,330420,Resende,RJ,2022,0
FTIFO,Febre Tifóide,330420,Resende,RJ,2023,0
FTIFO,Febre Tifóide,330420,Resende,RJ,2024,0
FTIFO,Febre Tifóide,330420,Resende,RJ,2025,0
FTIFO,Febre Tifóide,330430,Rio Bonito,RJ,2001,0
FTIFO,Febre Tifóide,330430,Rio Bonito,RJ,2003,0
FTIFO,Febre Tifóide,330430,Rio Bonito,RJ,2006,0
FTIFO,Febre Tifóide,330430,Rio Bonito,RJ,2007,0
FTIFO,Febre Tifóide,330430,Rio Bonito,RJ,2008,0
FTIFO,Febre Tifóide,330430,Rio Bonito,RJ,2009,0
FTIFO,Febre Tifóide,330430,Rio Bonito,RJ,2010,0
FTIFO,Febre Tifóide,330430,Rio Bonito,RJ,2011,0
FTIFO,Febre Tifóide,330430,Rio Bonito,RJ,2012,0
FTIFO,Febre Tifóide,330430,Rio Bonito,RJ,2013,0
FTIFO,Febre Tifóide,330430,Rio Bonito,RJ,2014,0
FTIFO,Febre Tifóide,330430,Rio Bonito,RJ,2015,0
FTIFO,Febre Tifóide,330430,Rio Bonito,RJ,2016,0
FTIFO,Febre Tifóide,330430,Rio Bonito,RJ,2017,0
FTIFO,Febre Tifóide,330430,Rio Bonito,RJ,2018,1
FTIFO,Febre Tifóide,330430,Rio Bonito,RJ,2019,0
FTIFO,Febre Tifóide,330430,Rio Bonito,RJ,2020,0
FTIFO,Febre Tifóide,330430,Rio Bonito,RJ,2021,0
FTIFO,Febre Tifóide,330430,Rio Bonito,RJ,2022,0
FTIFO,Febre Tifóide,330430,Rio Bonito,RJ,2023,0
FTIFO,Febre Tifóide,330430,Rio Bonito,RJ,2024,0
FTIFO,Febre Tifóide,330430,Rio Bonito,RJ,2025,0
FTIFO,Febre Tifóide,330455,Rio de Janeiro,RJ,2001,0
FTIFO,Febre Tifóide,330455,Rio de Janeiro,RJ,2003,0
FTIFO,Febre Tifóide,330455,Rio de Janeiro,RJ,2006,0
FTIFO,Febre Tifóide,330455,Rio de Janeiro,RJ,2007,1
FTIFO,Febre Tifóide,330455,Rio de Janeiro,RJ,2008,6
FTIFO,Febre Tifóide,330455,Rio de Janeiro,RJ,2009,4
FTIFO,Febre Tifóide,330455,Rio de Janeiro,RJ,2010,2
FTIFO,Febre Tifóide,330455,Rio de Janeiro,RJ,2011,2
FTIFO,Febre Tifóide,330455,Rio de Janeiro,RJ,2012,0
FTIFO,Febre Tifóide,330455,Rio de Janeiro,RJ,2013,3
FTIFO,Febre Tifóide,330455,Rio de Janeiro,RJ,2014,0
FTIFO,Febre Tifóide,330455,Rio de Janeiro,RJ,2015,0
FTIFO,Febre Tifóide,330455,Rio de Janeiro,RJ,2016,0
FTIFO,Febre Tifóide,330455,Rio de Janeiro,RJ,2017,2
FTIFO,Febre Tifóide,330455,Rio de Janeiro,RJ,2018,2
FTIFO,Febre Tifóide,330455,Rio de Janeiro,RJ,2019,1
FTIFO,Febre Tifóide,330455,Rio de Janeiro,RJ,2020,0
FTIFO,Febre Tifóide,330455,Rio de Janeiro,RJ,2021,1
FTIFO,Febre Tifóide,330455,Rio de Janeiro,RJ,2022,0
FTIFO,Febre Tifóide,330455,Rio de Janeiro,RJ,2023,0
FTIFO,Febre Tifóide,330455,Rio de Janeiro,RJ,2024,0
FTIFO,Febre Tifóide,330455,Rio de Janeiro,RJ,2025,0
FTIFO,Febre Tifóide,330630,Volta Redonda,RJ,2001,0
FTIFO,Febre Tifóide,330630,Volta Redonda,RJ,2003,0
FTIFO,Febre Tifóide,330630,Volta Redonda,RJ,2006,0
FTIFO,Febre Tifóide,330630,Volta Redonda,RJ,2007,0
FTIFO,Febre Tifóide,330630,Volta Redonda,RJ,2008,0
FTIFO,Febre Tifóide,330630,Volta Redonda,RJ,2009,0
FTIFO,Febre Tifóide,330630,Volta Redonda,RJ,2010,0
FTIFO,Febre Tifóide,330630,Volta Redonda,RJ,2011,0
FTIFO,Febre Tifóide,330630,Volta Redonda,RJ,2012,0
FTIFO,Febre Tifóide,330630,Volta Redonda,RJ,2013,0
FTIFO,Febre Tifóide,330630,Volta Redonda,RJ,2014,0
FTIFO,Febre Tifóide,330630,Volta Redonda,RJ,2015,1
FTIFO,Febre Tifóide,330630,Volta Redonda,RJ,2016,0
FTIFO,Febre Tifóide,330630,Volta Redonda,RJ,2017,0
FTIFO,Febre Tifóide,330630,Volta Redonda,RJ,2018,0
FTIFO,Febre Tifóide,330630,Volta Redonda,RJ,2019,0
FTIFO,Febre Tifóide,330630,Volta Redonda,RJ,2020,0
FTIFO,Febre Tifóide,330630,Volta Redonda,RJ,2021,0
FTIFO,Febre Tifóide,330630,Volta Redonda,RJ,2022,0
FTIFO,Febre Tifóide,330630,Volta Redonda,RJ,2023,0
FTIFO,Febre Tifóide,330630,Volta Redonda,RJ,2024,0
FTIFO,Febre Tifóide,330630,Volta Redonda,RJ,2025,0
FTIFO,Febre Tifóide,240800,Mossoro,RN,2001,0
FTIFO,Febre Tifóide,240800,Mossoro,RN,2003,0
FTIFO,Febre Tifóide,240800,Mossoro,RN,2006,0
FTIFO,Febre Tifóide,240800,Mossoro,RN,2007,0
FTIFO,Febre Tifóide,240800,Mossoro,RN,2008,0
FTIFO,Febre Tifóide,240800,Mossoro,RN,2009,0
FTIFO,Febre Tifóide,240800,Mossoro,RN,2010,0
FTIFO,Febre Tifóide,240800,Mossoro,RN,2011,0
FTIFO,Febre Tifóide,240800,Mossoro,RN,2012,0
FTIFO,Febre Tifóide,240800,Mossoro,RN,2013,1
FTIFO,Febre Tifóide,240800,Mossoro,RN,2014,0
FTIFO,Febre Tifóide,240800,Mossoro,RN,2015,0
FTIFO,Febre Tifóide,240800,Mossoro,RN,2016,0
FTIFO,Febre Tifóide,240800,Mossoro,RN,2017,0
FTIFO,Febre Tifóide,240800,Mossoro,RN,2018,0
FTIFO,Febre Tifóide,240800,Mossoro,RN,2019,0
FTIFO,Febre Tifóide,240800,Mossoro,RN,2020,0
FTIFO,Febre Tifóide,240800,Mossoro,RN,2021,0
FTIFO,Febre Tifóide,240800,Mossoro,RN,2022,0
FTIFO,Febre Tifóide,240800,Mossoro,RN,2023,0
FTIFO,Febre Tifóide,240800,Mossoro,RN,2024,0
FTIFO,Febre Tifóide,240800,Mossoro,RN,2025,0
FTIFO,Febre Tifóide,240810,Natal,RN,2001,0
FTIFO,Febre Tifóide,240810,Natal,RN,2003,0
FTIFO,Febre Tifóide,240810,Natal,RN,2006,0
FTIFO,Febre Tifóide,240810,Natal,RN,2007,2
FTIFO,Febre Tifóide,240810,Natal,RN,2008,3
FTIFO,Febre Tifóide,240810,Natal,RN,2009,1
FTIFO,Febre Tifóide,240810,Natal,RN,2010,1
FTIFO,Febre Tifóide,240810,Natal,RN,2011,2
FTIFO,Febre Tifóide,240810,Natal,RN,2012,0
FTIFO,Febre Tifóide,240810,Natal,RN,2013,1
FTIFO,Febre Tifóide,240810,Natal,RN,2014,0
FTIFO,Febre Tifóide,240810,Natal,RN,2015,0
FTIFO,Febre Tifóide,240810,Natal,RN,2016,0
FTIFO,Febre Tifóide,240810,Natal,RN,2017,0
FTIFO,Febre Tifóide,240810,Natal,RN,2018,1
FTIFO,Febre Tifóide,240810,Natal,RN,2019,0
FTIFO,Febre Tifóide,240810,Natal,RN,2020,0
FTIFO,Febre Tifóide,240810,Natal,RN,2021,0
FTIFO,Febre Tifóide,240810,Natal,RN,2022,0
FTIFO,Febre Tifóide,240810,Natal,RN,2023,1
FTIFO,Febre Tifóide,240810,Natal,RN,2024,0
FTIFO,Febre Tifóide,240810,Natal,RN,2025,0
FTIFO,Febre Tifóide,241355,Serrinha Dos Pintos,RN,2001,0
FTIFO,Febre Tifóide,241355,Serrinha Dos Pintos,RN,2003,0
FTIFO,Febre Tifóide,241355,Serrinha Dos Pintos,RN,2006,0
FTIFO,Febre Tifóide,241355,Serrinha Dos Pintos,RN,2007,0
FTIFO,Febre Tifóide,241355,Serrinha Dos Pintos,RN,2008,0
FTIFO,Febre Tifóide,241355,Serrinha Dos Pintos,RN,2009,0
FTIFO,Febre Tifóide,241355,Serrinha Dos Pintos,RN,2010,0
FTIFO,Febre Tifóide,241355,Serrinha Dos Pintos,RN,2011,0
FTIFO,Febre Tifóide,241355,Serrinha Dos Pintos,RN,2012,0
FTIFO,Febre Tifóide,241355,Serrinha Dos Pintos,RN,2013,0
FTIFO,Febre Tifóide,241355,Serrinha Dos Pintos,RN,2014,0
FTIFO,Febre Tifóide,241355,Serrinha Dos Pintos,RN,2015,1
FTIFO,Febre Tifóide,241355,Serrinha Dos Pintos,RN,2016,0
FTIFO,Febre Tifóide,241355,Serrinha Dos Pintos,RN,2017,0
FTIFO,Febre Tifóide,241355,Serrinha Dos Pintos,RN,2018,0
FTIFO,Febre Tifóide,241355,Serrinha Dos Pintos,RN,2019,0
FTIFO,Febre Tifóide,241355,Serrinha Dos Pintos,RN,2020,0
FTIFO,Febre Tifóide,241355,Serrinha Dos Pintos,RN,2021,0
FTIFO,Febre Tifóide,241355,Serrinha Dos Pintos,RN,2022,0
FTIFO,Febre Tifóide,241355,Serrinha Dos Pintos,RN,2023,0
FTIFO,Febre Tifóide,241355,Serrinha Dos Pintos,RN,2024,0
FTIFO,Febre Tifóide,241355,Serrinha Dos Pintos,RN,2025,0
FTIFO,Febre Tifóide,110012,Ji-parana,RO,2001,0
FTIFO,Febre Tifóide,110012,Ji-parana,RO,2003,0
FTIFO,Febre Tifóide,110012,Ji-parana,RO,2006,0
FTIFO,Febre Tifóide,110012,Ji-parana,RO,2007,0
FTIFO,Febre Tifóide,110012,Ji-parana,RO,2008,0
FTIFO,Febre Tifóide,110012,Ji-parana,RO,2009,0
FTIFO,Febre Tifóide,110012,Ji-parana,RO,2010,0
FTIFO,Febre Tifóide,110012,Ji-parana,RO,2011,0
FTIFO,Febre Tifóide,110012,Ji-parana,RO,2012,0
FTIFO,Febre Tifóide,110012,Ji-parana,RO,2013,0
FTIFO,Febre Tifóide,110012,Ji-parana,RO,2014,0
FTIFO,Febre Tifóide,110012,Ji-parana,RO,2015,0
FTIFO,Febre Tifóide,110012,Ji-parana,RO,2016,1
FTIFO,Febre Tifóide,110012,Ji-parana,RO,2017,0
FTIFO,Febre Tifóide,110012,Ji-parana,RO,2018,0
FTIFO,Febre Tifóide,110012,Ji-parana,RO,2019,0
FTIFO,Febre Tifóide,110012,Ji-parana,RO,2020,0
FTIFO,Febre Tifóide,110012,Ji-parana,RO,2021,0
FTIFO,Febre Tifóide,110012,Ji-parana,RO,2022,0
FTIFO,Febre Tifóide,110012,Ji-parana,RO,2023,0
FTIFO,Febre Tifóide,110012,Ji-parana,RO,2024,0
FTIFO,Febre Tifóide,110012,Ji-parana,RO,2025,0
FTIFO,Febre Tifóide,110020,Porto Velho,RO,2001,0
FTIFO,Febre Tifóide,110020,Porto Velho,RO,2003,0
FTIFO,Febre Tifóide,110020,Porto Velho,RO,2006,0
FTIFO,Febre Tifóide,110020,Porto Velho,RO,2007,1
FTIFO,Febre Tifóide,110020,Porto Velho,RO,2008,1
FTIFO,Febre Tifóide,110020,Porto Velho,RO,2009,0
FTIFO,Febre Tifóide,110020,Porto Velho,RO,2010,0
FTIFO,Febre Tifóide,110020,Porto Velho,RO,2011,0
FTIFO,Febre Tifóide,110020,Porto Velho,RO,2012,0
FTIFO,Febre Tifóide,110020,Porto Velho,RO,2013,0
FTIFO,Febre Tifóide,110020,Porto Velho,RO,2014,2
FTIFO,Febre Tifóide,110020,Porto Velho,RO,2015,0
FTIFO,Febre Tifóide,110020,Porto Velho,RO,2016,0
FTIFO,Febre Tifóide,110020,Porto Velho,RO,2017,0
FTIFO,Febre Tifóide,110020,Porto Velho,RO,2018,1
FTIFO,Febre Tifóide,110020,Porto Velho,RO,2019,1
FTIFO,Febre Tifóide,110020,Porto Velho,RO,2020,0
FTIFO,Febre Tifóide,110020,Porto Velho,RO,2021,0
FTIFO,Febre Tifóide,110020,Porto Velho,RO,2022,0
FTIFO,Febre Tifóide,110020,Porto Velho,RO,2023,0
FTIFO,Febre Tifóide,110020,Porto Velho,RO,2024,0
FTIFO,Febre Tifóide,110020,Porto Velho,RO,2025,0
FTIFO,Febre Tifóide,110030,Vilhena,RO,2001,0
FTIFO,Febre Tifóide,110030,Vilhena,RO,2003,0
FTIFO,Febre Tifóide,110030,Vilhena,RO,2006,0
FTIFO,Febre Tifóide,110030,Vilhena,RO,2007,1
FTIFO,Febre Tifóide,110030,Vilhena,RO,2008,0
FTIFO,Febre Tifóide,110030,Vilhena,RO,2009,0
FTIFO,Febre Tifóide,110030,Vilhena,RO,2010,4
FTIFO,Febre Tifóide,110030,Vilhena,RO,2011,1
FTIFO,Febre Tifóide,110030,Vilhena,RO,2012,0
FTIFO,Febre Tifóide,110030,Vilhena,RO,2013,0
FTIFO,Febre Tifóide,110030,Vilhena,RO,2014,2
FTIFO,Febre Tifóide,110030,Vilhena,RO,2015,0
FTIFO,Febre Tifóide,110030,Vilhena,RO,2016,0
FTIFO,Febre Tifóide,110030,Vilhena,RO,2017,0
FTIFO,Febre Tifóide,110030,Vilhena,RO,2018,0
FTIFO,Febre Tifóide,110030,Vilhena,RO,2019,0
FTIFO,Febre Tifóide,110030,Vilhena,RO,2020,0
FTIFO,Febre Tifóide,110030,Vilhena,RO,2021,0
FTIFO,Febre Tifóide,110030,Vilhena,RO,2022,0
FTIFO,Febre Tifóide,110030,Vilhena,RO,2023,0
FTIFO,Febre Tifóide,110030,Vilhena,RO,2024,0
FTIFO,Febre Tifóide,110030,Vilhena,RO,2025,0
FTIFO,Febre Tifóide,140010,Boa Vista,RR,2001,0
FTIFO,Febre Tifóide,140010,Boa Vista,RR,2003,0
FTIFO,Febre Tifóide,140010,Boa Vista,RR,2006,0
FTIFO,Febre Tifóide,140010,Boa Vista,RR,2007,0
FTIFO,Febre Tifóide,140010,Boa Vista,RR,2008,0
FTIFO,Febre Tifóide,140010,Boa Vista,RR,2009,0
FTIFO,Febre Tifóide,140010,Boa Vista,RR,2010,0
FTIFO,Febre Tifóide,140010,Boa Vista,RR,2011,0
FTIFO,Febre Tifóide,140010,Boa Vista,RR,2012,0
FTIFO,Febre Tifóide,140010,Boa Vista,RR,2013,0
FTIFO,Febre Tifóide,140010,Boa Vista,RR,2014,0
FTIFO,Febre Tifóide,140010,Boa Vista,RR,2015,0
FTIFO,Febre Tifóide,140010,Boa Vista,RR,2016,0
FTIFO,Febre Tifóide,140010,Boa Vista,RR,2017,0
FTIFO,Febre Tifóide,140010,Boa Vista,RR,2018,0
FTIFO,Febre Tifóide,140010,Boa Vista,RR,2019,0
FTIFO,Febre Tifóide,140010,Boa Vista,RR,2020,0
FTIFO,Febre Tifóide,140010,Boa Vista,RR,2021,0
FTIFO,Febre Tifóide,140010,Boa Vista,RR,2022,0
FTIFO,Febre Tifóide,140010,Boa Vista,RR,2023,0
FTIFO,Febre Tifóide,140010,Boa Vista,RR,2024,0
FTIFO,Febre Tifóide,140010,Boa Vista,RR,2025,1
FTIFO,Febre Tifóide,140047,Rorainopolis,RR,2001,0
FTIFO,Febre Tifóide,140047,Rorainopolis,RR,2003,0
FTIFO,Febre Tifóide,140047,Rorainopolis,RR,2006,0
FTIFO,Febre Tifóide,140047,Rorainopolis,RR,2007,1
FTIFO,Febre Tifóide,140047,Rorainopolis,RR,2008,0
FTIFO,Febre Tifóide,140047,Rorainopolis,RR,2009,0
FTIFO,Febre Tifóide,140047,Rorainopolis,RR,2010,0
FTIFO,Febre Tifóide,140047,Rorainopolis,RR,2011,0
FTIFO,Febre Tifóide,140047,Rorainopolis,RR,2012,0
FTIFO,Febre Tifóide,140047,Rorainopolis,RR,2013,0
FTIFO,Febre Tifóide,140047,Rorainopolis,RR,2014,0
FTIFO,Febre Tifóide,140047,Rorainopolis,RR,2015,0
FTIFO,Febre Tifóide,140047,Rorainopolis,RR,2016,0
FTIFO,Febre Tifóide,140047,Rorainopolis,RR,2017,0
FTIFO,Febre Tifóide,140047,Rorainopolis,RR,2018,0
FTIFO,Febre Tifóide,140047,Rorainopolis,RR,2019,0
FTIFO,Febre Tifóide,140047,Rorainopolis,RR,2020,0
FTIFO,Febre Tifóide,140047,Rorainopolis,RR,2021,0
FTIFO,Febre Tifóide,140047,Rorainopolis,RR,2022,0
FTIFO,Febre Tifóide,140047,Rorainopolis,RR,2023,0
FTIFO,Febre Tifóide,140047,Rorainopolis,RR,2024,0
FTIFO,Febre Tifóide,140047,Rorainopolis,RR,2025,0
FTIFO,Febre Tifóide,431046,Ipiranga do Sul,RS,2001,0
FTIFO,Febre Tifóide,431046,Ipiranga do Sul,RS,2003,0
FTIFO,Febre Tifóide,431046,Ipiranga do Sul,RS,2006,0
FTIFO,Febre Tifóide,431046,Ipiranga do Sul,RS,2007,0
FTIFO,Febre Tifóide,431046,Ipiranga do Sul,RS,2008,0
FTIFO,Febre Tifóide,431046,Ipiranga do Sul,RS,2009,0
FTIFO,Febre Tifóide,431046,Ipiranga do Sul,RS,2010,0
FTIFO,Febre Tifóide,431046,Ipiranga do Sul,RS,2011,1
FTIFO,Febre Tifóide,431046,Ipiranga do Sul,RS,2012,0
FTIFO,Febre Tifóide,431046,Ipiranga do Sul,RS,2013,0
FTIFO,Febre Tifóide,431046,Ipiranga do Sul,RS,2014,0
FTIFO,Febre Tifóide,431046,Ipiranga do Sul,RS,2015,0
FTIFO,Febre Tifóide,431046,Ipiranga do Sul,RS,2016,0
FTIFO,Febre Tifóide,431046,Ipiranga do Sul,RS,2017,0
FTIFO,Febre Tifóide,431046,Ipiranga do Sul,RS,2018,0
FTIFO,Febre Tifóide,431046,Ipiranga do Sul,RS,2019,0
FTIFO,Febre Tifóide,431046,Ipiranga do Sul,RS,2020,0
FTIFO,Febre Tifóide,431046,Ipiranga do Sul,RS,2021,0
FTIFO,Febre Tifóide,431046,Ipiranga do Sul,RS,2022,0
FTIFO,Febre Tifóide,431046,Ipiranga do Sul,RS,2023,0
FTIFO,Febre Tifóide,431046,Ipiranga do Sul,RS,2024,0
FTIFO,Febre Tifóide,431046,Ipiranga do Sul,RS,2025,0
FTIFO,Febre Tifóide,431410,Passo Fundo,RS,2001,0
FTIFO,Febre Tifóide,431410,Passo Fundo,RS,2003,0
FTIFO,Febre Tifóide,431410,Passo Fundo,RS,2006,0
FTIFO,Febre Tifóide,431410,Passo Fundo,RS,2007,0
FTIFO,Febre Tifóide,431410,Passo Fundo,RS,2008,0
FTIFO,Febre Tifóide,431410,Passo Fundo,RS,2009,0
FTIFO,Febre Tifóide,431410,Passo Fundo,RS,2010,0
FTIFO,Febre Tifóide,431410,Passo Fundo,RS,2011,0
FTIFO,Febre Tifóide,431410,Passo Fundo,RS,2012,1
FTIFO,Febre Tifóide,431410,Passo Fundo,RS,2013,0
FTIFO,Febre Tifóide,431410,Passo Fundo,RS,2014,0
FTIFO,Febre Tifóide,431410,Passo Fundo,RS,2015,0
FTIFO,Febre Tifóide,431410,Passo Fundo,RS,2016,0
FTIFO,Febre Tifóide,431410,Passo Fundo,RS,2017,0
FTIFO,Febre Tifóide,431410,Passo Fundo,RS,2018,0
FTIFO,Febre Tifóide,431410,Passo Fundo,RS,2019,0
FTIFO,Febre Tifóide,431410,Passo Fundo,RS,2020,0
FTIFO,Febre Tifóide,431410,Passo Fundo,RS,2021,0
FTIFO,Febre Tifóide,431410,Passo Fundo,RS,2022,0
FTIFO,Febre Tifóide,431410,Passo Fundo,RS,2023,0
FTIFO,Febre Tifóide,431410,Passo Fundo,RS,2024,0
FTIFO,Febre Tifóide,431410,Passo Fundo,RS,2025,0
FTIFO,Febre Tifóide,431560,Rio Grande,RS,2001,0
FTIFO,Febre Tifóide,431560,Rio Grande,RS,2003,0
FTIFO,Febre Tifóide,431560,Rio Grande,RS,2006,0
FTIFO,Febre Tifóide,431560,Rio Grande,RS,2007,0
FTIFO,Febre Tifóide,431560,Rio Grande,RS,2008,0
FTIFO,Febre Tifóide,431560,Rio Grande,RS,2009,0
FTIFO,Febre Tifóide,431560,Rio Grande,RS,2010,0
FTIFO,Febre Tifóide,431560,Rio Grande,RS,2011,0
FTIFO,Febre Tifóide,431560,Rio Grande,RS,2012,0
FTIFO,Febre Tifóide,431560,Rio Grande,RS,2013,0
FTIFO,Febre Tifóide,431560,Rio Grande,RS,2014,0
FTIFO,Febre Tifóide,431560,Rio Grande,RS,2015,0
FTIFO,Febre Tifóide,431560,Rio Grande,RS,2016,0
FTIFO,Febre Tifóide,431560,Rio Grande,RS,2017,0
FTIFO,Febre Tifóide,431560,Rio Grande,RS,2018,0
FTIFO,Febre Tifóide,431560,Rio Grande,RS,2019,0
FTIFO,Febre Tifóide,431560,Rio Grande,RS,2020,0
FTIFO,Febre Tifóide,431560,Rio Grande,RS,2021,0
FTIFO,Febre Tifóide,431560,Rio Grande,RS,2022,0
FTIFO,Febre Tifóide,431560,Rio Grande,RS,2023,1
FTIFO,Febre Tifóide,431560,Rio Grande,RS,2024,0
FTIFO,Febre Tifóide,431560,Rio Grande,RS,2025,0
FTIFO,Febre Tifóide,431690,Santa Maria,RS,2001,0
FTIFO,Febre Tifóide,431690,Santa Maria,RS,2003,0
FTIFO,Febre Tifóide,431690,Santa Maria,RS,2006,0
FTIFO,Febre Tifóide,431690,Santa Maria,RS,2007,0
FTIFO,Febre Tifóide,431690,Santa Maria,RS,2008,1
FTIFO,Febre Tifóide,431690,Santa Maria,RS,2009,0
FTIFO,Febre Tifóide,431690,Santa Maria,RS,2010,0
FTIFO,Febre Tifóide,431690,Santa Maria,RS,2011,0
FTIFO,Febre Tifóide,431690,Santa Maria,RS,2012,0
FTIFO,Febre Tifóide,431690,Santa Maria,RS,2013,0
FTIFO,Febre Tifóide,431690,Santa Maria,RS,2014,0
FTIFO,Febre Tifóide,431690,Santa Maria,RS,2015,0
FTIFO,Febre Tifóide,431690,Santa Maria,RS,2016,0
FTIFO,Febre Tifóide,431690,Santa Maria,RS,2017,0
FTIFO,Febre Tifóide,431690,Santa Maria,RS,2018,0
FTIFO,Febre Tifóide,431690,Santa Maria,RS,2019,0
FTIFO,Febre Tifóide,431690,Santa Maria,RS,2020,0
FTIFO,Febre Tifóide,431690,Santa Maria,RS,2021,0
FTIFO,Febre Tifóide,431690,Santa Maria,RS,2022,0
FTIFO,Febre Tifóide,431690,Santa Maria,RS,2023,0
FTIFO,Febre Tifóide,431690,Santa Maria,RS,2024,0
FTIFO,Febre Tifóide,431690,Santa Maria,RS,2025,0
FTIFO,Febre Tifóide,432240,Uruguaiana,RS,2001,0
FTIFO,Febre Tifóide,432240,Uruguaiana,RS,2003,0
FTIFO,Febre Tifóide,432240,Uruguaiana,RS,2006,0
FTIFO,Febre Tifóide,432240,Uruguaiana,RS,2007,0
FTIFO,Febre Tifóide,432240,Uruguaiana,RS,2008,0
FTIFO,Febre Tifóide,432240,Uruguaiana,RS,2009,0
FTIFO,Febre Tifóide,432240,Uruguaiana,RS,2010,0
FTIFO,Febre Tifóide,432240,Uruguaiana,RS,2011,0
FTIFO,Febre Tifóide,432240,Uruguaiana,RS,2012,0
FTIFO,Febre Tifóide,432240,Uruguaiana,RS,2013,0
FTIFO,Febre Tifóide,432240,Uruguaiana,RS,2014,0
FTIFO,Febre Tifóide,432240,Uruguaiana,RS,2015,0
FTIFO,Febre Tifóide,432240,Uruguaiana,RS,2016,0
FTIFO,Febre Tifóide,432240,Uruguaiana,RS,2017,0
FTIFO,Febre Tifóide,432240,Uruguaiana,RS,2018,1
FTIFO,Febre Tifóide,432240,Uruguaiana,RS,2019,0
FTIFO,Febre Tifóide,432240,Uruguaiana,RS,2020,0
FTIFO,Febre Tifóide,432240,Uruguaiana,RS,2021,0
FTIFO,Febre Tifóide,432240,Uruguaiana,RS,2022,0
FTIFO,Febre Tifóide,432240,Uruguaiana,RS,2023,0
FTIFO,Febre Tifóide,432240,Uruguaiana,RS,2024,0
FTIFO,Febre Tifóide,432240,Uruguaiana,RS,2025,0
FTIFO,Febre Tifóide,420420,Chapeco,SC,2001,0
FTIFO,Febre Tifóide,420420,Chapeco,SC,2003,0
FTIFO,Febre Tifóide,420420,Chapeco,SC,2006,0
FTIFO,Febre Tifóide,420420,Chapeco,SC,2007,1
FTIFO,Febre Tifóide,420420,Chapeco,SC,2008,0
FTIFO,Febre Tifóide,420420,Chapeco,SC,2009,1
FTIFO,Febre Tifóide,420420,Chapeco,SC,2010,1
FTIFO,Febre Tifóide,420420,Chapeco,SC,2011,0
FTIFO,Febre Tifóide,420420,Chapeco,SC,2012,0
FTIFO,Febre Tifóide,420420,Chapeco,SC,2013,0
FTIFO,Febre Tifóide,420420,Chapeco,SC,2014,0
FTIFO,Febre Tifóide,420420,Chapeco,SC,2015,0
FTIFO,Febre Tifóide,420420,Chapeco,SC,2016,0
FTIFO,Febre Tifóide,420420,Chapeco,SC,2017,0
FTIFO,Febre Tifóide,420420,Chapeco,SC,2018,0
FTIFO,Febre Tifóide,420420,Chapeco,SC,2019,0
FTIFO,Febre Tifóide,420420,Chapeco,SC,2020,0
FTIFO,Febre Tifóide,420420,Chapeco,SC,2021,0
FTIFO,Febre Tifóide,420420,Chapeco,SC,2022,0
FTIFO,Febre Tifóide,420420,Chapeco,SC,2023,0
FTIFO,Febre Tifóide,420420,Chapeco,SC,2024,0
FTIFO,Febre Tifóide,420420,Chapeco,SC,2025,0
FTIFO,Febre Tifóide,420430,Concordia,SC,2001,0
FTIFO,Febre Tifóide,420430,Concordia,SC,2003,0
FTIFO,Febre Tifóide,420430,Concordia,SC,2006,0
FTIFO,Febre Tifóide,420430,Concordia,SC,2007,0
FTIFO,Febre Tifóide,420430,Concordia,SC,2008,0
FTIFO,Febre Tifóide,420430,Concordia,SC,2009,2
FTIFO,Febre Tifóide,420430,Concordia,SC,2010,1
FTIFO,Febre Tifóide,420430,Concordia,SC,2011,0
FTIFO,Febre Tifóide,420430,Concordia,SC,2012,0
FTIFO,Febre Tifóide,420430,Concordia,SC,2013,0
FTIFO,Febre Tifóide,420430,Concordia,SC,2014,0
FTIFO,Febre Tifóide,420430,Concordia,SC,2015,0
FTIFO,Febre Tifóide,420430,Concordia,SC,2016,0
FTIFO,Febre Tifóide,420430,Concordia,SC,2017,0
FTIFO,Febre Tifóide,420430,Concordia,SC,2018,0
FTIFO,Febre Tifóide,420430,Concordia,SC,2019,0
FTIFO,Febre Tifóide,420430,Concordia,SC,2020,0
FTIFO,Febre Tifóide,420430,Concordia,SC,2021,0
FTIFO,Febre Tifóide,420430,Concordia,SC,2022,0
FTIFO,Febre Tifóide,420430,Concordia,SC,2023,0
FTIFO,Febre Tifóide,420430,Concordia,SC,2024,0
FTIFO,Febre Tifóide,420430,Concordia,SC,2025,0
FTIFO,Febre Tifóide,420540,Florianopolis,SC,2001,0
FTIFO,Febre Tifóide,420540,Florianopolis,SC,2003,0
FTIFO,Febre Tifóide,420540,Florianopolis,SC,2006,0
FTIFO,Febre Tifóide,420540,Florianopolis,SC,2007,0
FTIFO,Febre Tifóide,420540,Florianopolis,SC,2008,0
FTIFO,Febre Tifóide,420540,Florianopolis,SC,2009,1
FTIFO,Febre Tifóide,420540,Florianopolis,SC,2010,0
FTIFO,Febre Tifóide,420540,Florianopolis,SC,2011,0
FTIFO,Febre Tifóide,420540,Florianopolis,SC,2012,0
FTIFO,Febre Tifóide,420540,Florianopolis,SC,2013,0
FTIFO,Febre Tifóide,420540,Florianopolis,SC,2014,0
FTIFO,Febre Tifóide,420540,Florianopolis,SC,2015,1
FTIFO,Febre Tifóide,420540,Florianopolis,SC,2016,0
FTIFO,Febre Tifóide,420540,Florianopolis,SC,2017,0
FTIFO,Febre Tifóide,420540,Florianopolis,SC,2018,0
FTIFO,Febre Tifóide,420540,Florianopolis,SC,2019,0
FTIFO,Febre Tifóide,420540,Florianopolis,SC,2020,0
FTIFO,Febre Tifóide,420540,Florianopolis,SC,2021,0
FTIFO,Febre Tifóide,420540,Florianopolis,SC,2022,0
FTIFO,Febre Tifóide,420540,Florianopolis,SC,2023,0
FTIFO,Febre Tifóide,420540,Florianopolis,SC,2024,0
FTIFO,Febre Tifóide,420540,Florianopolis,SC,2025,0
FTIFO,Febre Tifóide,420675,Ibiam,SC,2001,0
FTIFO,Febre Tifóide,420675,Ibiam,SC,2003,0
FTIFO,Febre Tifóide,420675,Ibiam,SC,2006,0
FTIFO,Febre Tifóide,420675,Ibiam,SC,2007,0
FTIFO,Febre Tifóide,420675,Ibiam,SC,2008,0
FTIFO,Febre Tifóide,420675,Ibiam,SC,2009,0
FTIFO,Febre Tifóide,420675,Ibiam,SC,2010,1
FTIFO,Febre Tifóide,420675,Ibiam,SC,2011,0
FTIFO,Febre Tifóide,420675,Ibiam,SC,2012,0
FTIFO,Febre Tifóide,420675,Ibiam,SC,2013,0
FTIFO,Febre Tifóide,420675,Ibiam,SC,2014,0
FTIFO,Febre Tifóide,420675,Ibiam,SC,2015,0
FTIFO,Febre Tifóide,420675,Ibiam,SC,2016,0
FTIFO,Febre Tifóide,420675,Ibiam,SC,2017,0
FTIFO,Febre Tifóide,420675,Ibiam,SC,2018,0
FTIFO,Febre Tifóide,420675,Ibiam,SC,2019,0
FTIFO,Febre Tifóide,420675,Ibiam,SC,2020,0
FTIFO,Febre Tifóide,420675,Ibiam,SC,2021,0
FTIFO,Febre Tifóide,420675,Ibiam,SC,2022,0
FTIFO,Febre Tifóide,420675,Ibiam,SC,2023,0
FTIFO,Febre Tifóide,420675,Ibiam,SC,2024,0
FTIFO,Febre Tifóide,420675,Ibiam,SC,2025,0
FTIFO,Febre Tifóide,420770,Ipumirim,SC,2001,0
FTIFO,Febre Tifóide,420770,Ipumirim,SC,2003,0
FTIFO,Febre Tifóide,420770,Ipumirim,SC,2006,0
FTIFO,Febre Tifóide,420770,Ipumirim,SC,2007,0
FTIFO,Febre Tifóide,420770,Ipumirim,SC,2008,0
FTIFO,Febre Tifóide,420770,Ipumirim,SC,2009,1
FTIFO,Febre Tifóide,420770,Ipumirim,SC,2010,0
FTIFO,Febre Tifóide,420770,Ipumirim,SC,2011,0
FTIFO,Febre Tifóide,420770,Ipumirim,SC,2012,0
FTIFO,Febre Tifóide,420770,Ipumirim,SC,2013,0
FTIFO,Febre Tifóide,420770,Ipumirim,SC,2014,0
FTIFO,Febre Tifóide,420770,Ipumirim,SC,2015,0
FTIFO,Febre Tifóide,420770,Ipumirim,SC,2016,0
FTIFO,Febre Tifóide,420770,Ipumirim,SC,2017,0
FTIFO,Febre Tifóide,420770,Ipumirim,SC,2018,0
FTIFO,Febre Tifóide,420770,Ipumirim,SC,2019,0
FTIFO,Febre Tifóide,420770,Ipumirim,SC,2020,0
FTIFO,Febre Tifóide,420770,Ipumirim,SC,2021,0
FTIFO,Febre Tifóide,420770,Ipumirim,SC,2022,0
FTIFO,Febre Tifóide,420770,Ipumirim,SC,2023,0
FTIFO,Febre Tifóide,420770,Ipumirim,SC,2024,0
FTIFO,Febre Tifóide,420770,Ipumirim,SC,2025,0
FTIFO,Febre Tifóide,421310,Piratuba,SC,2001,0
FTIFO,Febre Tifóide,421310,Piratuba,SC,2003,0
FTIFO,Febre Tifóide,421310,Piratuba,SC,2006,0
FTIFO,Febre Tifóide,421310,Piratuba,SC,2007,0
FTIFO,Febre Tifóide,421310,Piratuba,SC,2008,1
FTIFO,Febre Tifóide,421310,Piratuba,SC,2009,0
FTIFO,Febre Tifóide,421310,Piratuba,SC,2010,0
FTIFO,Febre Tifóide,421310,Piratuba,SC,2011,0
FTIFO,Febre Tifóide,421310,Piratuba,SC,2012,0
FTIFO,Febre Tifóide,421310,Piratuba,SC,2013,0
FTIFO,Febre Tifóide,421310,Piratuba,SC,2014,0
FTIFO,Febre Tifóide,421310,Piratuba,SC,2015,0
FTIFO,Febre Tifóide,421310,Piratuba,SC,2016,0
FTIFO,Febre Tifóide,421310,Piratuba,SC,2017,0
FTIFO,Febre Tifóide,421310,Piratuba,SC,2018,0
FTIFO,Febre Tifóide,421310,Piratuba,SC,2019,0
FTIFO,Febre Tifóide,421310,Piratuba,SC,2020,0
FTIFO,Febre Tifóide,421310,Piratuba,SC,2021,0
FTIFO,Febre Tifóide,421310,Piratuba,SC,2022,0
FTIFO,Febre Tifóide,421310,Piratuba,SC,2023,0
FTIFO,Febre Tifóide,421310,Piratuba,SC,2024,0
FTIFO,Febre Tifóide,421310,Piratuba,SC,2025,0
FTIFO,Febre Tifóide,421570,Santo Amaro da Imperatriz,SC,2001,0
FTIFO,Febre Tifóide,421570,Santo Amaro da Imperatriz,SC,2003,0
FTIFO,Febre Tifóide,421570,Santo Amaro da Imperatriz,SC,2006,1
FTIFO,Febre Tifóide,421570,Santo Amaro da Imperatriz,SC,2007,3
FTIFO,Febre Tifóide,421570,Santo Amaro da Imperatriz,SC,2008,0
FTIFO,Febre Tifóide,421570,Santo Amaro da Imperatriz,SC,2009,0
FTIFO,Febre Tifóide,421570,Santo Amaro da Imperatriz,SC,2010,0
FTIFO,Febre Tifóide,421570,Santo Amaro da Imperatriz,SC,2011,0
FTIFO,Febre Tifóide,421570,Santo Amaro da Imperatriz,SC,2012,0
FTIFO,Febre Tifóide,421570,Santo Amaro da Imperatriz,SC,2013,0
FTIFO,Febre Tifóide,421570,Santo Amaro da Imperatriz,SC,2014,0
FTIFO,Febre Tifóide,421570,Santo Amaro da Imperatriz,SC,2015,0
FTIFO,Febre Tifóide,421570,Santo Amaro da Imperatriz,SC,2016,0
FTIFO,Febre Tifóide,421570,Santo Amaro da Imperatriz,SC,2017,0
FTIFO,Febre Tifóide,421570,Santo Amaro da Imperatriz,SC,2018,0
FTIFO,Febre Tifóide,421570,Santo Amaro da Imperatriz,SC,2019,0
FTIFO,Febre Tifóide,421570,Santo Amaro da Imperatriz,SC,2020,0
FTIFO,Febre Tifóide,421570,Santo Amaro da Imperatriz,SC,2021,0
FTIFO,Febre Tifóide,421570,Santo Amaro da Imperatriz,SC,2022,0
FTIFO,Febre Tifóide,421570,Santo Amaro da Imperatriz,SC,2023,0
FTIFO,Febre Tifóide,421570,Santo Amaro da Imperatriz,SC,2024,0
FTIFO,Febre Tifóide,421570,Santo Amaro da Imperatriz,SC,2025,0
FTIFO,Febre Tifóide,421780,Taio,SC,2001,0
FTIFO,Febre Tifóide,421780,Taio,SC,2003,0
FTIFO,Febre Tifóide,421780,Taio,SC,2006,0
FTIFO,Febre Tifóide,421780,Taio,SC,2007,0
FTIFO,Febre Tifóide,421780,Taio,SC,2008,0
FTIFO,Febre Tifóide,421780,Taio,SC,2009,0
FTIFO,Febre Tifóide,421780,Taio,SC,2010,0
FTIFO,Febre Tifóide,421780,Taio,SC,2011,1
FTIFO,Febre Tifóide,421780,Taio,SC,2012,0
FTIFO,Febre Tifóide,421780,Taio,SC,2013,0
FTIFO,Febre Tifóide,421780,Taio,SC,2014,0
FTIFO,Febre Tifóide,421780,Taio,SC,2015,0
FTIFO,Febre Tifóide,421780,Taio,SC,2016,0
FTIFO,Febre Tifóide,421780,Taio,SC,2017,0
FTIFO,Febre Tifóide,421780,Taio,SC,2018,0
FTIFO,Febre Tifóide,421780,Taio,SC,2019,0
FTIFO,Febre Tifóide,421780,Taio,SC,2020,0
FTIFO,Febre Tifóide,421780,Taio,SC,2021,0
FTIFO,Febre Tifóide,421780,Taio,SC,2022,0
FTIFO,Febre Tifóide,421780,Taio,SC,2023,0
FTIFO,Febre Tifóide,421780,Taio,SC,2024,0
FTIFO,Febre Tifóide,421780,Taio,SC,2025,0
FTIFO,Febre Tifóide,421790,Tangara,SC,2001,0
FTIFO,Febre Tifóide,421790,Tangara,SC,2003,0
FTIFO,Febre Tifóide,421790,Tangara,SC,2006,0
FTIFO,Febre Tifóide,421790,Tangara,SC,2007,0
FTIFO,Febre Tifóide,421790,Tangara,SC,2008,0
FTIFO,Febre Tifóide,421790,Tangara,SC,2009,1
FTIFO,Febre Tifóide,421790,Tangara,SC,2010,0
FTIFO,Febre Tifóide,421790,Tangara,SC,2011,0
FTIFO,Febre Tifóide,421790,Tangara,SC,2012,0
FTIFO,Febre Tifóide,421790,Tangara,SC,2013,0
FTIFO,Febre Tifóide,421790,Tangara,SC,2014,0
FTIFO,Febre Tifóide,421790,Tangara,SC,2015,0
FTIFO,Febre Tifóide,421790,Tangara,SC,2016,0
FTIFO,Febre Tifóide,421790,Tangara,SC,2017,0
FTIFO,Febre Tifóide,421790,Tangara,SC,2018,0
FTIFO,Febre Tifóide,421790,Tangara,SC,2019,0
FTIFO,Febre Tifóide,421790,Tangara,SC,2020,0
FTIFO,Febre Tifóide,421790,Tangara,SC,2021,0
FTIFO,Febre Tifóide,421790,Tangara,SC,2022,0
FTIFO,Febre Tifóide,421790,Tangara,SC,2023,0
FTIFO,Febre Tifóide,421790,Tangara,SC,2024,0
FTIFO,Febre Tifóide,421790,Tangara,SC,2025,0
FTIFO,Febre Tifóide,280030,Aracaju,SE,2001,0
FTIFO,Febre Tifóide,280030,Aracaju,SE,2003,0
FTIFO,Febre Tifóide,280030,Aracaju,SE,2006,0
FTIFO,Febre Tifóide,280030,Aracaju,SE,2007,4
FTIFO,Febre Tifóide,280030,Aracaju,SE,2008,2
FTIFO,Febre Tifóide,280030,Aracaju,SE,2009,0
FTIFO,Febre Tifóide,280030,Aracaju,SE,2010,0
FTIFO,Febre Tifóide,280030,Aracaju,SE,2011,1
FTIFO,Febre Tifóide,280030,Aracaju,SE,2012,1
FTIFO,Febre Tifóide,280030,Aracaju,SE,2013,0
FTIFO,Febre Tifóide,280030,Aracaju,SE,2014,0
FTIFO,Febre Tifóide,280030,Aracaju,SE,2015,1
FTIFO,Febre Tifóide,280030,Aracaju,SE,2016,0
FTIFO,Febre Tifóide,280030,Aracaju,SE,2017,0
FTIFO,Febre Tifóide,280030,Aracaju,SE,2018,0
FTIFO,Febre Tifóide,280030,Aracaju,SE,2019,0
FTIFO,Febre Tifóide,280030,Aracaju,SE,2020,0
FTIFO,Febre Tifóide,280030,Aracaju,SE,2021,0
FTIFO,Febre Tifóide,280030,Aracaju,SE,2022,0
FTIFO,Febre Tifóide,280030,Aracaju,SE,2023,0
FTIFO,Febre Tifóide,280030,Aracaju,SE,2024,0
FTIFO,Febre Tifóide,280030,Aracaju,SE,2025,0
FTIFO,Febre Tifóide,280100,Campo do Brito,SE,2001,0
FTIFO,Febre Tifóide,280100,Campo do Brito,SE,2003,0
FTIFO,Febre Tifóide,280100,Campo do Brito,SE,2006,0
FTIFO,Febre Tifóide,280100,Campo do Brito,SE,2007,1
FTIFO,Febre Tifóide,280100,Campo do Brito,SE,2008,1
FTIFO,Febre Tifóide,280100,Campo do Brito,SE,2009,3
FTIFO,Febre Tifóide,280100,Campo do Brito,SE,2010,1
FTIFO,Febre Tifóide,280100,Campo do Brito,SE,2011,0
FTIFO,Febre Tifóide,280100,Campo do Brito,SE,2012,0
FTIFO,Febre Tifóide,280100,Campo do Brito,SE,2013,0
FTIFO,Febre Tifóide,280100,Campo do Brito,SE,2014,0
FTIFO,Febre Tifóide,280100,Campo do Brito,SE,2015,0
FTIFO,Febre Tifóide,280100,Campo do Brito,SE,2016,0
FTIFO,Febre Tifóide,280100,Campo do Brito,SE,2017,0
FTIFO,Febre Tifóide,280100,Campo do Brito,SE,2018,0
FTIFO,Febre Tifóide,280100,Campo do Brito,SE,2019,0
FTIFO,Febre Tifóide,280100,Campo do Brito,SE,2020,0
FTIFO,Febre Tifóide,280100,Campo do Brito,SE,2021,0
FTIFO,Febre Tifóide,280100,Campo do Brito,SE,2022,0
FTIFO,Febre Tifóide,280100,Campo do Brito,SE,2023,0
FTIFO,Febre Tifóide,280100,Campo do Brito,SE,2024,0
FTIFO,Febre Tifóide,280100,Campo do Brito,SE,2025,0
FTIFO,Febre Tifóide,280290,Itabaiana,SE,2001,0
FTIFO,Febre Tifóide,280290,Itabaiana,SE,2003,0
FTIFO,Febre Tifóide,280290,Itabaiana,SE,2006,0
FTIFO,Febre Tifóide,280290,Itabaiana,SE,2007,0
FTIFO,Febre Tifóide,280290,Itabaiana,SE,2008,0
FTIFO,Febre Tifóide,280290,Itabaiana,SE,2009,1
FTIFO,Febre Tifóide,280290,Itabaiana,SE,2010,0
FTIFO,Febre Tifóide,280290,Itabaiana,SE,2011,0
FTIFO,Febre Tifóide,280290,Itabaiana,SE,2012,0
FTIFO,Febre Tifóide,280290,Itabaiana,SE,2013,0
FTIFO,Febre Tifóide,280290,Itabaiana,SE,2014,0
FTIFO,Febre Tifóide,280290,Itabaiana,SE,2015,0
FTIFO,Febre Tifóide,280290,Itabaiana,SE,2016,0
FTIFO,Febre Tifóide,280290,Itabaiana,SE,2017,0
FTIFO,Febre Tifóide,280290,Itabaiana,SE,2018,0
FTIFO,Febre Tifóide,280290,Itabaiana,SE,2019,0
FTIFO,Febre Tifóide,280290,Itabaiana,SE,2020,0
FTIFO,Febre Tifóide,280290,Itabaiana,SE,2021,0
FTIFO,Febre Tifóide,280290,Itabaiana,SE,2022,0
FTIFO,Febre Tifóide,280290,Itabaiana,SE,2023,0
FTIFO,Febre Tifóide,280290,Itabaiana,SE,2024,0
FTIFO,Febre Tifóide,280290,Itabaiana,SE,2025,0
FTIFO,Febre Tifóide,280680,Sao Domingos,SE,2001,0
FTIFO,Febre Tifóide,280680,Sao Domingos,SE,2003,0
FTIFO,Febre Tifóide,280680,Sao Domingos,SE,2006,0
FTIFO,Febre Tifóide,280680,Sao Domingos,SE,2007,2
FTIFO,Febre Tifóide,280680,Sao Domingos,SE,2008,0
FTIFO,Febre Tifóide,280680,Sao Domingos,SE,2009,0
FTIFO,Febre Tifóide,280680,Sao Domingos,SE,2010,0
FTIFO,Febre Tifóide,280680,Sao Domingos,SE,2011,0
FTIFO,Febre Tifóide,280680,Sao Domingos,SE,2012,0
FTIFO,Febre Tifóide,280680,Sao Domingos,SE,2013,0
FTIFO,Febre Tifóide,280680,Sao Domingos,SE,2014,0
FTIFO,Febre Tifóide,280680,Sao Domingos,SE,2015,0
FTIFO,Febre Tifóide,280680,Sao Domingos,SE,2016,0
FTIFO,Febre Tifóide,280680,Sao Domingos,SE,2017,0
FTIFO,Febre Tifóide,280680,Sao Domingos,SE,2018,0
FTIFO,Febre Tifóide,280680,Sao Domingos,SE,2019,0
FTIFO,Febre Tifóide,280680,Sao Domingos,SE,2020,0
FTIFO,Febre Tifóide,280680,Sao Domingos,SE,2021,0
FTIFO,Febre Tifóide,280680,Sao Domingos,SE,2022,0
FTIFO,Febre Tifóide,280680,Sao Domingos,SE,2023,0
FTIFO,Febre Tifóide,280680,Sao Domingos,SE,2024,0
FTIFO,Febre Tifóide,280680,Sao Domingos,SE,2025,0
FTIFO,Febre Tifóide,350410,Atibaia,SP,2001,0
FTIFO,Febre Tifóide,350410,Atibaia,SP,2003,0
FTIFO,Febre Tifóide,350410,Atibaia,SP,2006,0
FTIFO,Febre Tifóide,350410,Atibaia,SP,2007,1
FTIFO,Febre Tifóide,350410,Atibaia,SP,2008,0
FTIFO,Febre Tifóide,350410,Atibaia,SP,2009,0
FTIFO,Febre Tifóide,350410,Atibaia,SP,2010,0
FTIFO,Febre Tifóide,350410,Atibaia,SP,2011,0
FTIFO,Febre Tifóide,350410,Atibaia,SP,2012,0
FTIFO,Febre Tifóide,350410,Atibaia,SP,2013,0
FTIFO,Febre Tifóide,350410,Atibaia,SP,2014,0
FTIFO,Febre Tifóide,350410,Atibaia,SP,2015,0
FTIFO,Febre Tifóide,350410,Atibaia,SP,2016,0
FTIFO,Febre Tifóide,350410,Atibaia,SP,2017,0
FTIFO,Febre Tifóide,350410,Atibaia,SP,2018,0
FTIFO,Febre Tifóide,350410,Atibaia,SP,2019,0
FTIFO,Febre Tifóide,350410,Atibaia,SP,2020,0
FTIFO,Febre Tifóide,350410,Atibaia,SP,2021,0
FTIFO,Febre Tifóide,350410,Atibaia,SP,2022,0
FTIFO,Febre Tifóide,350410,Atibaia,SP,2023,0
FTIFO,Febre Tifóide,350410,Atibaia,SP,2024,0
FTIFO,Febre Tifóide,350410,Atibaia,SP,2025,0
FTIFO,Febre Tifóide,350570,Barueri,SP,2001,0
FTIFO,Febre Tifóide,350570,Barueri,SP,2003,0
FTIFO,Febre Tifóide,350570,Barueri,SP,2006,0
FTIFO,Febre Tifóide,350570,Barueri,SP,2007,1
FTIFO,Febre Tifóide,350570,Barueri,SP,2008,0
FTIFO,Febre Tifóide,350570,Barueri,SP,2009,0
FTIFO,Febre Tifóide,350570,Barueri,SP,2010,0
FTIFO,Febre Tifóide,350570,Barueri,SP,2011,0
FTIFO,Febre Tifóide,350570,Barueri,SP,2012,0
FTIFO,Febre Tifóide,350570,Barueri,SP,2013,0
FTIFO,Febre Tifóide,350570,Barueri,SP,2014,0
FTIFO,Febre Tifóide,350570,Barueri,SP,2015,0
FTIFO,Febre Tifóide,350570,Barueri,SP,2016,0
FTIFO,Febre Tifóide,350570,Barueri,SP,2017,0
FTIFO,Febre Tifóide,350570,Barueri,SP,2018,0
FTIFO,Febre Tifóide,350570,Barueri,SP,2019,0
FTIFO,Febre Tifóide,350570,Barueri,SP,2020,0
FTIFO,Febre Tifóide,350570,Barueri,SP,2021,0
FTIFO,Febre Tifóide,350570,Barueri,SP,2022,0
FTIFO,Febre Tifóide,350570,Barueri,SP,2023,0
FTIFO,Febre Tifóide,350570,Barueri,SP,2024,0
FTIFO,Febre Tifóide,350570,Barueri,SP,2025,0
FTIFO,Febre Tifóide,350950,Campinas,SP,2001,0
FTIFO,Febre Tifóide,350950,Campinas,SP,2003,0
FTIFO,Febre Tifóide,350950,Campinas,SP,2006,0
FTIFO,Febre Tifóide,350950,Campinas,SP,2007,1
FTIFO,Febre Tifóide,350950,Campinas,SP,2008,3
FTIFO,Febre Tifóide,350950,Campinas,SP,2009,1
FTIFO,Febre Tifóide,350950,Campinas,SP,2010,1
FTIFO,Febre Tifóide,350950,Campinas,SP,2011,2
FTIFO,Febre Tifóide,350950,Campinas,SP,2012,1
FTIFO,Febre Tifóide,350950,Campinas,SP,2013,0
FTIFO,Febre Tifóide,350950,Campinas,SP,2014,0
FTIFO,Febre Tifóide,350950,Campinas,SP,2015,1
FTIFO,Febre Tifóide,350950,Campinas,SP,2016,0
FTIFO,Febre Tifóide,350950,Campinas,SP,2017,0
FTIFO,Febre Tifóide,350950,Campinas,SP,2018,1
FTIFO,Febre Tifóide,350950,Campinas,SP,2019,0
FTIFO,Febre Tifóide,350950,Campinas,SP,2020,0
FTIFO,Febre Tifóide,350950,Campinas,SP,2021,0
FTIFO,Febre Tifóide,350950,Campinas,SP,2022,0
FTIFO,Febre Tifóide,350950,Campinas,SP,2023,1
FTIFO,Febre Tifóide,350950,Campinas,SP,2024,0
FTIFO,Febre Tifóide,350950,Campinas,SP,2025,0
FTIFO,Febre Tifóide,351110,Catanduva,SP,2001,0
FTIFO,Febre Tifóide,351110,Catanduva,SP,2003,0
FTIFO,Febre Tifóide,351110,Catanduva,SP,2006,0
FTIFO,Febre Tifóide,351110,Catanduva,SP,2007,0
FTIFO,Febre Tifóide,351110,Catanduva,SP,2008,0
FTIFO,Febre Tifóide,351110,Catanduva,SP,2009,1
FTIFO,Febre Tifóide,351110,Catanduva,SP,2010,0
FTIFO,Febre Tifóide,351110,Catanduva,SP,2011,0
FTIFO,Febre Tifóide,351110,Catanduva,SP,2012,0
FTIFO,Febre Tifóide,351110,Catanduva,SP,2013,0
FTIFO,Febre Tifóide,351110,Catanduva,SP,2014,0
FTIFO,Febre Tifóide,351110,Catanduva,SP,2015,0
FTIFO,Febre Tifóide,351110,Catanduva,SP,2016,0
FTIFO,Febre Tifóide,351110,Catanduva,SP,2017,0
FTIFO,Febre Tifóide,351110,Catanduva,SP,2018,0
FTIFO,Febre Tifóide,351110,Catanduva,SP,2019,0
FTIFO,Febre Tifóide,351110,Catanduva,SP,2020,0
FTIFO,Febre Tifóide,351110,Catanduva,SP,2021,0
FTIFO,Febre Tifóide,351110,Catanduva,SP,2022,0
FTIFO,Febre Tifóide,351110,Catanduva,SP,2023,0
FTIFO,Febre Tifóide,351110,Catanduva,SP,2024,0
FTIFO,Febre Tifóide,351110,Catanduva,SP,2025,0
FTIFO,Febre Tifóide,351280,Cosmopolis,SP,2001,0
FTIFO,Febre Tifóide,351280,Cosmopolis,SP,2003,0
FTIFO,Febre Tifóide,351280,Cosmopolis,SP,2006,0
FTIFO,Febre Tifóide,351280,Cosmopolis,SP,2007,0
FTIFO,Febre Tifóide,351280,Cosmopolis,SP,2008,0
FTIFO,Febre Tifóide,351280,Cosmopolis,SP,2009,0
FTIFO,Febre Tifóide,351280,Cosmopolis,SP,2010,0
FTIFO,Febre Tifóide,351280,Cosmopolis,SP,2011,0
FTIFO,Febre Tifóide,351280,Cosmopolis,SP,2012,1
FTIFO,Febre Tifóide,351280,Cosmopolis,SP,2013,0
FTIFO,Febre Tifóide,351280,Cosmopolis,SP,2014,0
FTIFO,Febre Tifóide,351280,Cosmopolis,SP,2015,0
FTIFO,Febre Tifóide,351280,Cosmopolis,SP,2016,0
FTIFO,Febre Tifóide,351280,Cosmopolis,SP,2017,0
FTIFO,Febre Tifóide,351280,Cosmopolis,SP,2018,0
FTIFO,Febre Tifóide,351280,Cosmopolis,SP,2019,0
FTIFO,Febre Tifóide,351280,Cosmopolis,SP,2020,0
FTIFO,Febre Tifóide,351280,Cosmopolis,SP,2021,0
FTIFO,Febre Tifóide,351280,Cosmopolis,SP,2022,0
FTIFO,Febre Tifóide,351280,Cosmopolis,SP,2023,0
FTIFO,Febre Tifóide,351280,Cosmopolis,SP,2024,0
FTIFO,Febre Tifóide,351280,Cosmopolis,SP,2025,0
FTIFO,Febre Tifóide,351300,Cotia,SP,2001,0
FTIFO,Febre Tifóide,351300,Cotia,SP,2003,0
FTIFO,Febre Tifóide,351300,Cotia,SP,2006,0
FTIFO,Febre Tifóide,351300,Cotia,SP,2007,0
FTIFO,Febre Tifóide,351300,Cotia,SP,2008,0
FTIFO,Febre Tifóide,351300,Cotia,SP,2009,0
FTIFO,Febre Tifóide,351300,Cotia,SP,2010,0
FTIFO,Febre Tifóide,351300,Cotia,SP,2011,0
FTIFO,Febre Tifóide,351300,Cotia,SP,2012,0
FTIFO,Febre Tifóide,351300,Cotia,SP,2013,0
FTIFO,Febre Tifóide,351300,Cotia,SP,2014,0
FTIFO,Febre Tifóide,351300,Cotia,SP,2015,0
FTIFO,Febre Tifóide,351300,Cotia,SP,2016,1
FTIFO,Febre Tifóide,351300,Cotia,SP,2017,0
FTIFO,Febre Tifóide,351300,Cotia,SP,2018,0
FTIFO,Febre Tifóide,351300,Cotia,SP,2019,0
FTIFO,Febre Tifóide,351300,Cotia,SP,2020,0
FTIFO,Febre Tifóide,351300,Cotia,SP,2021,0
FTIFO,Febre Tifóide,351300,Cotia,SP,2022,0
FTIFO,Febre Tifóide,351300,Cotia,SP,2023,0
FTIFO,Febre Tifóide,351300,Cotia,SP,2024,0
FTIFO,Febre Tifóide,351300,Cotia,SP,2025,0
FTIFO,Febre Tifóide,351380,Diadema,SP,2001,0
FTIFO,Febre Tifóide,351380,Diadema,SP,2003,0
FTIFO,Febre Tifóide,351380,Diadema,SP,2006,0
FTIFO,Febre Tifóide,351380,Diadema,SP,2007,0
FTIFO,Febre Tifóide,351380,Diadema,SP,2008,0
FTIFO,Febre Tifóide,351380,Diadema,SP,2009,0
FTIFO,Febre Tifóide,351380,Diadema,SP,2010,1
FTIFO,Febre Tifóide,351380,Diadema,SP,2011,0
FTIFO,Febre Tifóide,351380,Diadema,SP,2012,0
FTIFO,Febre Tifóide,351380,Diadema,SP,2013,0
FTIFO,Febre Tifóide,351380,Diadema,SP,2014,0
FTIFO,Febre Tifóide,351380,Diadema,SP,2015,0
FTIFO,Febre Tifóide,351380,Diadema,SP,2016,0
FTIFO,Febre Tifóide,351380,Diadema,SP,2017,0
FTIFO,Febre Tifóide,351380,Diadema,SP,2018,0
FTIFO,Febre Tifóide,351380,Diadema,SP,2019,0
FTIFO,Febre Tifóide,351380,Diadema,SP,2020,0
FTIFO,Febre Tifóide,351380,Diadema,SP,2021,0
FTIFO,Febre Tifóide,351380,Diadema,SP,2022,0
FTIFO,Febre Tifóide,351380,Diadema,SP,2023,0
FTIFO,Febre Tifóide,351380,Diadema,SP,2024,0
FTIFO,Febre Tifóide,351380,Diadema,SP,2025,0
FTIFO,Febre Tifóide,352220,Itapecerica da Serra,SP,2001,0
FTIFO,Febre Tifóide,352220,Itapecerica da Serra,SP,2003,0
FTIFO,Febre Tifóide,352220,Itapecerica da Serra,SP,2006,0
FTIFO,Febre Tifóide,352220,Itapecerica da Serra,SP,2007,1
FTIFO,Febre Tifóide,352220,Itapecerica da Serra,SP,2008,0
FTIFO,Febre Tifóide,352220,Itapecerica da Serra,SP,2009,0
FTIFO,Febre Tifóide,352220,Itapecerica da Serra,SP,2010,0
FTIFO,Febre Tifóide,352220,Itapecerica da Serra,SP,2011,0
FTIFO,Febre Tifóide,352220,Itapecerica da Serra,SP,2012,0
FTIFO,Febre Tifóide,352220,Itapecerica da Serra,SP,2013,0
FTIFO,Febre Tifóide,352220,Itapecerica da Serra,SP,2014,0
FTIFO,Febre Tifóide,352220,Itapecerica da Serra,SP,2015,0
FTIFO,Febre Tifóide,352220,Itapecerica da Serra,SP,2016,0
FTIFO,Febre Tifóide,352220,Itapecerica da Serra,SP,2017,0
FTIFO,Febre Tifóide,352220,Itapecerica da Serra,SP,2018,0
FTIFO,Febre Tifóide,352220,Itapecerica da Serra,SP,2019,0
FTIFO,Febre Tifóide,352220,Itapecerica da Serra,SP,2020,0
FTIFO,Febre Tifóide,352220,Itapecerica da Serra,SP,2021,0
FTIFO,Febre Tifóide,352220,Itapecerica da Serra,SP,2022,0
FTIFO,Febre Tifóide,352220,Itapecerica da Serra,SP,2023,0
FTIFO,Febre Tifóide,352220,Itapecerica da Serra,SP,2024,0
FTIFO,Febre Tifóide,352220,Itapecerica da Serra,SP,2025,0
FTIFO,Febre Tifóide,353430,Orlandia,SP,2001,0
FTIFO,Febre Tifóide,353430,Orlandia,SP,2003,0
FTIFO,Febre Tifóide,353430,Orlandia,SP,2006,0
FTIFO,Febre Tifóide,353430,Orlandia,SP,2007,1
FTIFO,Febre Tifóide,353430,Orlandia,SP,2008,1
FTIFO,Febre Tifóide,353430,Orlandia,SP,2009,0
FTIFO,Febre Tifóide,353430,Orlandia,SP,2010,0
FTIFO,Febre Tifóide,353430,Orlandia,SP,2011,1
FTIFO,Febre Tifóide,353430,Orlandia,SP,2012,0
FTIFO,Febre Tifóide,353430,Orlandia,SP,2013,0
FTIFO,Febre Tifóide,353430,Orlandia,SP,2014,0
FTIFO,Febre Tifóide,353430,Orlandia,SP,2015,0
FTIFO,Febre Tifóide,353430,Orlandia,SP,2016,0
FTIFO,Febre Tifóide,353430,Orlandia,SP,2017,0
FTIFO,Febre Tifóide,353430,Orlandia,SP,2018,0
FTIFO,Febre Tifóide,353430,Orlandia,SP,2019,0
FTIFO,Febre Tifóide,353430,Orlandia,SP,2020,0
FTIFO,Febre Tifóide,353430,Orlandia,SP,2021,0
FTIFO,Febre Tifóide,353430,Orlandia,SP,2022,0
FTIFO,Febre Tifóide,353430,Orlandia,SP,2023,0
FTIFO,Febre Tifóide,353430,Orlandia,SP,2024,0
FTIFO,Febre Tifóide,353430,Orlandia,SP,2025,0
FTIFO,Febre Tifóide,354520,Salto,SP,2001,0
FTIFO,Febre Tifóide,354520,Salto,SP,2003,0
FTIFO,Febre Tifóide,354520,Salto,SP,2006,0
FTIFO,Febre Tifóide,354520,Salto,SP,2007,1
FTIFO,Febre Tifóide,354520,Salto,SP,2008,0
FTIFO,Febre Tifóide,354520,Salto,SP,2009,0
FTIFO,Febre Tifóide,354520,Salto,SP,2010,0
FTIFO,Febre Tifóide,354520,Salto,SP,2011,0
FTIFO,Febre Tifóide,354520,Salto,SP,2012,0
FTIFO,Febre Tifóide,354520,Salto,SP,2013,0
FTIFO,Febre Tifóide,354520,Salto,SP,2014,0
FTIFO,Febre Tifóide,354520,Salto,SP,2015,0
FTIFO,Febre Tifóide,354520,Salto,SP,2016,0
FTIFO,Febre Tifóide,354520,Salto,SP,2017,0
FTIFO,Febre Tifóide,354520,Salto,SP,2018,0
FTIFO,Febre Tifóide,354520,Salto,SP,2019,0
FTIFO,Febre Tifóide,354520,Salto,SP,2020,0
FTIFO,Febre Tifóide,354520,Salto,SP,2021,0
FTIFO,Febre Tifóide,354520,Salto,SP,2022,0
FTIFO,Febre Tifóide,354520,Salto,SP,2023,0
FTIFO,Febre Tifóide,354520,Salto,SP,2024,0
FTIFO,Febre Tifóide,354520,Salto,SP,2025,0
FTIFO,Febre Tifóide,354850,Santos,SP,2001,0
FTIFO,Febre Tifóide,354850,Santos,SP,2003,0
FTIFO,Febre Tifóide,354850,Santos,SP,2006,0
FTIFO,Febre Tifóide,354850,Santos,SP,2007,0
FTIFO,Febre Tifóide,354850,Santos,SP,2008,0
FTIFO,Febre Tifóide,354850,Santos,SP,2009,0
FTIFO,Febre Tifóide,354850,Santos,SP,2010,0
FTIFO,Febre Tifóide,354850,Santos,SP,2011,0
FTIFO,Febre Tifóide,354850,Santos,SP,2012,0
FTIFO,Febre Tifóide,354850,Santos,SP,2013,1
FTIFO,Febre Tifóide,354850,Santos,SP,2014,0
FTIFO,Febre Tifóide,354850,Santos,SP,2015,0
FTIFO,Febre Tifóide,354850,Santos,SP,2016,0
FTIFO,Febre Tifóide,354850,Santos,SP,2017,0
FTIFO,Febre Tifóide,354850,Santos,SP,2018,0
FTIFO,Febre Tifóide,354850,Santos,SP,2019,0
FTIFO,Febre Tifóide,354850,Santos,SP,2020,0
FTIFO,Febre Tifóide,354850,Santos,SP,2021,0
FTIFO,Febre Tifóide,354850,Santos,SP,2022,0
FTIFO,Febre Tifóide,354850,Santos,SP,2023,0
FTIFO,Febre Tifóide,354850,Santos,SP,2024,0
FTIFO,Febre Tifóide,354850,Santos,SP,2025,0
FTIFO,Febre Tifóide,354880,Sao Caetano do Sul,SP,2001,0
FTIFO,Febre Tifóide,354880,Sao Caetano do Sul,SP,2003,0
FTIFO,Febre Tifóide,354880,Sao Caetano do Sul,SP,2006,0
FTIFO,Febre Tifóide,354880,Sao Caetano do Sul,SP,2007,0
FTIFO,Febre Tifóide,354880,Sao Caetano do Sul,SP,2008,0
FTIFO,Febre Tifóide,354880,Sao Caetano do Sul,SP,2009,0
FTIFO,Febre Tifóide,354880,Sao Caetano do Sul,SP,2010,0
FTIFO,Febre Tifóide,354880,Sao Caetano do Sul,SP,2011,0
FTIFO,Febre Tifóide,354880,Sao Caetano do Sul,SP,2012,0
FTIFO,Febre Tifóide,354880,Sao Caetano do Sul,SP,2013,0
FTIFO,Febre Tifóide,354880,Sao Caetano do Sul,SP,2014,0
FTIFO,Febre Tifóide,354880,Sao Caetano do Sul,SP,2015,0
FTIFO,Febre Tifóide,354880,Sao Caetano do Sul,SP,2016,0
FTIFO,Febre Tifóide,354880,Sao Caetano do Sul,SP,2017,0
FTIFO,Febre Tifóide,354880,Sao Caetano do Sul,SP,2018,0
FTIFO,Febre Tifóide,354880,Sao Caetano do Sul,SP,2019,0
FTIFO,Febre Tifóide,354880,Sao Caetano do Sul,SP,2020,0
FTIFO,Febre Tifóide,354880,Sao Caetano do Sul,SP,2021,0
FTIFO,Febre Tifóide,354880,Sao Caetano do Sul,SP,2022,1
FTIFO,Febre Tifóide,354880,Sao Caetano do Sul,SP,2023,1
FTIFO,Febre Tifóide,354880,Sao Caetano do Sul,SP,2024,0
FTIFO,Febre Tifóide,354880,Sao Caetano do Sul,SP,2025,0
FTIFO,Febre Tifóide,354940,Sao Joaquim da Barra,SP,2001,0
FTIFO,Febre Tifóide,354940,Sao Joaquim da Barra,SP,2003,0
FTIFO,Febre Tifóide,354940,Sao Joaquim da Barra,SP,2006,1
FTIFO,Febre Tifóide,354940,Sao Joaquim da Barra,SP,2007,0
FTIFO,Febre Tifóide,354940,Sao Joaquim da Barra,SP,2008,0
FTIFO,Febre Tifóide,354940,Sao Joaquim da Barra,SP,2009,1
FTIFO,Febre Tifóide,354940,Sao Joaquim da Barra,SP,2010,0
FTIFO,Febre Tifóide,354940,Sao Joaquim da Barra,SP,2011,0
FTIFO,Febre Tifóide,354940,Sao Joaquim da Barra,SP,2012,0
FTIFO,Febre Tifóide,354940,Sao Joaquim da Barra,SP,2013,0
FTIFO,Febre Tifóide,354940,Sao Joaquim da Barra,SP,2014,0
FTIFO,Febre Tifóide,354940,Sao Joaquim da Barra,SP,2015,0
FTIFO,Febre Tifóide,354940,Sao Joaquim da Barra,SP,2016,0
FTIFO,Febre Tifóide,354940,Sao Joaquim da Barra,SP,2017,0
FTIFO,Febre Tifóide,354940,Sao Joaquim da Barra,SP,2018,0
FTIFO,Febre Tifóide,354940,Sao Joaquim da Barra,SP,2019,0
FTIFO,Febre Tifóide,354940,Sao Joaquim da Barra,SP,2020,0
FTIFO,Febre Tifóide,354940,Sao Joaquim da Barra,SP,2021,0
FTIFO,Febre Tifóide,354940,Sao Joaquim da Barra,SP,2022,0
FTIFO,Febre Tifóide,354940,Sao Joaquim da Barra,SP,2023,0
FTIFO,Febre Tifóide,354940,Sao Joaquim da Barra,SP,2024,0
FTIFO,Febre Tifóide,354940,Sao Joaquim da Barra,SP,2025,0
FTIFO,Febre Tifóide,354980,Sao Jose do Rio Preto,SP,2001,0
FTIFO,Febre Tifóide,354980,Sao Jose do Rio Preto,SP,2003,0
FTIFO,Febre Tifóide,354980,Sao Jose do Rio Preto,SP,2006,0
FTIFO,Febre Tifóide,354980,Sao Jose do Rio Preto,SP,2007,0
FTIFO,Febre Tifóide,354980,Sao Jose do Rio Preto,SP,2008,1
FTIFO,Febre Tifóide,354980,Sao Jose do Rio Preto,SP,2009,0
FTIFO,Febre Tifóide,354980,Sao Jose do Rio Preto,SP,2010,0
FTIFO,Febre Tifóide,354980,Sao Jose do Rio Preto,SP,2011,0
FTIFO,Febre Tifóide,354980,Sao Jose do Rio Preto,SP,2012,0
FTIFO,Febre Tifóide,354980,Sao Jose do Rio Preto,SP,2013,0
FTIFO,Febre Tifóide,354980,Sao Jose do Rio Preto,SP,2014,0
FTIFO,Febre Tifóide,354980,Sao Jose do Rio Preto,SP,2015,0
FTIFO,Febre Tifóide,354980,Sao Jose do Rio Preto,SP,2016,0
FTIFO,Febre Tifóide,354980,Sao Jose do Rio Preto,SP,2017,0
FTIFO,Febre Tifóide,354980,Sao Jose do Rio Preto,SP,2018,0
FTIFO,Febre Tifóide,354980,Sao Jose do Rio Preto,SP,2019,0
FTIFO,Febre Tifóide,354980,Sao Jose do Rio Preto,SP,2020,0
FTIFO,Febre Tifóide,354980,Sao Jose do Rio Preto,SP,2021,0
FTIFO,Febre Tifóide,354980,Sao Jose do Rio Preto,SP,2022,0
FTIFO,Febre Tifóide,354980,Sao Jose do Rio Preto,SP,2023,0
FTIFO,Febre Tifóide,354980,Sao Jose do Rio Preto,SP,2024,0
FTIFO,Febre Tifóide,354980,Sao Jose do Rio Preto,SP,2025,0
FTIFO,Febre Tifóide,355030,Sao Paulo,SP,2001,0
FTIFO,Febre Tifóide,355030,Sao Paulo,SP,2003,0
FTIFO,Febre Tifóide,355030,Sao Paulo,SP,2006,0
FTIFO,Febre Tifóide,355030,Sao Paulo,SP,2007,15
FTIFO,Febre Tifóide,355030,Sao Paulo,SP,2008,6
FTIFO,Febre Tifóide,355030,Sao Paulo,SP,2009,3
FTIFO,Febre Tifóide,355030,Sao Paulo,SP,2010,2
FTIFO,Febre Tifóide,355030,Sao Paulo,SP,2011,1
FTIFO,Febre Tifóide,355030,Sao Paulo,SP,2012,1
FTIFO,Febre Tifóide,355030,Sao Paulo,SP,2013,3
FTIFO,Febre Tifóide,355030,Sao Paulo,SP,2014,2
FTIFO,Febre Tifóide,355030,Sao Paulo,SP,2015,1
FTIFO,Febre Tifóide,355030,Sao Paulo,SP,2016,0
FTIFO,Febre Tifóide,355030,Sao Paulo,SP,2017,21
FTIFO,Febre Tifóide,355030,Sao Paulo,SP,2018,10
FTIFO,Febre Tifóide,355030,Sao Paulo,SP,2019,8
FTIFO,Febre Tifóide,355030,Sao Paulo,SP,2020,7
FTIFO,Febre Tifóide,355030,Sao Paulo,SP,2021,4
FTIFO,Febre Tifóide,355030,Sao Paulo,SP,2022,4
FTIFO,Febre Tifóide,355030,Sao Paulo,SP,2023,4
FTIFO,Febre Tifóide,355030,Sao Paulo,SP,2024,2
FTIFO,Febre Tifóide,355030,Sao Paulo,SP,2025,1
FTIFO,Febre Tifóide,355240,Sumare,SP,2001,0
FTIFO,Febre Tifóide,355240,Sumare,SP,2003,0
FTIFO,Febre Tifóide,355240,Sumare,SP,2006,0
FTIFO,Febre Tifóide,355240,Sumare,SP,2007,0
FTIFO,Febre Tifóide,355240,Sumare,SP,2008,0
FTIFO,Febre Tifóide,355240,Sumare,SP,2009,0
FTIFO,Febre Tifóide,355240,Sumare,SP,2010,0
FTIFO,Febre Tifóide,355240,Sumare,SP,2011,1
FTIFO,Febre Tifóide,355240,Sumare,SP,2012,0
FTIFO,Febre Tifóide,355240,Sumare,SP,2013,0
FTIFO,Febre Tifóide,355240,Sumare,SP,2014,0
FTIFO,Febre Tifóide,355240,Sumare,SP,2015,0
FTIFO,Febre Tifóide,355240,Sumare,SP,2016,0
FTIFO,Febre Tifóide,355240,Sumare,SP,2017,0
FTIFO,Febre Tifóide,355240,Sumare,SP,2018,0
FTIFO,Febre Tifóide,355240,Sumare,SP,2019,0
FTIFO,Febre Tifóide,355240,Sumare,SP,2020,0
FTIFO,Febre Tifóide,355240,Sumare,SP,2021,0
FTIFO,Febre Tifóide,355240,Sumare,SP,2022,1
FTIFO,Febre Tifóide,355240,Sumare,SP,2023,0
FTIFO,Febre Tifóide,355240,Sumare,SP,2024,0
FTIFO,Febre Tifóide,355240,Sumare,SP,2025,0
FTIFO,Febre Tifóide,355250,Suzano,SP,2001,0
FTIFO,Febre Tifóide,355250,Suzano,SP,2003,0
FTIFO,Febre Tifóide,355250,Suzano,SP,2006,0
FTIFO,Febre Tifóide,355250,Suzano,SP,2007,0
FTIFO,Febre Tifóide,355250,Suzano,SP,2008,0
FTIFO,Febre Tifóide,355250,Suzano,SP,2009,0
FTIFO,Febre Tifóide,355250,Suzano,SP,2010,1
FTIFO,Febre Tifóide,355250,Suzano,SP,2011,0
FTIFO,Febre Tifóide,355250,Suzano,SP,2012,0
FTIFO,Febre Tifóide,355250,Suzano,SP,2013,0
FTIFO,Febre Tifóide,355250,Suzano,SP,2014,0
FTIFO,Febre Tifóide,355250,Suzano,SP,2015,0
FTIFO,Febre Tifóide,355250,Suzano,SP,2016,0
FTIFO,Febre Tifóide,355250,Suzano,SP,2017,0
FTIFO,Febre Tifóide,355250,Suzano,SP,2018,0
FTIFO,Febre Tifóide,355250,Suzano,SP,2019,0
FTIFO,Febre Tifóide,355250,Suzano,SP,2020,0
FTIFO,Febre Tifóide,355250,Suzano,SP,2021,0
FTIFO,Febre Tifóide,355250,Suzano,SP,2022,0
FTIFO,Febre Tifóide,355250,Suzano,SP,2023,0
FTIFO,Febre Tifóide,355250,Suzano,SP,2024,0
FTIFO,Febre Tifóide,355250,Suzano,SP,2025,0
FTIFO,Febre Tifóide,355650,Varzea Paulista,SP,2001,0
FTIFO,Febre Tifóide,355650,Varzea Paulista,SP,2003,0
FTIFO,Febre Tifóide,355650,Varzea Paulista,SP,2006,0
FTIFO,Febre Tifóide,355650,Varzea Paulista,SP,2007,0
FTIFO,Febre Tifóide,355650,Varzea Paulista,SP,2008,0
FTIFO,Febre Tifóide,355650,Varzea Paulista,SP,2009,1
FTIFO,Febre Tifóide,355650,Varzea Paulista,SP,2010,0
FTIFO,Febre Tifóide,355650,Varzea Paulista,SP,2011,0
FTIFO,Febre Tifóide,355650,Varzea Paulista,SP,2012,0
FTIFO,Febre Tifóide,355650,Varzea Paulista,SP,2013,0
FTIFO,Febre Tifóide,355650,Varzea Paulista,SP,2014,0
FTIFO,Febre Tifóide,355650,Varzea Paulista,SP,2015,0
FTIFO,Febre Tifóide,355650,Varzea Paulista,SP,2016,0
FTIFO,Febre Tifóide,355650,Varzea Paulista,SP,2017,0
FTIFO,Febre Tifóide,355650,Varzea Paulista,SP,2018,0
FTIFO,Febre Tifóide,355650,Varzea Paulista,SP,2019,0
FTIFO,Febre Tifóide,355650,Varzea Paulista,SP,2020,0
FTIFO,Febre Tifóide,355650,Varzea Paulista,SP,2021,0
FTIFO,Febre Tifóide,355650,Varzea Paulista,SP,2022,0
FTIFO,Febre Tifóide,355650,Varzea Paulista,SP,2023,0
FTIFO,Febre Tifóide,355650,Varzea Paulista,SP,2024,0
FTIFO,Febre Tifóide,355650,Varzea Paulista,SP,2025,0
FTIFO,Febre Tifóide,355710,Votuporanga,SP,2001,0
FTIFO,Febre Tifóide,355710,Votuporanga,SP,2003,0
FTIFO,Febre Tifóide,355710,Votuporanga,SP,2006,0
FTIFO,Febre Tifóide,355710,Votuporanga,SP,2007,0
FTIFO,Febre Tifóide,355710,Votuporanga,SP,2008,0
FTIFO,Febre Tifóide,355710,Votuporanga,SP,2009,0
FTIFO,Febre Tifóide,355710,Votuporanga,SP,2010,0
FTIFO,Febre Tifóide,355710,Votuporanga,SP,2011,0
FTIFO,Febre Tifóide,355710,Votuporanga,SP,2012,0
FTIFO,Febre Tifóide,355710,Votuporanga,SP,2013,1
FTIFO,Febre Tifóide,355710,Votuporanga,SP,2014,0
FTIFO,Febre Tifóide,355710,Votuporanga,SP,2015,0
FTIFO,Febre Tifóide,355710,Votuporanga,SP,2016,0
FTIFO,Febre Tifóide,355710,Votuporanga,SP,2017,0
FTIFO,Febre Tifóide,355710,Votuporanga,SP,2018,0
FTIFO,Febre Tifóide,355710,Votuporanga,SP,2019,0
FTIFO,Febre Tifóide,355710,Votuporanga,SP,2020,0
FTIFO,Febre Tifóide,355710,Votuporanga,SP,2021,0
FTIFO,Febre Tifóide,355710,Votuporanga,SP,2022,0
FTIFO,Febre Tifóide,355710,Votuporanga,SP,2023,0
FTIFO,Febre Tifóide,355710,Votuporanga,SP,2024,0
FTIFO,Febre Tifóide,355710,Votuporanga,SP,2025,0
FTIFO,Febre Tifóide,170210,Araguaina,TO,2001,0
FTIFO,Febre Tifóide,170210,Araguaina,TO,2003,0
FTIFO,Febre Tifóide,170210,Araguaina,TO,2006,0
FTIFO,Febre Tifóide,170210,Araguaina,TO,2007,3
FTIFO,Febre Tifóide,170210,Araguaina,TO,2008,15
FTIFO,Febre Tifóide,170210,Araguaina,TO,2009,8
FTIFO,Febre Tifóide,170210,Araguaina,TO,2010,0
FTIFO,Febre Tifóide,170210,Araguaina,TO,2011,0
FTIFO,Febre Tifóide,170210,Araguaina,TO,2012,0
FTIFO,Febre Tifóide,170210,Araguaina,TO,2013,0
FTIFO,Febre Tifóide,170210,Araguaina,TO,2014,0
FTIFO,Febre Tifóide,170210,Araguaina,TO,2015,0
FTIFO,Febre Tifóide,170210,Araguaina,TO,2016,0
FTIFO,Febre Tifóide,170210,Araguaina,TO,2017,0
FTIFO,Febre Tifóide,170210,Araguaina,TO,2018,0
FTIFO,Febre Tifóide,170210,Araguaina,TO,2019,0
FTIFO,Febre Tifóide,170210,Araguaina,TO,2020,0
FTIFO,Febre Tifóide,170210,Araguaina,TO,2021,0
FTIFO,Febre Tifóide,170210,Araguaina,TO,2022,0
FTIFO,Febre Tifóide,170210,Araguaina,TO,2023,1
FTIFO,Febre Tifóide,170210,Araguaina,TO,2024,3
FTIFO,Febre Tifóide,170210,Araguaina,TO,2025,0
FTIFO,Febre Tifóide,170255,Augustinopolis,TO,2001,0
FTIFO,Febre Tifóide,170255,Augustinopolis,TO,2003,0
FTIFO,Febre Tifóide,170255,Augustinopolis,TO,2006,0
FTIFO,Febre Tifóide,170255,Augustinopolis,TO,2007,0
FTIFO,Febre Tifóide,170255,Augustinopolis,TO,2008,2
FTIFO,Febre Tifóide,170255,Augustinopolis,TO,2009,1
FTIFO,Febre Tifóide,170255,Augustinopolis,TO,2010,0
FTIFO,Febre Tifóide,170255,Augustinopolis,TO,2011,0
FTIFO,Febre Tifóide,170255,Augustinopolis,TO,2012,0
FTIFO,Febre Tifóide,170255,Augustinopolis,TO,2013,0
FTIFO,Febre Tifóide,170255,Augustinopolis,TO,2014,0
FTIFO,Febre Tifóide,170255,Augustinopolis,TO,2015,0
FTIFO,Febre Tifóide,170255,Augustinopolis,TO,2016,0
FTIFO,Febre Tifóide,170255,Augustinopolis,TO,2017,0
FTIFO,Febre Tifóide,170255,Augustinopolis,TO,2018,0
FTIFO,Febre Tifóide,170255,Augustinopolis,TO,2019,0
FTIFO,Febre Tifóide,170255,Augustinopolis,TO,2020,0
FTIFO,Febre Tifóide,170255,Augustinopolis,TO,2021,0
FTIFO,Febre Tifóide,170255,Augustinopolis,TO,2022,0
FTIFO,Febre Tifóide,170255,Augustinopolis,TO,2023,0
FTIFO,Febre Tifóide,170255,Augustinopolis,TO,2024,0
FTIFO,Febre Tifóide,170255,Augustinopolis,TO,2025,0
FTIFO,Febre Tifóide,170550,Colinas do Tocantins,TO,2001,0
FTIFO,Febre Tifóide,170550,Colinas do Tocantins,TO,2003,0
FTIFO,Febre Tifóide,170550,Colinas do Tocantins,TO,2006,0
FTIFO,Febre Tifóide,170550,Colinas do Tocantins,TO,2007,0
FTIFO,Febre Tifóide,170550,Colinas do Tocantins,TO,2008,0
FTIFO,Febre Tifóide,170550,Colinas do Tocantins,TO,2009,1
FTIFO,Febre Tifóide,170550,Colinas do Tocantins,TO,2010,0
FTIFO,Febre Tifóide,170550,Colinas do Tocantins,TO,2011,0
FTIFO,Febre Tifóide,170550,Colinas do Tocantins,TO,2012,0
FTIFO,Febre Tifóide,170550,Colinas do Tocantins,TO,2013,0
FTIFO,Febre Tifóide,170550,Colinas do Tocantins,TO,2014,0
FTIFO,Febre Tifóide,170550,Colinas do Tocantins,TO,2015,0
FTIFO,Febre Tifóide,170550,Colinas do Tocantins,TO,2016,0
FTIFO,Febre Tifóide,170550,Colinas do Tocantins,TO,2017,0
FTIFO,Febre Tifóide,170550,Colinas do Tocantins,TO,2018,0
FTIFO,Febre Tifóide,170550,Colinas do Tocantins,TO,2019,0
FTIFO,Febre Tifóide,170550,Colinas do Tocantins,TO,2020,0
FTIFO,Febre Tifóide,170550,Colinas do Tocantins,TO,2021,0
FTIFO,Febre Tifóide,170550,Colinas do Tocantins,TO,2022,0
FTIFO,Febre Tifóide,170550,Colinas do Tocantins,TO,2023,0
FTIFO,Febre Tifóide,170550,Colinas do Tocantins,TO,2024,0
FTIFO,Febre Tifóide,170550,Colinas do Tocantins,TO,2025,0
FTIFO,Febre Tifóide,172020,Sao Miguel do Tocantins,TO,2001,0
FTIFO,Febre Tifóide,172020,Sao Miguel do Tocantins,TO,2003,0
FTIFO,Febre Tifóide,172020,Sao Miguel do Tocantins,TO,2006,0
FTIFO,Febre Tifóide,172020,Sao Miguel do Tocantins,TO,2007,4
FTIFO,Febre Tifóide,172020,Sao Miguel do Tocantins,TO,2008,0
FTIFO,Febre Tifóide,172020,Sao Miguel do Tocantins,TO,2009,1
FTIFO,Febre Tifóide,172020,Sao Miguel do Tocantins,TO,2010,1
FTIFO,Febre Tifóide,172020,Sao Miguel do Tocantins,TO,2011,0
FTIFO,Febre Tifóide,172020,Sao Miguel do Tocantins,TO,2012,0
FTIFO,Febre Tifóide,172020,Sao Miguel do Tocantins,TO,2013,0
FTIFO,Febre Tifóide,172020,Sao Miguel do Tocantins,TO,2014,0
FTIFO,Febre Tifóide,172020,Sao Miguel do Tocantins,TO,2015,0
FTIFO,Febre Tifóide,172020,Sao Miguel do Tocantins,TO,2016,0
FTIFO,Febre Tifóide,172020,Sao Miguel do Tocantins,TO,2017,0
FTIFO,Febre Tifóide,172020,Sao Miguel do Tocantins,TO,2018,0
FTIFO,Febre Tifóide,172020,Sao Miguel do Tocantins,TO,2019,0
FTIFO,Febre Tifóide,172020,Sao Miguel do Tocantins,TO,2020,0
FTIFO,Febre Tifóide,172020,Sao Miguel do Tocantins,TO,2021,0
FTIFO,Febre Tifóide,172020,Sao Miguel do Tocantins,TO,2022,0
FTIFO,Febre Tifóide,172020,Sao Miguel do Tocantins,TO,2023,0
FTIFO,Febre Tifóide,172020,Sao Miguel do Tocantins,TO,2024,0
FTIFO,Febre Tifóide,172020,Sao Miguel do Tocantins,TO,2025,0
FTIFO,Febre Tifóide,172080,Sitio Novo do Tocantins,TO,2001,0
FTIFO,Febre Tifóide,172080,Sitio Novo do Tocantins,TO,2003,0
FTIFO,Febre Tifóide,172080,Sitio Novo do Tocantins,TO,2006,0
FTIFO,Febre Tifóide,172080,Sitio Novo do Tocantins,TO,2007,0
FTIFO,Febre Tifóide,172080,Sitio Novo do Tocantins,TO,2008,1
FTIFO,Febre Tifóide,172080,Sitio Novo do Tocantins,TO,2009,0
FTIFO,Febre Tifóide,172080,Sitio Novo do Tocantins,TO,2010,2
FTIFO,Febre Tifóide,172080,Sitio Novo do Tocantins,TO,2011,0
FTIFO,Febre Tifóide,172080,Sitio Novo do Tocantins,TO,2012,0
FTIFO,Febre Tifóide,172080,Sitio Novo do Tocantins,TO,2013,0
FTIFO,Febre Tifóide,172080,Sitio Novo do Tocantins,TO,2014,0
FTIFO,Febre Tifóide,172080,Sitio Novo do Tocantins,TO,2015,0
FTIFO,Febre Tifóide,172080,Sitio Novo do Tocantins,TO,2016,0
FTIFO,Febre Tifóide,172080,Sitio Novo do Tocantins,TO,2017,0
FTIFO,Febre Tifóide,172080,Sitio Novo do Tocantins,TO,2018,0
FTIFO,Febre Tifóide,172080,Sitio Novo do Tocantins,TO,2019,0
FTIFO,Febre Tifóide,172080,Sitio Novo do Tocantins,TO,2020,0
FTIFO,Febre Tifóide,172080,Sitio Novo do Tocantins,TO,2021,0
FTIFO,Febre Tifóide,172080,Sitio Novo do Tocantins,TO,2022,0
FTIFO,Febre Tifóide,172080,Sitio Novo do Tocantins,TO,2023,0
FTIFO,Febre Tifóide,172080,Sitio Novo do Tocantins,TO,2024,0
FTIFO,Febre Tifóide,172080,Sitio Novo do Tocantins,TO,2025,0
FTIFO,Febre Tifóide,172100,Palmas,TO,2001,0
FTIFO,Febre Tifóide,172100,Palmas,TO,2003,0
FTIFO,Febre Tifóide,172100,Palmas,TO,2006,0
FTIFO,Febre Tifóide,172100,Palmas,TO,2007,1
FTIFO,Febre Tifóide,172100,Palmas,TO,2008,0
FTIFO,Febre Tifóide,172100,Palmas,TO,2009,0
FTIFO,Febre Tifóide,172100,Palmas,TO,2010,0
FTIFO,Febre Tifóide,172100,Palmas,TO,2011,0
FTIFO,Febre Tifóide,172100,Palmas,TO,2012,0
FTIFO,Febre Tifóide,172100,Palmas,TO,2013,0
FTIFO,Febre Tifóide,172100,Palmas,TO,2014,0
FTIFO,Febre Tifóide,172100,Palmas,TO,2015,0
FTIFO,Febre Tifóide,172100,Palmas,TO,2016,0
FTIFO,Febre Tifóide,172100,Palmas,TO,2017,0
FTIFO,Febre Tifóide,172100,Palmas,TO,2018,0
FTIFO,Febre Tifóide,172100,Palmas,TO,2019,0
FTIFO,Febre Tifóide,172100,Palmas,TO,2020,0
FTIFO,Febre Tifóide,172100,Palmas,TO,2021,0
FTIFO,Febre Tifóide,172100,Palmas,TO,2022,0
FTIFO,Febre Tifóide,172100,Palmas,TO,2023,0
FTIFO,Febre Tifóide,172100,Palmas,TO,2024,0
FTIFO,Febre Tifóide,172100,Palmas,TO,2025,0
