doenca,doenca_nome,cod_mun6,municipio,uf,ano,casos
HANTA,Hantaviroses,130260,Manaus,AM,2007,0
HANTA,Hantaviroses,130260,Manaus,AM,2008,0
HANTA,Hantaviroses,130260,Manaus,AM,2009,0
HANTA,Hantaviroses,130260,Manaus,AM,2010,0
HANTA,Hantaviroses,130260,Manaus,AM,2011,2
HANTA,Hantaviroses,130260,Manaus,AM,2012,0
HANTA,Hantaviroses,130260,Manaus,AM,2013,0
HANTA,Hantaviroses,130260,Manaus,AM,2014,0
HANTA,Hantaviroses,130260,Manaus,AM,2015,0
HANTA,Hantaviroses,130260,Manaus,AM,2016,0
HANTA,Hantaviroses,130260,Manaus,AM,2017,0
HANTA,Hantaviroses,130260,Manaus,AM,2018,0
HANTA,Hantaviroses,130260,Manaus,AM,2019,0
HANTA,Hantaviroses,130260,Manaus,AM,2020,0
HANTA,Hantaviroses,130260,Manaus,AM,2021,0
HANTA,Hantaviroses,130260,Manaus,AM,2022,0
HANTA,Hantaviroses,130260,Manaus,AM,2023,0
HANTA,Hantaviroses,130260,Manaus,AM,2024,0
HANTA,Hantaviroses,130260,Manaus,AM,2025,0
HANTA,Hantaviroses,292740,Salvador,BA,2007,0
HANTA,Hantaviroses,292740,Salvador,BA,2008,0
HANTA,Hantaviroses,292740,Salvador,BA,2009,0
HANTA,Hantaviroses,292740,Salvador,BA,2010,0
HANTA,Hantaviroses,292740,Salvador,BA,2011,0
HANTA,Hantaviroses,292740,Salvador,BA,2012,0
HANTA,Hantaviroses,292740,Salvador,BA,2013,0
HANTA,Hantaviroses,292740,Salvador,BA,2014,0
HANTA,Hantaviroses,292740,Salvador,BA,2015,0
HANTA,Hantaviroses,292740,Salvador,BA,2016,0
HANTA,Hantaviroses,292740,Salvador,BA,2017,0
HANTA,Hantaviroses,292740,Salvador,BA,2018,0
HANTA,Hantaviroses,292740,Salvador,BA,2019,0
HANTA,Hantaviroses,292740,Salvador,BA,2020,0
HANTA,Hantaviroses,292740,Salvador,BA,2021,0
HANTA,Hantaviroses,292740,Salvador,BA,2022,1
HANTA,Hantaviroses,292740,Salvador,BA,2023,0
HANTA,Hantaviroses,292740,Salvador,BA,2024,0
HANTA,Hantaviroses,292740,Salvador,BA,2025,0
HANTA,Hantaviroses,530010,Brasilia,DF,2007,9
HANTA,Hantaviroses,530010,Brasilia,DF,2008,5
HANTA,Hantaviroses,530010,Brasilia,DF,2009,12
HANTA,Hantaviroses,530010,Brasilia,DF,2010,15
HANTA,Hantaviroses,530010,Brasilia,DF,2011,12
HANTA,Hantaviroses,530010,Brasilia,DF,2012,1
HANTA,Hantaviroses,530010,Brasilia,DF,2013,6
HANTA,Hantaviroses,530010,Brasilia,DF,2014,4
HANTA,Hantaviroses,530010,Brasilia,DF,2015,4
HANTA,Hantaviroses,530010,Brasilia,DF,2016,5
HANTA,Hantaviroses,530010,Brasilia,DF,2017,3
HANTA,Hantaviroses,530010,Brasilia,DF,2018,1
HANTA,Hantaviroses,530010,Brasilia,DF,2019,2
HANTA,Hantaviroses,530010,Brasilia,DF,2020,3
HANTA,Hantaviroses,530010,Brasilia,DF,2021,2
HANTA,Hantaviroses,530010,Brasilia,DF,2022,2
HANTA,Hantaviroses,530010,Brasilia,DF,2023,0
HANTA,Hantaviroses,530010,Brasilia,DF,2024,0
HANTA,Hantaviroses,530010,Brasilia,DF,2025,0
HANTA,Hantaviroses,520110,Anapolis,GO,2007,2
HANTA,Hantaviroses,520110,Anapolis,GO,2008,2
HANTA,Hantaviroses,520110,Anapolis,GO,2009,2
HANTA,Hantaviroses,520110,Anapolis,GO,2010,2
HANTA,Hantaviroses,520110,Anapolis,GO,2011,3
HANTA,Hantaviroses,520110,Anapolis,GO,2012,2
HANTA,Hantaviroses,520110,Anapolis,GO,2013,1
HANTA,Hantaviroses,520110,Anapolis,GO,2014,0
HANTA,Hantaviroses,520110,Anapolis,GO,2015,6
HANTA,Hantaviroses,520110,Anapolis,GO,2016,0
HANTA,Hantaviroses,520110,Anapolis,GO,2017,0
HANTA,Hantaviroses,520110,Anapolis,GO,2018,1
HANTA,Hantaviroses,520110,Anapolis,GO,2019,0
HANTA,Hantaviroses,520110,Anapolis,GO,2020,0
HANTA,Hantaviroses,520110,Anapolis,GO,2021,0
HANTA,Hantaviroses,520110,Anapolis,GO,2022,0
HANTA,Hantaviroses,520110,Anapolis,GO,2023,1
HANTA,Hantaviroses,520110,Anapolis,GO,2024,0
HANTA,Hantaviroses,520110,Anapolis,GO,2025,0
HANTA,Hantaviroses,520140,Aparecida de Goiania,GO,2007,0
HANTA,Hantaviroses,520140,Aparecida de Goiania,GO,2008,0
HANTA,Hantaviroses,520140,Aparecida de Goiania,GO,2009,0
HANTA,Hantaviroses,520140,Aparecida de Goiania,GO,2010,0
HANTA,Hantaviroses,520140,Aparecida de Goiania,GO,2011,1
HANTA,Hantaviroses,520140,Aparecida de Goiania,GO,2012,0
HANTA,Hantaviroses,520140,Aparecida de Goiania,GO,2013,1
HANTA,Hantaviroses,520140,Aparecida de Goiania,GO,2014,0
HANTA,Hantaviroses,520140,Aparecida de Goiania,GO,2015,1
HANTA,Hantaviroses,520140,Aparecida de Goiania,GO,2016,0
HANTA,Hantaviroses,520140,Aparecida de Goiania,GO,2017,0
HANTA,Hantaviroses,520140,Aparecida de Goiania,GO,2018,0
HANTA,Hantaviroses,520140,Aparecida de Goiania,GO,2019,0
HANTA,Hantaviroses,520140,Aparecida de Goiania,GO,2020,0
HANTA,Hantaviroses,520140,Aparecida de Goiania,GO,2021,0
HANTA,Hantaviroses,520140,Aparecida de Goiania,GO,2022,0
HANTA,Hantaviroses,520140,Aparecida de Goiania,GO,2023,0
HANTA,Hantaviroses,520140,Aparecida de Goiania,GO,2024,0
HANTA,Hantaviroses,520140,Aparecida de Goiania,GO,2025,0
HANTA,Hantaviroses,520355,Bonfinopolis,GO,2007,0
HANTA,Hantaviroses,520355,Bonfinopolis,GO,2008,0
HANTA,Hantaviroses,520355,Bonfinopolis,GO,2009,1
HANTA,Hantaviroses,520355,Bonfinopolis,GO,2010,0
HANTA,Hantaviroses,520355,Bonfinopolis,GO,2011,0
HANTA,Hantaviroses,520355,Bonfinopolis,GO,2012,0
HANTA,Hantaviroses,520355,Bonfinopolis,GO,2013,0
HANTA,Hantaviroses,520355,Bonfinopolis,GO,2014,0
HANTA,Hantaviroses,520355,Bonfinopolis,GO,2015,0
HANTA,Hantaviroses,520355,Bonfinopolis,GO,2016,0
HANTA,Hantaviroses,520355,Bonfinopolis,GO,2017,0
HANTA,Hantaviroses,520355,Bonfinopolis,GO,2018,0
HANTA,Hantaviroses,520355,Bonfinopolis,GO,2019,0
HANTA,Hantaviroses,520355,Bonfinopolis,GO,2020,0
HANTA,Hantaviroses,520355,Bonfinopolis,GO,2021,0
HANTA,Hantaviroses,520355,Bonfinopolis,GO,2022,0
HANTA,Hantaviroses,520355,Bonfinopolis,GO,2023,0
HANTA,Hantaviroses,520355,Bonfinopolis,GO,2024,0
HANTA,Hantaviroses,520355,Bonfinopolis,GO,2025,0
HANTA,Hantaviroses,520480,Campo Alegre de Goias,GO,2007,0
HANTA,Hantaviroses,520480,Campo Alegre de Goias,GO,2008,0
HANTA,Hantaviroses,520480,Campo Alegre de Goias,GO,2009,0
HANTA,Hantaviroses,520480,Campo Alegre de Goias,GO,2010,1
HANTA,Hantaviroses,520480,Campo Alegre de Goias,GO,2011,0
HANTA,Hantaviroses,520480,Campo Alegre de Goias,GO,2012,0
HANTA,Hantaviroses,520480,Campo Alegre de Goias,GO,2013,0
HANTA,Hantaviroses,520480,Campo Alegre de Goias,GO,2014,0
HANTA,Hantaviroses,520480,Campo Alegre de Goias,GO,2015,0
HANTA,Hantaviroses,520480,Campo Alegre de Goias,GO,2016,0
HANTA,Hantaviroses,520480,Campo Alegre de Goias,GO,2017,0
HANTA,Hantaviroses,520480,Campo Alegre de Goias,GO,2018,0
HANTA,Hantaviroses,520480,Campo Alegre de Goias,GO,2019,0
HANTA,Hantaviroses,520480,Campo Alegre de Goias,GO,2020,0
HANTA,Hantaviroses,520480,Campo Alegre de Goias,GO,2021,0
HANTA,Hantaviroses,520480,Campo Alegre de Goias,GO,2022,0
HANTA,Hantaviroses,520480,Campo Alegre de Goias,GO,2023,0
HANTA,Hantaviroses,520480,Campo Alegre de Goias,GO,2024,0
HANTA,Hantaviroses,520480,Campo Alegre de Goias,GO,2025,0
HANTA,Hantaviroses,520510,Catalao,GO,2007,0
HANTA,Hantaviroses,520510,Catalao,GO,2008,0
HANTA,Hantaviroses,520510,Catalao,GO,2009,2
HANTA,Hantaviroses,520510,Catalao,GO,2010,0
HANTA,Hantaviroses,520510,Catalao,GO,2011,0
HANTA,Hantaviroses,520510,Catalao,GO,2012,1
HANTA,Hantaviroses,520510,Catalao,GO,2013,1
HANTA,Hantaviroses,520510,Catalao,GO,2014,1
HANTA,Hantaviroses,520510,Catalao,GO,2015,0
HANTA,Hantaviroses,520510,Catalao,GO,2016,0
HANTA,Hantaviroses,520510,Catalao,GO,2017,0
HANTA,Hantaviroses,520510,Catalao,GO,2018,0
HANTA,Hantaviroses,520510,Catalao,GO,2019,0
HANTA,Hantaviroses,520510,Catalao,GO,2020,1
HANTA,Hantaviroses,520510,Catalao,GO,2021,0
HANTA,Hantaviroses,520510,Catalao,GO,2022,0
HANTA,Hantaviroses,520510,Catalao,GO,2023,0
HANTA,Hantaviroses,520510,Catalao,GO,2024,0
HANTA,Hantaviroses,520510,Catalao,GO,2025,0
HANTA,Hantaviroses,520549,Cidade Ocidental,GO,2007,0
HANTA,Hantaviroses,520549,Cidade Ocidental,GO,2008,0
HANTA,Hantaviroses,520549,Cidade Ocidental,GO,2009,0
HANTA,Hantaviroses,520549,Cidade Ocidental,GO,2010,1
HANTA,Hantaviroses,520549,Cidade Ocidental,GO,2011,0
HANTA,Hantaviroses,520549,Cidade Ocidental,GO,2012,0
HANTA,Hantaviroses,520549,Cidade Ocidental,GO,2013,0
HANTA,Hantaviroses,520549,Cidade Ocidental,GO,2014,0
HANTA,Hantaviroses,520549,Cidade Ocidental,GO,2015,0
HANTA,Hantaviroses,520549,Cidade Ocidental,GO,2016,0
HANTA,Hantaviroses,520549,Cidade Ocidental,GO,2017,0
HANTA,Hantaviroses,520549,Cidade Ocidental,GO,2018,0
HANTA,Hantaviroses,520549,Cidade Ocidental,GO,2019,0
HANTA,Hantaviroses,520549,Cidade Ocidental,GO,2020,0
HANTA,Hantaviroses,520549,Cidade Ocidental,GO,2021,0
HANTA,Hantaviroses,520549,Cidade Ocidental,GO,2022,0
HANTA,Hantaviroses,520549,Cidade Ocidental,GO,2023,0
HANTA,Hantaviroses,520549,Cidade Ocidental,GO,2024,0
HANTA,Hantaviroses,520549,Cidade Ocidental,GO,2025,0
HANTA,Hantaviroses,520580,Corumba de Goias,GO,2007,0
HANTA,Hantaviroses,520580,Corumba de Goias,GO,2008,0
HANTA,Hantaviroses,520580,Corumba de Goias,GO,2009,0
HANTA,Hantaviroses,520580,Corumba de Goias,GO,2010,0
HANTA,Hantaviroses,520580,Corumba de Goias,GO,2011,0
HANTA,Hantaviroses,520580,Corumba de Goias,GO,2012,1
HANTA,Hantaviroses,520580,Corumba de Goias,GO,2013,0
HANTA,Hantaviroses,520580,Corumba de Goias,GO,2014,0
HANTA,Hantaviroses,520580,Corumba de Goias,GO,2015,0
HANTA,Hantaviroses,520580,Corumba de Goias,GO,2016,0
HANTA,Hantaviroses,520580,Corumba de Goias,GO,2017,0
HANTA,Hantaviroses,520580,Corumba de Goias,GO,2018,0
HANTA,Hantaviroses,520580,Corumba de Goias,GO,2019,0
HANTA,Hantaviroses,520580,Corumba de Goias,GO,2020,0
HANTA,Hantaviroses,520580,Corumba de Goias,GO,2021,0
HANTA,Hantaviroses,520580,Corumba de Goias,GO,2022,0
HANTA,Hantaviroses,520580,Corumba de Goias,GO,2023,0
HANTA,Hantaviroses,520580,Corumba de Goias,GO,2024,0
HANTA,Hantaviroses,520580,Corumba de Goias,GO,2025,0
HANTA,Hantaviroses,520620,Cristalina,GO,2007,0
HANTA,Hantaviroses,520620,Cristalina,GO,2008,1
HANTA,Hantaviroses,520620,Cristalina,GO,2009,0
HANTA,Hantaviroses,520620,Cristalina,GO,2010,0
HANTA,Hantaviroses,520620,Cristalina,GO,2011,0
HANTA,Hantaviroses,520620,Cristalina,GO,2012,0
HANTA,Hantaviroses,520620,Cristalina,GO,2013,0
HANTA,Hantaviroses,520620,Cristalina,GO,2014,0
HANTA,Hantaviroses,520620,Cristalina,GO,2015,0
HANTA,Hantaviroses,520620,Cristalina,GO,2016,1
HANTA,Hantaviroses,520620,Cristalina,GO,2017,0
HANTA,Hantaviroses,520620,Cristalina,GO,2018,0
HANTA,Hantaviroses,520620,Cristalina,GO,2019,0
HANTA,Hantaviroses,520620,Cristalina,GO,2020,0
HANTA,Hantaviroses,520620,Cristalina,GO,2021,1
HANTA,Hantaviroses,520620,Cristalina,GO,2022,0
HANTA,Hantaviroses,520620,Cristalina,GO,2023,0
HANTA,Hantaviroses,520620,Cristalina,GO,2024,0
HANTA,Hantaviroses,520620,Cristalina,GO,2025,0
HANTA,Hantaviroses,520840,Goianapolis,GO,2007,1
HANTA,Hantaviroses,520840,Goianapolis,GO,2008,0
HANTA,Hantaviroses,520840,Goianapolis,GO,2009,0
HANTA,Hantaviroses,520840,Goianapolis,GO,2010,0
HANTA,Hantaviroses,520840,Goianapolis,GO,2011,0
HANTA,Hantaviroses,520840,Goianapolis,GO,2012,0
HANTA,Hantaviroses,520840,Goianapolis,GO,2013,0
HANTA,Hantaviroses,520840,Goianapolis,GO,2014,0
HANTA,Hantaviroses,520840,Goianapolis,GO,2015,0
HANTA,Hantaviroses,520840,Goianapolis,GO,2016,0
HANTA,Hantaviroses,520840,Goianapolis,GO,2017,0
HANTA,Hantaviroses,520840,Goianapolis,GO,2018,0
HANTA,Hantaviroses,520840,Goianapolis,GO,2019,0
HANTA,Hantaviroses,520840,Goianapolis,GO,2020,0
HANTA,Hantaviroses,520840,Goianapolis,GO,2021,0
HANTA,Hantaviroses,520840,Goianapolis,GO,2022,0
HANTA,Hantaviroses,520840,Goianapolis,GO,2023,0
HANTA,Hantaviroses,520840,Goianapolis,GO,2024,0
HANTA,Hantaviroses,520840,Goianapolis,GO,2025,0
HANTA,Hantaviroses,520870,Goiania,GO,2007,3
HANTA,Hantaviroses,520870,Goiania,GO,2008,4
HANTA,Hantaviroses,520870,Goiania,GO,2009,7
HANTA,Hantaviroses,520870,Goiania,GO,2010,3
HANTA,Hantaviroses,520870,Goiania,GO,2011,2
HANTA,Hantaviroses,520870,Goiania,GO,2012,3
HANTA,Hantaviroses,520870,Goiania,GO,2013,2
HANTA,Hantaviroses,520870,Goiania,GO,2014,2
HANTA,Hantaviroses,520870,Goiania,GO,2015,3
HANTA,Hantaviroses,520870,Goiania,GO,2016,1
HANTA,Hantaviroses,520870,Goiania,GO,2017,1
HANTA,Hantaviroses,520870,Goiania,GO,2018,0
HANTA,Hantaviroses,520870,Goiania,GO,2019,3
HANTA,Hantaviroses,520870,Goiania,GO,2020,0
HANTA,Hantaviroses,520870,Goiania,GO,2021,0
HANTA,Hantaviroses,520870,Goiania,GO,2022,1
HANTA,Hantaviroses,520870,Goiania,GO,2023,0
HANTA,Hantaviroses,520870,Goiania,GO,2024,0
HANTA,Hantaviroses,520870,Goiania,GO,2025,0
HANTA,Hantaviroses,521190,Jatai,GO,2007,0
HANTA,Hantaviroses,521190,Jatai,GO,2008,0
HANTA,Hantaviroses,521190,Jatai,GO,2009,1
HANTA,Hantaviroses,521190,Jatai,GO,2010,2
HANTA,Hantaviroses,521190,Jatai,GO,2011,0
HANTA,Hantaviroses,521190,Jatai,GO,2012,3
HANTA,Hantaviroses,521190,Jatai,GO,2013,3
HANTA,Hantaviroses,521190,Jatai,GO,2014,0
HANTA,Hantaviroses,521190,Jatai,GO,2015,0
HANTA,Hantaviroses,521190,Jatai,GO,2016,1
HANTA,Hantaviroses,521190,Jatai,GO,2017,1
HANTA,Hantaviroses,521190,Jatai,GO,2018,0
HANTA,Hantaviroses,521190,Jatai,GO,2019,0
HANTA,Hantaviroses,521190,Jatai,GO,2020,0
HANTA,Hantaviroses,521190,Jatai,GO,2021,0
HANTA,Hantaviroses,521190,Jatai,GO,2022,0
HANTA,Hantaviroses,521190,Jatai,GO,2023,0
HANTA,Hantaviroses,521190,Jatai,GO,2024,0
HANTA,Hantaviroses,521190,Jatai,GO,2025,0
HANTA,Hantaviroses,521230,Leopoldo de Bulhoes,GO,2007,0
HANTA,Hantaviroses,521230,Leopoldo de Bulhoes,GO,2008,0
HANTA,Hantaviroses,521230,Leopoldo de Bulhoes,GO,2009,0
HANTA,Hantaviroses,521230,Leopoldo de Bulhoes,GO,2010,0
HANTA,Hantaviroses,521230,Leopoldo de Bulhoes,GO,2011,0
HANTA,Hantaviroses,521230,Leopoldo de Bulhoes,GO,2012,0
HANTA,Hantaviroses,521230,Leopoldo de Bulhoes,GO,2013,0
HANTA,Hantaviroses,521230,Leopoldo de Bulhoes,GO,2014,0
HANTA,Hantaviroses,521230,Leopoldo de Bulhoes,GO,2015,1
HANTA,Hantaviroses,521230,Leopoldo de Bulhoes,GO,2016,0
HANTA,Hantaviroses,521230,Leopoldo de Bulhoes,GO,2017,0
HANTA,Hantaviroses,521230,Leopoldo de Bulhoes,GO,2018,0
HANTA,Hantaviroses,521230,Leopoldo de Bulhoes,GO,2019,0
HANTA,Hantaviroses,521230,Leopoldo de Bulhoes,GO,2020,0
HANTA,Hantaviroses,521230,Leopoldo de Bulhoes,GO,2021,0
HANTA,Hantaviroses,521230,Leopoldo de Bulhoes,GO,2022,0
HANTA,Hantaviroses,521230,Leopoldo de Bulhoes,GO,2023,0
HANTA,Hantaviroses,521230,Leopoldo de Bulhoes,GO,2024,0
HANTA,Hantaviroses,521230,Leopoldo de Bulhoes,GO,2025,0
HANTA,Hantaviroses,521310,Mineiros,GO,2007,0
HANTA,Hantaviroses,521310,Mineiros,GO,2008,0
HANTA,Hantaviroses,521310,Mineiros,GO,2009,0
HANTA,Hantaviroses,521310,Mineiros,GO,2010,0
HANTA,Hantaviroses,521310,Mineiros,GO,2011,0
HANTA,Hantaviroses,521310,Mineiros,GO,2012,0
HANTA,Hantaviroses,521310,Mineiros,GO,2013,1
HANTA,Hantaviroses,521310,Mineiros,GO,2014,0
HANTA,Hantaviroses,521310,Mineiros,GO,2015,0
HANTA,Hantaviroses,521310,Mineiros,GO,2016,0
HANTA,Hantaviroses,521310,Mineiros,GO,2017,0
HANTA,Hantaviroses,521310,Mineiros,GO,2018,0
HANTA,Hantaviroses,521310,Mineiros,GO,2019,0
HANTA,Hantaviroses,521310,Mineiros,GO,2020,0
HANTA,Hantaviroses,521310,Mineiros,GO,2021,0
HANTA,Hantaviroses,521310,Mineiros,GO,2022,0
HANTA,Hantaviroses,521310,Mineiros,GO,2023,0
HANTA,Hantaviroses,521310,Mineiros,GO,2024,0
HANTA,Hantaviroses,521310,Mineiros,GO,2025,0
HANTA,Hantaviroses,521730,Pirenopolis,GO,2007,0
HANTA,Hantaviroses,521730,Pirenopolis,GO,2008,0
HANTA,Hantaviroses,521730,Pirenopolis,GO,2009,0
HANTA,Hantaviroses,521730,Pirenopolis,GO,2010,0
HANTA,Hantaviroses,521730,Pirenopolis,GO,2011,0
HANTA,Hantaviroses,521730,Pirenopolis,GO,2012,0
HANTA,Hantaviroses,521730,Pirenopolis,GO,2013,0
HANTA,Hantaviroses,521730,Pirenopolis,GO,2014,0
HANTA,Hantaviroses,521730,Pirenopolis,GO,2015,0
HANTA,Hantaviroses,521730,Pirenopolis,GO,2016,0
HANTA,Hantaviroses,521730,Pirenopolis,GO,2017,0
HANTA,Hantaviroses,521730,Pirenopolis,GO,2018,0
HANTA,Hantaviroses,521730,Pirenopolis,GO,2019,1
HANTA,Hantaviroses,521730,Pirenopolis,GO,2020,0
HANTA,Hantaviroses,521730,Pirenopolis,GO,2021,0
HANTA,Hantaviroses,521730,Pirenopolis,GO,2022,0
HANTA,Hantaviroses,521730,Pirenopolis,GO,2023,0
HANTA,Hantaviroses,521730,Pirenopolis,GO,2024,0
HANTA,Hantaviroses,521730,Pirenopolis,GO,2025,0
HANTA,Hantaviroses,521880,Rio Verde,GO,2007,0
HANTA,Hantaviroses,521880,Rio Verde,GO,2008,0
HANTA,Hantaviroses,521880,Rio Verde,GO,2009,0
HANTA,Hantaviroses,521880,Rio Verde,GO,2010,0
HANTA,Hantaviroses,521880,Rio Verde,GO,2011,0
HANTA,Hantaviroses,521880,Rio Verde,GO,2012,0
HANTA,Hantaviroses,521880,Rio Verde,GO,2013,1
HANTA,Hantaviroses,521880,Rio Verde,GO,2014,0
HANTA,Hantaviroses,521880,Rio Verde,GO,2015,0
HANTA,Hantaviroses,521880,Rio Verde,GO,2016,0
HANTA,Hantaviroses,521880,Rio Verde,GO,2017,0
HANTA,Hantaviroses,521880,Rio Verde,GO,2018,0
HANTA,Hantaviroses,521880,Rio Verde,GO,2019,0
HANTA,Hantaviroses,521880,Rio Verde,GO,2020,0
HANTA,Hantaviroses,521880,Rio Verde,GO,2021,0
HANTA,Hantaviroses,521880,Rio Verde,GO,2022,0
HANTA,Hantaviroses,521880,Rio Verde,GO,2023,0
HANTA,Hantaviroses,521880,Rio Verde,GO,2024,0
HANTA,Hantaviroses,521880,Rio Verde,GO,2025,0
HANTA,Hantaviroses,210120,Bacabal,MA,2007,0
HANTA,Hantaviroses,210120,Bacabal,MA,2008,0
HANTA,Hantaviroses,210120,Bacabal,MA,2009,1
HANTA,Hantaviroses,210120,Bacabal,MA,2010,0
HANTA,Hantaviroses,210120,Bacabal,MA,2011,0
HANTA,Hantaviroses,210120,Bacabal,MA,2012,0
HANTA,Hantaviroses,210120,Bacabal,MA,2013,0
HANTA,Hantaviroses,210120,Bacabal,MA,2014,0
HANTA,Hantaviroses,210120,Bacabal,MA,2015,0
HANTA,Hantaviroses,210120,Bacabal,MA,2016,0
HANTA,Hantaviroses,210120,Bacabal,MA,2017,0
HANTA,Hantaviroses,210120,Bacabal,MA,2018,0
HANTA,Hantaviroses,210120,Bacabal,MA,2019,0
HANTA,Hantaviroses,210120,Bacabal,MA,2020,0
HANTA,Hantaviroses,210120,Bacabal,MA,2021,0
HANTA,Hantaviroses,210120,Bacabal,MA,2022,0
HANTA,Hantaviroses,210120,Bacabal,MA,2023,0
HANTA,Hantaviroses,210120,Bacabal,MA,2024,0
HANTA,Hantaviroses,210120,Bacabal,MA,2025,0
HANTA,Hantaviroses,210663,Matoes do Norte,MA,2007,0
HANTA,Hantaviroses,210663,Matoes do Norte,MA,2008,0
HANTA,Hantaviroses,210663,Matoes do Norte,MA,2009,0
HANTA,Hantaviroses,210663,Matoes do Norte,MA,2010,0
HANTA,Hantaviroses,210663,Matoes do Norte,MA,2011,0
HANTA,Hantaviroses,210663,Matoes do Norte,MA,2012,0
HANTA,Hantaviroses,210663,Matoes do Norte,MA,2013,0
HANTA,Hantaviroses,210663,Matoes do Norte,MA,2014,0
HANTA,Hantaviroses,210663,Matoes do Norte,MA,2015,0
HANTA,Hantaviroses,210663,Matoes do Norte,MA,2016,0
HANTA,Hantaviroses,210663,Matoes do Norte,MA,2017,0
HANTA,Hantaviroses,210663,Matoes do Norte,MA,2018,0
HANTA,Hantaviroses,210663,Matoes do Norte,MA,2019,0
HANTA,Hantaviroses,210663,Matoes do Norte,MA,2020,0
HANTA,Hantaviroses,210663,Matoes do Norte,MA,2021,0
HANTA,Hantaviroses,210663,Matoes do Norte,MA,2022,0
HANTA,Hantaviroses,210663,Matoes do Norte,MA,2023,0
HANTA,Hantaviroses,210663,Matoes do Norte,MA,2024,0
HANTA,Hantaviroses,210663,Matoes do Norte,MA,2025,1
HANTA,Hantaviroses,211130,Sao Luis,MA,2007,0
HANTA,Hantaviroses,211130,Sao Luis,MA,2008,0
HANTA,Hantaviroses,211130,Sao Luis,MA,2009,0
HANTA,Hantaviroses,211130,Sao Luis,MA,2010,0
HANTA,Hantaviroses,211130,Sao Luis,MA,2011,0
HANTA,Hantaviroses,211130,Sao Luis,MA,2012,0
HANTA,Hantaviroses,211130,Sao Luis,MA,2013,1
HANTA,Hantaviroses,211130,Sao Luis,MA,2014,0
HANTA,Hantaviroses,211130,Sao Luis,MA,2015,0
HANTA,Hantaviroses,211130,Sao Luis,MA,2016,0
HANTA,Hantaviroses,211130,Sao Luis,MA,2017,0
HANTA,Hantaviroses,211130,Sao Luis,MA,2018,0
HANTA,Hantaviroses,211130,Sao Luis,MA,2019,0
HANTA,Hantaviroses,211130,Sao Luis,MA,2020,0
HANTA,Hantaviroses,211130,Sao Luis,MA,2021,0
HANTA,Hantaviroses,211130,Sao Luis,MA,2022,0
HANTA,Hantaviroses,211130,Sao Luis,MA,2023,0
HANTA,Hantaviroses,211130,Sao Luis,MA,2024,0
HANTA,Hantaviroses,211130,Sao Luis,MA,2025,0
HANTA,Hantaviroses,310160,Alfenas,MG,2007,0
HANTA,Hantaviroses,310160,Alfenas,MG,2008,0
HANTA,Hantaviroses,310160,Alfenas,MG,2009,0
HANTA,Hantaviroses,310160,Alfenas,MG,2010,1
HANTA,Hantaviroses,310160,Alfenas,MG,2011,0
HANTA,Hantaviroses,310160,Alfenas,MG,2012,0
HANTA,Hantaviroses,310160,Alfenas,MG,2013,0
HANTA,Hantaviroses,310160,Alfenas,MG,2014,0
HANTA,Hantaviroses,310160,Alfenas,MG,2015,0
HANTA,Hantaviroses,310160,Alfenas,MG,2016,0
HANTA,Hantaviroses,310160,Alfenas,MG,2017,0
HANTA,Hantaviroses,310160,Alfenas,MG,2018,0
HANTA,Hantaviroses,310160,Alfenas,MG,2019,0
HANTA,Hantaviroses,310160,Alfenas,MG,2020,0
HANTA,Hantaviroses,310160,Alfenas,MG,2021,0
HANTA,Hantaviroses,310160,Alfenas,MG,2022,0
HANTA,Hantaviroses,310160,Alfenas,MG,2023,0
HANTA,Hantaviroses,310160,Alfenas,MG,2024,0
HANTA,Hantaviroses,310160,Alfenas,MG,2025,0
HANTA,Hantaviroses,310350,Araguari,MG,2007,0
HANTA,Hantaviroses,310350,Araguari,MG,2008,0
HANTA,Hantaviroses,310350,Araguari,MG,2009,0
HANTA,Hantaviroses,310350,Araguari,MG,2010,0
HANTA,Hantaviroses,310350,Araguari,MG,2011,0
HANTA,Hantaviroses,310350,Araguari,MG,2012,0
HANTA,Hantaviroses,310350,Araguari,MG,2013,0
HANTA,Hantaviroses,310350,Araguari,MG,2014,0
HANTA,Hantaviroses,310350,Araguari,MG,2015,0
HANTA,Hantaviroses,310350,Araguari,MG,2016,0
HANTA,Hantaviroses,310350,Araguari,MG,2017,0
HANTA,Hantaviroses,310350,Araguari,MG,2018,0
HANTA,Hantaviroses,310350,Araguari,MG,2019,1
HANTA,Hantaviroses,310350,Araguari,MG,2020,0
HANTA,Hantaviroses,310350,Araguari,MG,2021,0
HANTA,Hantaviroses,310350,Araguari,MG,2022,0
HANTA,Hantaviroses,310350,Araguari,MG,2023,0
HANTA,Hantaviroses,310350,Araguari,MG,2024,0
HANTA,Hantaviroses,310350,Araguari,MG,2025,0
HANTA,Hantaviroses,310400,Araxa,MG,2007,3
HANTA,Hantaviroses,310400,Araxa,MG,2008,2
HANTA,Hantaviroses,310400,Araxa,MG,2009,4
HANTA,Hantaviroses,310400,Araxa,MG,2010,8
HANTA,Hantaviroses,310400,Araxa,MG,2011,5
HANTA,Hantaviroses,310400,Araxa,MG,2012,1
HANTA,Hantaviroses,310400,Araxa,MG,2013,5
HANTA,Hantaviroses,310400,Araxa,MG,2014,4
HANTA,Hantaviroses,310400,Araxa,MG,2015,2
HANTA,Hantaviroses,310400,Araxa,MG,2016,3
HANTA,Hantaviroses,310400,Araxa,MG,2017,1
HANTA,Hantaviroses,310400,Araxa,MG,2018,0
HANTA,Hantaviroses,310400,Araxa,MG,2019,0
HANTA,Hantaviroses,310400,Araxa,MG,2020,1
HANTA,Hantaviroses,310400,Araxa,MG,2021,0
HANTA,Hantaviroses,310400,Araxa,MG,2022,2
HANTA,Hantaviroses,310400,Araxa,MG,2023,3
HANTA,Hantaviroses,310400,Araxa,MG,2024,2
HANTA,Hantaviroses,310400,Araxa,MG,2025,0
HANTA,Hantaviroses,310420,Arcos,MG,2007,0
HANTA,Hantaviroses,310420,Arcos,MG,2008,0
HANTA,Hantaviroses,310420,Arcos,MG,2009,0
HANTA,Hantaviroses,310420,Arcos,MG,2010,0
HANTA,Hantaviroses,310420,Arcos,MG,2011,1
HANTA,Hantaviroses,310420,Arcos,MG,2012,0
HANTA,Hantaviroses,310420,Arcos,MG,2013,0
HANTA,Hantaviroses,310420,Arcos,MG,2014,0
HANTA,Hantaviroses,310420,Arcos,MG,2015,0
HANTA,Hantaviroses,310420,Arcos,MG,2016,0
HANTA,Hantaviroses,310420,Arcos,MG,2017,0
HANTA,Hantaviroses,310420,Arcos,MG,2018,0
HANTA,Hantaviroses,310420,Arcos,MG,2019,0
HANTA,Hantaviroses,310420,Arcos,MG,2020,0
HANTA,Hantaviroses,310420,Arcos,MG,2021,0
HANTA,Hantaviroses,310420,Arcos,MG,2022,0
HANTA,Hantaviroses,310420,Arcos,MG,2023,0
HANTA,Hantaviroses,310420,Arcos,MG,2024,0
HANTA,Hantaviroses,310420,Arcos,MG,2025,0
HANTA,Hantaviroses,310620,Belo Horizonte,MG,2007,0
HANTA,Hantaviroses,310620,Belo Horizonte,MG,2008,2
HANTA,Hantaviroses,310620,Belo Horizonte,MG,2009,1
HANTA,Hantaviroses,310620,Belo Horizonte,MG,2010,0
HANTA,Hantaviroses,310620,Belo Horizonte,MG,2011,0
HANTA,Hantaviroses,310620,Belo Horizonte,MG,2012,0
HANTA,Hantaviroses,310620,Belo Horizonte,MG,2013,0
HANTA,Hantaviroses,310620,Belo Horizonte,MG,2014,0
HANTA,Hantaviroses,310620,Belo Horizonte,MG,2015,0
HANTA,Hantaviroses,310620,Belo Horizonte,MG,2016,0
HANTA,Hantaviroses,310620,Belo Horizonte,MG,2017,0
HANTA,Hantaviroses,310620,Belo Horizonte,MG,2018,0
HANTA,Hantaviroses,310620,Belo Horizonte,MG,2019,0
HANTA,Hantaviroses,310620,Belo Horizonte,MG,2020,0
HANTA,Hantaviroses,310620,Belo Horizonte,MG,2021,0
HANTA,Hantaviroses,310620,Belo Horizonte,MG,2022,0
HANTA,Hantaviroses,310620,Belo Horizonte,MG,2023,0
HANTA,Hantaviroses,310620,Belo Horizonte,MG,2024,0
HANTA,Hantaviroses,310620,Belo Horizonte,MG,2025,0
HANTA,Hantaviroses,310740,Bom Despacho,MG,2007,0
HANTA,Hantaviroses,310740,Bom Despacho,MG,2008,0
HANTA,Hantaviroses,310740,Bom Despacho,MG,2009,0
HANTA,Hantaviroses,310740,Bom Despacho,MG,2010,1
HANTA,Hantaviroses,310740,Bom Despacho,MG,2011,0
HANTA,Hantaviroses,310740,Bom Despacho,MG,2012,0
HANTA,Hantaviroses,310740,Bom Despacho,MG,2013,0
HANTA,Hantaviroses,310740,Bom Despacho,MG,2014,0
HANTA,Hantaviroses,310740,Bom Despacho,MG,2015,0
HANTA,Hantaviroses,310740,Bom Despacho,MG,2016,0
HANTA,Hantaviroses,310740,Bom Despacho,MG,2017,0
HANTA,Hantaviroses,310740,Bom Despacho,MG,2018,0
HANTA,Hantaviroses,310740,Bom Despacho,MG,2019,0
HANTA,Hantaviroses,310740,Bom Despacho,MG,2020,0
HANTA,Hantaviroses,310740,Bom Despacho,MG,2021,0
HANTA,Hantaviroses,310740,Bom Despacho,MG,2022,0
HANTA,Hantaviroses,310740,Bom Despacho,MG,2023,0
HANTA,Hantaviroses,310740,Bom Despacho,MG,2024,0
HANTA,Hantaviroses,310740,Bom Despacho,MG,2025,0
HANTA,Hantaviroses,311100,Campestre,MG,2007,0
HANTA,Hantaviroses,311100,Campestre,MG,2008,0
HANTA,Hantaviroses,311100,Campestre,MG,2009,0
HANTA,Hantaviroses,311100,Campestre,MG,2010,0
HANTA,Hantaviroses,311100,Campestre,MG,2011,0
HANTA,Hantaviroses,311100,Campestre,MG,2012,0
HANTA,Hantaviroses,311100,Campestre,MG,2013,1
HANTA,Hantaviroses,311100,Campestre,MG,2014,0
HANTA,Hantaviroses,311100,Campestre,MG,2015,0
HANTA,Hantaviroses,311100,Campestre,MG,2016,0
HANTA,Hantaviroses,311100,Campestre,MG,2017,0
HANTA,Hantaviroses,311100,Campestre,MG,2018,0
HANTA,Hantaviroses,311100,Campestre,MG,2019,0
HANTA,Hantaviroses,311100,Campestre,MG,2020,0
HANTA,Hantaviroses,311100,Campestre,MG,2021,0
HANTA,Hantaviroses,311100,Campestre,MG,2022,0
HANTA,Hantaviroses,311100,Campestre,MG,2023,0
HANTA,Hantaviroses,311100,Campestre,MG,2024,0
HANTA,Hantaviroses,311100,Campestre,MG,2025,0
HANTA,Hantaviroses,311430,Carmo do Paranaiba,MG,2007,0
HANTA,Hantaviroses,311430,Carmo do Paranaiba,MG,2008,0
HANTA,Hantaviroses,311430,Carmo do Paranaiba,MG,2009,0
HANTA,Hantaviroses,311430,Carmo do Paranaiba,MG,2010,0
HANTA,Hantaviroses,311430,Carmo do Paranaiba,MG,2011,0
HANTA,Hantaviroses,311430,Carmo do Paranaiba,MG,2012,0
HANTA,Hantaviroses,311430,Carmo do Paranaiba,MG,2013,0
HANTA,Hantaviroses,311430,Carmo do Paranaiba,MG,2014,0
HANTA,Hantaviroses,311430,Carmo do Paranaiba,MG,2015,0
HANTA,Hantaviroses,311430,Carmo do Paranaiba,MG,2016,1
HANTA,Hantaviroses,311430,Carmo do Paranaiba,MG,2017,0
HANTA,Hantaviroses,311430,Carmo do Paranaiba,MG,2018,0
HANTA,Hantaviroses,311430,Carmo do Paranaiba,MG,2019,0
HANTA,Hantaviroses,311430,Carmo do Paranaiba,MG,2020,0
HANTA,Hantaviroses,311430,Carmo do Paranaiba,MG,2021,1
HANTA,Hantaviroses,311430,Carmo do Paranaiba,MG,2022,0
HANTA,Hantaviroses,311430,Carmo do Paranaiba,MG,2023,0
HANTA,Hantaviroses,311430,Carmo do Paranaiba,MG,2024,1
HANTA,Hantaviroses,311430,Carmo do Paranaiba,MG,2025,0
HANTA,Hantaviroses,311860,Contagem,MG,2007,0
HANTA,Hantaviroses,311860,Contagem,MG,2008,0
HANTA,Hantaviroses,311860,Contagem,MG,2009,0
HANTA,Hantaviroses,311860,Contagem,MG,2010,0
HANTA,Hantaviroses,311860,Contagem,MG,2011,0
HANTA,Hantaviroses,311860,Contagem,MG,2012,0
HANTA,Hantaviroses,311860,Contagem,MG,2013,0
HANTA,Hantaviroses,311860,Contagem,MG,2014,0
HANTA,Hantaviroses,311860,Contagem,MG,2015,0
HANTA,Hantaviroses,311860,Contagem,MG,2016,1
HANTA,Hantaviroses,311860,Contagem,MG,2017,0
HANTA,Hantaviroses,311860,Contagem,MG,2018,0
HANTA,Hantaviroses,311860,Contagem,MG,2019,0
HANTA,Hantaviroses,311860,Contagem,MG,2020,0
HANTA,Hantaviroses,311860,Contagem,MG,2021,0
HANTA,Hantaviroses,311860,Contagem,MG,2022,0
HANTA,Hantaviroses,311860,Contagem,MG,2023,0
HANTA,Hantaviroses,311860,Contagem,MG,2024,0
HANTA,Hantaviroses,311860,Contagem,MG,2025,0
HANTA,Hantaviroses,311995,Corrego Fundo,MG,2007,0
HANTA,Hantaviroses,311995,Corrego Fundo,MG,2008,0
HANTA,Hantaviroses,311995,Corrego Fundo,MG,2009,1
HANTA,Hantaviroses,311995,Corrego Fundo,MG,2010,0
HANTA,Hantaviroses,311995,Corrego Fundo,MG,2011,0
HANTA,Hantaviroses,311995,Corrego Fundo,MG,2012,0
HANTA,Hantaviroses,311995,Corrego Fundo,MG,2013,0
HANTA,Hantaviroses,311995,Corrego Fundo,MG,2014,0
HANTA,Hantaviroses,311995,Corrego Fundo,MG,2015,0
HANTA,Hantaviroses,311995,Corrego Fundo,MG,2016,0
HANTA,Hantaviroses,311995,Corrego Fundo,MG,2017,0
HANTA,Hantaviroses,311995,Corrego Fundo,MG,2018,0
HANTA,Hantaviroses,311995,Corrego Fundo,MG,2019,0
HANTA,Hantaviroses,311995,Corrego Fundo,MG,2020,0
HANTA,Hantaviroses,311995,Corrego Fundo,MG,2021,0
HANTA,Hantaviroses,311995,Corrego Fundo,MG,2022,0
HANTA,Hantaviroses,311995,Corrego Fundo,MG,2023,0
HANTA,Hantaviroses,311995,Corrego Fundo,MG,2024,0
HANTA,Hantaviroses,311995,Corrego Fundo,MG,2025,0
HANTA,Hantaviroses,312160,Diamantina,MG,2007,0
HANTA,Hantaviroses,312160,Diamantina,MG,2008,0
HANTA,Hantaviroses,312160,Diamantina,MG,2009,0
HANTA,Hantaviroses,312160,Diamantina,MG,2010,0
HANTA,Hantaviroses,312160,Diamantina,MG,2011,0
HANTA,Hantaviroses,312160,Diamantina,MG,2012,0
HANTA,Hantaviroses,312160,Diamantina,MG,2013,0
HANTA,Hantaviroses,312160,Diamantina,MG,2014,0
HANTA,Hantaviroses,312160,Diamantina,MG,2015,1
HANTA,Hantaviroses,312160,Diamantina,MG,2016,0
HANTA,Hantaviroses,312160,Diamantina,MG,2017,0
HANTA,Hantaviroses,312160,Diamantina,MG,2018,0
HANTA,Hantaviroses,312160,Diamantina,MG,2019,0
HANTA,Hantaviroses,312160,Diamantina,MG,2020,0
HANTA,Hantaviroses,312160,Diamantina,MG,2021,0
HANTA,Hantaviroses,312160,Diamantina,MG,2022,0
HANTA,Hantaviroses,312160,Diamantina,MG,2023,0
HANTA,Hantaviroses,312160,Diamantina,MG,2024,0
HANTA,Hantaviroses,312160,Diamantina,MG,2025,0
HANTA,Hantaviroses,312230,Divinopolis,MG,2007,1
HANTA,Hantaviroses,312230,Divinopolis,MG,2008,0
HANTA,Hantaviroses,312230,Divinopolis,MG,2009,0
HANTA,Hantaviroses,312230,Divinopolis,MG,2010,0
HANTA,Hantaviroses,312230,Divinopolis,MG,2011,0
HANTA,Hantaviroses,312230,Divinopolis,MG,2012,0
HANTA,Hantaviroses,312230,Divinopolis,MG,2013,0
HANTA,Hantaviroses,312230,Divinopolis,MG,2014,0
HANTA,Hantaviroses,312230,Divinopolis,MG,2015,0
HANTA,Hantaviroses,312230,Divinopolis,MG,2016,0
HANTA,Hantaviroses,312230,Divinopolis,MG,2017,0
HANTA,Hantaviroses,312230,Divinopolis,MG,2018,0
HANTA,Hantaviroses,312230,Divinopolis,MG,2019,0
HANTA,Hantaviroses,312230,Divinopolis,MG,2020,0
HANTA,Hantaviroses,312230,Divinopolis,MG,2021,0
HANTA,Hantaviroses,312230,Divinopolis,MG,2022,0
HANTA,Hantaviroses,312230,Divinopolis,MG,2023,0
HANTA,Hantaviroses,312230,Divinopolis,MG,2024,0
HANTA,Hantaviroses,312230,Divinopolis,MG,2025,0
HANTA,Hantaviroses,312610,Formiga,MG,2007,0
HANTA,Hantaviroses,312610,Formiga,MG,2008,0
HANTA,Hantaviroses,312610,Formiga,MG,2009,0
HANTA,Hantaviroses,312610,Formiga,MG,2010,1
HANTA,Hantaviroses,312610,Formiga,MG,2011,1
HANTA,Hantaviroses,312610,Formiga,MG,2012,0
HANTA,Hantaviroses,312610,Formiga,MG,2013,0
HANTA,Hantaviroses,312610,Formiga,MG,2014,0
HANTA,Hantaviroses,312610,Formiga,MG,2015,0
HANTA,Hantaviroses,312610,Formiga,MG,2016,0
HANTA,Hantaviroses,312610,Formiga,MG,2017,0
HANTA,Hantaviroses,312610,Formiga,MG,2018,0
HANTA,Hantaviroses,312610,Formiga,MG,2019,0
HANTA,Hantaviroses,312610,Formiga,MG,2020,0
HANTA,Hantaviroses,312610,Formiga,MG,2021,0
HANTA,Hantaviroses,312610,Formiga,MG,2022,0
HANTA,Hantaviroses,312610,Formiga,MG,2023,0
HANTA,Hantaviroses,312610,Formiga,MG,2024,2
HANTA,Hantaviroses,312610,Formiga,MG,2025,0
HANTA,Hantaviroses,312700,Fronteira,MG,2007,0
HANTA,Hantaviroses,312700,Fronteira,MG,2008,1
HANTA,Hantaviroses,312700,Fronteira,MG,2009,0
HANTA,Hantaviroses,312700,Fronteira,MG,2010,0
HANTA,Hantaviroses,312700,Fronteira,MG,2011,0
HANTA,Hantaviroses,312700,Fronteira,MG,2012,0
HANTA,Hantaviroses,312700,Fronteira,MG,2013,0
HANTA,Hantaviroses,312700,Fronteira,MG,2014,0
HANTA,Hantaviroses,312700,Fronteira,MG,2015,0
HANTA,Hantaviroses,312700,Fronteira,MG,2016,0
HANTA,Hantaviroses,312700,Fronteira,MG,2017,0
HANTA,Hantaviroses,312700,Fronteira,MG,2018,0
HANTA,Hantaviroses,312700,Fronteira,MG,2019,0
HANTA,Hantaviroses,312700,Fronteira,MG,2020,0
HANTA,Hantaviroses,312700,Fronteira,MG,2021,0
HANTA,Hantaviroses,312700,Fronteira,MG,2022,0
HANTA,Hantaviroses,312700,Fronteira,MG,2023,0
HANTA,Hantaviroses,312700,Fronteira,MG,2024,0
HANTA,Hantaviroses,312700,Fronteira,MG,2025,0
HANTA,Hantaviroses,312710,Frutal,MG,2007,0
HANTA,Hantaviroses,312710,Frutal,MG,2008,0
HANTA,Hantaviroses,312710,Frutal,MG,2009,0
HANTA,Hantaviroses,312710,Frutal,MG,2010,0
HANTA,Hantaviroses,312710,Frutal,MG,2011,0
HANTA,Hantaviroses,312710,Frutal,MG,2012,0
HANTA,Hantaviroses,312710,Frutal,MG,2013,1
HANTA,Hantaviroses,312710,Frutal,MG,2014,0
HANTA,Hantaviroses,312710,Frutal,MG,2015,0
HANTA,Hantaviroses,312710,Frutal,MG,2016,0
HANTA,Hantaviroses,312710,Frutal,MG,2017,0
HANTA,Hantaviroses,312710,Frutal,MG,2018,0
HANTA,Hantaviroses,312710,Frutal,MG,2019,0
HANTA,Hantaviroses,312710,Frutal,MG,2020,0
HANTA,Hantaviroses,312710,Frutal,MG,2021,0
HANTA,Hantaviroses,312710,Frutal,MG,2022,0
HANTA,Hantaviroses,312710,Frutal,MG,2023,0
HANTA,Hantaviroses,312710,Frutal,MG,2024,0
HANTA,Hantaviroses,312710,Frutal,MG,2025,0
HANTA,Hantaviroses,312770,Governador Valadares,MG,2007,0
HANTA,Hantaviroses,312770,Governador Valadares,MG,2008,0
HANTA,Hantaviroses,312770,Governador Valadares,MG,2009,0
HANTA,Hantaviroses,312770,Governador Valadares,MG,2010,0
HANTA,Hantaviroses,312770,Governador Valadares,MG,2011,0
HANTA,Hantaviroses,312770,Governador Valadares,MG,2012,1
HANTA,Hantaviroses,312770,Governador Valadares,MG,2013,0
HANTA,Hantaviroses,312770,Governador Valadares,MG,2014,0
HANTA,Hantaviroses,312770,Governador Valadares,MG,2015,0
HANTA,Hantaviroses,312770,Governador Valadares,MG,2016,0
HANTA,Hantaviroses,312770,Governador Valadares,MG,2017,0
HANTA,Hantaviroses,312770,Governador Valadares,MG,2018,0
HANTA,Hantaviroses,312770,Governador Valadares,MG,2019,0
HANTA,Hantaviroses,312770,Governador Valadares,MG,2020,0
HANTA,Hantaviroses,312770,Governador Valadares,MG,2021,0
HANTA,Hantaviroses,312770,Governador Valadares,MG,2022,0
HANTA,Hantaviroses,312770,Governador Valadares,MG,2023,0
HANTA,Hantaviroses,312770,Governador Valadares,MG,2024,0
HANTA,Hantaviroses,312770,Governador Valadares,MG,2025,0
HANTA,Hantaviroses,312950,Ibia,MG,2007,0
HANTA,Hantaviroses,312950,Ibia,MG,2008,0
HANTA,Hantaviroses,312950,Ibia,MG,2009,0
HANTA,Hantaviroses,312950,Ibia,MG,2010,0
HANTA,Hantaviroses,312950,Ibia,MG,2011,0
HANTA,Hantaviroses,312950,Ibia,MG,2012,1
HANTA,Hantaviroses,312950,Ibia,MG,2013,0
HANTA,Hantaviroses,312950,Ibia,MG,2014,0
HANTA,Hantaviroses,312950,Ibia,MG,2015,0
HANTA,Hantaviroses,312950,Ibia,MG,2016,0
HANTA,Hantaviroses,312950,Ibia,MG,2017,0
HANTA,Hantaviroses,312950,Ibia,MG,2018,0
HANTA,Hantaviroses,312950,Ibia,MG,2019,0
HANTA,Hantaviroses,312950,Ibia,MG,2020,0
HANTA,Hantaviroses,312950,Ibia,MG,2021,0
HANTA,Hantaviroses,312950,Ibia,MG,2022,0
HANTA,Hantaviroses,312950,Ibia,MG,2023,0
HANTA,Hantaviroses,312950,Ibia,MG,2024,0
HANTA,Hantaviroses,312950,Ibia,MG,2025,0
HANTA,Hantaviroses,312970,Ibiraci,MG,2007,0
HANTA,Hantaviroses,312970,Ibiraci,MG,2008,0
HANTA,Hantaviroses,312970,Ibiraci,MG,2009,1
HANTA,Hantaviroses,312970,Ibiraci,MG,2010,0
HANTA,Hantaviroses,312970,Ibiraci,MG,2011,0
HANTA,Hantaviroses,312970,Ibiraci,MG,2012,0
HANTA,Hantaviroses,312970,Ibiraci,MG,2013,0
HANTA,Hantaviroses,312970,Ibiraci,MG,2014,0
HANTA,Hantaviroses,312970,Ibiraci,MG,2015,0
HANTA,Hantaviroses,312970,Ibiraci,MG,2016,0
HANTA,Hantaviroses,312970,Ibiraci,MG,2017,0
HANTA,Hantaviroses,312970,Ibiraci,MG,2018,0
HANTA,Hantaviroses,312970,Ibiraci,MG,2019,0
HANTA,Hantaviroses,312970,Ibiraci,MG,2020,0
HANTA,Hantaviroses,312970,Ibiraci,MG,2021,0
HANTA,Hantaviroses,312970,Ibiraci,MG,2022,0
HANTA,Hantaviroses,312970,Ibiraci,MG,2023,0
HANTA,Hantaviroses,312970,Ibiraci,MG,2024,0
HANTA,Hantaviroses,312970,Ibiraci,MG,2025,0
HANTA,Hantaviroses,313160,Irai de Minas,MG,2007,0
HANTA,Hantaviroses,313160,Irai de Minas,MG,2008,0
HANTA,Hantaviroses,313160,Irai de Minas,MG,2009,0
HANTA,Hantaviroses,313160,Irai de Minas,MG,2010,0
HANTA,Hantaviroses,313160,Irai de Minas,MG,2011,0
HANTA,Hantaviroses,313160,Irai de Minas,MG,2012,0
HANTA,Hantaviroses,313160,Irai de Minas,MG,2013,0
HANTA,Hantaviroses,313160,Irai de Minas,MG,2014,0
HANTA,Hantaviroses,313160,Irai de Minas,MG,2015,1
HANTA,Hantaviroses,313160,Irai de Minas,MG,2016,0
HANTA,Hantaviroses,313160,Irai de Minas,MG,2017,0
HANTA,Hantaviroses,313160,Irai de Minas,MG,2018,0
HANTA,Hantaviroses,313160,Irai de Minas,MG,2019,0
HANTA,Hantaviroses,313160,Irai de Minas,MG,2020,0
HANTA,Hantaviroses,313160,Irai de Minas,MG,2021,0
HANTA,Hantaviroses,313160,Irai de Minas,MG,2022,0
HANTA,Hantaviroses,313160,Irai de Minas,MG,2023,0
HANTA,Hantaviroses,313160,Irai de Minas,MG,2024,0
HANTA,Hantaviroses,313160,Irai de Minas,MG,2025,0
HANTA,Hantaviroses,313370,Itatiaiucu,MG,2007,0
HANTA,Hantaviroses,313370,Itatiaiucu,MG,2008,0
HANTA,Hantaviroses,313370,Itatiaiucu,MG,2009,0
HANTA,Hantaviroses,313370,Itatiaiucu,MG,2010,0
HANTA,Hantaviroses,313370,Itatiaiucu,MG,2011,0
HANTA,Hantaviroses,313370,Itatiaiucu,MG,2012,0
HANTA,Hantaviroses,313370,Itatiaiucu,MG,2013,0
HANTA,Hantaviroses,313370,Itatiaiucu,MG,2014,0
HANTA,Hantaviroses,313370,Itatiaiucu,MG,2015,0
HANTA,Hantaviroses,313370,Itatiaiucu,MG,2016,1
HANTA,Hantaviroses,313370,Itatiaiucu,MG,2017,0
HANTA,Hantaviroses,313370,Itatiaiucu,MG,2018,0
HANTA,Hantaviroses,313370,Itatiaiucu,MG,2019,0
HANTA,Hantaviroses,313370,Itatiaiucu,MG,2020,0
HANTA,Hantaviroses,313370,Itatiaiucu,MG,2021,0
HANTA,Hantaviroses,313370,Itatiaiucu,MG,2022,0
HANTA,Hantaviroses,313370,Itatiaiucu,MG,2023,0
HANTA,Hantaviroses,313370,Itatiaiucu,MG,2024,0
HANTA,Hantaviroses,313370,Itatiaiucu,MG,2025,0
HANTA,Hantaviroses,313380,Itauna,MG,2007,0
HANTA,Hantaviroses,313380,Itauna,MG,2008,0
HANTA,Hantaviroses,313380,Itauna,MG,2009,0
HANTA,Hantaviroses,313380,Itauna,MG,2010,0
HANTA,Hantaviroses,313380,Itauna,MG,2011,0
HANTA,Hantaviroses,313380,Itauna,MG,2012,0
HANTA,Hantaviroses,313380,Itauna,MG,2013,0
HANTA,Hantaviroses,313380,Itauna,MG,2014,0
HANTA,Hantaviroses,313380,Itauna,MG,2015,0
HANTA,Hantaviroses,313380,Itauna,MG,2016,1
HANTA,Hantaviroses,313380,Itauna,MG,2017,0
HANTA,Hantaviroses,313380,Itauna,MG,2018,0
HANTA,Hantaviroses,313380,Itauna,MG,2019,0
HANTA,Hantaviroses,313380,Itauna,MG,2020,0
HANTA,Hantaviroses,313380,Itauna,MG,2021,0
HANTA,Hantaviroses,313380,Itauna,MG,2022,0
HANTA,Hantaviroses,313380,Itauna,MG,2023,0
HANTA,Hantaviroses,313380,Itauna,MG,2024,0
HANTA,Hantaviroses,313380,Itauna,MG,2025,0
HANTA,Hantaviroses,313480,Jacui,MG,2007,0
HANTA,Hantaviroses,313480,Jacui,MG,2008,0
HANTA,Hantaviroses,313480,Jacui,MG,2009,1
HANTA,Hantaviroses,313480,Jacui,MG,2010,0
HANTA,Hantaviroses,313480,Jacui,MG,2011,0
HANTA,Hantaviroses,313480,Jacui,MG,2012,0
HANTA,Hantaviroses,313480,Jacui,MG,2013,0
HANTA,Hantaviroses,313480,Jacui,MG,2014,0
HANTA,Hantaviroses,313480,Jacui,MG,2015,0
HANTA,Hantaviroses,313480,Jacui,MG,2016,0
HANTA,Hantaviroses,313480,Jacui,MG,2017,0
HANTA,Hantaviroses,313480,Jacui,MG,2018,0
HANTA,Hantaviroses,313480,Jacui,MG,2019,0
HANTA,Hantaviroses,313480,Jacui,MG,2020,0
HANTA,Hantaviroses,313480,Jacui,MG,2021,0
HANTA,Hantaviroses,313480,Jacui,MG,2022,0
HANTA,Hantaviroses,313480,Jacui,MG,2023,0
HANTA,Hantaviroses,313480,Jacui,MG,2024,0
HANTA,Hantaviroses,313480,Jacui,MG,2025,0
HANTA,Hantaviroses,313670,Juiz de Fora,MG,2007,0
HANTA,Hantaviroses,313670,Juiz de Fora,MG,2008,0
HANTA,Hantaviroses,313670,Juiz de Fora,MG,2009,0
HANTA,Hantaviroses,313670,Juiz de Fora,MG,2010,0
HANTA,Hantaviroses,313670,Juiz de Fora,MG,2011,0
HANTA,Hantaviroses,313670,Juiz de Fora,MG,2012,0
HANTA,Hantaviroses,313670,Juiz de Fora,MG,2013,0
HANTA,Hantaviroses,313670,Juiz de Fora,MG,2014,0
HANTA,Hantaviroses,313670,Juiz de Fora,MG,2015,0
HANTA,Hantaviroses,313670,Juiz de Fora,MG,2016,0
HANTA,Hantaviroses,313670,Juiz de Fora,MG,2017,0
HANTA,Hantaviroses,313670,Juiz de Fora,MG,2018,0
HANTA,Hantaviroses,313670,Juiz de Fora,MG,2019,1
HANTA,Hantaviroses,313670,Juiz de Fora,MG,2020,0
HANTA,Hantaviroses,313670,Juiz de Fora,MG,2021,0
HANTA,Hantaviroses,313670,Juiz de Fora,MG,2022,0
HANTA,Hantaviroses,313670,Juiz de Fora,MG,2023,0
HANTA,Hantaviroses,313670,Juiz de Fora,MG,2024,0
HANTA,Hantaviroses,313670,Juiz de Fora,MG,2025,0
HANTA,Hantaviroses,314050,Martinho Campos,MG,2007,0
HANTA,Hantaviroses,314050,Martinho Campos,MG,2008,0
HANTA,Hantaviroses,314050,Martinho Campos,MG,2009,0
HANTA,Hantaviroses,314050,Martinho Campos,MG,2010,0
HANTA,Hantaviroses,314050,Martinho Campos,MG,2011,1
HANTA,Hantaviroses,314050,Martinho Campos,MG,2012,0
HANTA,Hantaviroses,314050,Martinho Campos,MG,2013,0
HANTA,Hantaviroses,314050,Martinho Campos,MG,2014,0
HANTA,Hantaviroses,314050,Martinho Campos,MG,2015,0
HANTA,Hantaviroses,314050,Martinho Campos,MG,2016,0
HANTA,Hantaviroses,314050,Martinho Campos,MG,2017,0
HANTA,Hantaviroses,314050,Martinho Campos,MG,2018,0
HANTA,Hantaviroses,314050,Martinho Campos,MG,2019,0
HANTA,Hantaviroses,314050,Martinho Campos,MG,2020,0
HANTA,Hantaviroses,314050,Martinho Campos,MG,2021,0
HANTA,Hantaviroses,314050,Martinho Campos,MG,2022,0
HANTA,Hantaviroses,314050,Martinho Campos,MG,2023,0
HANTA,Hantaviroses,314050,Martinho Campos,MG,2024,0
HANTA,Hantaviroses,314050,Martinho Campos,MG,2025,0
HANTA,Hantaviroses,314290,Monte Azul,MG,2007,0
HANTA,Hantaviroses,314290,Monte Azul,MG,2008,0
HANTA,Hantaviroses,314290,Monte Azul,MG,2009,0
HANTA,Hantaviroses,314290,Monte Azul,MG,2010,0
HANTA,Hantaviroses,314290,Monte Azul,MG,2011,1
HANTA,Hantaviroses,314290,Monte Azul,MG,2012,0
HANTA,Hantaviroses,314290,Monte Azul,MG,2013,0
HANTA,Hantaviroses,314290,Monte Azul,MG,2014,0
HANTA,Hantaviroses,314290,Monte Azul,MG,2015,0
HANTA,Hantaviroses,314290,Monte Azul,MG,2016,0
HANTA,Hantaviroses,314290,Monte Azul,MG,2017,0
HANTA,Hantaviroses,314290,Monte Azul,MG,2018,0
HANTA,Hantaviroses,314290,Monte Azul,MG,2019,0
HANTA,Hantaviroses,314290,Monte Azul,MG,2020,0
HANTA,Hantaviroses,314290,Monte Azul,MG,2021,0
HANTA,Hantaviroses,314290,Monte Azul,MG,2022,0
HANTA,Hantaviroses,314290,Monte Azul,MG,2023,0
HANTA,Hantaviroses,314290,Monte Azul,MG,2024,0
HANTA,Hantaviroses,314290,Monte Azul,MG,2025,0
HANTA,Hantaviroses,314320,Monte Santo de Minas,MG,2007,0
HANTA,Hantaviroses,314320,Monte Santo de Minas,MG,2008,0
HANTA,Hantaviroses,314320,Monte Santo de Minas,MG,2009,0
HANTA,Hantaviroses,314320,Monte Santo de Minas,MG,2010,0
HANTA,Hantaviroses,314320,Monte Santo de Minas,MG,2011,0
HANTA,Hantaviroses,314320,Monte Santo de Minas,MG,2012,1
HANTA,Hantaviroses,314320,Monte Santo de Minas,MG,2013,1
HANTA,Hantaviroses,314320,Monte Santo de Minas,MG,2014,0
HANTA,Hantaviroses,314320,Monte Santo de Minas,MG,2015,0
HANTA,Hantaviroses,314320,Monte Santo de Minas,MG,2016,0
HANTA,Hantaviroses,314320,Monte Santo de Minas,MG,2017,0
HANTA,Hantaviroses,314320,Monte Santo de Minas,MG,2018,0
HANTA,Hantaviroses,314320,Monte Santo de Minas,MG,2019,0
HANTA,Hantaviroses,314320,Monte Santo de Minas,MG,2020,0
HANTA,Hantaviroses,314320,Monte Santo de Minas,MG,2021,0
HANTA,Hantaviroses,314320,Monte Santo de Minas,MG,2022,0
HANTA,Hantaviroses,314320,Monte Santo de Minas,MG,2023,0
HANTA,Hantaviroses,314320,Monte Santo de Minas,MG,2024,0
HANTA,Hantaviroses,314320,Monte Santo de Minas,MG,2025,0
HANTA,Hantaviroses,314330,Montes Claros,MG,2007,1
HANTA,Hantaviroses,314330,Montes Claros,MG,2008,0
HANTA,Hantaviroses,314330,Montes Claros,MG,2009,0
HANTA,Hantaviroses,314330,Montes Claros,MG,2010,0
HANTA,Hantaviroses,314330,Montes Claros,MG,2011,0
HANTA,Hantaviroses,314330,Montes Claros,MG,2012,0
HANTA,Hantaviroses,314330,Montes Claros,MG,2013,0
HANTA,Hantaviroses,314330,Montes Claros,MG,2014,0
HANTA,Hantaviroses,314330,Montes Claros,MG,2015,0
HANTA,Hantaviroses,314330,Montes Claros,MG,2016,0
HANTA,Hantaviroses,314330,Montes Claros,MG,2017,0
HANTA,Hantaviroses,314330,Montes Claros,MG,2018,1
HANTA,Hantaviroses,314330,Montes Claros,MG,2019,0
HANTA,Hantaviroses,314330,Montes Claros,MG,2020,0
HANTA,Hantaviroses,314330,Montes Claros,MG,2021,0
HANTA,Hantaviroses,314330,Montes Claros,MG,2022,0
HANTA,Hantaviroses,314330,Montes Claros,MG,2023,0
HANTA,Hantaviroses,314330,Montes Claros,MG,2024,0
HANTA,Hantaviroses,314330,Montes Claros,MG,2025,0
HANTA,Hantaviroses,314480,Nova Lima,MG,2007,0
HANTA,Hantaviroses,314480,Nova Lima,MG,2008,0
HANTA,Hantaviroses,314480,Nova Lima,MG,2009,0
HANTA,Hantaviroses,314480,Nova Lima,MG,2010,0
HANTA,Hantaviroses,314480,Nova Lima,MG,2011,0
HANTA,Hantaviroses,314480,Nova Lima,MG,2012,0
HANTA,Hantaviroses,314480,Nova Lima,MG,2013,0
HANTA,Hantaviroses,314480,Nova Lima,MG,2014,0
HANTA,Hantaviroses,314480,Nova Lima,MG,2015,0
HANTA,Hantaviroses,314480,Nova Lima,MG,2016,0
HANTA,Hantaviroses,314480,Nova Lima,MG,2017,0
HANTA,Hantaviroses,314480,Nova Lima,MG,2018,0
HANTA,Hantaviroses,314480,Nova Lima,MG,2019,0
HANTA,Hantaviroses,314480,Nova Lima,MG,2020,0
HANTA,Hantaviroses,314480,Nova Lima,MG,2021,0
HANTA,Hantaviroses,314480,Nova Lima,MG,2022,0
HANTA,Hantaviroses,314480,Nova Lima,MG,2023,0
HANTA,Hantaviroses,314480,Nova Lima,MG,2024,0
HANTA,Hantaviroses,314480,Nova Lima,MG,2025,1
HANTA,Hantaviroses,314650,Pains,MG,2007,1
HANTA,Hantaviroses,314650,Pains,MG,2008,1
HANTA,Hantaviroses,314650,Pains,MG,2009,1
HANTA,Hantaviroses,314650,Pains,MG,2010,0
HANTA,Hantaviroses,314650,Pains,MG,2011,0
HANTA,Hantaviroses,314650,Pains,MG,2012,0
HANTA,Hantaviroses,314650,Pains,MG,2013,0
HANTA,Hantaviroses,314650,Pains,MG,2014,0
HANTA,Hantaviroses,314650,Pains,MG,2015,0
HANTA,Hantaviroses,314650,Pains,MG,2016,0
HANTA,Hantaviroses,314650,Pains,MG,2017,0
HANTA,Hantaviroses,314650,Pains,MG,2018,0
HANTA,Hantaviroses,314650,Pains,MG,2019,0
HANTA,Hantaviroses,314650,Pains,MG,2020,0
HANTA,Hantaviroses,314650,Pains,MG,2021,0
HANTA,Hantaviroses,314650,Pains,MG,2022,0
HANTA,Hantaviroses,314650,Pains,MG,2023,0
HANTA,Hantaviroses,314650,Pains,MG,2024,0
HANTA,Hantaviroses,314650,Pains,MG,2025,0
HANTA,Hantaviroses,314790,Passos,MG,2007,0
HANTA,Hantaviroses,314790,Passos,MG,2008,0
HANTA,Hantaviroses,314790,Passos,MG,2009,3
HANTA,Hantaviroses,314790,Passos,MG,2010,1
HANTA,Hantaviroses,314790,Passos,MG,2011,1
HANTA,Hantaviroses,314790,Passos,MG,2012,0
HANTA,Hantaviroses,314790,Passos,MG,2013,0
HANTA,Hantaviroses,314790,Passos,MG,2014,2
HANTA,Hantaviroses,314790,Passos,MG,2015,0
HANTA,Hantaviroses,314790,Passos,MG,2016,0
HANTA,Hantaviroses,314790,Passos,MG,2017,0
HANTA,Hantaviroses,314790,Passos,MG,2018,0
HANTA,Hantaviroses,314790,Passos,MG,2019,0
HANTA,Hantaviroses,314790,Passos,MG,2020,0
HANTA,Hantaviroses,314790,Passos,MG,2021,0
HANTA,Hantaviroses,314790,Passos,MG,2022,0
HANTA,Hantaviroses,314790,Passos,MG,2023,0
HANTA,Hantaviroses,314790,Passos,MG,2024,0
HANTA,Hantaviroses,314790,Passos,MG,2025,0
HANTA,Hantaviroses,314800,Patos de Minas,MG,2007,4
HANTA,Hantaviroses,314800,Patos de Minas,MG,2008,1
HANTA,Hantaviroses,314800,Patos de Minas,MG,2009,0
HANTA,Hantaviroses,314800,Patos de Minas,MG,2010,3
HANTA,Hantaviroses,314800,Patos de Minas,MG,2011,3
HANTA,Hantaviroses,314800,Patos de Minas,MG,2012,2
HANTA,Hantaviroses,314800,Patos de Minas,MG,2013,2
HANTA,Hantaviroses,314800,Patos de Minas,MG,2014,1
HANTA,Hantaviroses,314800,Patos de Minas,MG,2015,1
HANTA,Hantaviroses,314800,Patos de Minas,MG,2016,1
HANTA,Hantaviroses,314800,Patos de Minas,MG,2017,3
HANTA,Hantaviroses,314800,Patos de Minas,MG,2018,3
HANTA,Hantaviroses,314800,Patos de Minas,MG,2019,0
HANTA,Hantaviroses,314800,Patos de Minas,MG,2020,1
HANTA,Hantaviroses,314800,Patos de Minas,MG,2021,0
HANTA,Hantaviroses,314800,Patos de Minas,MG,2022,0
HANTA,Hantaviroses,314800,Patos de Minas,MG,2023,1
HANTA,Hantaviroses,314800,Patos de Minas,MG,2024,0
HANTA,Hantaviroses,314800,Patos de Minas,MG,2025,1
HANTA,Hantaviroses,314810,Patrocinio,MG,2007,1
HANTA,Hantaviroses,314810,Patrocinio,MG,2008,1
HANTA,Hantaviroses,314810,Patrocinio,MG,2009,7
HANTA,Hantaviroses,314810,Patrocinio,MG,2010,2
HANTA,Hantaviroses,314810,Patrocinio,MG,2011,2
HANTA,Hantaviroses,314810,Patrocinio,MG,2012,1
HANTA,Hantaviroses,314810,Patrocinio,MG,2013,2
HANTA,Hantaviroses,314810,Patrocinio,MG,2014,2
HANTA,Hantaviroses,314810,Patrocinio,MG,2015,2
HANTA,Hantaviroses,314810,Patrocinio,MG,2016,2
HANTA,Hantaviroses,314810,Patrocinio,MG,2017,0
HANTA,Hantaviroses,314810,Patrocinio,MG,2018,1
HANTA,Hantaviroses,314810,Patrocinio,MG,2019,1
HANTA,Hantaviroses,314810,Patrocinio,MG,2020,2
HANTA,Hantaviroses,314810,Patrocinio,MG,2021,2
HANTA,Hantaviroses,314810,Patrocinio,MG,2022,0
HANTA,Hantaviroses,314810,Patrocinio,MG,2023,0
HANTA,Hantaviroses,314810,Patrocinio,MG,2024,0
HANTA,Hantaviroses,314810,Patrocinio,MG,2025,0
HANTA,Hantaviroses,314980,Perdizes,MG,2007,0
HANTA,Hantaviroses,314980,Perdizes,MG,2008,0
HANTA,Hantaviroses,314980,Perdizes,MG,2009,0
HANTA,Hantaviroses,314980,Perdizes,MG,2010,0
HANTA,Hantaviroses,314980,Perdizes,MG,2011,1
HANTA,Hantaviroses,314980,Perdizes,MG,2012,0
HANTA,Hantaviroses,314980,Perdizes,MG,2013,0
HANTA,Hantaviroses,314980,Perdizes,MG,2014,0
HANTA,Hantaviroses,314980,Perdizes,MG,2015,0
HANTA,Hantaviroses,314980,Perdizes,MG,2016,0
HANTA,Hantaviroses,314980,Perdizes,MG,2017,0
HANTA,Hantaviroses,314980,Perdizes,MG,2018,0
HANTA,Hantaviroses,314980,Perdizes,MG,2019,0
HANTA,Hantaviroses,314980,Perdizes,MG,2020,0
HANTA,Hantaviroses,314980,Perdizes,MG,2021,0
HANTA,Hantaviroses,314980,Perdizes,MG,2022,0
HANTA,Hantaviroses,314980,Perdizes,MG,2023,0
HANTA,Hantaviroses,314980,Perdizes,MG,2024,0
HANTA,Hantaviroses,314980,Perdizes,MG,2025,0
HANTA,Hantaviroses,315050,Pimenta,MG,2007,0
HANTA,Hantaviroses,315050,Pimenta,MG,2008,0
HANTA,Hantaviroses,315050,Pimenta,MG,2009,0
HANTA,Hantaviroses,315050,Pimenta,MG,2010,0
HANTA,Hantaviroses,315050,Pimenta,MG,2011,1
HANTA,Hantaviroses,315050,Pimenta,MG,2012,0
HANTA,Hantaviroses,315050,Pimenta,MG,2013,0
HANTA,Hantaviroses,315050,Pimenta,MG,2014,0
HANTA,Hantaviroses,315050,Pimenta,MG,2015,0
HANTA,Hantaviroses,315050,Pimenta,MG,2016,0
HANTA,Hantaviroses,315050,Pimenta,MG,2017,0
HANTA,Hantaviroses,315050,Pimenta,MG,2018,0
HANTA,Hantaviroses,315050,Pimenta,MG,2019,0
HANTA,Hantaviroses,315050,Pimenta,MG,2020,0
HANTA,Hantaviroses,315050,Pimenta,MG,2021,0
HANTA,Hantaviroses,315050,Pimenta,MG,2022,0
HANTA,Hantaviroses,315050,Pimenta,MG,2023,0
HANTA,Hantaviroses,315050,Pimenta,MG,2024,0
HANTA,Hantaviroses,315050,Pimenta,MG,2025,0
HANTA,Hantaviroses,315150,Piumhi,MG,2007,0
HANTA,Hantaviroses,315150,Piumhi,MG,2008,2
HANTA,Hantaviroses,315150,Piumhi,MG,2009,1
HANTA,Hantaviroses,315150,Piumhi,MG,2010,1
HANTA,Hantaviroses,315150,Piumhi,MG,2011,0
HANTA,Hantaviroses,315150,Piumhi,MG,2012,0
HANTA,Hantaviroses,315150,Piumhi,MG,2013,0
HANTA,Hantaviroses,315150,Piumhi,MG,2014,0
HANTA,Hantaviroses,315150,Piumhi,MG,2015,0
HANTA,Hantaviroses,315150,Piumhi,MG,2016,0
HANTA,Hantaviroses,315150,Piumhi,MG,2017,0
HANTA,Hantaviroses,315150,Piumhi,MG,2018,0
HANTA,Hantaviroses,315150,Piumhi,MG,2019,0
HANTA,Hantaviroses,315150,Piumhi,MG,2020,0
HANTA,Hantaviroses,315150,Piumhi,MG,2021,0
HANTA,Hantaviroses,315150,Piumhi,MG,2022,0
HANTA,Hantaviroses,315150,Piumhi,MG,2023,0
HANTA,Hantaviroses,315150,Piumhi,MG,2024,0
HANTA,Hantaviroses,315150,Piumhi,MG,2025,0
HANTA,Hantaviroses,315250,Pouso Alegre,MG,2007,0
HANTA,Hantaviroses,315250,Pouso Alegre,MG,2008,0
HANTA,Hantaviroses,315250,Pouso Alegre,MG,2009,0
HANTA,Hantaviroses,315250,Pouso Alegre,MG,2010,1
HANTA,Hantaviroses,315250,Pouso Alegre,MG,2011,0
HANTA,Hantaviroses,315250,Pouso Alegre,MG,2012,0
HANTA,Hantaviroses,315250,Pouso Alegre,MG,2013,0
HANTA,Hantaviroses,315250,Pouso Alegre,MG,2014,0
HANTA,Hantaviroses,315250,Pouso Alegre,MG,2015,0
HANTA,Hantaviroses,315250,Pouso Alegre,MG,2016,0
HANTA,Hantaviroses,315250,Pouso Alegre,MG,2017,0
HANTA,Hantaviroses,315250,Pouso Alegre,MG,2018,0
HANTA,Hantaviroses,315250,Pouso Alegre,MG,2019,0
HANTA,Hantaviroses,315250,Pouso Alegre,MG,2020,0
HANTA,Hantaviroses,315250,Pouso Alegre,MG,2021,0
HANTA,Hantaviroses,315250,Pouso Alegre,MG,2022,0
HANTA,Hantaviroses,315250,Pouso Alegre,MG,2023,0
HANTA,Hantaviroses,315250,Pouso Alegre,MG,2024,0
HANTA,Hantaviroses,315250,Pouso Alegre,MG,2025,0
HANTA,Hantaviroses,315290,Pratapolis,MG,2007,0
HANTA,Hantaviroses,315290,Pratapolis,MG,2008,1
HANTA,Hantaviroses,315290,Pratapolis,MG,2009,0
HANTA,Hantaviroses,315290,Pratapolis,MG,2010,0
HANTA,Hantaviroses,315290,Pratapolis,MG,2011,0
HANTA,Hantaviroses,315290,Pratapolis,MG,2012,0
HANTA,Hantaviroses,315290,Pratapolis,MG,2013,0
HANTA,Hantaviroses,315290,Pratapolis,MG,2014,0
HANTA,Hantaviroses,315290,Pratapolis,MG,2015,0
HANTA,Hantaviroses,315290,Pratapolis,MG,2016,0
HANTA,Hantaviroses,315290,Pratapolis,MG,2017,0
HANTA,Hantaviroses,315290,Pratapolis,MG,2018,0
HANTA,Hantaviroses,315290,Pratapolis,MG,2019,0
HANTA,Hantaviroses,315290,Pratapolis,MG,2020,0
HANTA,Hantaviroses,315290,Pratapolis,MG,2021,0
HANTA,Hantaviroses,315290,Pratapolis,MG,2022,0
HANTA,Hantaviroses,315290,Pratapolis,MG,2023,0
HANTA,Hantaviroses,315290,Pratapolis,MG,2024,0
HANTA,Hantaviroses,315290,Pratapolis,MG,2025,0
HANTA,Hantaviroses,315550,Rio Paranaiba,MG,2007,0
HANTA,Hantaviroses,315550,Rio Paranaiba,MG,2008,0
HANTA,Hantaviroses,315550,Rio Paranaiba,MG,2009,0
HANTA,Hantaviroses,315550,Rio Paranaiba,MG,2010,0
HANTA,Hantaviroses,315550,Rio Paranaiba,MG,2011,0
HANTA,Hantaviroses,315550,Rio Paranaiba,MG,2012,0
HANTA,Hantaviroses,315550,Rio Paranaiba,MG,2013,1
HANTA,Hantaviroses,315550,Rio Paranaiba,MG,2014,0
HANTA,Hantaviroses,315550,Rio Paranaiba,MG,2015,0
HANTA,Hantaviroses,315550,Rio Paranaiba,MG,2016,1
HANTA,Hantaviroses,315550,Rio Paranaiba,MG,2017,0
HANTA,Hantaviroses,315550,Rio Paranaiba,MG,2018,0
HANTA,Hantaviroses,315550,Rio Paranaiba,MG,2019,1
HANTA,Hantaviroses,315550,Rio Paranaiba,MG,2020,0
HANTA,Hantaviroses,315550,Rio Paranaiba,MG,2021,0
HANTA,Hantaviroses,315550,Rio Paranaiba,MG,2022,0
HANTA,Hantaviroses,315550,Rio Paranaiba,MG,2023,0
HANTA,Hantaviroses,315550,Rio Paranaiba,MG,2024,0
HANTA,Hantaviroses,315550,Rio Paranaiba,MG,2025,0
HANTA,Hantaviroses,315880,Santana do Jacare,MG,2007,0
HANTA,Hantaviroses,315880,Santana do Jacare,MG,2008,0
HANTA,Hantaviroses,315880,Santana do Jacare,MG,2009,0
HANTA,Hantaviroses,315880,Santana do Jacare,MG,2010,0
HANTA,Hantaviroses,315880,Santana do Jacare,MG,2011,0
HANTA,Hantaviroses,315880,Santana do Jacare,MG,2012,0
HANTA,Hantaviroses,315880,Santana do Jacare,MG,2013,0
HANTA,Hantaviroses,315880,Santana do Jacare,MG,2014,0
HANTA,Hantaviroses,315880,Santana do Jacare,MG,2015,1
HANTA,Hantaviroses,315880,Santana do Jacare,MG,2016,0
HANTA,Hantaviroses,315880,Santana do Jacare,MG,2017,0
HANTA,Hantaviroses,315880,Santana do Jacare,MG,2018,0
HANTA,Hantaviroses,315880,Santana do Jacare,MG,2019,0
HANTA,Hantaviroses,315880,Santana do Jacare,MG,2020,0
HANTA,Hantaviroses,315880,Santana do Jacare,MG,2021,0
HANTA,Hantaviroses,315880,Santana do Jacare,MG,2022,0
HANTA,Hantaviroses,315880,Santana do Jacare,MG,2023,0
HANTA,Hantaviroses,315880,Santana do Jacare,MG,2024,0
HANTA,Hantaviroses,315880,Santana do Jacare,MG,2025,0
HANTA,Hantaviroses,316210,Sao Gotardo,MG,2007,1
HANTA,Hantaviroses,316210,Sao Gotardo,MG,2008,1
HANTA,Hantaviroses,316210,Sao Gotardo,MG,2009,1
HANTA,Hantaviroses,316210,Sao Gotardo,MG,2010,0
HANTA,Hantaviroses,316210,Sao Gotardo,MG,2011,0
HANTA,Hantaviroses,316210,Sao Gotardo,MG,2012,1
HANTA,Hantaviroses,316210,Sao Gotardo,MG,2013,1
HANTA,Hantaviroses,316210,Sao Gotardo,MG,2014,0
HANTA,Hantaviroses,316210,Sao Gotardo,MG,2015,2
HANTA,Hantaviroses,316210,Sao Gotardo,MG,2016,2
HANTA,Hantaviroses,316210,Sao Gotardo,MG,2017,0
HANTA,Hantaviroses,316210,Sao Gotardo,MG,2018,1
HANTA,Hantaviroses,316210,Sao Gotardo,MG,2019,0
HANTA,Hantaviroses,316210,Sao Gotardo,MG,2020,0
HANTA,Hantaviroses,316210,Sao Gotardo,MG,2021,0
HANTA,Hantaviroses,316210,Sao Gotardo,MG,2022,0
HANTA,Hantaviroses,316210,Sao Gotardo,MG,2023,0
HANTA,Hantaviroses,316210,Sao Gotardo,MG,2024,2
HANTA,Hantaviroses,316210,Sao Gotardo,MG,2025,1
HANTA,Hantaviroses,316470,Sao Sebastiao do Paraiso,MG,2007,0
HANTA,Hantaviroses,316470,Sao Sebastiao do Paraiso,MG,2008,0
HANTA,Hantaviroses,316470,Sao Sebastiao do Paraiso,MG,2009,0
HANTA,Hantaviroses,316470,Sao Sebastiao do Paraiso,MG,2010,0
HANTA,Hantaviroses,316470,Sao Sebastiao do Paraiso,MG,2011,0
HANTA,Hantaviroses,316470,Sao Sebastiao do Paraiso,MG,2012,1
HANTA,Hantaviroses,316470,Sao Sebastiao do Paraiso,MG,2013,2
HANTA,Hantaviroses,316470,Sao Sebastiao do Paraiso,MG,2014,0
HANTA,Hantaviroses,316470,Sao Sebastiao do Paraiso,MG,2015,0
HANTA,Hantaviroses,316470,Sao Sebastiao do Paraiso,MG,2016,0
HANTA,Hantaviroses,316470,Sao Sebastiao do Paraiso,MG,2017,1
HANTA,Hantaviroses,316470,Sao Sebastiao do Paraiso,MG,2018,1
HANTA,Hantaviroses,316470,Sao Sebastiao do Paraiso,MG,2019,0
HANTA,Hantaviroses,316470,Sao Sebastiao do Paraiso,MG,2020,0
HANTA,Hantaviroses,316470,Sao Sebastiao do Paraiso,MG,2021,1
HANTA,Hantaviroses,316470,Sao Sebastiao do Paraiso,MG,2022,0
HANTA,Hantaviroses,316470,Sao Sebastiao do Paraiso,MG,2023,2
HANTA,Hantaviroses,316470,Sao Sebastiao do Paraiso,MG,2024,0
HANTA,Hantaviroses,316470,Sao Sebastiao do Paraiso,MG,2025,1
HANTA,Hantaviroses,316510,Sao Tomas de Aquino,MG,2007,1
HANTA,Hantaviroses,316510,Sao Tomas de Aquino,MG,2008,0
HANTA,Hantaviroses,316510,Sao Tomas de Aquino,MG,2009,1
HANTA,Hantaviroses,316510,Sao Tomas de Aquino,MG,2010,0
HANTA,Hantaviroses,316510,Sao Tomas de Aquino,MG,2011,0
HANTA,Hantaviroses,316510,Sao Tomas de Aquino,MG,2012,1
HANTA,Hantaviroses,316510,Sao Tomas de Aquino,MG,2013,0
HANTA,Hantaviroses,316510,Sao Tomas de Aquino,MG,2014,0
HANTA,Hantaviroses,316510,Sao Tomas de Aquino,MG,2015,0
HANTA,Hantaviroses,316510,Sao Tomas de Aquino,MG,2016,0
HANTA,Hantaviroses,316510,Sao Tomas de Aquino,MG,2017,0
HANTA,Hantaviroses,316510,Sao Tomas de Aquino,MG,2018,0
HANTA,Hantaviroses,316510,Sao Tomas de Aquino,MG,2019,0
HANTA,Hantaviroses,316510,Sao Tomas de Aquino,MG,2020,0
HANTA,Hantaviroses,316510,Sao Tomas de Aquino,MG,2021,0
HANTA,Hantaviroses,316510,Sao Tomas de Aquino,MG,2022,0
HANTA,Hantaviroses,316510,Sao Tomas de Aquino,MG,2023,0
HANTA,Hantaviroses,316510,Sao Tomas de Aquino,MG,2024,0
HANTA,Hantaviroses,316510,Sao Tomas de Aquino,MG,2025,0
HANTA,Hantaviroses,316680,Serra do Salitre,MG,2007,0
HANTA,Hantaviroses,316680,Serra do Salitre,MG,2008,1
HANTA,Hantaviroses,316680,Serra do Salitre,MG,2009,0
HANTA,Hantaviroses,316680,Serra do Salitre,MG,2010,0
HANTA,Hantaviroses,316680,Serra do Salitre,MG,2011,0
HANTA,Hantaviroses,316680,Serra do Salitre,MG,2012,0
HANTA,Hantaviroses,316680,Serra do Salitre,MG,2013,0
HANTA,Hantaviroses,316680,Serra do Salitre,MG,2014,0
HANTA,Hantaviroses,316680,Serra do Salitre,MG,2015,0
HANTA,Hantaviroses,316680,Serra do Salitre,MG,2016,0
HANTA,Hantaviroses,316680,Serra do Salitre,MG,2017,0
HANTA,Hantaviroses,316680,Serra do Salitre,MG,2018,0
HANTA,Hantaviroses,316680,Serra do Salitre,MG,2019,0
HANTA,Hantaviroses,316680,Serra do Salitre,MG,2020,0
HANTA,Hantaviroses,316680,Serra do Salitre,MG,2021,0
HANTA,Hantaviroses,316680,Serra do Salitre,MG,2022,0
HANTA,Hantaviroses,316680,Serra do Salitre,MG,2023,0
HANTA,Hantaviroses,316680,Serra do Salitre,MG,2024,0
HANTA,Hantaviroses,316680,Serra do Salitre,MG,2025,1
HANTA,Hantaviroses,316720,Sete Lagoas,MG,2007,0
HANTA,Hantaviroses,316720,Sete Lagoas,MG,2008,0
HANTA,Hantaviroses,316720,Sete Lagoas,MG,2009,1
HANTA,Hantaviroses,316720,Sete Lagoas,MG,2010,1
HANTA,Hantaviroses,316720,Sete Lagoas,MG,2011,0
HANTA,Hantaviroses,316720,Sete Lagoas,MG,2012,0
HANTA,Hantaviroses,316720,Sete Lagoas,MG,2013,0
HANTA,Hantaviroses,316720,Sete Lagoas,MG,2014,0
HANTA,Hantaviroses,316720,Sete Lagoas,MG,2015,0
HANTA,Hantaviroses,316720,Sete Lagoas,MG,2016,0
HANTA,Hantaviroses,316720,Sete Lagoas,MG,2017,0
HANTA,Hantaviroses,316720,Sete Lagoas,MG,2018,0
HANTA,Hantaviroses,316720,Sete Lagoas,MG,2019,0
HANTA,Hantaviroses,316720,Sete Lagoas,MG,2020,0
HANTA,Hantaviroses,316720,Sete Lagoas,MG,2021,0
HANTA,Hantaviroses,316720,Sete Lagoas,MG,2022,0
HANTA,Hantaviroses,316720,Sete Lagoas,MG,2023,0
HANTA,Hantaviroses,316720,Sete Lagoas,MG,2024,0
HANTA,Hantaviroses,316720,Sete Lagoas,MG,2025,0
HANTA,Hantaviroses,316810,Tapira,MG,2007,0
HANTA,Hantaviroses,316810,Tapira,MG,2008,0
HANTA,Hantaviroses,316810,Tapira,MG,2009,0
HANTA,Hantaviroses,316810,Tapira,MG,2010,0
HANTA,Hantaviroses,316810,Tapira,MG,2011,0
HANTA,Hantaviroses,316810,Tapira,MG,2012,0
HANTA,Hantaviroses,316810,Tapira,MG,2013,1
HANTA,Hantaviroses,316810,Tapira,MG,2014,0
HANTA,Hantaviroses,316810,Tapira,MG,2015,0
HANTA,Hantaviroses,316810,Tapira,MG,2016,0
HANTA,Hantaviroses,316810,Tapira,MG,2017,0
HANTA,Hantaviroses,316810,Tapira,MG,2018,0
HANTA,Hantaviroses,316810,Tapira,MG,2019,0
HANTA,Hantaviroses,316810,Tapira,MG,2020,0
HANTA,Hantaviroses,316810,Tapira,MG,2021,0
HANTA,Hantaviroses,316810,Tapira,MG,2022,0
HANTA,Hantaviroses,316810,Tapira,MG,2023,0
HANTA,Hantaviroses,316810,Tapira,MG,2024,0
HANTA,Hantaviroses,316810,Tapira,MG,2025,0
HANTA,Hantaviroses,316860,Teofilo Otoni,MG,2007,0
HANTA,Hantaviroses,316860,Teofilo Otoni,MG,2008,0
HANTA,Hantaviroses,316860,Teofilo Otoni,MG,2009,1
HANTA,Hantaviroses,316860,Teofilo Otoni,MG,2010,0
HANTA,Hantaviroses,316860,Teofilo Otoni,MG,2011,0
HANTA,Hantaviroses,316860,Teofilo Otoni,MG,2012,0
HANTA,Hantaviroses,316860,Teofilo Otoni,MG,2013,0
HANTA,Hantaviroses,316860,Teofilo Otoni,MG,2014,0
HANTA,Hantaviroses,316860,Teofilo Otoni,MG,2015,0
HANTA,Hantaviroses,316860,Teofilo Otoni,MG,2016,0
HANTA,Hantaviroses,316860,Teofilo Otoni,MG,2017,0
HANTA,Hantaviroses,316860,Teofilo Otoni,MG,2018,0
HANTA,Hantaviroses,316860,Teofilo Otoni,MG,2019,0
HANTA,Hantaviroses,316860,Teofilo Otoni,MG,2020,0
HANTA,Hantaviroses,316860,Teofilo Otoni,MG,2021,0
HANTA,Hantaviroses,316860,Teofilo Otoni,MG,2022,0
HANTA,Hantaviroses,316860,Teofilo Otoni,MG,2023,1
HANTA,Hantaviroses,316860,Teofilo Otoni,MG,2024,0
HANTA,Hantaviroses,316860,Teofilo Otoni,MG,2025,0
HANTA,Hantaviroses,316930,Tres Coracoes,MG,2007,0
HANTA,Hantaviroses,316930,Tres Coracoes,MG,2008,0
HANTA,Hantaviroses,316930,Tres Coracoes,MG,2009,0
HANTA,Hantaviroses,316930,Tres Coracoes,MG,2010,0
HANTA,Hantaviroses,316930,Tres Coracoes,MG,2011,0
HANTA,Hantaviroses,316930,Tres Coracoes,MG,2012,0
HANTA,Hantaviroses,316930,Tres Coracoes,MG,2013,0
HANTA,Hantaviroses,316930,Tres Coracoes,MG,2014,1
HANTA,Hantaviroses,316930,Tres Coracoes,MG,2015,0
HANTA,Hantaviroses,316930,Tres Coracoes,MG,2016,0
HANTA,Hantaviroses,316930,Tres Coracoes,MG,2017,0
HANTA,Hantaviroses,316930,Tres Coracoes,MG,2018,0
HANTA,Hantaviroses,316930,Tres Coracoes,MG,2019,0
HANTA,Hantaviroses,316930,Tres Coracoes,MG,2020,0
HANTA,Hantaviroses,316930,Tres Coracoes,MG,2021,0
HANTA,Hantaviroses,316930,Tres Coracoes,MG,2022,0
HANTA,Hantaviroses,316930,Tres Coracoes,MG,2023,0
HANTA,Hantaviroses,316930,Tres Coracoes,MG,2024,1
HANTA,Hantaviroses,316930,Tres Coracoes,MG,2025,0
HANTA,Hantaviroses,317010,Uberaba,MG,2007,2
HANTA,Hantaviroses,317010,Uberaba,MG,2008,3
HANTA,Hantaviroses,317010,Uberaba,MG,2009,1
HANTA,Hantaviroses,317010,Uberaba,MG,2010,5
HANTA,Hantaviroses,317010,Uberaba,MG,2011,0
HANTA,Hantaviroses,317010,Uberaba,MG,2012,2
HANTA,Hantaviroses,317010,Uberaba,MG,2013,2
HANTA,Hantaviroses,317010,Uberaba,MG,2014,3
HANTA,Hantaviroses,317010,Uberaba,MG,2015,1
HANTA,Hantaviroses,317010,Uberaba,MG,2016,0
HANTA,Hantaviroses,317010,Uberaba,MG,2017,1
HANTA,Hantaviroses,317010,Uberaba,MG,2018,1
HANTA,Hantaviroses,317010,Uberaba,MG,2019,0
HANTA,Hantaviroses,317010,Uberaba,MG,2020,2
HANTA,Hantaviroses,317010,Uberaba,MG,2021,0
HANTA,Hantaviroses,317010,Uberaba,MG,2022,0
HANTA,Hantaviroses,317010,Uberaba,MG,2023,2
HANTA,Hantaviroses,317010,Uberaba,MG,2024,0
HANTA,Hantaviroses,317010,Uberaba,MG,2025,0
HANTA,Hantaviroses,317020,Uberlandia,MG,2007,2
HANTA,Hantaviroses,317020,Uberlandia,MG,2008,1
HANTA,Hantaviroses,317020,Uberlandia,MG,2009,1
HANTA,Hantaviroses,317020,Uberlandia,MG,2010,1
HANTA,Hantaviroses,317020,Uberlandia,MG,2011,1
HANTA,Hantaviroses,317020,Uberlandia,MG,2012,1
HANTA,Hantaviroses,317020,Uberlandia,MG,2013,1
HANTA,Hantaviroses,317020,Uberlandia,MG,2014,0
HANTA,Hantaviroses,317020,Uberlandia,MG,2015,0
HANTA,Hantaviroses,317020,Uberlandia,MG,2016,1
HANTA,Hantaviroses,317020,Uberlandia,MG,2017,0
HANTA,Hantaviroses,317020,Uberlandia,MG,2018,0
HANTA,Hantaviroses,317020,Uberlandia,MG,2019,1
HANTA,Hantaviroses,317020,Uberlandia,MG,2020,1
HANTA,Hantaviroses,317020,Uberlandia,MG,2021,0
HANTA,Hantaviroses,317020,Uberlandia,MG,2022,1
HANTA,Hantaviroses,317020,Uberlandia,MG,2023,1
HANTA,Hantaviroses,317020,Uberlandia,MG,2024,0
HANTA,Hantaviroses,317020,Uberlandia,MG,2025,0
HANTA,Hantaviroses,500270,Campo Grande,MS,2007,0
HANTA,Hantaviroses,500270,Campo Grande,MS,2008,0
HANTA,Hantaviroses,500270,Campo Grande,MS,2009,0
HANTA,Hantaviroses,500270,Campo Grande,MS,2010,0
HANTA,Hantaviroses,500270,Campo Grande,MS,2011,0
HANTA,Hantaviroses,500270,Campo Grande,MS,2012,1
HANTA,Hantaviroses,500270,Campo Grande,MS,2013,0
HANTA,Hantaviroses,500270,Campo Grande,MS,2014,0
HANTA,Hantaviroses,500270,Campo Grande,MS,2015,1
HANTA,Hantaviroses,500270,Campo Grande,MS,2016,1
HANTA,Hantaviroses,500270,Campo Grande,MS,2017,0
HANTA,Hantaviroses,500270,Campo Grande,MS,2018,0
HANTA,Hantaviroses,500270,Campo Grande,MS,2019,1
HANTA,Hantaviroses,500270,Campo Grande,MS,2020,0
HANTA,Hantaviroses,500270,Campo Grande,MS,2021,0
HANTA,Hantaviroses,500270,Campo Grande,MS,2022,0
HANTA,Hantaviroses,500270,Campo Grande,MS,2023,0
HANTA,Hantaviroses,500270,Campo Grande,MS,2024,0
HANTA,Hantaviroses,500270,Campo Grande,MS,2025,0
HANTA,Hantaviroses,500320,Corumba,MS,2007,0
HANTA,Hantaviroses,500320,Corumba,MS,2008,0
HANTA,Hantaviroses,500320,Corumba,MS,2009,0
HANTA,Hantaviroses,500320,Corumba,MS,2010,0
HANTA,Hantaviroses,500320,Corumba,MS,2011,0
HANTA,Hantaviroses,500320,Corumba,MS,2012,0
HANTA,Hantaviroses,500320,Corumba,MS,2013,0
HANTA,Hantaviroses,500320,Corumba,MS,2014,0
HANTA,Hantaviroses,500320,Corumba,MS,2015,0
HANTA,Hantaviroses,500320,Corumba,MS,2016,0
HANTA,Hantaviroses,500320,Corumba,MS,2017,4
HANTA,Hantaviroses,500320,Corumba,MS,2018,0
HANTA,Hantaviroses,500320,Corumba,MS,2019,0
HANTA,Hantaviroses,500320,Corumba,MS,2020,0
HANTA,Hantaviroses,500320,Corumba,MS,2021,0
HANTA,Hantaviroses,500320,Corumba,MS,2022,0
HANTA,Hantaviroses,500320,Corumba,MS,2023,0
HANTA,Hantaviroses,500320,Corumba,MS,2024,0
HANTA,Hantaviroses,500320,Corumba,MS,2025,0
HANTA,Hantaviroses,510025,Alta Floresta,MT,2007,0
HANTA,Hantaviroses,510025,Alta Floresta,MT,2008,0
HANTA,Hantaviroses,510025,Alta Floresta,MT,2009,0
HANTA,Hantaviroses,510025,Alta Floresta,MT,2010,1
HANTA,Hantaviroses,510025,Alta Floresta,MT,2011,0
HANTA,Hantaviroses,510025,Alta Floresta,MT,2012,0
HANTA,Hantaviroses,510025,Alta Floresta,MT,2013,0
HANTA,Hantaviroses,510025,Alta Floresta,MT,2014,0
HANTA,Hantaviroses,510025,Alta Floresta,MT,2015,0
HANTA,Hantaviroses,510025,Alta Floresta,MT,2016,0
HANTA,Hantaviroses,510025,Alta Floresta,MT,2017,0
HANTA,Hantaviroses,510025,Alta Floresta,MT,2018,0
HANTA,Hantaviroses,510025,Alta Floresta,MT,2019,0
HANTA,Hantaviroses,510025,Alta Floresta,MT,2020,0
HANTA,Hantaviroses,510025,Alta Floresta,MT,2021,0
HANTA,Hantaviroses,510025,Alta Floresta,MT,2022,0
HANTA,Hantaviroses,510025,Alta Floresta,MT,2023,0
HANTA,Hantaviroses,510025,Alta Floresta,MT,2024,0
HANTA,Hantaviroses,510025,Alta Floresta,MT,2025,0
HANTA,Hantaviroses,510140,Aripuana,MT,2007,1
HANTA,Hantaviroses,510140,Aripuana,MT,2008,0
HANTA,Hantaviroses,510140,Aripuana,MT,2009,0
HANTA,Hantaviroses,510140,Aripuana,MT,2010,0
HANTA,Hantaviroses,510140,Aripuana,MT,2011,0
HANTA,Hantaviroses,510140,Aripuana,MT,2012,0
HANTA,Hantaviroses,510140,Aripuana,MT,2013,0
HANTA,Hantaviroses,510140,Aripuana,MT,2014,0
HANTA,Hantaviroses,510140,Aripuana,MT,2015,0
HANTA,Hantaviroses,510140,Aripuana,MT,2016,0
HANTA,Hantaviroses,510140,Aripuana,MT,2017,0
HANTA,Hantaviroses,510140,Aripuana,MT,2018,0
HANTA,Hantaviroses,510140,Aripuana,MT,2019,0
HANTA,Hantaviroses,510140,Aripuana,MT,2020,0
HANTA,Hantaviroses,510140,Aripuana,MT,2021,0
HANTA,Hantaviroses,510140,Aripuana,MT,2022,0
HANTA,Hantaviroses,510140,Aripuana,MT,2023,0
HANTA,Hantaviroses,510140,Aripuana,MT,2024,0
HANTA,Hantaviroses,510140,Aripuana,MT,2025,0
HANTA,Hantaviroses,510170,Barra do Bugres,MT,2007,2
HANTA,Hantaviroses,510170,Barra do Bugres,MT,2008,4
HANTA,Hantaviroses,510170,Barra do Bugres,MT,2009,0
HANTA,Hantaviroses,510170,Barra do Bugres,MT,2010,1
HANTA,Hantaviroses,510170,Barra do Bugres,MT,2011,0
HANTA,Hantaviroses,510170,Barra do Bugres,MT,2012,0
HANTA,Hantaviroses,510170,Barra do Bugres,MT,2013,0
HANTA,Hantaviroses,510170,Barra do Bugres,MT,2014,0
HANTA,Hantaviroses,510170,Barra do Bugres,MT,2015,0
HANTA,Hantaviroses,510170,Barra do Bugres,MT,2016,0
HANTA,Hantaviroses,510170,Barra do Bugres,MT,2017,0
HANTA,Hantaviroses,510170,Barra do Bugres,MT,2018,0
HANTA,Hantaviroses,510170,Barra do Bugres,MT,2019,0
HANTA,Hantaviroses,510170,Barra do Bugres,MT,2020,0
HANTA,Hantaviroses,510170,Barra do Bugres,MT,2021,0
HANTA,Hantaviroses,510170,Barra do Bugres,MT,2022,0
HANTA,Hantaviroses,510170,Barra do Bugres,MT,2023,0
HANTA,Hantaviroses,510170,Barra do Bugres,MT,2024,0
HANTA,Hantaviroses,510170,Barra do Bugres,MT,2025,0
HANTA,Hantaviroses,510180,Barra do Garcas,MT,2007,1
HANTA,Hantaviroses,510180,Barra do Garcas,MT,2008,0
HANTA,Hantaviroses,510180,Barra do Garcas,MT,2009,0
HANTA,Hantaviroses,510180,Barra do Garcas,MT,2010,0
HANTA,Hantaviroses,510180,Barra do Garcas,MT,2011,0
HANTA,Hantaviroses,510180,Barra do Garcas,MT,2012,0
HANTA,Hantaviroses,510180,Barra do Garcas,MT,2013,0
HANTA,Hantaviroses,510180,Barra do Garcas,MT,2014,0
HANTA,Hantaviroses,510180,Barra do Garcas,MT,2015,0
HANTA,Hantaviroses,510180,Barra do Garcas,MT,2016,0
HANTA,Hantaviroses,510180,Barra do Garcas,MT,2017,0
HANTA,Hantaviroses,510180,Barra do Garcas,MT,2018,0
HANTA,Hantaviroses,510180,Barra do Garcas,MT,2019,0
HANTA,Hantaviroses,510180,Barra do Garcas,MT,2020,0
HANTA,Hantaviroses,510180,Barra do Garcas,MT,2021,0
HANTA,Hantaviroses,510180,Barra do Garcas,MT,2022,0
HANTA,Hantaviroses,510180,Barra do Garcas,MT,2023,0
HANTA,Hantaviroses,510180,Barra do Garcas,MT,2024,0
HANTA,Hantaviroses,510180,Barra do Garcas,MT,2025,0
HANTA,Hantaviroses,510190,Brasnorte,MT,2007,0
HANTA,Hantaviroses,510190,Brasnorte,MT,2008,0
HANTA,Hantaviroses,510190,Brasnorte,MT,2009,0
HANTA,Hantaviroses,510190,Brasnorte,MT,2010,0
HANTA,Hantaviroses,510190,Brasnorte,MT,2011,0
HANTA,Hantaviroses,510190,Brasnorte,MT,2012,0
HANTA,Hantaviroses,510190,Brasnorte,MT,2013,0
HANTA,Hantaviroses,510190,Brasnorte,MT,2014,0
HANTA,Hantaviroses,510190,Brasnorte,MT,2015,0
HANTA,Hantaviroses,510190,Brasnorte,MT,2016,1
HANTA,Hantaviroses,510190,Brasnorte,MT,2017,0
HANTA,Hantaviroses,510190,Brasnorte,MT,2018,0
HANTA,Hantaviroses,510190,Brasnorte,MT,2019,0
HANTA,Hantaviroses,510190,Brasnorte,MT,2020,0
HANTA,Hantaviroses,510190,Brasnorte,MT,2021,0
HANTA,Hantaviroses,510190,Brasnorte,MT,2022,0
HANTA,Hantaviroses,510190,Brasnorte,MT,2023,0
HANTA,Hantaviroses,510190,Brasnorte,MT,2024,0
HANTA,Hantaviroses,510190,Brasnorte,MT,2025,0
HANTA,Hantaviroses,510250,Caceres,MT,2007,0
HANTA,Hantaviroses,510250,Caceres,MT,2008,0
HANTA,Hantaviroses,510250,Caceres,MT,2009,0
HANTA,Hantaviroses,510250,Caceres,MT,2010,0
HANTA,Hantaviroses,510250,Caceres,MT,2011,0
HANTA,Hantaviroses,510250,Caceres,MT,2012,0
HANTA,Hantaviroses,510250,Caceres,MT,2013,0
HANTA,Hantaviroses,510250,Caceres,MT,2014,0
HANTA,Hantaviroses,510250,Caceres,MT,2015,0
HANTA,Hantaviroses,510250,Caceres,MT,2016,1
HANTA,Hantaviroses,510250,Caceres,MT,2017,0
HANTA,Hantaviroses,510250,Caceres,MT,2018,0
HANTA,Hantaviroses,510250,Caceres,MT,2019,0
HANTA,Hantaviroses,510250,Caceres,MT,2020,0
HANTA,Hantaviroses,510250,Caceres,MT,2021,0
HANTA,Hantaviroses,510250,Caceres,MT,2022,0
HANTA,Hantaviroses,510250,Caceres,MT,2023,0
HANTA,Hantaviroses,510250,Caceres,MT,2024,0
HANTA,Hantaviroses,510250,Caceres,MT,2025,0
HANTA,Hantaviroses,510263,Campo Novo do Parecis,MT,2007,6
HANTA,Hantaviroses,510263,Campo Novo do Parecis,MT,2008,1
HANTA,Hantaviroses,510263,Campo Novo do Parecis,MT,2009,7
HANTA,Hantaviroses,510263,Campo Novo do Parecis,MT,2010,5
HANTA,Hantaviroses,510263,Campo Novo do Parecis,MT,2011,0
HANTA,Hantaviroses,510263,Campo Novo do Parecis,MT,2012,5
HANTA,Hantaviroses,510263,Campo Novo do Parecis,MT,2013,15
HANTA,Hantaviroses,510263,Campo Novo do Parecis,MT,2014,5
HANTA,Hantaviroses,510263,Campo Novo do Parecis,MT,2015,2
HANTA,Hantaviroses,510263,Campo Novo do Parecis,MT,2016,4
HANTA,Hantaviroses,510263,Campo Novo do Parecis,MT,2017,3
HANTA,Hantaviroses,510263,Campo Novo do Parecis,MT,2018,1
HANTA,Hantaviroses,510263,Campo Novo do Parecis,MT,2019,0
HANTA,Hantaviroses,510263,Campo Novo do Parecis,MT,2020,2
HANTA,Hantaviroses,510263,Campo Novo do Parecis,MT,2021,1
HANTA,Hantaviroses,510263,Campo Novo do Parecis,MT,2022,1
HANTA,Hantaviroses,510263,Campo Novo do Parecis,MT,2023,2
HANTA,Hantaviroses,510263,Campo Novo do Parecis,MT,2024,3
HANTA,Hantaviroses,510263,Campo Novo do Parecis,MT,2025,1
HANTA,Hantaviroses,510268,Campos de Julio,MT,2007,0
HANTA,Hantaviroses,510268,Campos de Julio,MT,2008,1
HANTA,Hantaviroses,510268,Campos de Julio,MT,2009,0
HANTA,Hantaviroses,510268,Campos de Julio,MT,2010,0
HANTA,Hantaviroses,510268,Campos de Julio,MT,2011,0
HANTA,Hantaviroses,510268,Campos de Julio,MT,2012,0
HANTA,Hantaviroses,510268,Campos de Julio,MT,2013,0
HANTA,Hantaviroses,510268,Campos de Julio,MT,2014,0
HANTA,Hantaviroses,510268,Campos de Julio,MT,2015,0
HANTA,Hantaviroses,510268,Campos de Julio,MT,2016,0
HANTA,Hantaviroses,510268,Campos de Julio,MT,2017,0
HANTA,Hantaviroses,510268,Campos de Julio,MT,2018,0
HANTA,Hantaviroses,510268,Campos de Julio,MT,2019,0
HANTA,Hantaviroses,510268,Campos de Julio,MT,2020,0
HANTA,Hantaviroses,510268,Campos de Julio,MT,2021,0
HANTA,Hantaviroses,510268,Campos de Julio,MT,2022,0
HANTA,Hantaviroses,510268,Campos de Julio,MT,2023,0
HANTA,Hantaviroses,510268,Campos de Julio,MT,2024,0
HANTA,Hantaviroses,510268,Campos de Julio,MT,2025,0
HANTA,Hantaviroses,510270,Canarana,MT,2007,0
HANTA,Hantaviroses,510270,Canarana,MT,2008,0
HANTA,Hantaviroses,510270,Canarana,MT,2009,0
HANTA,Hantaviroses,510270,Canarana,MT,2010,4
HANTA,Hantaviroses,510270,Canarana,MT,2011,0
HANTA,Hantaviroses,510270,Canarana,MT,2012,0
HANTA,Hantaviroses,510270,Canarana,MT,2013,0
HANTA,Hantaviroses,510270,Canarana,MT,2014,1
HANTA,Hantaviroses,510270,Canarana,MT,2015,0
HANTA,Hantaviroses,510270,Canarana,MT,2016,0
HANTA,Hantaviroses,510270,Canarana,MT,2017,0
HANTA,Hantaviroses,510270,Canarana,MT,2018,0
HANTA,Hantaviroses,510270,Canarana,MT,2019,0
HANTA,Hantaviroses,510270,Canarana,MT,2020,0
HANTA,Hantaviroses,510270,Canarana,MT,2021,0
HANTA,Hantaviroses,510270,Canarana,MT,2022,0
HANTA,Hantaviroses,510270,Canarana,MT,2023,0
HANTA,Hantaviroses,510270,Canarana,MT,2024,0
HANTA,Hantaviroses,510270,Canarana,MT,2025,0
HANTA,Hantaviroses,510320,Colider,MT,2007,0
HANTA,Hantaviroses,510320,Colider,MT,2008,3
HANTA,Hantaviroses,510320,Colider,MT,2009,3
HANTA,Hantaviroses,510320,Colider,MT,2010,0
HANTA,Hantaviroses,510320,Colider,MT,2011,1
HANTA,Hantaviroses,510320,Colider,MT,2012,0
HANTA,Hantaviroses,510320,Colider,MT,2013,1
HANTA,Hantaviroses,510320,Colider,MT,2014,0
HANTA,Hantaviroses,510320,Colider,MT,2015,6
HANTA,Hantaviroses,510320,Colider,MT,2016,0
HANTA,Hantaviroses,510320,Colider,MT,2017,1
HANTA,Hantaviroses,510320,Colider,MT,2018,0
HANTA,Hantaviroses,510320,Colider,MT,2019,0
HANTA,Hantaviroses,510320,Colider,MT,2020,0
HANTA,Hantaviroses,510320,Colider,MT,2021,0
HANTA,Hantaviroses,510320,Colider,MT,2022,0
HANTA,Hantaviroses,510320,Colider,MT,2023,0
HANTA,Hantaviroses,510320,Colider,MT,2024,0
HANTA,Hantaviroses,510320,Colider,MT,2025,0
HANTA,Hantaviroses,510335,Confresa,MT,2007,1
HANTA,Hantaviroses,510335,Confresa,MT,2008,0
HANTA,Hantaviroses,510335,Confresa,MT,2009,0
HANTA,Hantaviroses,510335,Confresa,MT,2010,0
HANTA,Hantaviroses,510335,Confresa,MT,2011,0
HANTA,Hantaviroses,510335,Confresa,MT,2012,0
HANTA,Hantaviroses,510335,Confresa,MT,2013,0
HANTA,Hantaviroses,510335,Confresa,MT,2014,0
HANTA,Hantaviroses,510335,Confresa,MT,2015,0
HANTA,Hantaviroses,510335,Confresa,MT,2016,0
HANTA,Hantaviroses,510335,Confresa,MT,2017,0
HANTA,Hantaviroses,510335,Confresa,MT,2018,0
HANTA,Hantaviroses,510335,Confresa,MT,2019,0
HANTA,Hantaviroses,510335,Confresa,MT,2020,0
HANTA,Hantaviroses,510335,Confresa,MT,2021,0
HANTA,Hantaviroses,510335,Confresa,MT,2022,0
HANTA,Hantaviroses,510335,Confresa,MT,2023,0
HANTA,Hantaviroses,510335,Confresa,MT,2024,0
HANTA,Hantaviroses,510335,Confresa,MT,2025,0
HANTA,Hantaviroses,510340,Cuiaba,MT,2007,3
HANTA,Hantaviroses,510340,Cuiaba,MT,2008,2
HANTA,Hantaviroses,510340,Cuiaba,MT,2009,0
HANTA,Hantaviroses,510340,Cuiaba,MT,2010,0
HANTA,Hantaviroses,510340,Cuiaba,MT,2011,0
HANTA,Hantaviroses,510340,Cuiaba,MT,2012,2
HANTA,Hantaviroses,510340,Cuiaba,MT,2013,5
HANTA,Hantaviroses,510340,Cuiaba,MT,2014,1
HANTA,Hantaviroses,510340,Cuiaba,MT,2015,3
HANTA,Hantaviroses,510340,Cuiaba,MT,2016,1
HANTA,Hantaviroses,510340,Cuiaba,MT,2017,0
HANTA,Hantaviroses,510340,Cuiaba,MT,2018,0
HANTA,Hantaviroses,510340,Cuiaba,MT,2019,0
HANTA,Hantaviroses,510340,Cuiaba,MT,2020,0
HANTA,Hantaviroses,510340,Cuiaba,MT,2021,0
HANTA,Hantaviroses,510340,Cuiaba,MT,2022,0
HANTA,Hantaviroses,510340,Cuiaba,MT,2023,1
HANTA,Hantaviroses,510340,Cuiaba,MT,2024,0
HANTA,Hantaviroses,510340,Cuiaba,MT,2025,0
HANTA,Hantaviroses,510350,Diamantino,MT,2007,2
HANTA,Hantaviroses,510350,Diamantino,MT,2008,0
HANTA,Hantaviroses,510350,Diamantino,MT,2009,0
HANTA,Hantaviroses,510350,Diamantino,MT,2010,2
HANTA,Hantaviroses,510350,Diamantino,MT,2011,3
HANTA,Hantaviroses,510350,Diamantino,MT,2012,0
HANTA,Hantaviroses,510350,Diamantino,MT,2013,1
HANTA,Hantaviroses,510350,Diamantino,MT,2014,0
HANTA,Hantaviroses,510350,Diamantino,MT,2015,0
HANTA,Hantaviroses,510350,Diamantino,MT,2016,0
HANTA,Hantaviroses,510350,Diamantino,MT,2017,0
HANTA,Hantaviroses,510350,Diamantino,MT,2018,0
HANTA,Hantaviroses,510350,Diamantino,MT,2019,0
HANTA,Hantaviroses,510350,Diamantino,MT,2020,0
HANTA,Hantaviroses,510350,Diamantino,MT,2021,0
HANTA,Hantaviroses,510350,Diamantino,MT,2022,0
HANTA,Hantaviroses,510350,Diamantino,MT,2023,0
HANTA,Hantaviroses,510350,Diamantino,MT,2024,0
HANTA,Hantaviroses,510350,Diamantino,MT,2025,0
HANTA,Hantaviroses,510370,Feliz Natal,MT,2007,0
HANTA,Hantaviroses,510370,Feliz Natal,MT,2008,0
HANTA,Hantaviroses,510370,Feliz Natal,MT,2009,0
HANTA,Hantaviroses,510370,Feliz Natal,MT,2010,1
HANTA,Hantaviroses,510370,Feliz Natal,MT,2011,0
HANTA,Hantaviroses,510370,Feliz Natal,MT,2012,0
HANTA,Hantaviroses,510370,Feliz Natal,MT,2013,0
HANTA,Hantaviroses,510370,Feliz Natal,MT,2014,0
HANTA,Hantaviroses,510370,Feliz Natal,MT,2015,0
HANTA,Hantaviroses,510370,Feliz Natal,MT,2016,0
HANTA,Hantaviroses,510370,Feliz Natal,MT,2017,0
HANTA,Hantaviroses,510370,Feliz Natal,MT,2018,0
HANTA,Hantaviroses,510370,Feliz Natal,MT,2019,0
HANTA,Hantaviroses,510370,Feliz Natal,MT,2020,0
HANTA,Hantaviroses,510370,Feliz Natal,MT,2021,0
HANTA,Hantaviroses,510370,Feliz Natal,MT,2022,0
HANTA,Hantaviroses,510370,Feliz Natal,MT,2023,0
HANTA,Hantaviroses,510370,Feliz Natal,MT,2024,0
HANTA,Hantaviroses,510370,Feliz Natal,MT,2025,0
HANTA,Hantaviroses,510410,Guaranta do Norte,MT,2007,1
HANTA,Hantaviroses,510410,Guaranta do Norte,MT,2008,0
HANTA,Hantaviroses,510410,Guaranta do Norte,MT,2009,0
HANTA,Hantaviroses,510410,Guaranta do Norte,MT,2010,1
HANTA,Hantaviroses,510410,Guaranta do Norte,MT,2011,2
HANTA,Hantaviroses,510410,Guaranta do Norte,MT,2012,0
HANTA,Hantaviroses,510410,Guaranta do Norte,MT,2013,0
HANTA,Hantaviroses,510410,Guaranta do Norte,MT,2014,0
HANTA,Hantaviroses,510410,Guaranta do Norte,MT,2015,0
HANTA,Hantaviroses,510410,Guaranta do Norte,MT,2016,0
HANTA,Hantaviroses,510410,Guaranta do Norte,MT,2017,0
HANTA,Hantaviroses,510410,Guaranta do Norte,MT,2018,1
HANTA,Hantaviroses,510410,Guaranta do Norte,MT,2019,0
HANTA,Hantaviroses,510410,Guaranta do Norte,MT,2020,0
HANTA,Hantaviroses,510410,Guaranta do Norte,MT,2021,0
HANTA,Hantaviroses,510410,Guaranta do Norte,MT,2022,0
HANTA,Hantaviroses,510410,Guaranta do Norte,MT,2023,0
HANTA,Hantaviroses,510410,Guaranta do Norte,MT,2024,1
HANTA,Hantaviroses,510410,Guaranta do Norte,MT,2025,0
HANTA,Hantaviroses,510525,Lucas do Rio Verde,MT,2007,0
HANTA,Hantaviroses,510525,Lucas do Rio Verde,MT,2008,0
HANTA,Hantaviroses,510525,Lucas do Rio Verde,MT,2009,0
HANTA,Hantaviroses,510525,Lucas do Rio Verde,MT,2010,0
HANTA,Hantaviroses,510525,Lucas do Rio Verde,MT,2011,0
HANTA,Hantaviroses,510525,Lucas do Rio Verde,MT,2012,0
HANTA,Hantaviroses,510525,Lucas do Rio Verde,MT,2013,0
HANTA,Hantaviroses,510525,Lucas do Rio Verde,MT,2014,1
HANTA,Hantaviroses,510525,Lucas do Rio Verde,MT,2015,0
HANTA,Hantaviroses,510525,Lucas do Rio Verde,MT,2016,0
HANTA,Hantaviroses,510525,Lucas do Rio Verde,MT,2017,0
HANTA,Hantaviroses,510525,Lucas do Rio Verde,MT,2018,0
HANTA,Hantaviroses,510525,Lucas do Rio Verde,MT,2019,0
HANTA,Hantaviroses,510525,Lucas do Rio Verde,MT,2020,0
HANTA,Hantaviroses,510525,Lucas do Rio Verde,MT,2021,0
HANTA,Hantaviroses,510525,Lucas do Rio Verde,MT,2022,0
HANTA,Hantaviroses,510525,Lucas do Rio Verde,MT,2023,1
HANTA,Hantaviroses,510525,Lucas do Rio Verde,MT,2024,0
HANTA,Hantaviroses,510525,Lucas do Rio Verde,MT,2025,0
HANTA,Hantaviroses,510558,Marcelandia,MT,2007,6
HANTA,Hantaviroses,510558,Marcelandia,MT,2008,0
HANTA,Hantaviroses,510558,Marcelandia,MT,2009,6
HANTA,Hantaviroses,510558,Marcelandia,MT,2010,0
HANTA,Hantaviroses,510558,Marcelandia,MT,2011,0
HANTA,Hantaviroses,510558,Marcelandia,MT,2012,2
HANTA,Hantaviroses,510558,Marcelandia,MT,2013,0
HANTA,Hantaviroses,510558,Marcelandia,MT,2014,1
HANTA,Hantaviroses,510558,Marcelandia,MT,2015,0
HANTA,Hantaviroses,510558,Marcelandia,MT,2016,0
HANTA,Hantaviroses,510558,Marcelandia,MT,2017,0
HANTA,Hantaviroses,510558,Marcelandia,MT,2018,0
HANTA,Hantaviroses,510558,Marcelandia,MT,2019,0
HANTA,Hantaviroses,510558,Marcelandia,MT,2020,0
HANTA,Hantaviroses,510558,Marcelandia,MT,2021,0
HANTA,Hantaviroses,510558,Marcelandia,MT,2022,0
HANTA,Hantaviroses,510558,Marcelandia,MT,2023,0
HANTA,Hantaviroses,510558,Marcelandia,MT,2024,0
HANTA,Hantaviroses,510558,Marcelandia,MT,2025,0
HANTA,Hantaviroses,510560,Matupa,MT,2007,3
HANTA,Hantaviroses,510560,Matupa,MT,2008,0
HANTA,Hantaviroses,510560,Matupa,MT,2009,1
HANTA,Hantaviroses,510560,Matupa,MT,2010,1
HANTA,Hantaviroses,510560,Matupa,MT,2011,0
HANTA,Hantaviroses,510560,Matupa,MT,2012,0
HANTA,Hantaviroses,510560,Matupa,MT,2013,0
HANTA,Hantaviroses,510560,Matupa,MT,2014,0
HANTA,Hantaviroses,510560,Matupa,MT,2015,0
HANTA,Hantaviroses,510560,Matupa,MT,2016,0
HANTA,Hantaviroses,510560,Matupa,MT,2017,0
HANTA,Hantaviroses,510560,Matupa,MT,2018,0
HANTA,Hantaviroses,510560,Matupa,MT,2019,0
HANTA,Hantaviroses,510560,Matupa,MT,2020,0
HANTA,Hantaviroses,510560,Matupa,MT,2021,0
HANTA,Hantaviroses,510560,Matupa,MT,2022,0
HANTA,Hantaviroses,510560,Matupa,MT,2023,0
HANTA,Hantaviroses,510560,Matupa,MT,2024,0
HANTA,Hantaviroses,510560,Matupa,MT,2025,0
HANTA,Hantaviroses,510619,Nova Santa Helena,MT,2007,1
HANTA,Hantaviroses,510619,Nova Santa Helena,MT,2008,0
HANTA,Hantaviroses,510619,Nova Santa Helena,MT,2009,1
HANTA,Hantaviroses,510619,Nova Santa Helena,MT,2010,0
HANTA,Hantaviroses,510619,Nova Santa Helena,MT,2011,0
HANTA,Hantaviroses,510619,Nova Santa Helena,MT,2012,0
HANTA,Hantaviroses,510619,Nova Santa Helena,MT,2013,0
HANTA,Hantaviroses,510619,Nova Santa Helena,MT,2014,0
HANTA,Hantaviroses,510619,Nova Santa Helena,MT,2015,0
HANTA,Hantaviroses,510619,Nova Santa Helena,MT,2016,0
HANTA,Hantaviroses,510619,Nova Santa Helena,MT,2017,0
HANTA,Hantaviroses,510619,Nova Santa Helena,MT,2018,0
HANTA,Hantaviroses,510619,Nova Santa Helena,MT,2019,0
HANTA,Hantaviroses,510619,Nova Santa Helena,MT,2020,0
HANTA,Hantaviroses,510619,Nova Santa Helena,MT,2021,0
HANTA,Hantaviroses,510619,Nova Santa Helena,MT,2022,0
HANTA,Hantaviroses,510619,Nova Santa Helena,MT,2023,0
HANTA,Hantaviroses,510619,Nova Santa Helena,MT,2024,0
HANTA,Hantaviroses,510619,Nova Santa Helena,MT,2025,0
HANTA,Hantaviroses,510622,Nova Mutum,MT,2007,0
HANTA,Hantaviroses,510622,Nova Mutum,MT,2008,0
HANTA,Hantaviroses,510622,Nova Mutum,MT,2009,0
HANTA,Hantaviroses,510622,Nova Mutum,MT,2010,0
HANTA,Hantaviroses,510622,Nova Mutum,MT,2011,0
HANTA,Hantaviroses,510622,Nova Mutum,MT,2012,0
HANTA,Hantaviroses,510622,Nova Mutum,MT,2013,1
HANTA,Hantaviroses,510622,Nova Mutum,MT,2014,2
HANTA,Hantaviroses,510622,Nova Mutum,MT,2015,1
HANTA,Hantaviroses,510622,Nova Mutum,MT,2016,0
HANTA,Hantaviroses,510622,Nova Mutum,MT,2017,1
HANTA,Hantaviroses,510622,Nova Mutum,MT,2018,0
HANTA,Hantaviroses,510622,Nova Mutum,MT,2019,0
HANTA,Hantaviroses,510622,Nova Mutum,MT,2020,0
HANTA,Hantaviroses,510622,Nova Mutum,MT,2021,0
HANTA,Hantaviroses,510622,Nova Mutum,MT,2022,0
HANTA,Hantaviroses,510622,Nova Mutum,MT,2023,0
HANTA,Hantaviroses,510622,Nova Mutum,MT,2024,0
HANTA,Hantaviroses,510622,Nova Mutum,MT,2025,0
HANTA,Hantaviroses,510623,Nova Olimpia,MT,2007,0
HANTA,Hantaviroses,510623,Nova Olimpia,MT,2008,0
HANTA,Hantaviroses,510623,Nova Olimpia,MT,2009,0
HANTA,Hantaviroses,510623,Nova Olimpia,MT,2010,0
HANTA,Hantaviroses,510623,Nova Olimpia,MT,2011,0
HANTA,Hantaviroses,510623,Nova Olimpia,MT,2012,1
HANTA,Hantaviroses,510623,Nova Olimpia,MT,2013,0
HANTA,Hantaviroses,510623,Nova Olimpia,MT,2014,0
HANTA,Hantaviroses,510623,Nova Olimpia,MT,2015,0
HANTA,Hantaviroses,510623,Nova Olimpia,MT,2016,0
HANTA,Hantaviroses,510623,Nova Olimpia,MT,2017,0
HANTA,Hantaviroses,510623,Nova Olimpia,MT,2018,0
HANTA,Hantaviroses,510623,Nova Olimpia,MT,2019,0
HANTA,Hantaviroses,510623,Nova Olimpia,MT,2020,0
HANTA,Hantaviroses,510623,Nova Olimpia,MT,2021,0
HANTA,Hantaviroses,510623,Nova Olimpia,MT,2022,0
HANTA,Hantaviroses,510623,Nova Olimpia,MT,2023,0
HANTA,Hantaviroses,510623,Nova Olimpia,MT,2024,0
HANTA,Hantaviroses,510623,Nova Olimpia,MT,2025,0
HANTA,Hantaviroses,510626,Novo Mundo,MT,2007,0
HANTA,Hantaviroses,510626,Novo Mundo,MT,2008,0
HANTA,Hantaviroses,510626,Novo Mundo,MT,2009,0
HANTA,Hantaviroses,510626,Novo Mundo,MT,2010,2
HANTA,Hantaviroses,510626,Novo Mundo,MT,2011,0
HANTA,Hantaviroses,510626,Novo Mundo,MT,2012,0
HANTA,Hantaviroses,510626,Novo Mundo,MT,2013,0
HANTA,Hantaviroses,510626,Novo Mundo,MT,2014,0
HANTA,Hantaviroses,510626,Novo Mundo,MT,2015,0
HANTA,Hantaviroses,510626,Novo Mundo,MT,2016,0
HANTA,Hantaviroses,510626,Novo Mundo,MT,2017,0
HANTA,Hantaviroses,510626,Novo Mundo,MT,2018,0
HANTA,Hantaviroses,510626,Novo Mundo,MT,2019,0
HANTA,Hantaviroses,510626,Novo Mundo,MT,2020,0
HANTA,Hantaviroses,510626,Novo Mundo,MT,2021,0
HANTA,Hantaviroses,510626,Novo Mundo,MT,2022,0
HANTA,Hantaviroses,510626,Novo Mundo,MT,2023,0
HANTA,Hantaviroses,510626,Novo Mundo,MT,2024,0
HANTA,Hantaviroses,510626,Novo Mundo,MT,2025,0
HANTA,Hantaviroses,510642,Peixoto de Azevedo,MT,2007,0
HANTA,Hantaviroses,510642,Peixoto de Azevedo,MT,2008,4
HANTA,Hantaviroses,510642,Peixoto de Azevedo,MT,2009,1
HANTA,Hantaviroses,510642,Peixoto de Azevedo,MT,2010,4
HANTA,Hantaviroses,510642,Peixoto de Azevedo,MT,2011,0
HANTA,Hantaviroses,510642,Peixoto de Azevedo,MT,2012,0
HANTA,Hantaviroses,510642,Peixoto de Azevedo,MT,2013,0
HANTA,Hantaviroses,510642,Peixoto de Azevedo,MT,2014,1
HANTA,Hantaviroses,510642,Peixoto de Azevedo,MT,2015,4
HANTA,Hantaviroses,510642,Peixoto de Azevedo,MT,2016,0
HANTA,Hantaviroses,510642,Peixoto de Azevedo,MT,2017,0
HANTA,Hantaviroses,510642,Peixoto de Azevedo,MT,2018,1
HANTA,Hantaviroses,510642,Peixoto de Azevedo,MT,2019,0
HANTA,Hantaviroses,510642,Peixoto de Azevedo,MT,2020,0
HANTA,Hantaviroses,510642,Peixoto de Azevedo,MT,2021,0
HANTA,Hantaviroses,510642,Peixoto de Azevedo,MT,2022,0
HANTA,Hantaviroses,510642,Peixoto de Azevedo,MT,2023,0
HANTA,Hantaviroses,510642,Peixoto de Azevedo,MT,2024,0
HANTA,Hantaviroses,510642,Peixoto de Azevedo,MT,2025,0
HANTA,Hantaviroses,510685,Porto Estrela,MT,2007,0
HANTA,Hantaviroses,510685,Porto Estrela,MT,2008,0
HANTA,Hantaviroses,510685,Porto Estrela,MT,2009,0
HANTA,Hantaviroses,510685,Porto Estrela,MT,2010,0
HANTA,Hantaviroses,510685,Porto Estrela,MT,2011,0
HANTA,Hantaviroses,510685,Porto Estrela,MT,2012,0
HANTA,Hantaviroses,510685,Porto Estrela,MT,2013,0
HANTA,Hantaviroses,510685,Porto Estrela,MT,2014,0
HANTA,Hantaviroses,510685,Porto Estrela,MT,2015,0
HANTA,Hantaviroses,510685,Porto Estrela,MT,2016,0
HANTA,Hantaviroses,510685,Porto Estrela,MT,2017,0
HANTA,Hantaviroses,510685,Porto Estrela,MT,2018,0
HANTA,Hantaviroses,510685,Porto Estrela,MT,2019,0
HANTA,Hantaviroses,510685,Porto Estrela,MT,2020,0
HANTA,Hantaviroses,510685,Porto Estrela,MT,2021,0
HANTA,Hantaviroses,510685,Porto Estrela,MT,2022,1
HANTA,Hantaviroses,510685,Porto Estrela,MT,2023,0
HANTA,Hantaviroses,510685,Porto Estrela,MT,2024,0
HANTA,Hantaviroses,510685,Porto Estrela,MT,2025,0
HANTA,Hantaviroses,510700,Poxoreo,MT,2007,0
HANTA,Hantaviroses,510700,Poxoreo,MT,2008,0
HANTA,Hantaviroses,510700,Poxoreo,MT,2009,0
HANTA,Hantaviroses,510700,Poxoreo,MT,2010,0
HANTA,Hantaviroses,510700,Poxoreo,MT,2011,0
HANTA,Hantaviroses,510700,Poxoreo,MT,2012,0
HANTA,Hantaviroses,510700,Poxoreo,MT,2013,0
HANTA,Hantaviroses,510700,Poxoreo,MT,2014,0
HANTA,Hantaviroses,510700,Poxoreo,MT,2015,0
HANTA,Hantaviroses,510700,Poxoreo,MT,2016,0
HANTA,Hantaviroses,510700,Poxoreo,MT,2017,0
HANTA,Hantaviroses,510700,Poxoreo,MT,2018,0
HANTA,Hantaviroses,510700,Poxoreo,MT,2019,0
HANTA,Hantaviroses,510700,Poxoreo,MT,2020,0
HANTA,Hantaviroses,510700,Poxoreo,MT,2021,0
HANTA,Hantaviroses,510700,Poxoreo,MT,2022,0
HANTA,Hantaviroses,510700,Poxoreo,MT,2023,0
HANTA,Hantaviroses,510700,Poxoreo,MT,2024,1
HANTA,Hantaviroses,510700,Poxoreo,MT,2025,0
HANTA,Hantaviroses,510726,Santo Afonso,MT,2007,0
HANTA,Hantaviroses,510726,Santo Afonso,MT,2008,0
HANTA,Hantaviroses,510726,Santo Afonso,MT,2009,0
HANTA,Hantaviroses,510726,Santo Afonso,MT,2010,0
HANTA,Hantaviroses,510726,Santo Afonso,MT,2011,0
HANTA,Hantaviroses,510726,Santo Afonso,MT,2012,0
HANTA,Hantaviroses,510726,Santo Afonso,MT,2013,0
HANTA,Hantaviroses,510726,Santo Afonso,MT,2014,0
HANTA,Hantaviroses,510726,Santo Afonso,MT,2015,0
HANTA,Hantaviroses,510726,Santo Afonso,MT,2016,0
HANTA,Hantaviroses,510726,Santo Afonso,MT,2017,0
HANTA,Hantaviroses,510726,Santo Afonso,MT,2018,0
HANTA,Hantaviroses,510726,Santo Afonso,MT,2019,0
HANTA,Hantaviroses,510726,Santo Afonso,MT,2020,0
HANTA,Hantaviroses,510726,Santo Afonso,MT,2021,0
HANTA,Hantaviroses,510726,Santo Afonso,MT,2022,0
HANTA,Hantaviroses,510726,Santo Afonso,MT,2023,0
HANTA,Hantaviroses,510726,Santo Afonso,MT,2024,0
HANTA,Hantaviroses,510726,Santo Afonso,MT,2025,1
HANTA,Hantaviroses,510730,Sao Jose do Rio Claro,MT,2007,0
HANTA,Hantaviroses,510730,Sao Jose do Rio Claro,MT,2008,0
HANTA,Hantaviroses,510730,Sao Jose do Rio Claro,MT,2009,0
HANTA,Hantaviroses,510730,Sao Jose do Rio Claro,MT,2010,0
HANTA,Hantaviroses,510730,Sao Jose do Rio Claro,MT,2011,0
HANTA,Hantaviroses,510730,Sao Jose do Rio Claro,MT,2012,0
HANTA,Hantaviroses,510730,Sao Jose do Rio Claro,MT,2013,1
HANTA,Hantaviroses,510730,Sao Jose do Rio Claro,MT,2014,0
HANTA,Hantaviroses,510730,Sao Jose do Rio Claro,MT,2015,0
HANTA,Hantaviroses,510730,Sao Jose do Rio Claro,MT,2016,0
HANTA,Hantaviroses,510730,Sao Jose do Rio Claro,MT,2017,0
HANTA,Hantaviroses,510730,Sao Jose do Rio Claro,MT,2018,0
HANTA,Hantaviroses,510730,Sao Jose do Rio Claro,MT,2019,0
HANTA,Hantaviroses,510730,Sao Jose do Rio Claro,MT,2020,0
HANTA,Hantaviroses,510730,Sao Jose do Rio Claro,MT,2021,0
HANTA,Hantaviroses,510730,Sao Jose do Rio Claro,MT,2022,0
HANTA,Hantaviroses,510730,Sao Jose do Rio Claro,MT,2023,0
HANTA,Hantaviroses,510730,Sao Jose do Rio Claro,MT,2024,0
HANTA,Hantaviroses,510730,Sao Jose do Rio Claro,MT,2025,0
HANTA,Hantaviroses,510760,Rondonopolis,MT,2007,0
HANTA,Hantaviroses,510760,Rondonopolis,MT,2008,0
HANTA,Hantaviroses,510760,Rondonopolis,MT,2009,0
HANTA,Hantaviroses,510760,Rondonopolis,MT,2010,0
HANTA,Hantaviroses,510760,Rondonopolis,MT,2011,0
HANTA,Hantaviroses,510760,Rondonopolis,MT,2012,0
HANTA,Hantaviroses,510760,Rondonopolis,MT,2013,0
HANTA,Hantaviroses,510760,Rondonopolis,MT,2014,0
HANTA,Hantaviroses,510760,Rondonopolis,MT,2015,0
HANTA,Hantaviroses,510760,Rondonopolis,MT,2016,0
HANTA,Hantaviroses,510760,Rondonopolis,MT,2017,0
HANTA,Hantaviroses,510760,Rondonopolis,MT,2018,0
HANTA,Hantaviroses,510760,Rondonopolis,MT,2019,0
HANTA,Hantaviroses,510760,Rondonopolis,MT,2020,1
HANTA,Hantaviroses,510760,Rondonopolis,MT,2021,0
HANTA,Hantaviroses,510760,Rondonopolis,MT,2022,0
HANTA,Hantaviroses,510760,Rondonopolis,MT,2023,0
HANTA,Hantaviroses,510760,Rondonopolis,MT,2024,0
HANTA,Hantaviroses,510760,Rondonopolis,MT,2025,0
HANTA,Hantaviroses,510787,Sapezal,MT,2007,1
HANTA,Hantaviroses,510787,Sapezal,MT,2008,1
HANTA,Hantaviroses,510787,Sapezal,MT,2009,0
HANTA,Hantaviroses,510787,Sapezal,MT,2010,1
HANTA,Hantaviroses,510787,Sapezal,MT,2011,0
HANTA,Hantaviroses,510787,Sapezal,MT,2012,0
HANTA,Hantaviroses,510787,Sapezal,MT,2013,0
HANTA,Hantaviroses,510787,Sapezal,MT,2014,0
HANTA,Hantaviroses,510787,Sapezal,MT,2015,0
HANTA,Hantaviroses,510787,Sapezal,MT,2016,0
HANTA,Hantaviroses,510787,Sapezal,MT,2017,0
HANTA,Hantaviroses,510787,Sapezal,MT,2018,0
HANTA,Hantaviroses,510787,Sapezal,MT,2019,0
HANTA,Hantaviroses,510787,Sapezal,MT,2020,0
HANTA,Hantaviroses,510787,Sapezal,MT,2021,0
HANTA,Hantaviroses,510787,Sapezal,MT,2022,0
HANTA,Hantaviroses,510787,Sapezal,MT,2023,0
HANTA,Hantaviroses,510787,Sapezal,MT,2024,0
HANTA,Hantaviroses,510787,Sapezal,MT,2025,0
HANTA,Hantaviroses,510790,Sinop,MT,2007,0
HANTA,Hantaviroses,510790,Sinop,MT,2008,1
HANTA,Hantaviroses,510790,Sinop,MT,2009,1
HANTA,Hantaviroses,510790,Sinop,MT,2010,14
HANTA,Hantaviroses,510790,Sinop,MT,2011,1
HANTA,Hantaviroses,510790,Sinop,MT,2012,0
HANTA,Hantaviroses,510790,Sinop,MT,2013,0
HANTA,Hantaviroses,510790,Sinop,MT,2014,2
HANTA,Hantaviroses,510790,Sinop,MT,2015,2
HANTA,Hantaviroses,510790,Sinop,MT,2016,0
HANTA,Hantaviroses,510790,Sinop,MT,2017,0
HANTA,Hantaviroses,510790,Sinop,MT,2018,2
HANTA,Hantaviroses,510790,Sinop,MT,2019,1
HANTA,Hantaviroses,510790,Sinop,MT,2020,0
HANTA,Hantaviroses,510790,Sinop,MT,2021,0
HANTA,Hantaviroses,510790,Sinop,MT,2022,0
HANTA,Hantaviroses,510790,Sinop,MT,2023,0
HANTA,Hantaviroses,510790,Sinop,MT,2024,0
HANTA,Hantaviroses,510790,Sinop,MT,2025,0
HANTA,Hantaviroses,510792,Sorriso,MT,2007,0
HANTA,Hantaviroses,510792,Sorriso,MT,2008,0
HANTA,Hantaviroses,510792,Sorriso,MT,2009,0
HANTA,Hantaviroses,510792,Sorriso,MT,2010,0
HANTA,Hantaviroses,510792,Sorriso,MT,2011,0
HANTA,Hantaviroses,510792,Sorriso,MT,2012,0
HANTA,Hantaviroses,510792,Sorriso,MT,2013,0
HANTA,Hantaviroses,510792,Sorriso,MT,2014,1
HANTA,Hantaviroses,510792,Sorriso,MT,2015,2
HANTA,Hantaviroses,510792,Sorriso,MT,2016,0
HANTA,Hantaviroses,510792,Sorriso,MT,2017,1
HANTA,Hantaviroses,510792,Sorriso,MT,2018,0
HANTA,Hantaviroses,510792,Sorriso,MT,2019,0
HANTA,Hantaviroses,510792,Sorriso,MT,2020,1
HANTA,Hantaviroses,510792,Sorriso,MT,2021,0
HANTA,Hantaviroses,510792,Sorriso,MT,2022,0
HANTA,Hantaviroses,510792,Sorriso,MT,2023,0
HANTA,Hantaviroses,510792,Sorriso,MT,2024,0
HANTA,Hantaviroses,510792,Sorriso,MT,2025,0
HANTA,Hantaviroses,510795,Tangara da Serra,MT,2007,2
HANTA,Hantaviroses,510795,Tangara da Serra,MT,2008,2
HANTA,Hantaviroses,510795,Tangara da Serra,MT,2009,5
HANTA,Hantaviroses,510795,Tangara da Serra,MT,2010,5
HANTA,Hantaviroses,510795,Tangara da Serra,MT,2011,3
HANTA,Hantaviroses,510795,Tangara da Serra,MT,2012,7
HANTA,Hantaviroses,510795,Tangara da Serra,MT,2013,3
HANTA,Hantaviroses,510795,Tangara da Serra,MT,2014,3
HANTA,Hantaviroses,510795,Tangara da Serra,MT,2015,1
HANTA,Hantaviroses,510795,Tangara da Serra,MT,2016,1
HANTA,Hantaviroses,510795,Tangara da Serra,MT,2017,1
HANTA,Hantaviroses,510795,Tangara da Serra,MT,2018,1
HANTA,Hantaviroses,510795,Tangara da Serra,MT,2019,4
HANTA,Hantaviroses,510795,Tangara da Serra,MT,2020,0
HANTA,Hantaviroses,510795,Tangara da Serra,MT,2021,0
HANTA,Hantaviroses,510795,Tangara da Serra,MT,2022,2
HANTA,Hantaviroses,510795,Tangara da Serra,MT,2023,3
HANTA,Hantaviroses,510795,Tangara da Serra,MT,2024,2
HANTA,Hantaviroses,510795,Tangara da Serra,MT,2025,2
HANTA,Hantaviroses,510805,Terra Nova do Norte,MT,2007,1
HANTA,Hantaviroses,510805,Terra Nova do Norte,MT,2008,1
HANTA,Hantaviroses,510805,Terra Nova do Norte,MT,2009,1
HANTA,Hantaviroses,510805,Terra Nova do Norte,MT,2010,0
HANTA,Hantaviroses,510805,Terra Nova do Norte,MT,2011,0
HANTA,Hantaviroses,510805,Terra Nova do Norte,MT,2012,0
HANTA,Hantaviroses,510805,Terra Nova do Norte,MT,2013,0
HANTA,Hantaviroses,510805,Terra Nova do Norte,MT,2014,0
HANTA,Hantaviroses,510805,Terra Nova do Norte,MT,2015,1
HANTA,Hantaviroses,510805,Terra Nova do Norte,MT,2016,0
HANTA,Hantaviroses,510805,Terra Nova do Norte,MT,2017,0
HANTA,Hantaviroses,510805,Terra Nova do Norte,MT,2018,2
HANTA,Hantaviroses,510805,Terra Nova do Norte,MT,2019,0
HANTA,Hantaviroses,510805,Terra Nova do Norte,MT,2020,0
HANTA,Hantaviroses,510805,Terra Nova do Norte,MT,2021,0
HANTA,Hantaviroses,510805,Terra Nova do Norte,MT,2022,1
HANTA,Hantaviroses,510805,Terra Nova do Norte,MT,2023,0
HANTA,Hantaviroses,510805,Terra Nova do Norte,MT,2024,0
HANTA,Hantaviroses,510805,Terra Nova do Norte,MT,2025,0
HANTA,Hantaviroses,510840,Varzea Grande,MT,2007,0
HANTA,Hantaviroses,510840,Varzea Grande,MT,2008,0
HANTA,Hantaviroses,510840,Varzea Grande,MT,2009,0
HANTA,Hantaviroses,510840,Varzea Grande,MT,2010,0
HANTA,Hantaviroses,510840,Varzea Grande,MT,2011,0
HANTA,Hantaviroses,510840,Varzea Grande,MT,2012,0
HANTA,Hantaviroses,510840,Varzea Grande,MT,2013,1
HANTA,Hantaviroses,510840,Varzea Grande,MT,2014,0
HANTA,Hantaviroses,510840,Varzea Grande,MT,2015,0
HANTA,Hantaviroses,510840,Varzea Grande,MT,2016,0
HANTA,Hantaviroses,510840,Varzea Grande,MT,2017,0
HANTA,Hantaviroses,510840,Varzea Grande,MT,2018,0
HANTA,Hantaviroses,510840,Varzea Grande,MT,2019,0
HANTA,Hantaviroses,510840,Varzea Grande,MT,2020,0
HANTA,Hantaviroses,510840,Varzea Grande,MT,2021,0
HANTA,Hantaviroses,510840,Varzea Grande,MT,2022,0
HANTA,Hantaviroses,510840,Varzea Grande,MT,2023,0
HANTA,Hantaviroses,510840,Varzea Grande,MT,2024,0
HANTA,Hantaviroses,510840,Varzea Grande,MT,2025,0
HANTA,Hantaviroses,510895,Nova Monte Verde,MT,2007,1
HANTA,Hantaviroses,510895,Nova Monte Verde,MT,2008,0
HANTA,Hantaviroses,510895,Nova Monte Verde,MT,2009,0
HANTA,Hantaviroses,510895,Nova Monte Verde,MT,2010,0
HANTA,Hantaviroses,510895,Nova Monte Verde,MT,2011,0
HANTA,Hantaviroses,510895,Nova Monte Verde,MT,2012,0
HANTA,Hantaviroses,510895,Nova Monte Verde,MT,2013,0
HANTA,Hantaviroses,510895,Nova Monte Verde,MT,2014,0
HANTA,Hantaviroses,510895,Nova Monte Verde,MT,2015,0
HANTA,Hantaviroses,510895,Nova Monte Verde,MT,2016,0
HANTA,Hantaviroses,510895,Nova Monte Verde,MT,2017,0
HANTA,Hantaviroses,510895,Nova Monte Verde,MT,2018,0
HANTA,Hantaviroses,510895,Nova Monte Verde,MT,2019,0
HANTA,Hantaviroses,510895,Nova Monte Verde,MT,2020,0
HANTA,Hantaviroses,510895,Nova Monte Verde,MT,2021,0
HANTA,Hantaviroses,510895,Nova Monte Verde,MT,2022,0
HANTA,Hantaviroses,510895,Nova Monte Verde,MT,2023,0
HANTA,Hantaviroses,510895,Nova Monte Verde,MT,2024,0
HANTA,Hantaviroses,510895,Nova Monte Verde,MT,2025,0
HANTA,Hantaviroses,150060,Altamira,PA,2007,4
HANTA,Hantaviroses,150060,Altamira,PA,2008,2
HANTA,Hantaviroses,150060,Altamira,PA,2009,0
HANTA,Hantaviroses,150060,Altamira,PA,2010,0
HANTA,Hantaviroses,150060,Altamira,PA,2011,0
HANTA,Hantaviroses,150060,Altamira,PA,2012,0
HANTA,Hantaviroses,150060,Altamira,PA,2013,0
HANTA,Hantaviroses,150060,Altamira,PA,2014,0
HANTA,Hantaviroses,150060,Altamira,PA,2015,0
HANTA,Hantaviroses,150060,Altamira,PA,2016,0
HANTA,Hantaviroses,150060,Altamira,PA,2017,0
HANTA,Hantaviroses,150060,Altamira,PA,2018,0
HANTA,Hantaviroses,150060,Altamira,PA,2019,0
HANTA,Hantaviroses,150060,Altamira,PA,2020,0
HANTA,Hantaviroses,150060,Altamira,PA,2021,0
HANTA,Hantaviroses,150060,Altamira,PA,2022,1
HANTA,Hantaviroses,150060,Altamira,PA,2023,0
HANTA,Hantaviroses,150060,Altamira,PA,2024,0
HANTA,Hantaviroses,150060,Altamira,PA,2025,0
HANTA,Hantaviroses,150503,Novo Progresso,PA,2007,1
HANTA,Hantaviroses,150503,Novo Progresso,PA,2008,7
HANTA,Hantaviroses,150503,Novo Progresso,PA,2009,9
HANTA,Hantaviroses,150503,Novo Progresso,PA,2010,1
HANTA,Hantaviroses,150503,Novo Progresso,PA,2011,6
HANTA,Hantaviroses,150503,Novo Progresso,PA,2012,3
HANTA,Hantaviroses,150503,Novo Progresso,PA,2013,4
HANTA,Hantaviroses,150503,Novo Progresso,PA,2014,1
HANTA,Hantaviroses,150503,Novo Progresso,PA,2015,2
HANTA,Hantaviroses,150503,Novo Progresso,PA,2016,5
HANTA,Hantaviroses,150503,Novo Progresso,PA,2017,1
HANTA,Hantaviroses,150503,Novo Progresso,PA,2018,5
HANTA,Hantaviroses,150503,Novo Progresso,PA,2019,0
HANTA,Hantaviroses,150503,Novo Progresso,PA,2020,1
HANTA,Hantaviroses,150503,Novo Progresso,PA,2021,0
HANTA,Hantaviroses,150503,Novo Progresso,PA,2022,0
HANTA,Hantaviroses,150503,Novo Progresso,PA,2023,5
HANTA,Hantaviroses,150503,Novo Progresso,PA,2024,0
HANTA,Hantaviroses,150503,Novo Progresso,PA,2025,1
HANTA,Hantaviroses,150530,Oriximina,PA,2007,0
HANTA,Hantaviroses,150530,Oriximina,PA,2008,0
HANTA,Hantaviroses,150530,Oriximina,PA,2009,0
HANTA,Hantaviroses,150530,Oriximina,PA,2010,0
HANTA,Hantaviroses,150530,Oriximina,PA,2011,0
HANTA,Hantaviroses,150530,Oriximina,PA,2012,0
HANTA,Hantaviroses,150530,Oriximina,PA,2013,0
HANTA,Hantaviroses,150530,Oriximina,PA,2014,0
HANTA,Hantaviroses,150530,Oriximina,PA,2015,0
HANTA,Hantaviroses,150530,Oriximina,PA,2016,0
HANTA,Hantaviroses,150530,Oriximina,PA,2017,0
HANTA,Hantaviroses,150530,Oriximina,PA,2018,0
HANTA,Hantaviroses,150530,Oriximina,PA,2019,0
HANTA,Hantaviroses,150530,Oriximina,PA,2020,0
HANTA,Hantaviroses,150530,Oriximina,PA,2021,0
HANTA,Hantaviroses,150530,Oriximina,PA,2022,0
HANTA,Hantaviroses,150530,Oriximina,PA,2023,0
HANTA,Hantaviroses,150530,Oriximina,PA,2024,1
HANTA,Hantaviroses,150530,Oriximina,PA,2025,0
HANTA,Hantaviroses,150613,Redencao,PA,2007,0
HANTA,Hantaviroses,150613,Redencao,PA,2008,0
HANTA,Hantaviroses,150613,Redencao,PA,2009,0
HANTA,Hantaviroses,150613,Redencao,PA,2010,0
HANTA,Hantaviroses,150613,Redencao,PA,2011,0
HANTA,Hantaviroses,150613,Redencao,PA,2012,1
HANTA,Hantaviroses,150613,Redencao,PA,2013,0
HANTA,Hantaviroses,150613,Redencao,PA,2014,0
HANTA,Hantaviroses,150613,Redencao,PA,2015,0
HANTA,Hantaviroses,150613,Redencao,PA,2016,0
HANTA,Hantaviroses,150613,Redencao,PA,2017,0
HANTA,Hantaviroses,150613,Redencao,PA,2018,0
HANTA,Hantaviroses,150613,Redencao,PA,2019,0
HANTA,Hantaviroses,150613,Redencao,PA,2020,0
HANTA,Hantaviroses,150613,Redencao,PA,2021,0
HANTA,Hantaviroses,150613,Redencao,PA,2022,0
HANTA,Hantaviroses,150613,Redencao,PA,2023,0
HANTA,Hantaviroses,150613,Redencao,PA,2024,0
HANTA,Hantaviroses,150613,Redencao,PA,2025,0
HANTA,Hantaviroses,150680,Santarem,PA,2007,0
HANTA,Hantaviroses,150680,Santarem,PA,2008,3
HANTA,Hantaviroses,150680,Santarem,PA,2009,0
HANTA,Hantaviroses,150680,Santarem,PA,2010,0
HANTA,Hantaviroses,150680,Santarem,PA,2011,3
HANTA,Hantaviroses,150680,Santarem,PA,2012,1
HANTA,Hantaviroses,150680,Santarem,PA,2013,0
HANTA,Hantaviroses,150680,Santarem,PA,2014,0
HANTA,Hantaviroses,150680,Santarem,PA,2015,0
HANTA,Hantaviroses,150680,Santarem,PA,2016,0
HANTA,Hantaviroses,150680,Santarem,PA,2017,0
HANTA,Hantaviroses,150680,Santarem,PA,2018,0
HANTA,Hantaviroses,150680,Santarem,PA,2019,0
HANTA,Hantaviroses,150680,Santarem,PA,2020,0
HANTA,Hantaviroses,150680,Santarem,PA,2021,0
HANTA,Hantaviroses,150680,Santarem,PA,2022,0
HANTA,Hantaviroses,150680,Santarem,PA,2023,0
HANTA,Hantaviroses,150680,Santarem,PA,2024,0
HANTA,Hantaviroses,150680,Santarem,PA,2025,0
HANTA,Hantaviroses,150795,Tailandia,PA,2007,0
HANTA,Hantaviroses,150795,Tailandia,PA,2008,0
HANTA,Hantaviroses,150795,Tailandia,PA,2009,0
HANTA,Hantaviroses,150795,Tailandia,PA,2010,0
HANTA,Hantaviroses,150795,Tailandia,PA,2011,0
HANTA,Hantaviroses,150795,Tailandia,PA,2012,0
HANTA,Hantaviroses,150795,Tailandia,PA,2013,0
HANTA,Hantaviroses,150795,Tailandia,PA,2014,0
HANTA,Hantaviroses,150795,Tailandia,PA,2015,0
HANTA,Hantaviroses,150795,Tailandia,PA,2016,0
HANTA,Hantaviroses,150795,Tailandia,PA,2017,0
HANTA,Hantaviroses,150795,Tailandia,PA,2018,0
HANTA,Hantaviroses,150795,Tailandia,PA,2019,0
HANTA,Hantaviroses,150795,Tailandia,PA,2020,0
HANTA,Hantaviroses,150795,Tailandia,PA,2021,0
HANTA,Hantaviroses,150795,Tailandia,PA,2022,1
HANTA,Hantaviroses,150795,Tailandia,PA,2023,0
HANTA,Hantaviroses,150795,Tailandia,PA,2024,0
HANTA,Hantaviroses,150795,Tailandia,PA,2025,0
HANTA,Hantaviroses,410180,Araucaria,PR,2007,0
HANTA,Hantaviroses,410180,Araucaria,PR,2008,0
HANTA,Hantaviroses,410180,Araucaria,PR,2009,0
HANTA,Hantaviroses,410180,Araucaria,PR,2010,0
HANTA,Hantaviroses,410180,Araucaria,PR,2011,0
HANTA,Hantaviroses,410180,Araucaria,PR,2012,0
HANTA,Hantaviroses,410180,Araucaria,PR,2013,0
HANTA,Hantaviroses,410180,Araucaria,PR,2014,0
HANTA,Hantaviroses,410180,Araucaria,PR,2015,0
HANTA,Hantaviroses,410180,Araucaria,PR,2016,0
HANTA,Hantaviroses,410180,Araucaria,PR,2017,0
HANTA,Hantaviroses,410180,Araucaria,PR,2018,1
HANTA,Hantaviroses,410180,Araucaria,PR,2019,1
HANTA,Hantaviroses,410180,Araucaria,PR,2020,0
HANTA,Hantaviroses,410180,Araucaria,PR,2021,0
HANTA,Hantaviroses,410180,Araucaria,PR,2022,0
HANTA,Hantaviroses,410180,Araucaria,PR,2023,0
HANTA,Hantaviroses,410180,Araucaria,PR,2024,0
HANTA,Hantaviroses,410180,Araucaria,PR,2025,0
HANTA,Hantaviroses,410260,Barracao,PR,2007,0
HANTA,Hantaviroses,410260,Barracao,PR,2008,0
HANTA,Hantaviroses,410260,Barracao,PR,2009,0
HANTA,Hantaviroses,410260,Barracao,PR,2010,0
HANTA,Hantaviroses,410260,Barracao,PR,2011,0
HANTA,Hantaviroses,410260,Barracao,PR,2012,0
HANTA,Hantaviroses,410260,Barracao,PR,2013,0
HANTA,Hantaviroses,410260,Barracao,PR,2014,0
HANTA,Hantaviroses,410260,Barracao,PR,2015,1
HANTA,Hantaviroses,410260,Barracao,PR,2016,0
HANTA,Hantaviroses,410260,Barracao,PR,2017,0
HANTA,Hantaviroses,410260,Barracao,PR,2018,0
HANTA,Hantaviroses,410260,Barracao,PR,2019,0
HANTA,Hantaviroses,410260,Barracao,PR,2020,0
HANTA,Hantaviroses,410260,Barracao,PR,2021,0
HANTA,Hantaviroses,410260,Barracao,PR,2022,0
HANTA,Hantaviroses,410260,Barracao,PR,2023,0
HANTA,Hantaviroses,410260,Barracao,PR,2024,0
HANTA,Hantaviroses,410260,Barracao,PR,2025,0
HANTA,Hantaviroses,410290,Bituruna,PR,2007,0
HANTA,Hantaviroses,410290,Bituruna,PR,2008,0
HANTA,Hantaviroses,410290,Bituruna,PR,2009,1
HANTA,Hantaviroses,410290,Bituruna,PR,2010,3
HANTA,Hantaviroses,410290,Bituruna,PR,2011,0
HANTA,Hantaviroses,410290,Bituruna,PR,2012,0
HANTA,Hantaviroses,410290,Bituruna,PR,2013,9
HANTA,Hantaviroses,410290,Bituruna,PR,2014,0
HANTA,Hantaviroses,410290,Bituruna,PR,2015,5
HANTA,Hantaviroses,410290,Bituruna,PR,2016,0
HANTA,Hantaviroses,410290,Bituruna,PR,2017,1
HANTA,Hantaviroses,410290,Bituruna,PR,2018,1
HANTA,Hantaviroses,410290,Bituruna,PR,2019,0
HANTA,Hantaviroses,410290,Bituruna,PR,2020,0
HANTA,Hantaviroses,410290,Bituruna,PR,2021,0
HANTA,Hantaviroses,410290,Bituruna,PR,2022,0
HANTA,Hantaviroses,410290,Bituruna,PR,2023,0
HANTA,Hantaviroses,410290,Bituruna,PR,2024,0
HANTA,Hantaviroses,410290,Bituruna,PR,2025,0
HANTA,Hantaviroses,410395,Campina do Simao,PR,2007,0
HANTA,Hantaviroses,410395,Campina do Simao,PR,2008,0
HANTA,Hantaviroses,410395,Campina do Simao,PR,2009,0
HANTA,Hantaviroses,410395,Campina do Simao,PR,2010,0
HANTA,Hantaviroses,410395,Campina do Simao,PR,2011,0
HANTA,Hantaviroses,410395,Campina do Simao,PR,2012,1
HANTA,Hantaviroses,410395,Campina do Simao,PR,2013,0
HANTA,Hantaviroses,410395,Campina do Simao,PR,2014,0
HANTA,Hantaviroses,410395,Campina do Simao,PR,2015,0
HANTA,Hantaviroses,410395,Campina do Simao,PR,2016,0
HANTA,Hantaviroses,410395,Campina do Simao,PR,2017,0
HANTA,Hantaviroses,410395,Campina do Simao,PR,2018,0
HANTA,Hantaviroses,410395,Campina do Simao,PR,2019,0
HANTA,Hantaviroses,410395,Campina do Simao,PR,2020,0
HANTA,Hantaviroses,410395,Campina do Simao,PR,2021,0
HANTA,Hantaviroses,410395,Campina do Simao,PR,2022,0
HANTA,Hantaviroses,410395,Campina do Simao,PR,2023,0
HANTA,Hantaviroses,410395,Campina do Simao,PR,2024,0
HANTA,Hantaviroses,410395,Campina do Simao,PR,2025,0
HANTA,Hantaviroses,410400,Campina Grande do Sul,PR,2007,0
HANTA,Hantaviroses,410400,Campina Grande do Sul,PR,2008,0
HANTA,Hantaviroses,410400,Campina Grande do Sul,PR,2009,0
HANTA,Hantaviroses,410400,Campina Grande do Sul,PR,2010,2
HANTA,Hantaviroses,410400,Campina Grande do Sul,PR,2011,1
HANTA,Hantaviroses,410400,Campina Grande do Sul,PR,2012,0
HANTA,Hantaviroses,410400,Campina Grande do Sul,PR,2013,0
HANTA,Hantaviroses,410400,Campina Grande do Sul,PR,2014,0
HANTA,Hantaviroses,410400,Campina Grande do Sul,PR,2015,0
HANTA,Hantaviroses,410400,Campina Grande do Sul,PR,2016,0
HANTA,Hantaviroses,410400,Campina Grande do Sul,PR,2017,1
HANTA,Hantaviroses,410400,Campina Grande do Sul,PR,2018,1
HANTA,Hantaviroses,410400,Campina Grande do Sul,PR,2019,0
HANTA,Hantaviroses,410400,Campina Grande do Sul,PR,2020,0
HANTA,Hantaviroses,410400,Campina Grande do Sul,PR,2021,0
HANTA,Hantaviroses,410400,Campina Grande do Sul,PR,2022,0
HANTA,Hantaviroses,410400,Campina Grande do Sul,PR,2023,0
HANTA,Hantaviroses,410400,Campina Grande do Sul,PR,2024,0
HANTA,Hantaviroses,410400,Campina Grande do Sul,PR,2025,0
HANTA,Hantaviroses,410420,Campo Largo,PR,2007,0
HANTA,Hantaviroses,410420,Campo Largo,PR,2008,0
HANTA,Hantaviroses,410420,Campo Largo,PR,2009,0
HANTA,Hantaviroses,410420,Campo Largo,PR,2010,0
HANTA,Hantaviroses,410420,Campo Largo,PR,2011,0
HANTA,Hantaviroses,410420,Campo Largo,PR,2012,0
HANTA,Hantaviroses,410420,Campo Largo,PR,2013,0
HANTA,Hantaviroses,410420,Campo Largo,PR,2014,0
HANTA,Hantaviroses,410420,Campo Largo,PR,2015,0
HANTA,Hantaviroses,410420,Campo Largo,PR,2016,1
HANTA,Hantaviroses,410420,Campo Largo,PR,2017,1
HANTA,Hantaviroses,410420,Campo Largo,PR,2018,0
HANTA,Hantaviroses,410420,Campo Largo,PR,2019,0
HANTA,Hantaviroses,410420,Campo Largo,PR,2020,0
HANTA,Hantaviroses,410420,Campo Largo,PR,2021,0
HANTA,Hantaviroses,410420,Campo Largo,PR,2022,1
HANTA,Hantaviroses,410420,Campo Largo,PR,2023,1
HANTA,Hantaviroses,410420,Campo Largo,PR,2024,0
HANTA,Hantaviroses,410420,Campo Largo,PR,2025,0
HANTA,Hantaviroses,410425,Campo Magro,PR,2007,0
HANTA,Hantaviroses,410425,Campo Magro,PR,2008,0
HANTA,Hantaviroses,410425,Campo Magro,PR,2009,0
HANTA,Hantaviroses,410425,Campo Magro,PR,2010,0
HANTA,Hantaviroses,410425,Campo Magro,PR,2011,0
HANTA,Hantaviroses,410425,Campo Magro,PR,2012,0
HANTA,Hantaviroses,410425,Campo Magro,PR,2013,0
HANTA,Hantaviroses,410425,Campo Magro,PR,2014,0
HANTA,Hantaviroses,410425,Campo Magro,PR,2015,0
HANTA,Hantaviroses,410425,Campo Magro,PR,2016,0
HANTA,Hantaviroses,410425,Campo Magro,PR,2017,0
HANTA,Hantaviroses,410425,Campo Magro,PR,2018,1
HANTA,Hantaviroses,410425,Campo Magro,PR,2019,0
HANTA,Hantaviroses,410425,Campo Magro,PR,2020,0
HANTA,Hantaviroses,410425,Campo Magro,PR,2021,0
HANTA,Hantaviroses,410425,Campo Magro,PR,2022,0
HANTA,Hantaviroses,410425,Campo Magro,PR,2023,0
HANTA,Hantaviroses,410425,Campo Magro,PR,2024,0
HANTA,Hantaviroses,410425,Campo Magro,PR,2025,0
HANTA,Hantaviroses,410480,Cascavel,PR,2007,1
HANTA,Hantaviroses,410480,Cascavel,PR,2008,0
HANTA,Hantaviroses,410480,Cascavel,PR,2009,0
HANTA,Hantaviroses,410480,Cascavel,PR,2010,0
HANTA,Hantaviroses,410480,Cascavel,PR,2011,0
HANTA,Hantaviroses,410480,Cascavel,PR,2012,1
HANTA,Hantaviroses,410480,Cascavel,PR,2013,0
HANTA,Hantaviroses,410480,Cascavel,PR,2014,1
HANTA,Hantaviroses,410480,Cascavel,PR,2015,0
HANTA,Hantaviroses,410480,Cascavel,PR,2016,0
HANTA,Hantaviroses,410480,Cascavel,PR,2017,0
HANTA,Hantaviroses,410480,Cascavel,PR,2018,0
HANTA,Hantaviroses,410480,Cascavel,PR,2019,0
HANTA,Hantaviroses,410480,Cascavel,PR,2020,0
HANTA,Hantaviroses,410480,Cascavel,PR,2021,0
HANTA,Hantaviroses,410480,Cascavel,PR,2022,0
HANTA,Hantaviroses,410480,Cascavel,PR,2023,0
HANTA,Hantaviroses,410480,Cascavel,PR,2024,0
HANTA,Hantaviroses,410480,Cascavel,PR,2025,0
HANTA,Hantaviroses,410645,Coronel Domingos Soares,PR,2007,0
HANTA,Hantaviroses,410645,Coronel Domingos Soares,PR,2008,0
HANTA,Hantaviroses,410645,Coronel Domingos Soares,PR,2009,0
HANTA,Hantaviroses,410645,Coronel Domingos Soares,PR,2010,0
HANTA,Hantaviroses,410645,Coronel Domingos Soares,PR,2011,0
HANTA,Hantaviroses,410645,Coronel Domingos Soares,PR,2012,0
HANTA,Hantaviroses,410645,Coronel Domingos Soares,PR,2013,0
HANTA,Hantaviroses,410645,Coronel Domingos Soares,PR,2014,0
HANTA,Hantaviroses,410645,Coronel Domingos Soares,PR,2015,1
HANTA,Hantaviroses,410645,Coronel Domingos Soares,PR,2016,0
HANTA,Hantaviroses,410645,Coronel Domingos Soares,PR,2017,0
HANTA,Hantaviroses,410645,Coronel Domingos Soares,PR,2018,1
HANTA,Hantaviroses,410645,Coronel Domingos Soares,PR,2019,0
HANTA,Hantaviroses,410645,Coronel Domingos Soares,PR,2020,0
HANTA,Hantaviroses,410645,Coronel Domingos Soares,PR,2021,0
HANTA,Hantaviroses,410645,Coronel Domingos Soares,PR,2022,0
HANTA,Hantaviroses,410645,Coronel Domingos Soares,PR,2023,0
HANTA,Hantaviroses,410645,Coronel Domingos Soares,PR,2024,0
HANTA,Hantaviroses,410645,Coronel Domingos Soares,PR,2025,0
HANTA,Hantaviroses,410680,Cruz Machado,PR,2007,2
HANTA,Hantaviroses,410680,Cruz Machado,PR,2008,0
HANTA,Hantaviroses,410680,Cruz Machado,PR,2009,3
HANTA,Hantaviroses,410680,Cruz Machado,PR,2010,0
HANTA,Hantaviroses,410680,Cruz Machado,PR,2011,0
HANTA,Hantaviroses,410680,Cruz Machado,PR,2012,0
HANTA,Hantaviroses,410680,Cruz Machado,PR,2013,1
HANTA,Hantaviroses,410680,Cruz Machado,PR,2014,0
HANTA,Hantaviroses,410680,Cruz Machado,PR,2015,0
HANTA,Hantaviroses,410680,Cruz Machado,PR,2016,1
HANTA,Hantaviroses,410680,Cruz Machado,PR,2017,2
HANTA,Hantaviroses,410680,Cruz Machado,PR,2018,1
HANTA,Hantaviroses,410680,Cruz Machado,PR,2019,1
HANTA,Hantaviroses,410680,Cruz Machado,PR,2020,0
HANTA,Hantaviroses,410680,Cruz Machado,PR,2021,2
HANTA,Hantaviroses,410680,Cruz Machado,PR,2022,4
HANTA,Hantaviroses,410680,Cruz Machado,PR,2023,3
HANTA,Hantaviroses,410680,Cruz Machado,PR,2024,1
HANTA,Hantaviroses,410680,Cruz Machado,PR,2025,1
HANTA,Hantaviroses,410690,Curitiba,PR,2007,0
HANTA,Hantaviroses,410690,Curitiba,PR,2008,1
HANTA,Hantaviroses,410690,Curitiba,PR,2009,0
HANTA,Hantaviroses,410690,Curitiba,PR,2010,0
HANTA,Hantaviroses,410690,Curitiba,PR,2011,0
HANTA,Hantaviroses,410690,Curitiba,PR,2012,0
HANTA,Hantaviroses,410690,Curitiba,PR,2013,1
HANTA,Hantaviroses,410690,Curitiba,PR,2014,0
HANTA,Hantaviroses,410690,Curitiba,PR,2015,0
HANTA,Hantaviroses,410690,Curitiba,PR,2016,0
HANTA,Hantaviroses,410690,Curitiba,PR,2017,0
HANTA,Hantaviroses,410690,Curitiba,PR,2018,0
HANTA,Hantaviroses,410690,Curitiba,PR,2019,0
HANTA,Hantaviroses,410690,Curitiba,PR,2020,0
HANTA,Hantaviroses,410690,Curitiba,PR,2021,2
HANTA,Hantaviroses,410690,Curitiba,PR,2022,1
HANTA,Hantaviroses,410690,Curitiba,PR,2023,0
HANTA,Hantaviroses,410690,Curitiba,PR,2024,0
HANTA,Hantaviroses,410690,Curitiba,PR,2025,0
HANTA,Hantaviroses,410850,General Carneiro,PR,2007,0
HANTA,Hantaviroses,410850,General Carneiro,PR,2008,0
HANTA,Hantaviroses,410850,General Carneiro,PR,2009,0
HANTA,Hantaviroses,410850,General Carneiro,PR,2010,0
HANTA,Hantaviroses,410850,General Carneiro,PR,2011,0
HANTA,Hantaviroses,410850,General Carneiro,PR,2012,0
HANTA,Hantaviroses,410850,General Carneiro,PR,2013,0
HANTA,Hantaviroses,410850,General Carneiro,PR,2014,1
HANTA,Hantaviroses,410850,General Carneiro,PR,2015,2
HANTA,Hantaviroses,410850,General Carneiro,PR,2016,0
HANTA,Hantaviroses,410850,General Carneiro,PR,2017,0
HANTA,Hantaviroses,410850,General Carneiro,PR,2018,0
HANTA,Hantaviroses,410850,General Carneiro,PR,2019,0
HANTA,Hantaviroses,410850,General Carneiro,PR,2020,0
HANTA,Hantaviroses,410850,General Carneiro,PR,2021,0
HANTA,Hantaviroses,410850,General Carneiro,PR,2022,0
HANTA,Hantaviroses,410850,General Carneiro,PR,2023,0
HANTA,Hantaviroses,410850,General Carneiro,PR,2024,0
HANTA,Hantaviroses,410850,General Carneiro,PR,2025,0
HANTA,Hantaviroses,410930,Guaraniacu,PR,2007,0
HANTA,Hantaviroses,410930,Guaraniacu,PR,2008,0
HANTA,Hantaviroses,410930,Guaraniacu,PR,2009,0
HANTA,Hantaviroses,410930,Guaraniacu,PR,2010,0
HANTA,Hantaviroses,410930,Guaraniacu,PR,2011,0
HANTA,Hantaviroses,410930,Guaraniacu,PR,2012,2
HANTA,Hantaviroses,410930,Guaraniacu,PR,2013,0
HANTA,Hantaviroses,410930,Guaraniacu,PR,2014,0
HANTA,Hantaviroses,410930,Guaraniacu,PR,2015,0
HANTA,Hantaviroses,410930,Guaraniacu,PR,2016,0
HANTA,Hantaviroses,410930,Guaraniacu,PR,2017,0
HANTA,Hantaviroses,410930,Guaraniacu,PR,2018,0
HANTA,Hantaviroses,410930,Guaraniacu,PR,2019,0
HANTA,Hantaviroses,410930,Guaraniacu,PR,2020,0
HANTA,Hantaviroses,410930,Guaraniacu,PR,2021,0
HANTA,Hantaviroses,410930,Guaraniacu,PR,2022,0
HANTA,Hantaviroses,410930,Guaraniacu,PR,2023,0
HANTA,Hantaviroses,410930,Guaraniacu,PR,2024,0
HANTA,Hantaviroses,410930,Guaraniacu,PR,2025,0
HANTA,Hantaviroses,410940,Guarapuava,PR,2007,0
HANTA,Hantaviroses,410940,Guarapuava,PR,2008,1
HANTA,Hantaviroses,410940,Guarapuava,PR,2009,0
HANTA,Hantaviroses,410940,Guarapuava,PR,2010,1
HANTA,Hantaviroses,410940,Guarapuava,PR,2011,0
HANTA,Hantaviroses,410940,Guarapuava,PR,2012,0
HANTA,Hantaviroses,410940,Guarapuava,PR,2013,0
HANTA,Hantaviroses,410940,Guarapuava,PR,2014,1
HANTA,Hantaviroses,410940,Guarapuava,PR,2015,1
HANTA,Hantaviroses,410940,Guarapuava,PR,2016,0
HANTA,Hantaviroses,410940,Guarapuava,PR,2017,0
HANTA,Hantaviroses,410940,Guarapuava,PR,2018,0
HANTA,Hantaviroses,410940,Guarapuava,PR,2019,0
HANTA,Hantaviroses,410940,Guarapuava,PR,2020,0
HANTA,Hantaviroses,410940,Guarapuava,PR,2021,0
HANTA,Hantaviroses,410940,Guarapuava,PR,2022,2
HANTA,Hantaviroses,410940,Guarapuava,PR,2023,0
HANTA,Hantaviroses,410940,Guarapuava,PR,2024,0
HANTA,Hantaviroses,410940,Guarapuava,PR,2025,0
HANTA,Hantaviroses,411020,Inacio Martins,PR,2007,0
HANTA,Hantaviroses,411020,Inacio Martins,PR,2008,2
HANTA,Hantaviroses,411020,Inacio Martins,PR,2009,0
HANTA,Hantaviroses,411020,Inacio Martins,PR,2010,2
HANTA,Hantaviroses,411020,Inacio Martins,PR,2011,0
HANTA,Hantaviroses,411020,Inacio Martins,PR,2012,2
HANTA,Hantaviroses,411020,Inacio Martins,PR,2013,0
HANTA,Hantaviroses,411020,Inacio Martins,PR,2014,0
HANTA,Hantaviroses,411020,Inacio Martins,PR,2015,0
HANTA,Hantaviroses,411020,Inacio Martins,PR,2016,1
HANTA,Hantaviroses,411020,Inacio Martins,PR,2017,0
HANTA,Hantaviroses,411020,Inacio Martins,PR,2018,2
HANTA,Hantaviroses,411020,Inacio Martins,PR,2019,0
HANTA,Hantaviroses,411020,Inacio Martins,PR,2020,0
HANTA,Hantaviroses,411020,Inacio Martins,PR,2021,0
HANTA,Hantaviroses,411020,Inacio Martins,PR,2022,0
HANTA,Hantaviroses,411020,Inacio Martins,PR,2023,0
HANTA,Hantaviroses,411020,Inacio Martins,PR,2024,0
HANTA,Hantaviroses,411020,Inacio Martins,PR,2025,0
HANTA,Hantaviroses,411070,Irati,PR,2007,0
HANTA,Hantaviroses,411070,Irati,PR,2008,0
HANTA,Hantaviroses,411070,Irati,PR,2009,2
HANTA,Hantaviroses,411070,Irati,PR,2010,0
HANTA,Hantaviroses,411070,Irati,PR,2011,2
HANTA,Hantaviroses,411070,Irati,PR,2012,1
HANTA,Hantaviroses,411070,Irati,PR,2013,1
HANTA,Hantaviroses,411070,Irati,PR,2014,1
HANTA,Hantaviroses,411070,Irati,PR,2015,1
HANTA,Hantaviroses,411070,Irati,PR,2016,0
HANTA,Hantaviroses,411070,Irati,PR,2017,0
HANTA,Hantaviroses,411070,Irati,PR,2018,1
HANTA,Hantaviroses,411070,Irati,PR,2019,0
HANTA,Hantaviroses,411070,Irati,PR,2020,0
HANTA,Hantaviroses,411070,Irati,PR,2021,0
HANTA,Hantaviroses,411070,Irati,PR,2022,1
HANTA,Hantaviroses,411070,Irati,PR,2023,2
HANTA,Hantaviroses,411070,Irati,PR,2024,1
HANTA,Hantaviroses,411070,Irati,PR,2025,0
HANTA,Hantaviroses,411330,Laranjeiras do Sul,PR,2007,0
HANTA,Hantaviroses,411330,Laranjeiras do Sul,PR,2008,0
HANTA,Hantaviroses,411330,Laranjeiras do Sul,PR,2009,0
HANTA,Hantaviroses,411330,Laranjeiras do Sul,PR,2010,2
HANTA,Hantaviroses,411330,Laranjeiras do Sul,PR,2011,0
HANTA,Hantaviroses,411330,Laranjeiras do Sul,PR,2012,0
HANTA,Hantaviroses,411330,Laranjeiras do Sul,PR,2013,0
HANTA,Hantaviroses,411330,Laranjeiras do Sul,PR,2014,0
HANTA,Hantaviroses,411330,Laranjeiras do Sul,PR,2015,0
HANTA,Hantaviroses,411330,Laranjeiras do Sul,PR,2016,0
HANTA,Hantaviroses,411330,Laranjeiras do Sul,PR,2017,0
HANTA,Hantaviroses,411330,Laranjeiras do Sul,PR,2018,0
HANTA,Hantaviroses,411330,Laranjeiras do Sul,PR,2019,0
HANTA,Hantaviroses,411330,Laranjeiras do Sul,PR,2020,0
HANTA,Hantaviroses,411330,Laranjeiras do Sul,PR,2021,0
HANTA,Hantaviroses,411330,Laranjeiras do Sul,PR,2022,0
HANTA,Hantaviroses,411330,Laranjeiras do Sul,PR,2023,0
HANTA,Hantaviroses,411330,Laranjeiras do Sul,PR,2024,0
HANTA,Hantaviroses,411330,Laranjeiras do Sul,PR,2025,0
HANTA,Hantaviroses,411342,Lidianopolis,PR,2007,0
HANTA,Hantaviroses,411342,Lidianopolis,PR,2008,0
HANTA,Hantaviroses,411342,Lidianopolis,PR,2009,0
HANTA,Hantaviroses,411342,Lidianopolis,PR,2010,0
HANTA,Hantaviroses,411342,Lidianopolis,PR,2011,0
HANTA,Hantaviroses,411342,Lidianopolis,PR,2012,0
HANTA,Hantaviroses,411342,Lidianopolis,PR,2013,0
HANTA,Hantaviroses,411342,Lidianopolis,PR,2014,0
HANTA,Hantaviroses,411342,Lidianopolis,PR,2015,0
HANTA,Hantaviroses,411342,Lidianopolis,PR,2016,0
HANTA,Hantaviroses,411342,Lidianopolis,PR,2017,0
HANTA,Hantaviroses,411342,Lidianopolis,PR,2018,0
HANTA,Hantaviroses,411342,Lidianopolis,PR,2019,0
HANTA,Hantaviroses,411342,Lidianopolis,PR,2020,1
HANTA,Hantaviroses,411342,Lidianopolis,PR,2021,0
HANTA,Hantaviroses,411342,Lidianopolis,PR,2022,0
HANTA,Hantaviroses,411342,Lidianopolis,PR,2023,0
HANTA,Hantaviroses,411342,Lidianopolis,PR,2024,0
HANTA,Hantaviroses,411342,Lidianopolis,PR,2025,0
HANTA,Hantaviroses,411370,Londrina,PR,2007,0
HANTA,Hantaviroses,411370,Londrina,PR,2008,0
HANTA,Hantaviroses,411370,Londrina,PR,2009,0
HANTA,Hantaviroses,411370,Londrina,PR,2010,0
HANTA,Hantaviroses,411370,Londrina,PR,2011,0
HANTA,Hantaviroses,411370,Londrina,PR,2012,1
HANTA,Hantaviroses,411370,Londrina,PR,2013,0
HANTA,Hantaviroses,411370,Londrina,PR,2014,0
HANTA,Hantaviroses,411370,Londrina,PR,2015,0
HANTA,Hantaviroses,411370,Londrina,PR,2016,0
HANTA,Hantaviroses,411370,Londrina,PR,2017,0
HANTA,Hantaviroses,411370,Londrina,PR,2018,0
HANTA,Hantaviroses,411370,Londrina,PR,2019,0
HANTA,Hantaviroses,411370,Londrina,PR,2020,0
HANTA,Hantaviroses,411370,Londrina,PR,2021,0
HANTA,Hantaviroses,411370,Londrina,PR,2022,0
HANTA,Hantaviroses,411370,Londrina,PR,2023,0
HANTA,Hantaviroses,411370,Londrina,PR,2024,0
HANTA,Hantaviroses,411370,Londrina,PR,2025,0
HANTA,Hantaviroses,411390,Mallet,PR,2007,0
HANTA,Hantaviroses,411390,Mallet,PR,2008,1
HANTA,Hantaviroses,411390,Mallet,PR,2009,0
HANTA,Hantaviroses,411390,Mallet,PR,2010,0
HANTA,Hantaviroses,411390,Mallet,PR,2011,0
HANTA,Hantaviroses,411390,Mallet,PR,2012,0
HANTA,Hantaviroses,411390,Mallet,PR,2013,0
HANTA,Hantaviroses,411390,Mallet,PR,2014,0
HANTA,Hantaviroses,411390,Mallet,PR,2015,0
HANTA,Hantaviroses,411390,Mallet,PR,2016,0
HANTA,Hantaviroses,411390,Mallet,PR,2017,0
HANTA,Hantaviroses,411390,Mallet,PR,2018,1
HANTA,Hantaviroses,411390,Mallet,PR,2019,0
HANTA,Hantaviroses,411390,Mallet,PR,2020,0
HANTA,Hantaviroses,411390,Mallet,PR,2021,0
HANTA,Hantaviroses,411390,Mallet,PR,2022,0
HANTA,Hantaviroses,411390,Mallet,PR,2023,0
HANTA,Hantaviroses,411390,Mallet,PR,2024,0
HANTA,Hantaviroses,411390,Mallet,PR,2025,0
HANTA,Hantaviroses,411440,Mangueirinha,PR,2007,0
HANTA,Hantaviroses,411440,Mangueirinha,PR,2008,0
HANTA,Hantaviroses,411440,Mangueirinha,PR,2009,0
HANTA,Hantaviroses,411440,Mangueirinha,PR,2010,0
HANTA,Hantaviroses,411440,Mangueirinha,PR,2011,0
HANTA,Hantaviroses,411440,Mangueirinha,PR,2012,0
HANTA,Hantaviroses,411440,Mangueirinha,PR,2013,0
HANTA,Hantaviroses,411440,Mangueirinha,PR,2014,1
HANTA,Hantaviroses,411440,Mangueirinha,PR,2015,0
HANTA,Hantaviroses,411440,Mangueirinha,PR,2016,0
HANTA,Hantaviroses,411440,Mangueirinha,PR,2017,0
HANTA,Hantaviroses,411440,Mangueirinha,PR,2018,0
HANTA,Hantaviroses,411440,Mangueirinha,PR,2019,0
HANTA,Hantaviroses,411440,Mangueirinha,PR,2020,0
HANTA,Hantaviroses,411440,Mangueirinha,PR,2021,0
HANTA,Hantaviroses,411440,Mangueirinha,PR,2022,0
HANTA,Hantaviroses,411440,Mangueirinha,PR,2023,0
HANTA,Hantaviroses,411440,Mangueirinha,PR,2024,0
HANTA,Hantaviroses,411440,Mangueirinha,PR,2025,0
HANTA,Hantaviroses,411760,Palmas,PR,2007,0
HANTA,Hantaviroses,411760,Palmas,PR,2008,0
HANTA,Hantaviroses,411760,Palmas,PR,2009,0
HANTA,Hantaviroses,411760,Palmas,PR,2010,0
HANTA,Hantaviroses,411760,Palmas,PR,2011,1
HANTA,Hantaviroses,411760,Palmas,PR,2012,0
HANTA,Hantaviroses,411760,Palmas,PR,2013,0
HANTA,Hantaviroses,411760,Palmas,PR,2014,0
HANTA,Hantaviroses,411760,Palmas,PR,2015,1
HANTA,Hantaviroses,411760,Palmas,PR,2016,0
HANTA,Hantaviroses,411760,Palmas,PR,2017,0
HANTA,Hantaviroses,411760,Palmas,PR,2018,0
HANTA,Hantaviroses,411760,Palmas,PR,2019,1
HANTA,Hantaviroses,411760,Palmas,PR,2020,0
HANTA,Hantaviroses,411760,Palmas,PR,2021,0
HANTA,Hantaviroses,411760,Palmas,PR,2022,0
HANTA,Hantaviroses,411760,Palmas,PR,2023,0
HANTA,Hantaviroses,411760,Palmas,PR,2024,0
HANTA,Hantaviroses,411760,Palmas,PR,2025,0
HANTA,Hantaviroses,411780,Palmital,PR,2007,0
HANTA,Hantaviroses,411780,Palmital,PR,2008,0
HANTA,Hantaviroses,411780,Palmital,PR,2009,0
HANTA,Hantaviroses,411780,Palmital,PR,2010,0
HANTA,Hantaviroses,411780,Palmital,PR,2011,1
HANTA,Hantaviroses,411780,Palmital,PR,2012,0
HANTA,Hantaviroses,411780,Palmital,PR,2013,0
HANTA,Hantaviroses,411780,Palmital,PR,2014,0
HANTA,Hantaviroses,411780,Palmital,PR,2015,0
HANTA,Hantaviroses,411780,Palmital,PR,2016,0
HANTA,Hantaviroses,411780,Palmital,PR,2017,0
HANTA,Hantaviroses,411780,Palmital,PR,2018,0
HANTA,Hantaviroses,411780,Palmital,PR,2019,0
HANTA,Hantaviroses,411780,Palmital,PR,2020,0
HANTA,Hantaviroses,411780,Palmital,PR,2021,0
HANTA,Hantaviroses,411780,Palmital,PR,2022,0
HANTA,Hantaviroses,411780,Palmital,PR,2023,0
HANTA,Hantaviroses,411780,Palmital,PR,2024,0
HANTA,Hantaviroses,411780,Palmital,PR,2025,0
HANTA,Hantaviroses,411820,Paranagua,PR,2007,1
HANTA,Hantaviroses,411820,Paranagua,PR,2008,0
HANTA,Hantaviroses,411820,Paranagua,PR,2009,0
HANTA,Hantaviroses,411820,Paranagua,PR,2010,0
HANTA,Hantaviroses,411820,Paranagua,PR,2011,0
HANTA,Hantaviroses,411820,Paranagua,PR,2012,0
HANTA,Hantaviroses,411820,Paranagua,PR,2013,0
HANTA,Hantaviroses,411820,Paranagua,PR,2014,0
HANTA,Hantaviroses,411820,Paranagua,PR,2015,0
HANTA,Hantaviroses,411820,Paranagua,PR,2016,0
HANTA,Hantaviroses,411820,Paranagua,PR,2017,0
HANTA,Hantaviroses,411820,Paranagua,PR,2018,0
HANTA,Hantaviroses,411820,Paranagua,PR,2019,0
HANTA,Hantaviroses,411820,Paranagua,PR,2020,0
HANTA,Hantaviroses,411820,Paranagua,PR,2021,0
HANTA,Hantaviroses,411820,Paranagua,PR,2022,0
HANTA,Hantaviroses,411820,Paranagua,PR,2023,0
HANTA,Hantaviroses,411820,Paranagua,PR,2024,0
HANTA,Hantaviroses,411820,Paranagua,PR,2025,0
HANTA,Hantaviroses,411850,Pato Branco,PR,2007,0
HANTA,Hantaviroses,411850,Pato Branco,PR,2008,0
HANTA,Hantaviroses,411850,Pato Branco,PR,2009,0
HANTA,Hantaviroses,411850,Pato Branco,PR,2010,1
HANTA,Hantaviroses,411850,Pato Branco,PR,2011,1
HANTA,Hantaviroses,411850,Pato Branco,PR,2012,1
HANTA,Hantaviroses,411850,Pato Branco,PR,2013,1
HANTA,Hantaviroses,411850,Pato Branco,PR,2014,1
HANTA,Hantaviroses,411850,Pato Branco,PR,2015,0
HANTA,Hantaviroses,411850,Pato Branco,PR,2016,0
HANTA,Hantaviroses,411850,Pato Branco,PR,2017,0
HANTA,Hantaviroses,411850,Pato Branco,PR,2018,0
HANTA,Hantaviroses,411850,Pato Branco,PR,2019,0
HANTA,Hantaviroses,411850,Pato Branco,PR,2020,0
HANTA,Hantaviroses,411850,Pato Branco,PR,2021,0
HANTA,Hantaviroses,411850,Pato Branco,PR,2022,1
HANTA,Hantaviroses,411850,Pato Branco,PR,2023,0
HANTA,Hantaviroses,411850,Pato Branco,PR,2024,0
HANTA,Hantaviroses,411850,Pato Branco,PR,2025,0
HANTA,Hantaviroses,411870,Paulo Frontin,PR,2007,0
HANTA,Hantaviroses,411870,Paulo Frontin,PR,2008,0
HANTA,Hantaviroses,411870,Paulo Frontin,PR,2009,0
HANTA,Hantaviroses,411870,Paulo Frontin,PR,2010,0
HANTA,Hantaviroses,411870,Paulo Frontin,PR,2011,1
HANTA,Hantaviroses,411870,Paulo Frontin,PR,2012,0
HANTA,Hantaviroses,411870,Paulo Frontin,PR,2013,0
HANTA,Hantaviroses,411870,Paulo Frontin,PR,2014,0
HANTA,Hantaviroses,411870,Paulo Frontin,PR,2015,0
HANTA,Hantaviroses,411870,Paulo Frontin,PR,2016,0
HANTA,Hantaviroses,411870,Paulo Frontin,PR,2017,0
HANTA,Hantaviroses,411870,Paulo Frontin,PR,2018,0
HANTA,Hantaviroses,411870,Paulo Frontin,PR,2019,0
HANTA,Hantaviroses,411870,Paulo Frontin,PR,2020,0
HANTA,Hantaviroses,411870,Paulo Frontin,PR,2021,0
HANTA,Hantaviroses,411870,Paulo Frontin,PR,2022,0
HANTA,Hantaviroses,411870,Paulo Frontin,PR,2023,0
HANTA,Hantaviroses,411870,Paulo Frontin,PR,2024,0
HANTA,Hantaviroses,411870,Paulo Frontin,PR,2025,0
HANTA,Hantaviroses,411930,Pinhao,PR,2007,0
HANTA,Hantaviroses,411930,Pinhao,PR,2008,0
HANTA,Hantaviroses,411930,Pinhao,PR,2009,0
HANTA,Hantaviroses,411930,Pinhao,PR,2010,0
HANTA,Hantaviroses,411930,Pinhao,PR,2011,0
HANTA,Hantaviroses,411930,Pinhao,PR,2012,0
HANTA,Hantaviroses,411930,Pinhao,PR,2013,0
HANTA,Hantaviroses,411930,Pinhao,PR,2014,0
HANTA,Hantaviroses,411930,Pinhao,PR,2015,0
HANTA,Hantaviroses,411930,Pinhao,PR,2016,1
HANTA,Hantaviroses,411930,Pinhao,PR,2017,0
HANTA,Hantaviroses,411930,Pinhao,PR,2018,0
HANTA,Hantaviroses,411930,Pinhao,PR,2019,0
HANTA,Hantaviroses,411930,Pinhao,PR,2020,1
HANTA,Hantaviroses,411930,Pinhao,PR,2021,0
HANTA,Hantaviroses,411930,Pinhao,PR,2022,0
HANTA,Hantaviroses,411930,Pinhao,PR,2023,0
HANTA,Hantaviroses,411930,Pinhao,PR,2024,0
HANTA,Hantaviroses,411930,Pinhao,PR,2025,0
HANTA,Hantaviroses,411980,Planalto,PR,2007,0
HANTA,Hantaviroses,411980,Planalto,PR,2008,1
HANTA,Hantaviroses,411980,Planalto,PR,2009,0
HANTA,Hantaviroses,411980,Planalto,PR,2010,0
HANTA,Hantaviroses,411980,Planalto,PR,2011,0
HANTA,Hantaviroses,411980,Planalto,PR,2012,0
HANTA,Hantaviroses,411980,Planalto,PR,2013,0
HANTA,Hantaviroses,411980,Planalto,PR,2014,0
HANTA,Hantaviroses,411980,Planalto,PR,2015,0
HANTA,Hantaviroses,411980,Planalto,PR,2016,0
HANTA,Hantaviroses,411980,Planalto,PR,2017,0
HANTA,Hantaviroses,411980,Planalto,PR,2018,0
HANTA,Hantaviroses,411980,Planalto,PR,2019,0
HANTA,Hantaviroses,411980,Planalto,PR,2020,0
HANTA,Hantaviroses,411980,Planalto,PR,2021,0
HANTA,Hantaviroses,411980,Planalto,PR,2022,0
HANTA,Hantaviroses,411980,Planalto,PR,2023,0
HANTA,Hantaviroses,411980,Planalto,PR,2024,0
HANTA,Hantaviroses,411980,Planalto,PR,2025,0
HANTA,Hantaviroses,411990,Ponta Grossa,PR,2007,0
HANTA,Hantaviroses,411990,Ponta Grossa,PR,2008,0
HANTA,Hantaviroses,411990,Ponta Grossa,PR,2009,0
HANTA,Hantaviroses,411990,Ponta Grossa,PR,2010,0
HANTA,Hantaviroses,411990,Ponta Grossa,PR,2011,0
HANTA,Hantaviroses,411990,Ponta Grossa,PR,2012,0
HANTA,Hantaviroses,411990,Ponta Grossa,PR,2013,0
HANTA,Hantaviroses,411990,Ponta Grossa,PR,2014,0
HANTA,Hantaviroses,411990,Ponta Grossa,PR,2015,1
HANTA,Hantaviroses,411990,Ponta Grossa,PR,2016,0
HANTA,Hantaviroses,411990,Ponta Grossa,PR,2017,0
HANTA,Hantaviroses,411990,Ponta Grossa,PR,2018,0
HANTA,Hantaviroses,411990,Ponta Grossa,PR,2019,0
HANTA,Hantaviroses,411990,Ponta Grossa,PR,2020,0
HANTA,Hantaviroses,411990,Ponta Grossa,PR,2021,0
HANTA,Hantaviroses,411990,Ponta Grossa,PR,2022,0
HANTA,Hantaviroses,411990,Ponta Grossa,PR,2023,0
HANTA,Hantaviroses,411990,Ponta Grossa,PR,2024,0
HANTA,Hantaviroses,411990,Ponta Grossa,PR,2025,0
HANTA,Hantaviroses,412015,Porto Barreiro,PR,2007,0
HANTA,Hantaviroses,412015,Porto Barreiro,PR,2008,0
HANTA,Hantaviroses,412015,Porto Barreiro,PR,2009,0
HANTA,Hantaviroses,412015,Porto Barreiro,PR,2010,0
HANTA,Hantaviroses,412015,Porto Barreiro,PR,2011,0
HANTA,Hantaviroses,412015,Porto Barreiro,PR,2012,0
HANTA,Hantaviroses,412015,Porto Barreiro,PR,2013,0
HANTA,Hantaviroses,412015,Porto Barreiro,PR,2014,0
HANTA,Hantaviroses,412015,Porto Barreiro,PR,2015,0
HANTA,Hantaviroses,412015,Porto Barreiro,PR,2016,1
HANTA,Hantaviroses,412015,Porto Barreiro,PR,2017,0
HANTA,Hantaviroses,412015,Porto Barreiro,PR,2018,1
HANTA,Hantaviroses,412015,Porto Barreiro,PR,2019,0
HANTA,Hantaviroses,412015,Porto Barreiro,PR,2020,1
HANTA,Hantaviroses,412015,Porto Barreiro,PR,2021,0
HANTA,Hantaviroses,412015,Porto Barreiro,PR,2022,0
HANTA,Hantaviroses,412015,Porto Barreiro,PR,2023,0
HANTA,Hantaviroses,412015,Porto Barreiro,PR,2024,0
HANTA,Hantaviroses,412015,Porto Barreiro,PR,2025,0
HANTA,Hantaviroses,412060,Prudentopolis,PR,2007,0
HANTA,Hantaviroses,412060,Prudentopolis,PR,2008,0
HANTA,Hantaviroses,412060,Prudentopolis,PR,2009,0
HANTA,Hantaviroses,412060,Prudentopolis,PR,2010,0
HANTA,Hantaviroses,412060,Prudentopolis,PR,2011,0
HANTA,Hantaviroses,412060,Prudentopolis,PR,2012,0
HANTA,Hantaviroses,412060,Prudentopolis,PR,2013,0
HANTA,Hantaviroses,412060,Prudentopolis,PR,2014,0
HANTA,Hantaviroses,412060,Prudentopolis,PR,2015,1
HANTA,Hantaviroses,412060,Prudentopolis,PR,2016,1
HANTA,Hantaviroses,412060,Prudentopolis,PR,2017,1
HANTA,Hantaviroses,412060,Prudentopolis,PR,2018,0
HANTA,Hantaviroses,412060,Prudentopolis,PR,2019,0
HANTA,Hantaviroses,412060,Prudentopolis,PR,2020,0
HANTA,Hantaviroses,412060,Prudentopolis,PR,2021,0
HANTA,Hantaviroses,412060,Prudentopolis,PR,2022,0
HANTA,Hantaviroses,412060,Prudentopolis,PR,2023,0
HANTA,Hantaviroses,412060,Prudentopolis,PR,2024,0
HANTA,Hantaviroses,412060,Prudentopolis,PR,2025,0
HANTA,Hantaviroses,412090,Quedas do Iguacu,PR,2007,0
HANTA,Hantaviroses,412090,Quedas do Iguacu,PR,2008,0
HANTA,Hantaviroses,412090,Quedas do Iguacu,PR,2009,0
HANTA,Hantaviroses,412090,Quedas do Iguacu,PR,2010,0
HANTA,Hantaviroses,412090,Quedas do Iguacu,PR,2011,0
HANTA,Hantaviroses,412090,Quedas do Iguacu,PR,2012,0
HANTA,Hantaviroses,412090,Quedas do Iguacu,PR,2013,0
HANTA,Hantaviroses,412090,Quedas do Iguacu,PR,2014,0
HANTA,Hantaviroses,412090,Quedas do Iguacu,PR,2015,0
HANTA,Hantaviroses,412090,Quedas do Iguacu,PR,2016,1
HANTA,Hantaviroses,412090,Quedas do Iguacu,PR,2017,0
HANTA,Hantaviroses,412090,Quedas do Iguacu,PR,2018,0
HANTA,Hantaviroses,412090,Quedas do Iguacu,PR,2019,0
HANTA,Hantaviroses,412090,Quedas do Iguacu,PR,2020,0
HANTA,Hantaviroses,412090,Quedas do Iguacu,PR,2021,0
HANTA,Hantaviroses,412090,Quedas do Iguacu,PR,2022,0
HANTA,Hantaviroses,412090,Quedas do Iguacu,PR,2023,0
HANTA,Hantaviroses,412090,Quedas do Iguacu,PR,2024,0
HANTA,Hantaviroses,412090,Quedas do Iguacu,PR,2025,0
HANTA,Hantaviroses,412200,Rio Azul,PR,2007,1
HANTA,Hantaviroses,412200,Rio Azul,PR,2008,2
HANTA,Hantaviroses,412200,Rio Azul,PR,2009,1
HANTA,Hantaviroses,412200,Rio Azul,PR,2010,0
HANTA,Hantaviroses,412200,Rio Azul,PR,2011,1
HANTA,Hantaviroses,412200,Rio Azul,PR,2012,1
HANTA,Hantaviroses,412200,Rio Azul,PR,2013,0
HANTA,Hantaviroses,412200,Rio Azul,PR,2014,0
HANTA,Hantaviroses,412200,Rio Azul,PR,2015,2
HANTA,Hantaviroses,412200,Rio Azul,PR,2016,1
HANTA,Hantaviroses,412200,Rio Azul,PR,2017,0
HANTA,Hantaviroses,412200,Rio Azul,PR,2018,0
HANTA,Hantaviroses,412200,Rio Azul,PR,2019,0
HANTA,Hantaviroses,412200,Rio Azul,PR,2020,0
HANTA,Hantaviroses,412200,Rio Azul,PR,2021,1
HANTA,Hantaviroses,412200,Rio Azul,PR,2022,0
HANTA,Hantaviroses,412200,Rio Azul,PR,2023,1
HANTA,Hantaviroses,412200,Rio Azul,PR,2024,1
HANTA,Hantaviroses,412200,Rio Azul,PR,2025,0
HANTA,Hantaviroses,412215,Rio Bonito do Iguacu,PR,2007,0
HANTA,Hantaviroses,412215,Rio Bonito do Iguacu,PR,2008,0
HANTA,Hantaviroses,412215,Rio Bonito do Iguacu,PR,2009,0
HANTA,Hantaviroses,412215,Rio Bonito do Iguacu,PR,2010,0
HANTA,Hantaviroses,412215,Rio Bonito do Iguacu,PR,2011,1
HANTA,Hantaviroses,412215,Rio Bonito do Iguacu,PR,2012,0
HANTA,Hantaviroses,412215,Rio Bonito do Iguacu,PR,2013,0
HANTA,Hantaviroses,412215,Rio Bonito do Iguacu,PR,2014,0
HANTA,Hantaviroses,412215,Rio Bonito do Iguacu,PR,2015,0
HANTA,Hantaviroses,412215,Rio Bonito do Iguacu,PR,2016,0
HANTA,Hantaviroses,412215,Rio Bonito do Iguacu,PR,2017,0
HANTA,Hantaviroses,412215,Rio Bonito do Iguacu,PR,2018,0
HANTA,Hantaviroses,412215,Rio Bonito do Iguacu,PR,2019,0
HANTA,Hantaviroses,412215,Rio Bonito do Iguacu,PR,2020,0
HANTA,Hantaviroses,412215,Rio Bonito do Iguacu,PR,2021,0
HANTA,Hantaviroses,412215,Rio Bonito do Iguacu,PR,2022,0
HANTA,Hantaviroses,412215,Rio Bonito do Iguacu,PR,2023,0
HANTA,Hantaviroses,412215,Rio Bonito do Iguacu,PR,2024,0
HANTA,Hantaviroses,412215,Rio Bonito do Iguacu,PR,2025,0
HANTA,Hantaviroses,412550,Sao Jose Dos Pinhais,PR,2007,0
HANTA,Hantaviroses,412550,Sao Jose Dos Pinhais,PR,2008,0
HANTA,Hantaviroses,412550,Sao Jose Dos Pinhais,PR,2009,0
HANTA,Hantaviroses,412550,Sao Jose Dos Pinhais,PR,2010,0
HANTA,Hantaviroses,412550,Sao Jose Dos Pinhais,PR,2011,0
HANTA,Hantaviroses,412550,Sao Jose Dos Pinhais,PR,2012,0
HANTA,Hantaviroses,412550,Sao Jose Dos Pinhais,PR,2013,0
HANTA,Hantaviroses,412550,Sao Jose Dos Pinhais,PR,2014,3
HANTA,Hantaviroses,412550,Sao Jose Dos Pinhais,PR,2015,1
HANTA,Hantaviroses,412550,Sao Jose Dos Pinhais,PR,2016,1
HANTA,Hantaviroses,412550,Sao Jose Dos Pinhais,PR,2017,0
HANTA,Hantaviroses,412550,Sao Jose Dos Pinhais,PR,2018,0
HANTA,Hantaviroses,412550,Sao Jose Dos Pinhais,PR,2019,0
HANTA,Hantaviroses,412550,Sao Jose Dos Pinhais,PR,2020,0
HANTA,Hantaviroses,412550,Sao Jose Dos Pinhais,PR,2021,0
HANTA,Hantaviroses,412550,Sao Jose Dos Pinhais,PR,2022,0
HANTA,Hantaviroses,412550,Sao Jose Dos Pinhais,PR,2023,1
HANTA,Hantaviroses,412550,Sao Jose Dos Pinhais,PR,2024,0
HANTA,Hantaviroses,412550,Sao Jose Dos Pinhais,PR,2025,0
HANTA,Hantaviroses,412560,Sao Mateus do Sul,PR,2007,0
HANTA,Hantaviroses,412560,Sao Mateus do Sul,PR,2008,0
HANTA,Hantaviroses,412560,Sao Mateus do Sul,PR,2009,0
HANTA,Hantaviroses,412560,Sao Mateus do Sul,PR,2010,3
HANTA,Hantaviroses,412560,Sao Mateus do Sul,PR,2011,0
HANTA,Hantaviroses,412560,Sao Mateus do Sul,PR,2012,0
HANTA,Hantaviroses,412560,Sao Mateus do Sul,PR,2013,0
HANTA,Hantaviroses,412560,Sao Mateus do Sul,PR,2014,0
HANTA,Hantaviroses,412560,Sao Mateus do Sul,PR,2015,1
HANTA,Hantaviroses,412560,Sao Mateus do Sul,PR,2016,1
HANTA,Hantaviroses,412560,Sao Mateus do Sul,PR,2017,1
HANTA,Hantaviroses,412560,Sao Mateus do Sul,PR,2018,1
HANTA,Hantaviroses,412560,Sao Mateus do Sul,PR,2019,0
HANTA,Hantaviroses,412560,Sao Mateus do Sul,PR,2020,0
HANTA,Hantaviroses,412560,Sao Mateus do Sul,PR,2021,0
HANTA,Hantaviroses,412560,Sao Mateus do Sul,PR,2022,0
HANTA,Hantaviroses,412560,Sao Mateus do Sul,PR,2023,0
HANTA,Hantaviroses,412560,Sao Mateus do Sul,PR,2024,1
HANTA,Hantaviroses,412560,Sao Mateus do Sul,PR,2025,0
HANTA,Hantaviroses,412820,Uniao da Vitoria,PR,2007,0
HANTA,Hantaviroses,412820,Uniao da Vitoria,PR,2008,1
HANTA,Hantaviroses,412820,Uniao da Vitoria,PR,2009,1
HANTA,Hantaviroses,412820,Uniao da Vitoria,PR,2010,0
HANTA,Hantaviroses,412820,Uniao da Vitoria,PR,2011,1
HANTA,Hantaviroses,412820,Uniao da Vitoria,PR,2012,1
HANTA,Hantaviroses,412820,Uniao da Vitoria,PR,2013,1
HANTA,Hantaviroses,412820,Uniao da Vitoria,PR,2014,0
HANTA,Hantaviroses,412820,Uniao da Vitoria,PR,2015,0
HANTA,Hantaviroses,412820,Uniao da Vitoria,PR,2016,2
HANTA,Hantaviroses,412820,Uniao da Vitoria,PR,2017,1
HANTA,Hantaviroses,412820,Uniao da Vitoria,PR,2018,1
HANTA,Hantaviroses,412820,Uniao da Vitoria,PR,2019,2
HANTA,Hantaviroses,412820,Uniao da Vitoria,PR,2020,0
HANTA,Hantaviroses,412820,Uniao da Vitoria,PR,2021,0
HANTA,Hantaviroses,412820,Uniao da Vitoria,PR,2022,0
HANTA,Hantaviroses,412820,Uniao da Vitoria,PR,2023,3
HANTA,Hantaviroses,412820,Uniao da Vitoria,PR,2024,1
HANTA,Hantaviroses,412820,Uniao da Vitoria,PR,2025,0
HANTA,Hantaviroses,330030,Barra do Pirai,RJ,2007,0
HANTA,Hantaviroses,330030,Barra do Pirai,RJ,2008,0
HANTA,Hantaviroses,330030,Barra do Pirai,RJ,2009,0
HANTA,Hantaviroses,330030,Barra do Pirai,RJ,2010,0
HANTA,Hantaviroses,330030,Barra do Pirai,RJ,2011,0
HANTA,Hantaviroses,330030,Barra do Pirai,RJ,2012,0
HANTA,Hantaviroses,330030,Barra do Pirai,RJ,2013,0
HANTA,Hantaviroses,330030,Barra do Pirai,RJ,2014,0
HANTA,Hantaviroses,330030,Barra do Pirai,RJ,2015,0
HANTA,Hantaviroses,330030,Barra do Pirai,RJ,2016,0
HANTA,Hantaviroses,330030,Barra do Pirai,RJ,2017,0
HANTA,Hantaviroses,330030,Barra do Pirai,RJ,2018,0
HANTA,Hantaviroses,330030,Barra do Pirai,RJ,2019,0
HANTA,Hantaviroses,330030,Barra do Pirai,RJ,2020,0
HANTA,Hantaviroses,330030,Barra do Pirai,RJ,2021,0
HANTA,Hantaviroses,330030,Barra do Pirai,RJ,2022,0
HANTA,Hantaviroses,330030,Barra do Pirai,RJ,2023,0
HANTA,Hantaviroses,330030,Barra do Pirai,RJ,2024,1
HANTA,Hantaviroses,330030,Barra do Pirai,RJ,2025,0
HANTA,Hantaviroses,330440,Rio Claro,RJ,2007,0
HANTA,Hantaviroses,330440,Rio Claro,RJ,2008,0
HANTA,Hantaviroses,330440,Rio Claro,RJ,2009,0
HANTA,Hantaviroses,330440,Rio Claro,RJ,2010,0
HANTA,Hantaviroses,330440,Rio Claro,RJ,2011,0
HANTA,Hantaviroses,330440,Rio Claro,RJ,2012,0
HANTA,Hantaviroses,330440,Rio Claro,RJ,2013,0
HANTA,Hantaviroses,330440,Rio Claro,RJ,2014,0
HANTA,Hantaviroses,330440,Rio Claro,RJ,2015,1
HANTA,Hantaviroses,330440,Rio Claro,RJ,2016,0
HANTA,Hantaviroses,330440,Rio Claro,RJ,2017,0
HANTA,Hantaviroses,330440,Rio Claro,RJ,2018,0
HANTA,Hantaviroses,330440,Rio Claro,RJ,2019,0
HANTA,Hantaviroses,330440,Rio Claro,RJ,2020,0
HANTA,Hantaviroses,330440,Rio Claro,RJ,2021,0
HANTA,Hantaviroses,330440,Rio Claro,RJ,2022,0
HANTA,Hantaviroses,330440,Rio Claro,RJ,2023,0
HANTA,Hantaviroses,330440,Rio Claro,RJ,2024,0
HANTA,Hantaviroses,330440,Rio Claro,RJ,2025,0
HANTA,Hantaviroses,110002,Ariquemes,RO,2007,0
HANTA,Hantaviroses,110002,Ariquemes,RO,2008,1
HANTA,Hantaviroses,110002,Ariquemes,RO,2009,0
HANTA,Hantaviroses,110002,Ariquemes,RO,2010,0
HANTA,Hantaviroses,110002,Ariquemes,RO,2011,0
HANTA,Hantaviroses,110002,Ariquemes,RO,2012,0
HANTA,Hantaviroses,110002,Ariquemes,RO,2013,0
HANTA,Hantaviroses,110002,Ariquemes,RO,2014,0
HANTA,Hantaviroses,110002,Ariquemes,RO,2015,0
HANTA,Hantaviroses,110002,Ariquemes,RO,2016,0
HANTA,Hantaviroses,110002,Ariquemes,RO,2017,0
HANTA,Hantaviroses,110002,Ariquemes,RO,2018,0
HANTA,Hantaviroses,110002,Ariquemes,RO,2019,0
HANTA,Hantaviroses,110002,Ariquemes,RO,2020,0
HANTA,Hantaviroses,110002,Ariquemes,RO,2021,0
HANTA,Hantaviroses,110002,Ariquemes,RO,2022,0
HANTA,Hantaviroses,110002,Ariquemes,RO,2023,0
HANTA,Hantaviroses,110002,Ariquemes,RO,2024,0
HANTA,Hantaviroses,110002,Ariquemes,RO,2025,0
HANTA,Hantaviroses,110012,Ji-parana,RO,2007,0
HANTA,Hantaviroses,110012,Ji-parana,RO,2008,0
HANTA,Hantaviroses,110012,Ji-parana,RO,2009,0
HANTA,Hantaviroses,110012,Ji-parana,RO,2010,0
HANTA,Hantaviroses,110012,Ji-parana,RO,2011,0
HANTA,Hantaviroses,110012,Ji-parana,RO,2012,0
HANTA,Hantaviroses,110012,Ji-parana,RO,2013,0
HANTA,Hantaviroses,110012,Ji-parana,RO,2014,0
HANTA,Hantaviroses,110012,Ji-parana,RO,2015,0
HANTA,Hantaviroses,110012,Ji-parana,RO,2016,0
HANTA,Hantaviroses,110012,Ji-parana,RO,2017,1
HANTA,Hantaviroses,110012,Ji-parana,RO,2018,0
HANTA,Hantaviroses,110012,Ji-parana,RO,2019,0
HANTA,Hantaviroses,110012,Ji-parana,RO,2020,0
HANTA,Hantaviroses,110012,Ji-parana,RO,2021,0
HANTA,Hantaviroses,110012,Ji-parana,RO,2022,0
HANTA,Hantaviroses,110012,Ji-parana,RO,2023,0
HANTA,Hantaviroses,110012,Ji-parana,RO,2024,0
HANTA,Hantaviroses,110012,Ji-parana,RO,2025,0
HANTA,Hantaviroses,110020,Porto Velho,RO,2007,0
HANTA,Hantaviroses,110020,Porto Velho,RO,2008,0
HANTA,Hantaviroses,110020,Porto Velho,RO,2009,0
HANTA,Hantaviroses,110020,Porto Velho,RO,2010,0
HANTA,Hantaviroses,110020,Porto Velho,RO,2011,0
HANTA,Hantaviroses,110020,Porto Velho,RO,2012,0
HANTA,Hantaviroses,110020,Porto Velho,RO,2013,1
HANTA,Hantaviroses,110020,Porto Velho,RO,2014,1
HANTA,Hantaviroses,110020,Porto Velho,RO,2015,0
HANTA,Hantaviroses,110020,Porto Velho,RO,2016,1
HANTA,Hantaviroses,110020,Porto Velho,RO,2017,0
HANTA,Hantaviroses,110020,Porto Velho,RO,2018,1
HANTA,Hantaviroses,110020,Porto Velho,RO,2019,1
HANTA,Hantaviroses,110020,Porto Velho,RO,2020,0
HANTA,Hantaviroses,110020,Porto Velho,RO,2021,0
HANTA,Hantaviroses,110020,Porto Velho,RO,2022,0
HANTA,Hantaviroses,110020,Porto Velho,RO,2023,0
HANTA,Hantaviroses,110020,Porto Velho,RO,2024,1
HANTA,Hantaviroses,110020,Porto Velho,RO,2025,0
HANTA,Hantaviroses,110030,Vilhena,RO,2007,0
HANTA,Hantaviroses,110030,Vilhena,RO,2008,1
HANTA,Hantaviroses,110030,Vilhena,RO,2009,0
HANTA,Hantaviroses,110030,Vilhena,RO,2010,0
HANTA,Hantaviroses,110030,Vilhena,RO,2011,0
HANTA,Hantaviroses,110030,Vilhena,RO,2012,0
HANTA,Hantaviroses,110030,Vilhena,RO,2013,1
HANTA,Hantaviroses,110030,Vilhena,RO,2014,0
HANTA,Hantaviroses,110030,Vilhena,RO,2015,0
HANTA,Hantaviroses,110030,Vilhena,RO,2016,0
HANTA,Hantaviroses,110030,Vilhena,RO,2017,0
HANTA,Hantaviroses,110030,Vilhena,RO,2018,0
HANTA,Hantaviroses,110030,Vilhena,RO,2019,0
HANTA,Hantaviroses,110030,Vilhena,RO,2020,0
HANTA,Hantaviroses,110030,Vilhena,RO,2021,0
HANTA,Hantaviroses,110030,Vilhena,RO,2022,0
HANTA,Hantaviroses,110030,Vilhena,RO,2023,0
HANTA,Hantaviroses,110030,Vilhena,RO,2024,0
HANTA,Hantaviroses,110030,Vilhena,RO,2025,0
HANTA,Hantaviroses,430210,Bento Goncalves,RS,2007,1
HANTA,Hantaviroses,430210,Bento Goncalves,RS,2008,0
HANTA,Hantaviroses,430210,Bento Goncalves,RS,2009,4
HANTA,Hantaviroses,430210,Bento Goncalves,RS,2010,3
HANTA,Hantaviroses,430210,Bento Goncalves,RS,2011,1
HANTA,Hantaviroses,430210,Bento Goncalves,RS,2012,1
HANTA,Hantaviroses,430210,Bento Goncalves,RS,2013,0
HANTA,Hantaviroses,430210,Bento Goncalves,RS,2014,1
HANTA,Hantaviroses,430210,Bento Goncalves,RS,2015,0
HANTA,Hantaviroses,430210,Bento Goncalves,RS,2016,0
HANTA,Hantaviroses,430210,Bento Goncalves,RS,2017,0
HANTA,Hantaviroses,430210,Bento Goncalves,RS,2018,0
HANTA,Hantaviroses,430210,Bento Goncalves,RS,2019,0
HANTA,Hantaviroses,430210,Bento Goncalves,RS,2020,1
HANTA,Hantaviroses,430210,Bento Goncalves,RS,2021,0
HANTA,Hantaviroses,430210,Bento Goncalves,RS,2022,2
HANTA,Hantaviroses,430210,Bento Goncalves,RS,2023,0
HANTA,Hantaviroses,430210,Bento Goncalves,RS,2024,1
HANTA,Hantaviroses,430210,Bento Goncalves,RS,2025,0
HANTA,Hantaviroses,430245,Boqueirao do Leao,RS,2007,0
HANTA,Hantaviroses,430245,Boqueirao do Leao,RS,2008,0
HANTA,Hantaviroses,430245,Boqueirao do Leao,RS,2009,0
HANTA,Hantaviroses,430245,Boqueirao do Leao,RS,2010,1
HANTA,Hantaviroses,430245,Boqueirao do Leao,RS,2011,0
HANTA,Hantaviroses,430245,Boqueirao do Leao,RS,2012,0
HANTA,Hantaviroses,430245,Boqueirao do Leao,RS,2013,0
HANTA,Hantaviroses,430245,Boqueirao do Leao,RS,2014,0
HANTA,Hantaviroses,430245,Boqueirao do Leao,RS,2015,0
HANTA,Hantaviroses,430245,Boqueirao do Leao,RS,2016,0
HANTA,Hantaviroses,430245,Boqueirao do Leao,RS,2017,0
HANTA,Hantaviroses,430245,Boqueirao do Leao,RS,2018,0
HANTA,Hantaviroses,430245,Boqueirao do Leao,RS,2019,0
HANTA,Hantaviroses,430245,Boqueirao do Leao,RS,2020,0
HANTA,Hantaviroses,430245,Boqueirao do Leao,RS,2021,0
HANTA,Hantaviroses,430245,Boqueirao do Leao,RS,2022,0
HANTA,Hantaviroses,430245,Boqueirao do Leao,RS,2023,0
HANTA,Hantaviroses,430245,Boqueirao do Leao,RS,2024,0
HANTA,Hantaviroses,430245,Boqueirao do Leao,RS,2025,0
HANTA,Hantaviroses,430350,Camaqua,RS,2007,1
HANTA,Hantaviroses,430350,Camaqua,RS,2008,0
HANTA,Hantaviroses,430350,Camaqua,RS,2009,0
HANTA,Hantaviroses,430350,Camaqua,RS,2010,0
HANTA,Hantaviroses,430350,Camaqua,RS,2011,0
HANTA,Hantaviroses,430350,Camaqua,RS,2012,0
HANTA,Hantaviroses,430350,Camaqua,RS,2013,0
HANTA,Hantaviroses,430350,Camaqua,RS,2014,0
HANTA,Hantaviroses,430350,Camaqua,RS,2015,0
HANTA,Hantaviroses,430350,Camaqua,RS,2016,0
HANTA,Hantaviroses,430350,Camaqua,RS,2017,0
HANTA,Hantaviroses,430350,Camaqua,RS,2018,0
HANTA,Hantaviroses,430350,Camaqua,RS,2019,0
HANTA,Hantaviroses,430350,Camaqua,RS,2020,0
HANTA,Hantaviroses,430350,Camaqua,RS,2021,0
HANTA,Hantaviroses,430350,Camaqua,RS,2022,0
HANTA,Hantaviroses,430350,Camaqua,RS,2023,0
HANTA,Hantaviroses,430350,Camaqua,RS,2024,0
HANTA,Hantaviroses,430350,Camaqua,RS,2025,0
HANTA,Hantaviroses,430390,Campo Bom,RS,2007,0
HANTA,Hantaviroses,430390,Campo Bom,RS,2008,0
HANTA,Hantaviroses,430390,Campo Bom,RS,2009,0
HANTA,Hantaviroses,430390,Campo Bom,RS,2010,0
HANTA,Hantaviroses,430390,Campo Bom,RS,2011,0
HANTA,Hantaviroses,430390,Campo Bom,RS,2012,0
HANTA,Hantaviroses,430390,Campo Bom,RS,2013,0
HANTA,Hantaviroses,430390,Campo Bom,RS,2014,0
HANTA,Hantaviroses,430390,Campo Bom,RS,2015,0
HANTA,Hantaviroses,430390,Campo Bom,RS,2016,0
HANTA,Hantaviroses,430390,Campo Bom,RS,2017,0
HANTA,Hantaviroses,430390,Campo Bom,RS,2018,0
HANTA,Hantaviroses,430390,Campo Bom,RS,2019,0
HANTA,Hantaviroses,430390,Campo Bom,RS,2020,0
HANTA,Hantaviroses,430390,Campo Bom,RS,2021,0
HANTA,Hantaviroses,430390,Campo Bom,RS,2022,0
HANTA,Hantaviroses,430390,Campo Bom,RS,2023,1
HANTA,Hantaviroses,430390,Campo Bom,RS,2024,0
HANTA,Hantaviroses,430390,Campo Bom,RS,2025,0
HANTA,Hantaviroses,430400,Campo Novo,RS,2007,0
HANTA,Hantaviroses,430400,Campo Novo,RS,2008,0
HANTA,Hantaviroses,430400,Campo Novo,RS,2009,0
HANTA,Hantaviroses,430400,Campo Novo,RS,2010,0
HANTA,Hantaviroses,430400,Campo Novo,RS,2011,1
HANTA,Hantaviroses,430400,Campo Novo,RS,2012,0
HANTA,Hantaviroses,430400,Campo Novo,RS,2013,0
HANTA,Hantaviroses,430400,Campo Novo,RS,2014,0
HANTA,Hantaviroses,430400,Campo Novo,RS,2015,0
HANTA,Hantaviroses,430400,Campo Novo,RS,2016,0
HANTA,Hantaviroses,430400,Campo Novo,RS,2017,0
HANTA,Hantaviroses,430400,Campo Novo,RS,2018,0
HANTA,Hantaviroses,430400,Campo Novo,RS,2019,0
HANTA,Hantaviroses,430400,Campo Novo,RS,2020,0
HANTA,Hantaviroses,430400,Campo Novo,RS,2021,0
HANTA,Hantaviroses,430400,Campo Novo,RS,2022,0
HANTA,Hantaviroses,430400,Campo Novo,RS,2023,0
HANTA,Hantaviroses,430400,Campo Novo,RS,2024,0
HANTA,Hantaviroses,430400,Campo Novo,RS,2025,0
HANTA,Hantaviroses,430420,Candelaria,RS,2007,0
HANTA,Hantaviroses,430420,Candelaria,RS,2008,0
HANTA,Hantaviroses,430420,Candelaria,RS,2009,0
HANTA,Hantaviroses,430420,Candelaria,RS,2010,0
HANTA,Hantaviroses,430420,Candelaria,RS,2011,0
HANTA,Hantaviroses,430420,Candelaria,RS,2012,1
HANTA,Hantaviroses,430420,Candelaria,RS,2013,0
HANTA,Hantaviroses,430420,Candelaria,RS,2014,0
HANTA,Hantaviroses,430420,Candelaria,RS,2015,0
HANTA,Hantaviroses,430420,Candelaria,RS,2016,0
HANTA,Hantaviroses,430420,Candelaria,RS,2017,0
HANTA,Hantaviroses,430420,Candelaria,RS,2018,0
HANTA,Hantaviroses,430420,Candelaria,RS,2019,0
HANTA,Hantaviroses,430420,Candelaria,RS,2020,0
HANTA,Hantaviroses,430420,Candelaria,RS,2021,0
HANTA,Hantaviroses,430420,Candelaria,RS,2022,0
HANTA,Hantaviroses,430420,Candelaria,RS,2023,0
HANTA,Hantaviroses,430420,Candelaria,RS,2024,0
HANTA,Hantaviroses,430420,Candelaria,RS,2025,0
HANTA,Hantaviroses,430440,Canela,RS,2007,0
HANTA,Hantaviroses,430440,Canela,RS,2008,0
HANTA,Hantaviroses,430440,Canela,RS,2009,0
HANTA,Hantaviroses,430440,Canela,RS,2010,0
HANTA,Hantaviroses,430440,Canela,RS,2011,0
HANTA,Hantaviroses,430440,Canela,RS,2012,0
HANTA,Hantaviroses,430440,Canela,RS,2013,1
HANTA,Hantaviroses,430440,Canela,RS,2014,1
HANTA,Hantaviroses,430440,Canela,RS,2015,0
HANTA,Hantaviroses,430440,Canela,RS,2016,0
HANTA,Hantaviroses,430440,Canela,RS,2017,0
HANTA,Hantaviroses,430440,Canela,RS,2018,0
HANTA,Hantaviroses,430440,Canela,RS,2019,0
HANTA,Hantaviroses,430440,Canela,RS,2020,0
HANTA,Hantaviroses,430440,Canela,RS,2021,0
HANTA,Hantaviroses,430440,Canela,RS,2022,0
HANTA,Hantaviroses,430440,Canela,RS,2023,0
HANTA,Hantaviroses,430440,Canela,RS,2024,0
HANTA,Hantaviroses,430440,Canela,RS,2025,0
HANTA,Hantaviroses,430480,Carlos Barbosa,RS,2007,0
HANTA,Hantaviroses,430480,Carlos Barbosa,RS,2008,0
HANTA,Hantaviroses,430480,Carlos Barbosa,RS,2009,0
HANTA,Hantaviroses,430480,Carlos Barbosa,RS,2010,0
HANTA,Hantaviroses,430480,Carlos Barbosa,RS,2011,0
HANTA,Hantaviroses,430480,Carlos Barbosa,RS,2012,0
HANTA,Hantaviroses,430480,Carlos Barbosa,RS,2013,0
HANTA,Hantaviroses,430480,Carlos Barbosa,RS,2014,0
HANTA,Hantaviroses,430480,Carlos Barbosa,RS,2015,1
HANTA,Hantaviroses,430480,Carlos Barbosa,RS,2016,0
HANTA,Hantaviroses,430480,Carlos Barbosa,RS,2017,0
HANTA,Hantaviroses,430480,Carlos Barbosa,RS,2018,1
HANTA,Hantaviroses,430480,Carlos Barbosa,RS,2019,0
HANTA,Hantaviroses,430480,Carlos Barbosa,RS,2020,0
HANTA,Hantaviroses,430480,Carlos Barbosa,RS,2021,0
HANTA,Hantaviroses,430480,Carlos Barbosa,RS,2022,0
HANTA,Hantaviroses,430480,Carlos Barbosa,RS,2023,0
HANTA,Hantaviroses,430480,Carlos Barbosa,RS,2024,0
HANTA,Hantaviroses,430480,Carlos Barbosa,RS,2025,0
HANTA,Hantaviroses,430490,Casca,RS,2007,0
HANTA,Hantaviroses,430490,Casca,RS,2008,0
HANTA,Hantaviroses,430490,Casca,RS,2009,0
HANTA,Hantaviroses,430490,Casca,RS,2010,0
HANTA,Hantaviroses,430490,Casca,RS,2011,0
HANTA,Hantaviroses,430490,Casca,RS,2012,0
HANTA,Hantaviroses,430490,Casca,RS,2013,0
HANTA,Hantaviroses,430490,Casca,RS,2014,0
HANTA,Hantaviroses,430490,Casca,RS,2015,0
HANTA,Hantaviroses,430490,Casca,RS,2016,0
HANTA,Hantaviroses,430490,Casca,RS,2017,0
HANTA,Hantaviroses,430490,Casca,RS,2018,0
HANTA,Hantaviroses,430490,Casca,RS,2019,0
HANTA,Hantaviroses,430490,Casca,RS,2020,0
HANTA,Hantaviroses,430490,Casca,RS,2021,0
HANTA,Hantaviroses,430490,Casca,RS,2022,0
HANTA,Hantaviroses,430490,Casca,RS,2023,0
HANTA,Hantaviroses,430490,Casca,RS,2024,1
HANTA,Hantaviroses,430490,Casca,RS,2025,0
HANTA,Hantaviroses,430510,Caxias do Sul,RS,2007,0
HANTA,Hantaviroses,430510,Caxias do Sul,RS,2008,1
HANTA,Hantaviroses,430510,Caxias do Sul,RS,2009,4
HANTA,Hantaviroses,430510,Caxias do Sul,RS,2010,1
HANTA,Hantaviroses,430510,Caxias do Sul,RS,2011,0
HANTA,Hantaviroses,430510,Caxias do Sul,RS,2012,2
HANTA,Hantaviroses,430510,Caxias do Sul,RS,2013,0
HANTA,Hantaviroses,430510,Caxias do Sul,RS,2014,1
HANTA,Hantaviroses,430510,Caxias do Sul,RS,2015,0
HANTA,Hantaviroses,430510,Caxias do Sul,RS,2016,0
HANTA,Hantaviroses,430510,Caxias do Sul,RS,2017,0
HANTA,Hantaviroses,430510,Caxias do Sul,RS,2018,1
HANTA,Hantaviroses,430510,Caxias do Sul,RS,2019,1
HANTA,Hantaviroses,430510,Caxias do Sul,RS,2020,0
HANTA,Hantaviroses,430510,Caxias do Sul,RS,2021,1
HANTA,Hantaviroses,430510,Caxias do Sul,RS,2022,0
HANTA,Hantaviroses,430510,Caxias do Sul,RS,2023,0
HANTA,Hantaviroses,430510,Caxias do Sul,RS,2024,0
HANTA,Hantaviroses,430510,Caxias do Sul,RS,2025,1
HANTA,Hantaviroses,430595,Cotipora,RS,2007,0
HANTA,Hantaviroses,430595,Cotipora,RS,2008,0
HANTA,Hantaviroses,430595,Cotipora,RS,2009,0
HANTA,Hantaviroses,430595,Cotipora,RS,2010,0
HANTA,Hantaviroses,430595,Cotipora,RS,2011,0
HANTA,Hantaviroses,430595,Cotipora,RS,2012,0
HANTA,Hantaviroses,430595,Cotipora,RS,2013,0
HANTA,Hantaviroses,430595,Cotipora,RS,2014,0
HANTA,Hantaviroses,430595,Cotipora,RS,2015,0
HANTA,Hantaviroses,430595,Cotipora,RS,2016,0
HANTA,Hantaviroses,430595,Cotipora,RS,2017,0
HANTA,Hantaviroses,430595,Cotipora,RS,2018,0
HANTA,Hantaviroses,430595,Cotipora,RS,2019,1
HANTA,Hantaviroses,430595,Cotipora,RS,2020,0
HANTA,Hantaviroses,430595,Cotipora,RS,2021,0
HANTA,Hantaviroses,430595,Cotipora,RS,2022,0
HANTA,Hantaviroses,430595,Cotipora,RS,2023,0
HANTA,Hantaviroses,430595,Cotipora,RS,2024,0
HANTA,Hantaviroses,430595,Cotipora,RS,2025,0
HANTA,Hantaviroses,430640,Dois Irmaos,RS,2007,0
HANTA,Hantaviroses,430640,Dois Irmaos,RS,2008,0
HANTA,Hantaviroses,430640,Dois Irmaos,RS,2009,0
HANTA,Hantaviroses,430640,Dois Irmaos,RS,2010,0
HANTA,Hantaviroses,430640,Dois Irmaos,RS,2011,0
HANTA,Hantaviroses,430640,Dois Irmaos,RS,2012,0
HANTA,Hantaviroses,430640,Dois Irmaos,RS,2013,0
HANTA,Hantaviroses,430640,Dois Irmaos,RS,2014,0
HANTA,Hantaviroses,430640,Dois Irmaos,RS,2015,0
HANTA,Hantaviroses,430640,Dois Irmaos,RS,2016,0
HANTA,Hantaviroses,430640,Dois Irmaos,RS,2017,0
HANTA,Hantaviroses,430640,Dois Irmaos,RS,2018,0
HANTA,Hantaviroses,430640,Dois Irmaos,RS,2019,0
HANTA,Hantaviroses,430640,Dois Irmaos,RS,2020,0
HANTA,Hantaviroses,430640,Dois Irmaos,RS,2021,0
HANTA,Hantaviroses,430640,Dois Irmaos,RS,2022,0
HANTA,Hantaviroses,430640,Dois Irmaos,RS,2023,1
HANTA,Hantaviroses,430640,Dois Irmaos,RS,2024,0
HANTA,Hantaviroses,430640,Dois Irmaos,RS,2025,0
HANTA,Hantaviroses,430645,Dois Lajeados,RS,2007,0
HANTA,Hantaviroses,430645,Dois Lajeados,RS,2008,0
HANTA,Hantaviroses,430645,Dois Lajeados,RS,2009,0
HANTA,Hantaviroses,430645,Dois Lajeados,RS,2010,0
HANTA,Hantaviroses,430645,Dois Lajeados,RS,2011,0
HANTA,Hantaviroses,430645,Dois Lajeados,RS,2012,1
HANTA,Hantaviroses,430645,Dois Lajeados,RS,2013,0
HANTA,Hantaviroses,430645,Dois Lajeados,RS,2014,0
HANTA,Hantaviroses,430645,Dois Lajeados,RS,2015,0
HANTA,Hantaviroses,430645,Dois Lajeados,RS,2016,0
HANTA,Hantaviroses,430645,Dois Lajeados,RS,2017,0
HANTA,Hantaviroses,430645,Dois Lajeados,RS,2018,0
HANTA,Hantaviroses,430645,Dois Lajeados,RS,2019,0
HANTA,Hantaviroses,430645,Dois Lajeados,RS,2020,0
HANTA,Hantaviroses,430645,Dois Lajeados,RS,2021,0
HANTA,Hantaviroses,430645,Dois Lajeados,RS,2022,1
HANTA,Hantaviroses,430645,Dois Lajeados,RS,2023,0
HANTA,Hantaviroses,430645,Dois Lajeados,RS,2024,0
HANTA,Hantaviroses,430645,Dois Lajeados,RS,2025,0
HANTA,Hantaviroses,430650,Dom Feliciano,RS,2007,0
HANTA,Hantaviroses,430650,Dom Feliciano,RS,2008,0
HANTA,Hantaviroses,430650,Dom Feliciano,RS,2009,0
HANTA,Hantaviroses,430650,Dom Feliciano,RS,2010,0
HANTA,Hantaviroses,430650,Dom Feliciano,RS,2011,0
HANTA,Hantaviroses,430650,Dom Feliciano,RS,2012,0
HANTA,Hantaviroses,430650,Dom Feliciano,RS,2013,0
HANTA,Hantaviroses,430650,Dom Feliciano,RS,2014,0
HANTA,Hantaviroses,430650,Dom Feliciano,RS,2015,0
HANTA,Hantaviroses,430650,Dom Feliciano,RS,2016,1
HANTA,Hantaviroses,430650,Dom Feliciano,RS,2017,0
HANTA,Hantaviroses,430650,Dom Feliciano,RS,2018,0
HANTA,Hantaviroses,430650,Dom Feliciano,RS,2019,0
HANTA,Hantaviroses,430650,Dom Feliciano,RS,2020,0
HANTA,Hantaviroses,430650,Dom Feliciano,RS,2021,0
HANTA,Hantaviroses,430650,Dom Feliciano,RS,2022,0
HANTA,Hantaviroses,430650,Dom Feliciano,RS,2023,0
HANTA,Hantaviroses,430650,Dom Feliciano,RS,2024,0
HANTA,Hantaviroses,430650,Dom Feliciano,RS,2025,0
HANTA,Hantaviroses,430660,Dom Pedrito,RS,2007,0
HANTA,Hantaviroses,430660,Dom Pedrito,RS,2008,0
HANTA,Hantaviroses,430660,Dom Pedrito,RS,2009,0
HANTA,Hantaviroses,430660,Dom Pedrito,RS,2010,0
HANTA,Hantaviroses,430660,Dom Pedrito,RS,2011,0
HANTA,Hantaviroses,430660,Dom Pedrito,RS,2012,0
HANTA,Hantaviroses,430660,Dom Pedrito,RS,2013,0
HANTA,Hantaviroses,430660,Dom Pedrito,RS,2014,0
HANTA,Hantaviroses,430660,Dom Pedrito,RS,2015,0
HANTA,Hantaviroses,430660,Dom Pedrito,RS,2016,0
HANTA,Hantaviroses,430660,Dom Pedrito,RS,2017,0
HANTA,Hantaviroses,430660,Dom Pedrito,RS,2018,0
HANTA,Hantaviroses,430660,Dom Pedrito,RS,2019,0
HANTA,Hantaviroses,430660,Dom Pedrito,RS,2020,0
HANTA,Hantaviroses,430660,Dom Pedrito,RS,2021,0
HANTA,Hantaviroses,430660,Dom Pedrito,RS,2022,0
HANTA,Hantaviroses,430660,Dom Pedrito,RS,2023,1
HANTA,Hantaviroses,430660,Dom Pedrito,RS,2024,0
HANTA,Hantaviroses,430660,Dom Pedrito,RS,2025,0
HANTA,Hantaviroses,430700,Erechim,RS,2007,0
HANTA,Hantaviroses,430700,Erechim,RS,2008,0
HANTA,Hantaviroses,430700,Erechim,RS,2009,0
HANTA,Hantaviroses,430700,Erechim,RS,2010,0
HANTA,Hantaviroses,430700,Erechim,RS,2011,0
HANTA,Hantaviroses,430700,Erechim,RS,2012,0
HANTA,Hantaviroses,430700,Erechim,RS,2013,0
HANTA,Hantaviroses,430700,Erechim,RS,2014,0
HANTA,Hantaviroses,430700,Erechim,RS,2015,1
HANTA,Hantaviroses,430700,Erechim,RS,2016,2
HANTA,Hantaviroses,430700,Erechim,RS,2017,1
HANTA,Hantaviroses,430700,Erechim,RS,2018,0
HANTA,Hantaviroses,430700,Erechim,RS,2019,0
HANTA,Hantaviroses,430700,Erechim,RS,2020,0
HANTA,Hantaviroses,430700,Erechim,RS,2021,0
HANTA,Hantaviroses,430700,Erechim,RS,2022,2
HANTA,Hantaviroses,430700,Erechim,RS,2023,0
HANTA,Hantaviroses,430700,Erechim,RS,2024,4
HANTA,Hantaviroses,430700,Erechim,RS,2025,1
HANTA,Hantaviroses,430790,Farroupilha,RS,2007,2
HANTA,Hantaviroses,430790,Farroupilha,RS,2008,1
HANTA,Hantaviroses,430790,Farroupilha,RS,2009,0
HANTA,Hantaviroses,430790,Farroupilha,RS,2010,0
HANTA,Hantaviroses,430790,Farroupilha,RS,2011,0
HANTA,Hantaviroses,430790,Farroupilha,RS,2012,0
HANTA,Hantaviroses,430790,Farroupilha,RS,2013,0
HANTA,Hantaviroses,430790,Farroupilha,RS,2014,0
HANTA,Hantaviroses,430790,Farroupilha,RS,2015,0
HANTA,Hantaviroses,430790,Farroupilha,RS,2016,0
HANTA,Hantaviroses,430790,Farroupilha,RS,2017,0
HANTA,Hantaviroses,430790,Farroupilha,RS,2018,0
HANTA,Hantaviroses,430790,Farroupilha,RS,2019,0
HANTA,Hantaviroses,430790,Farroupilha,RS,2020,0
HANTA,Hantaviroses,430790,Farroupilha,RS,2021,0
HANTA,Hantaviroses,430790,Farroupilha,RS,2022,0
HANTA,Hantaviroses,430790,Farroupilha,RS,2023,0
HANTA,Hantaviroses,430790,Farroupilha,RS,2024,0
HANTA,Hantaviroses,430790,Farroupilha,RS,2025,0
HANTA,Hantaviroses,430810,Feliz,RS,2007,0
HANTA,Hantaviroses,430810,Feliz,RS,2008,0
HANTA,Hantaviroses,430810,Feliz,RS,2009,0
HANTA,Hantaviroses,430810,Feliz,RS,2010,0
HANTA,Hantaviroses,430810,Feliz,RS,2011,0
HANTA,Hantaviroses,430810,Feliz,RS,2012,0
HANTA,Hantaviroses,430810,Feliz,RS,2013,1
HANTA,Hantaviroses,430810,Feliz,RS,2014,0
HANTA,Hantaviroses,430810,Feliz,RS,2015,0
HANTA,Hantaviroses,430810,Feliz,RS,2016,0
HANTA,Hantaviroses,430810,Feliz,RS,2017,0
HANTA,Hantaviroses,430810,Feliz,RS,2018,0
HANTA,Hantaviroses,430810,Feliz,RS,2019,0
HANTA,Hantaviroses,430810,Feliz,RS,2020,0
HANTA,Hantaviroses,430810,Feliz,RS,2021,0
HANTA,Hantaviroses,430810,Feliz,RS,2022,0
HANTA,Hantaviroses,430810,Feliz,RS,2023,0
HANTA,Hantaviroses,430810,Feliz,RS,2024,0
HANTA,Hantaviroses,430810,Feliz,RS,2025,0
HANTA,Hantaviroses,430910,Gramado,RS,2007,0
HANTA,Hantaviroses,430910,Gramado,RS,2008,0
HANTA,Hantaviroses,430910,Gramado,RS,2009,0
HANTA,Hantaviroses,430910,Gramado,RS,2010,0
HANTA,Hantaviroses,430910,Gramado,RS,2011,0
HANTA,Hantaviroses,430910,Gramado,RS,2012,0
HANTA,Hantaviroses,430910,Gramado,RS,2013,0
HANTA,Hantaviroses,430910,Gramado,RS,2014,0
HANTA,Hantaviroses,430910,Gramado,RS,2015,0
HANTA,Hantaviroses,430910,Gramado,RS,2016,0
HANTA,Hantaviroses,430910,Gramado,RS,2017,0
HANTA,Hantaviroses,430910,Gramado,RS,2018,0
HANTA,Hantaviroses,430910,Gramado,RS,2019,0
HANTA,Hantaviroses,430910,Gramado,RS,2020,0
HANTA,Hantaviroses,430910,Gramado,RS,2021,0
HANTA,Hantaviroses,430910,Gramado,RS,2022,1
HANTA,Hantaviroses,430910,Gramado,RS,2023,0
HANTA,Hantaviroses,430910,Gramado,RS,2024,0
HANTA,Hantaviroses,430910,Gramado,RS,2025,1
HANTA,Hantaviroses,431010,Igrejinha,RS,2007,1
HANTA,Hantaviroses,431010,Igrejinha,RS,2008,0
HANTA,Hantaviroses,431010,Igrejinha,RS,2009,0
HANTA,Hantaviroses,431010,Igrejinha,RS,2010,0
HANTA,Hantaviroses,431010,Igrejinha,RS,2011,0
HANTA,Hantaviroses,431010,Igrejinha,RS,2012,0
HANTA,Hantaviroses,431010,Igrejinha,RS,2013,0
HANTA,Hantaviroses,431010,Igrejinha,RS,2014,0
HANTA,Hantaviroses,431010,Igrejinha,RS,2015,0
HANTA,Hantaviroses,431010,Igrejinha,RS,2016,0
HANTA,Hantaviroses,431010,Igrejinha,RS,2017,0
HANTA,Hantaviroses,431010,Igrejinha,RS,2018,0
HANTA,Hantaviroses,431010,Igrejinha,RS,2019,0
HANTA,Hantaviroses,431010,Igrejinha,RS,2020,0
HANTA,Hantaviroses,431010,Igrejinha,RS,2021,0
HANTA,Hantaviroses,431010,Igrejinha,RS,2022,0
HANTA,Hantaviroses,431010,Igrejinha,RS,2023,0
HANTA,Hantaviroses,431010,Igrejinha,RS,2024,0
HANTA,Hantaviroses,431010,Igrejinha,RS,2025,0
HANTA,Hantaviroses,431020,Ijui,RS,2007,0
HANTA,Hantaviroses,431020,Ijui,RS,2008,0
HANTA,Hantaviroses,431020,Ijui,RS,2009,0
HANTA,Hantaviroses,431020,Ijui,RS,2010,1
HANTA,Hantaviroses,431020,Ijui,RS,2011,0
HANTA,Hantaviroses,431020,Ijui,RS,2012,0
HANTA,Hantaviroses,431020,Ijui,RS,2013,0
HANTA,Hantaviroses,431020,Ijui,RS,2014,0
HANTA,Hantaviroses,431020,Ijui,RS,2015,0
HANTA,Hantaviroses,431020,Ijui,RS,2016,0
HANTA,Hantaviroses,431020,Ijui,RS,2017,0
HANTA,Hantaviroses,431020,Ijui,RS,2018,0
HANTA,Hantaviroses,431020,Ijui,RS,2019,0
HANTA,Hantaviroses,431020,Ijui,RS,2020,0
HANTA,Hantaviroses,431020,Ijui,RS,2021,0
HANTA,Hantaviroses,431020,Ijui,RS,2022,0
HANTA,Hantaviroses,431020,Ijui,RS,2023,0
HANTA,Hantaviroses,431020,Ijui,RS,2024,0
HANTA,Hantaviroses,431020,Ijui,RS,2025,0
HANTA,Hantaviroses,431140,Lajeado,RS,2007,0
HANTA,Hantaviroses,431140,Lajeado,RS,2008,0
HANTA,Hantaviroses,431140,Lajeado,RS,2009,0
HANTA,Hantaviroses,431140,Lajeado,RS,2010,0
HANTA,Hantaviroses,431140,Lajeado,RS,2011,0
HANTA,Hantaviroses,431140,Lajeado,RS,2012,0
HANTA,Hantaviroses,431140,Lajeado,RS,2013,1
HANTA,Hantaviroses,431140,Lajeado,RS,2014,0
HANTA,Hantaviroses,431140,Lajeado,RS,2015,0
HANTA,Hantaviroses,431140,Lajeado,RS,2016,0
HANTA,Hantaviroses,431140,Lajeado,RS,2017,0
HANTA,Hantaviroses,431140,Lajeado,RS,2018,0
HANTA,Hantaviroses,431140,Lajeado,RS,2019,0
HANTA,Hantaviroses,431140,Lajeado,RS,2020,0
HANTA,Hantaviroses,431140,Lajeado,RS,2021,0
HANTA,Hantaviroses,431140,Lajeado,RS,2022,0
HANTA,Hantaviroses,431140,Lajeado,RS,2023,0
HANTA,Hantaviroses,431140,Lajeado,RS,2024,0
HANTA,Hantaviroses,431140,Lajeado,RS,2025,0
HANTA,Hantaviroses,431180,Marau,RS,2007,0
HANTA,Hantaviroses,431180,Marau,RS,2008,0
HANTA,Hantaviroses,431180,Marau,RS,2009,0
HANTA,Hantaviroses,431180,Marau,RS,2010,0
HANTA,Hantaviroses,431180,Marau,RS,2011,0
HANTA,Hantaviroses,431180,Marau,RS,2012,1
HANTA,Hantaviroses,431180,Marau,RS,2013,0
HANTA,Hantaviroses,431180,Marau,RS,2014,0
HANTA,Hantaviroses,431180,Marau,RS,2015,1
HANTA,Hantaviroses,431180,Marau,RS,2016,0
HANTA,Hantaviroses,431180,Marau,RS,2017,0
HANTA,Hantaviroses,431180,Marau,RS,2018,0
HANTA,Hantaviroses,431180,Marau,RS,2019,0
HANTA,Hantaviroses,431180,Marau,RS,2020,0
HANTA,Hantaviroses,431180,Marau,RS,2021,0
HANTA,Hantaviroses,431180,Marau,RS,2022,0
HANTA,Hantaviroses,431180,Marau,RS,2023,0
HANTA,Hantaviroses,431180,Marau,RS,2024,0
HANTA,Hantaviroses,431180,Marau,RS,2025,0
HANTA,Hantaviroses,431275,Nova Alvorada,RS,2007,0
HANTA,Hantaviroses,431275,Nova Alvorada,RS,2008,0
HANTA,Hantaviroses,431275,Nova Alvorada,RS,2009,0
HANTA,Hantaviroses,431275,Nova Alvorada,RS,2010,0
HANTA,Hantaviroses,431275,Nova Alvorada,RS,2011,0
HANTA,Hantaviroses,431275,Nova Alvorada,RS,2012,0
HANTA,Hantaviroses,431275,Nova Alvorada,RS,2013,0
HANTA,Hantaviroses,431275,Nova Alvorada,RS,2014,0
HANTA,Hantaviroses,431275,Nova Alvorada,RS,2015,0
HANTA,Hantaviroses,431275,Nova Alvorada,RS,2016,0
HANTA,Hantaviroses,431275,Nova Alvorada,RS,2017,0
HANTA,Hantaviroses,431275,Nova Alvorada,RS,2018,1
HANTA,Hantaviroses,431275,Nova Alvorada,RS,2019,0
HANTA,Hantaviroses,431275,Nova Alvorada,RS,2020,0
HANTA,Hantaviroses,431275,Nova Alvorada,RS,2021,0
HANTA,Hantaviroses,431275,Nova Alvorada,RS,2022,0
HANTA,Hantaviroses,431275,Nova Alvorada,RS,2023,0
HANTA,Hantaviroses,431275,Nova Alvorada,RS,2024,0
HANTA,Hantaviroses,431275,Nova Alvorada,RS,2025,0
HANTA,Hantaviroses,431320,Nova Petropolis,RS,2007,0
HANTA,Hantaviroses,431320,Nova Petropolis,RS,2008,0
HANTA,Hantaviroses,431320,Nova Petropolis,RS,2009,0
HANTA,Hantaviroses,431320,Nova Petropolis,RS,2010,0
HANTA,Hantaviroses,431320,Nova Petropolis,RS,2011,0
HANTA,Hantaviroses,431320,Nova Petropolis,RS,2012,0
HANTA,Hantaviroses,431320,Nova Petropolis,RS,2013,0
HANTA,Hantaviroses,431320,Nova Petropolis,RS,2014,0
HANTA,Hantaviroses,431320,Nova Petropolis,RS,2015,0
HANTA,Hantaviroses,431320,Nova Petropolis,RS,2016,0
HANTA,Hantaviroses,431320,Nova Petropolis,RS,2017,1
HANTA,Hantaviroses,431320,Nova Petropolis,RS,2018,0
HANTA,Hantaviroses,431320,Nova Petropolis,RS,2019,0
HANTA,Hantaviroses,431320,Nova Petropolis,RS,2020,0
HANTA,Hantaviroses,431320,Nova Petropolis,RS,2021,0
HANTA,Hantaviroses,431320,Nova Petropolis,RS,2022,0
HANTA,Hantaviroses,431320,Nova Petropolis,RS,2023,0
HANTA,Hantaviroses,431320,Nova Petropolis,RS,2024,0
HANTA,Hantaviroses,431320,Nova Petropolis,RS,2025,0
HANTA,Hantaviroses,431410,Passo Fundo,RS,2007,0
HANTA,Hantaviroses,431410,Passo Fundo,RS,2008,4
HANTA,Hantaviroses,431410,Passo Fundo,RS,2009,2
HANTA,Hantaviroses,431410,Passo Fundo,RS,2010,2
HANTA,Hantaviroses,431410,Passo Fundo,RS,2011,3
HANTA,Hantaviroses,431410,Passo Fundo,RS,2012,0
HANTA,Hantaviroses,431410,Passo Fundo,RS,2013,0
HANTA,Hantaviroses,431410,Passo Fundo,RS,2014,2
HANTA,Hantaviroses,431410,Passo Fundo,RS,2015,1
HANTA,Hantaviroses,431410,Passo Fundo,RS,2016,4
HANTA,Hantaviroses,431410,Passo Fundo,RS,2017,3
HANTA,Hantaviroses,431410,Passo Fundo,RS,2018,0
HANTA,Hantaviroses,431410,Passo Fundo,RS,2019,3
HANTA,Hantaviroses,431410,Passo Fundo,RS,2020,0
HANTA,Hantaviroses,431410,Passo Fundo,RS,2021,0
HANTA,Hantaviroses,431410,Passo Fundo,RS,2022,1
HANTA,Hantaviroses,431410,Passo Fundo,RS,2023,1
HANTA,Hantaviroses,431410,Passo Fundo,RS,2024,1
HANTA,Hantaviroses,431410,Passo Fundo,RS,2025,0
HANTA,Hantaviroses,431440,Pelotas,RS,2007,0
HANTA,Hantaviroses,431440,Pelotas,RS,2008,0
HANTA,Hantaviroses,431440,Pelotas,RS,2009,1
HANTA,Hantaviroses,431440,Pelotas,RS,2010,1
HANTA,Hantaviroses,431440,Pelotas,RS,2011,0
HANTA,Hantaviroses,431440,Pelotas,RS,2012,0
HANTA,Hantaviroses,431440,Pelotas,RS,2013,0
HANTA,Hantaviroses,431440,Pelotas,RS,2014,0
HANTA,Hantaviroses,431440,Pelotas,RS,2015,1
HANTA,Hantaviroses,431440,Pelotas,RS,2016,0
HANTA,Hantaviroses,431440,Pelotas,RS,2017,0
HANTA,Hantaviroses,431440,Pelotas,RS,2018,0
HANTA,Hantaviroses,431440,Pelotas,RS,2019,1
HANTA,Hantaviroses,431440,Pelotas,RS,2020,0
HANTA,Hantaviroses,431440,Pelotas,RS,2021,0
HANTA,Hantaviroses,431440,Pelotas,RS,2022,0
HANTA,Hantaviroses,431440,Pelotas,RS,2023,0
HANTA,Hantaviroses,431440,Pelotas,RS,2024,0
HANTA,Hantaviroses,431440,Pelotas,RS,2025,2
HANTA,Hantaviroses,431442,Picada Cafe,RS,2007,0
HANTA,Hantaviroses,431442,Picada Cafe,RS,2008,0
HANTA,Hantaviroses,431442,Picada Cafe,RS,2009,0
HANTA,Hantaviroses,431442,Picada Cafe,RS,2010,1
HANTA,Hantaviroses,431442,Picada Cafe,RS,2011,0
HANTA,Hantaviroses,431442,Picada Cafe,RS,2012,0
HANTA,Hantaviroses,431442,Picada Cafe,RS,2013,0
HANTA,Hantaviroses,431442,Picada Cafe,RS,2014,0
HANTA,Hantaviroses,431442,Picada Cafe,RS,2015,0
HANTA,Hantaviroses,431442,Picada Cafe,RS,2016,0
HANTA,Hantaviroses,431442,Picada Cafe,RS,2017,0
HANTA,Hantaviroses,431442,Picada Cafe,RS,2018,0
HANTA,Hantaviroses,431442,Picada Cafe,RS,2019,0
HANTA,Hantaviroses,431442,Picada Cafe,RS,2020,0
HANTA,Hantaviroses,431442,Picada Cafe,RS,2021,0
HANTA,Hantaviroses,431442,Picada Cafe,RS,2022,0
HANTA,Hantaviroses,431442,Picada Cafe,RS,2023,0
HANTA,Hantaviroses,431442,Picada Cafe,RS,2024,0
HANTA,Hantaviroses,431442,Picada Cafe,RS,2025,0
HANTA,Hantaviroses,431490,Porto Alegre,RS,2007,0
HANTA,Hantaviroses,431490,Porto Alegre,RS,2008,0
HANTA,Hantaviroses,431490,Porto Alegre,RS,2009,0
HANTA,Hantaviroses,431490,Porto Alegre,RS,2010,0
HANTA,Hantaviroses,431490,Porto Alegre,RS,2011,0
HANTA,Hantaviroses,431490,Porto Alegre,RS,2012,0
HANTA,Hantaviroses,431490,Porto Alegre,RS,2013,0
HANTA,Hantaviroses,431490,Porto Alegre,RS,2014,0
HANTA,Hantaviroses,431490,Porto Alegre,RS,2015,1
HANTA,Hantaviroses,431490,Porto Alegre,RS,2016,0
HANTA,Hantaviroses,431490,Porto Alegre,RS,2017,0
HANTA,Hantaviroses,431490,Porto Alegre,RS,2018,0
HANTA,Hantaviroses,431490,Porto Alegre,RS,2019,0
HANTA,Hantaviroses,431490,Porto Alegre,RS,2020,0
HANTA,Hantaviroses,431490,Porto Alegre,RS,2021,0
HANTA,Hantaviroses,431490,Porto Alegre,RS,2022,0
HANTA,Hantaviroses,431490,Porto Alegre,RS,2023,0
HANTA,Hantaviroses,431490,Porto Alegre,RS,2024,0
HANTA,Hantaviroses,431490,Porto Alegre,RS,2025,0
HANTA,Hantaviroses,431560,Rio Grande,RS,2007,0
HANTA,Hantaviroses,431560,Rio Grande,RS,2008,0
HANTA,Hantaviroses,431560,Rio Grande,RS,2009,0
HANTA,Hantaviroses,431560,Rio Grande,RS,2010,1
HANTA,Hantaviroses,431560,Rio Grande,RS,2011,0
HANTA,Hantaviroses,431560,Rio Grande,RS,2012,1
HANTA,Hantaviroses,431560,Rio Grande,RS,2013,1
HANTA,Hantaviroses,431560,Rio Grande,RS,2014,0
HANTA,Hantaviroses,431560,Rio Grande,RS,2015,0
HANTA,Hantaviroses,431560,Rio Grande,RS,2016,0
HANTA,Hantaviroses,431560,Rio Grande,RS,2017,0
HANTA,Hantaviroses,431560,Rio Grande,RS,2018,1
HANTA,Hantaviroses,431560,Rio Grande,RS,2019,0
HANTA,Hantaviroses,431560,Rio Grande,RS,2020,0
HANTA,Hantaviroses,431560,Rio Grande,RS,2021,0
HANTA,Hantaviroses,431560,Rio Grande,RS,2022,0
HANTA,Hantaviroses,431560,Rio Grande,RS,2023,0
HANTA,Hantaviroses,431560,Rio Grande,RS,2024,0
HANTA,Hantaviroses,431560,Rio Grande,RS,2025,0
HANTA,Hantaviroses,431660,Sananduva,RS,2007,0
HANTA,Hantaviroses,431660,Sananduva,RS,2008,0
HANTA,Hantaviroses,431660,Sananduva,RS,2009,0
HANTA,Hantaviroses,431660,Sananduva,RS,2010,0
HANTA,Hantaviroses,431660,Sananduva,RS,2011,0
HANTA,Hantaviroses,431660,Sananduva,RS,2012,0
HANTA,Hantaviroses,431660,Sananduva,RS,2013,0
HANTA,Hantaviroses,431660,Sananduva,RS,2014,0
HANTA,Hantaviroses,431660,Sananduva,RS,2015,2
HANTA,Hantaviroses,431660,Sananduva,RS,2016,0
HANTA,Hantaviroses,431660,Sananduva,RS,2017,0
HANTA,Hantaviroses,431660,Sananduva,RS,2018,1
HANTA,Hantaviroses,431660,Sananduva,RS,2019,0
HANTA,Hantaviroses,431660,Sananduva,RS,2020,0
HANTA,Hantaviroses,431660,Sananduva,RS,2021,0
HANTA,Hantaviroses,431660,Sananduva,RS,2022,0
HANTA,Hantaviroses,431660,Sananduva,RS,2023,0
HANTA,Hantaviroses,431660,Sananduva,RS,2024,0
HANTA,Hantaviroses,431660,Sananduva,RS,2025,0
HANTA,Hantaviroses,431680,Santa Cruz do Sul,RS,2007,0
HANTA,Hantaviroses,431680,Santa Cruz do Sul,RS,2008,0
HANTA,Hantaviroses,431680,Santa Cruz do Sul,RS,2009,2
HANTA,Hantaviroses,431680,Santa Cruz do Sul,RS,2010,0
HANTA,Hantaviroses,431680,Santa Cruz do Sul,RS,2011,3
HANTA,Hantaviroses,431680,Santa Cruz do Sul,RS,2012,0
HANTA,Hantaviroses,431680,Santa Cruz do Sul,RS,2013,1
HANTA,Hantaviroses,431680,Santa Cruz do Sul,RS,2014,0
HANTA,Hantaviroses,431680,Santa Cruz do Sul,RS,2015,0
HANTA,Hantaviroses,431680,Santa Cruz do Sul,RS,2016,0
HANTA,Hantaviroses,431680,Santa Cruz do Sul,RS,2017,1
HANTA,Hantaviroses,431680,Santa Cruz do Sul,RS,2018,2
HANTA,Hantaviroses,431680,Santa Cruz do Sul,RS,2019,0
HANTA,Hantaviroses,431680,Santa Cruz do Sul,RS,2020,0
HANTA,Hantaviroses,431680,Santa Cruz do Sul,RS,2021,0
HANTA,Hantaviroses,431680,Santa Cruz do Sul,RS,2022,0
HANTA,Hantaviroses,431680,Santa Cruz do Sul,RS,2023,0
HANTA,Hantaviroses,431680,Santa Cruz do Sul,RS,2024,0
HANTA,Hantaviroses,431680,Santa Cruz do Sul,RS,2025,1
HANTA,Hantaviroses,431690,Santa Maria,RS,2007,0
HANTA,Hantaviroses,431690,Santa Maria,RS,2008,0
HANTA,Hantaviroses,431690,Santa Maria,RS,2009,0
HANTA,Hantaviroses,431690,Santa Maria,RS,2010,0
HANTA,Hantaviroses,431690,Santa Maria,RS,2011,0
HANTA,Hantaviroses,431690,Santa Maria,RS,2012,1
HANTA,Hantaviroses,431690,Santa Maria,RS,2013,0
HANTA,Hantaviroses,431690,Santa Maria,RS,2014,0
HANTA,Hantaviroses,431690,Santa Maria,RS,2015,0
HANTA,Hantaviroses,431690,Santa Maria,RS,2016,0
HANTA,Hantaviroses,431690,Santa Maria,RS,2017,0
HANTA,Hantaviroses,431690,Santa Maria,RS,2018,0
HANTA,Hantaviroses,431690,Santa Maria,RS,2019,0
HANTA,Hantaviroses,431690,Santa Maria,RS,2020,0
HANTA,Hantaviroses,431690,Santa Maria,RS,2021,0
HANTA,Hantaviroses,431690,Santa Maria,RS,2022,0
HANTA,Hantaviroses,431690,Santa Maria,RS,2023,0
HANTA,Hantaviroses,431690,Santa Maria,RS,2024,0
HANTA,Hantaviroses,431690,Santa Maria,RS,2025,0
HANTA,Hantaviroses,431720,Santa Rosa,RS,2007,0
HANTA,Hantaviroses,431720,Santa Rosa,RS,2008,0
HANTA,Hantaviroses,431720,Santa Rosa,RS,2009,0
HANTA,Hantaviroses,431720,Santa Rosa,RS,2010,0
HANTA,Hantaviroses,431720,Santa Rosa,RS,2011,0
HANTA,Hantaviroses,431720,Santa Rosa,RS,2012,0
HANTA,Hantaviroses,431720,Santa Rosa,RS,2013,1
HANTA,Hantaviroses,431720,Santa Rosa,RS,2014,0
HANTA,Hantaviroses,431720,Santa Rosa,RS,2015,0
HANTA,Hantaviroses,431720,Santa Rosa,RS,2016,0
HANTA,Hantaviroses,431720,Santa Rosa,RS,2017,0
HANTA,Hantaviroses,431720,Santa Rosa,RS,2018,0
HANTA,Hantaviroses,431720,Santa Rosa,RS,2019,0
HANTA,Hantaviroses,431720,Santa Rosa,RS,2020,0
HANTA,Hantaviroses,431720,Santa Rosa,RS,2021,0
HANTA,Hantaviroses,431720,Santa Rosa,RS,2022,0
HANTA,Hantaviroses,431720,Santa Rosa,RS,2023,0
HANTA,Hantaviroses,431720,Santa Rosa,RS,2024,0
HANTA,Hantaviroses,431720,Santa Rosa,RS,2025,0
HANTA,Hantaviroses,432026,Segredo,RS,2007,0
HANTA,Hantaviroses,432026,Segredo,RS,2008,0
HANTA,Hantaviroses,432026,Segredo,RS,2009,0
HANTA,Hantaviroses,432026,Segredo,RS,2010,0
HANTA,Hantaviroses,432026,Segredo,RS,2011,0
HANTA,Hantaviroses,432026,Segredo,RS,2012,0
HANTA,Hantaviroses,432026,Segredo,RS,2013,0
HANTA,Hantaviroses,432026,Segredo,RS,2014,0
HANTA,Hantaviroses,432026,Segredo,RS,2015,0
HANTA,Hantaviroses,432026,Segredo,RS,2016,1
HANTA,Hantaviroses,432026,Segredo,RS,2017,0
HANTA,Hantaviroses,432026,Segredo,RS,2018,0
HANTA,Hantaviroses,432026,Segredo,RS,2019,0
HANTA,Hantaviroses,432026,Segredo,RS,2020,0
HANTA,Hantaviroses,432026,Segredo,RS,2021,0
HANTA,Hantaviroses,432026,Segredo,RS,2022,0
HANTA,Hantaviroses,432026,Segredo,RS,2023,0
HANTA,Hantaviroses,432026,Segredo,RS,2024,0
HANTA,Hantaviroses,432026,Segredo,RS,2025,0
HANTA,Hantaviroses,432067,Sinimbu,RS,2007,0
HANTA,Hantaviroses,432067,Sinimbu,RS,2008,0
HANTA,Hantaviroses,432067,Sinimbu,RS,2009,0
HANTA,Hantaviroses,432067,Sinimbu,RS,2010,0
HANTA,Hantaviroses,432067,Sinimbu,RS,2011,0
HANTA,Hantaviroses,432067,Sinimbu,RS,2012,0
HANTA,Hantaviroses,432067,Sinimbu,RS,2013,1
HANTA,Hantaviroses,432067,Sinimbu,RS,2014,0
HANTA,Hantaviroses,432067,Sinimbu,RS,2015,0
HANTA,Hantaviroses,432067,Sinimbu,RS,2016,1
HANTA,Hantaviroses,432067,Sinimbu,RS,2017,0
HANTA,Hantaviroses,432067,Sinimbu,RS,2018,1
HANTA,Hantaviroses,432067,Sinimbu,RS,2019,1
HANTA,Hantaviroses,432067,Sinimbu,RS,2020,0
HANTA,Hantaviroses,432067,Sinimbu,RS,2021,0
HANTA,Hantaviroses,432067,Sinimbu,RS,2022,1
HANTA,Hantaviroses,432067,Sinimbu,RS,2023,0
HANTA,Hantaviroses,432067,Sinimbu,RS,2024,0
HANTA,Hantaviroses,432067,Sinimbu,RS,2025,0
HANTA,Hantaviroses,432090,Tapejara,RS,2007,0
HANTA,Hantaviroses,432090,Tapejara,RS,2008,0
HANTA,Hantaviroses,432090,Tapejara,RS,2009,0
HANTA,Hantaviroses,432090,Tapejara,RS,2010,0
HANTA,Hantaviroses,432090,Tapejara,RS,2011,0
HANTA,Hantaviroses,432090,Tapejara,RS,2012,0
HANTA,Hantaviroses,432090,Tapejara,RS,2013,0
HANTA,Hantaviroses,432090,Tapejara,RS,2014,0
HANTA,Hantaviroses,432090,Tapejara,RS,2015,0
HANTA,Hantaviroses,432090,Tapejara,RS,2016,0
HANTA,Hantaviroses,432090,Tapejara,RS,2017,1
HANTA,Hantaviroses,432090,Tapejara,RS,2018,0
HANTA,Hantaviroses,432090,Tapejara,RS,2019,0
HANTA,Hantaviroses,432090,Tapejara,RS,2020,0
HANTA,Hantaviroses,432090,Tapejara,RS,2021,0
HANTA,Hantaviroses,432090,Tapejara,RS,2022,0
HANTA,Hantaviroses,432090,Tapejara,RS,2023,1
HANTA,Hantaviroses,432090,Tapejara,RS,2024,0
HANTA,Hantaviroses,432090,Tapejara,RS,2025,0
HANTA,Hantaviroses,432150,Torres,RS,2007,0
HANTA,Hantaviroses,432150,Torres,RS,2008,0
HANTA,Hantaviroses,432150,Torres,RS,2009,0
HANTA,Hantaviroses,432150,Torres,RS,2010,0
HANTA,Hantaviroses,432150,Torres,RS,2011,0
HANTA,Hantaviroses,432150,Torres,RS,2012,0
HANTA,Hantaviroses,432150,Torres,RS,2013,0
HANTA,Hantaviroses,432150,Torres,RS,2014,0
HANTA,Hantaviroses,432150,Torres,RS,2015,1
HANTA,Hantaviroses,432150,Torres,RS,2016,0
HANTA,Hantaviroses,432150,Torres,RS,2017,0
HANTA,Hantaviroses,432150,Torres,RS,2018,0
HANTA,Hantaviroses,432150,Torres,RS,2019,0
HANTA,Hantaviroses,432150,Torres,RS,2020,0
HANTA,Hantaviroses,432150,Torres,RS,2021,0
HANTA,Hantaviroses,432150,Torres,RS,2022,0
HANTA,Hantaviroses,432150,Torres,RS,2023,0
HANTA,Hantaviroses,432150,Torres,RS,2024,0
HANTA,Hantaviroses,432150,Torres,RS,2025,0
HANTA,Hantaviroses,432170,Tres Coroas,RS,2007,1
HANTA,Hantaviroses,432170,Tres Coroas,RS,2008,0
HANTA,Hantaviroses,432170,Tres Coroas,RS,2009,0
HANTA,Hantaviroses,432170,Tres Coroas,RS,2010,0
HANTA,Hantaviroses,432170,Tres Coroas,RS,2011,0
HANTA,Hantaviroses,432170,Tres Coroas,RS,2012,0
HANTA,Hantaviroses,432170,Tres Coroas,RS,2013,0
HANTA,Hantaviroses,432170,Tres Coroas,RS,2014,0
HANTA,Hantaviroses,432170,Tres Coroas,RS,2015,0
HANTA,Hantaviroses,432170,Tres Coroas,RS,2016,0
HANTA,Hantaviroses,432170,Tres Coroas,RS,2017,0
HANTA,Hantaviroses,432170,Tres Coroas,RS,2018,0
HANTA,Hantaviroses,432170,Tres Coroas,RS,2019,0
HANTA,Hantaviroses,432170,Tres Coroas,RS,2020,0
HANTA,Hantaviroses,432170,Tres Coroas,RS,2021,0
HANTA,Hantaviroses,432170,Tres Coroas,RS,2022,0
HANTA,Hantaviroses,432170,Tres Coroas,RS,2023,0
HANTA,Hantaviroses,432170,Tres Coroas,RS,2024,0
HANTA,Hantaviroses,432170,Tres Coroas,RS,2025,0
HANTA,Hantaviroses,432190,Tres Passos,RS,2007,0
HANTA,Hantaviroses,432190,Tres Passos,RS,2008,0
HANTA,Hantaviroses,432190,Tres Passos,RS,2009,0
HANTA,Hantaviroses,432190,Tres Passos,RS,2010,0
HANTA,Hantaviroses,432190,Tres Passos,RS,2011,0
HANTA,Hantaviroses,432190,Tres Passos,RS,2012,0
HANTA,Hantaviroses,432190,Tres Passos,RS,2013,0
HANTA,Hantaviroses,432190,Tres Passos,RS,2014,0
HANTA,Hantaviroses,432190,Tres Passos,RS,2015,0
HANTA,Hantaviroses,432190,Tres Passos,RS,2016,0
HANTA,Hantaviroses,432190,Tres Passos,RS,2017,0
HANTA,Hantaviroses,432190,Tres Passos,RS,2018,0
HANTA,Hantaviroses,432190,Tres Passos,RS,2019,0
HANTA,Hantaviroses,432190,Tres Passos,RS,2020,0
HANTA,Hantaviroses,432190,Tres Passos,RS,2021,0
HANTA,Hantaviroses,432190,Tres Passos,RS,2022,1
HANTA,Hantaviroses,432190,Tres Passos,RS,2023,0
HANTA,Hantaviroses,432190,Tres Passos,RS,2024,0
HANTA,Hantaviroses,432190,Tres Passos,RS,2025,0
HANTA,Hantaviroses,432250,Vacaria,RS,2007,0
HANTA,Hantaviroses,432250,Vacaria,RS,2008,0
HANTA,Hantaviroses,432250,Vacaria,RS,2009,0
HANTA,Hantaviroses,432250,Vacaria,RS,2010,0
HANTA,Hantaviroses,432250,Vacaria,RS,2011,0
HANTA,Hantaviroses,432250,Vacaria,RS,2012,0
HANTA,Hantaviroses,432250,Vacaria,RS,2013,0
HANTA,Hantaviroses,432250,Vacaria,RS,2014,0
HANTA,Hantaviroses,432250,Vacaria,RS,2015,0
HANTA,Hantaviroses,432250,Vacaria,RS,2016,0
HANTA,Hantaviroses,432250,Vacaria,RS,2017,0
HANTA,Hantaviroses,432250,Vacaria,RS,2018,0
HANTA,Hantaviroses,432250,Vacaria,RS,2019,0
HANTA,Hantaviroses,432250,Vacaria,RS,2020,0
HANTA,Hantaviroses,432250,Vacaria,RS,2021,1
HANTA,Hantaviroses,432250,Vacaria,RS,2022,0
HANTA,Hantaviroses,432250,Vacaria,RS,2023,1
HANTA,Hantaviroses,432250,Vacaria,RS,2024,0
HANTA,Hantaviroses,432250,Vacaria,RS,2025,2
HANTA,Hantaviroses,432280,Veranopolis,RS,2007,0
HANTA,Hantaviroses,432280,Veranopolis,RS,2008,0
HANTA,Hantaviroses,432280,Veranopolis,RS,2009,1
HANTA,Hantaviroses,432280,Veranopolis,RS,2010,0
HANTA,Hantaviroses,432280,Veranopolis,RS,2011,0
HANTA,Hantaviroses,432280,Veranopolis,RS,2012,0
HANTA,Hantaviroses,432280,Veranopolis,RS,2013,0
HANTA,Hantaviroses,432280,Veranopolis,RS,2014,0
HANTA,Hantaviroses,432280,Veranopolis,RS,2015,0
HANTA,Hantaviroses,432280,Veranopolis,RS,2016,0
HANTA,Hantaviroses,432280,Veranopolis,RS,2017,0
HANTA,Hantaviroses,432280,Veranopolis,RS,2018,0
HANTA,Hantaviroses,432280,Veranopolis,RS,2019,0
HANTA,Hantaviroses,432280,Veranopolis,RS,2020,0
HANTA,Hantaviroses,432280,Veranopolis,RS,2021,0
HANTA,Hantaviroses,432280,Veranopolis,RS,2022,0
HANTA,Hantaviroses,432280,Veranopolis,RS,2023,0
HANTA,Hantaviroses,432280,Veranopolis,RS,2024,0
HANTA,Hantaviroses,432280,Veranopolis,RS,2025,0
HANTA,Hantaviroses,432285,Vespasiano Correa,RS,2007,0
HANTA,Hantaviroses,432285,Vespasiano Correa,RS,2008,0
HANTA,Hantaviroses,432285,Vespasiano Correa,RS,2009,0
HANTA,Hantaviroses,432285,Vespasiano Correa,RS,2010,0
HANTA,Hantaviroses,432285,Vespasiano Correa,RS,2011,0
HANTA,Hantaviroses,432285,Vespasiano Correa,RS,2012,0
HANTA,Hantaviroses,432285,Vespasiano Correa,RS,2013,1
HANTA,Hantaviroses,432285,Vespasiano Correa,RS,2014,0
HANTA,Hantaviroses,432285,Vespasiano Correa,RS,2015,0
HANTA,Hantaviroses,432285,Vespasiano Correa,RS,2016,0
HANTA,Hantaviroses,432285,Vespasiano Correa,RS,2017,0
HANTA,Hantaviroses,432285,Vespasiano Correa,RS,2018,0
HANTA,Hantaviroses,432285,Vespasiano Correa,RS,2019,0
HANTA,Hantaviroses,432285,Vespasiano Correa,RS,2020,0
HANTA,Hantaviroses,432285,Vespasiano Correa,RS,2021,0
HANTA,Hantaviroses,432285,Vespasiano Correa,RS,2022,0
HANTA,Hantaviroses,432285,Vespasiano Correa,RS,2023,0
HANTA,Hantaviroses,432285,Vespasiano Correa,RS,2024,0
HANTA,Hantaviroses,432285,Vespasiano Correa,RS,2025,0
HANTA,Hantaviroses,420010,Abelardo Luz,SC,2007,0
HANTA,Hantaviroses,420010,Abelardo Luz,SC,2008,0
HANTA,Hantaviroses,420010,Abelardo Luz,SC,2009,0
HANTA,Hantaviroses,420010,Abelardo Luz,SC,2010,0
HANTA,Hantaviroses,420010,Abelardo Luz,SC,2011,0
HANTA,Hantaviroses,420010,Abelardo Luz,SC,2012,0
HANTA,Hantaviroses,420010,Abelardo Luz,SC,2013,0
HANTA,Hantaviroses,420010,Abelardo Luz,SC,2014,0
HANTA,Hantaviroses,420010,Abelardo Luz,SC,2015,0
HANTA,Hantaviroses,420010,Abelardo Luz,SC,2016,0
HANTA,Hantaviroses,420010,Abelardo Luz,SC,2017,0
HANTA,Hantaviroses,420010,Abelardo Luz,SC,2018,0
HANTA,Hantaviroses,420010,Abelardo Luz,SC,2019,0
HANTA,Hantaviroses,420010,Abelardo Luz,SC,2020,0
HANTA,Hantaviroses,420010,Abelardo Luz,SC,2021,0
HANTA,Hantaviroses,420010,Abelardo Luz,SC,2022,0
HANTA,Hantaviroses,420010,Abelardo Luz,SC,2023,0
HANTA,Hantaviroses,420010,Abelardo Luz,SC,2024,1
HANTA,Hantaviroses,420010,Abelardo Luz,SC,2025,0
HANTA,Hantaviroses,420030,Agronomica,SC,2007,0
HANTA,Hantaviroses,420030,Agronomica,SC,2008,0
HANTA,Hantaviroses,420030,Agronomica,SC,2009,0
HANTA,Hantaviroses,420030,Agronomica,SC,2010,0
HANTA,Hantaviroses,420030,Agronomica,SC,2011,0
HANTA,Hantaviroses,420030,Agronomica,SC,2012,0
HANTA,Hantaviroses,420030,Agronomica,SC,2013,0
HANTA,Hantaviroses,420030,Agronomica,SC,2014,0
HANTA,Hantaviroses,420030,Agronomica,SC,2015,0
HANTA,Hantaviroses,420030,Agronomica,SC,2016,0
HANTA,Hantaviroses,420030,Agronomica,SC,2017,0
HANTA,Hantaviroses,420030,Agronomica,SC,2018,0
HANTA,Hantaviroses,420030,Agronomica,SC,2019,0
HANTA,Hantaviroses,420030,Agronomica,SC,2020,0
HANTA,Hantaviroses,420030,Agronomica,SC,2021,0
HANTA,Hantaviroses,420030,Agronomica,SC,2022,0
HANTA,Hantaviroses,420030,Agronomica,SC,2023,1
HANTA,Hantaviroses,420030,Agronomica,SC,2024,0
HANTA,Hantaviroses,420030,Agronomica,SC,2025,0
HANTA,Hantaviroses,420040,Agua Doce,SC,2007,0
HANTA,Hantaviroses,420040,Agua Doce,SC,2008,0
HANTA,Hantaviroses,420040,Agua Doce,SC,2009,0
HANTA,Hantaviroses,420040,Agua Doce,SC,2010,0
HANTA,Hantaviroses,420040,Agua Doce,SC,2011,0
HANTA,Hantaviroses,420040,Agua Doce,SC,2012,0
HANTA,Hantaviroses,420040,Agua Doce,SC,2013,0
HANTA,Hantaviroses,420040,Agua Doce,SC,2014,0
HANTA,Hantaviroses,420040,Agua Doce,SC,2015,0
HANTA,Hantaviroses,420040,Agua Doce,SC,2016,0
HANTA,Hantaviroses,420040,Agua Doce,SC,2017,0
HANTA,Hantaviroses,420040,Agua Doce,SC,2018,0
HANTA,Hantaviroses,420040,Agua Doce,SC,2019,0
HANTA,Hantaviroses,420040,Agua Doce,SC,2020,0
HANTA,Hantaviroses,420040,Agua Doce,SC,2021,0
HANTA,Hantaviroses,420040,Agua Doce,SC,2022,1
HANTA,Hantaviroses,420040,Agua Doce,SC,2023,0
HANTA,Hantaviroses,420040,Agua Doce,SC,2024,0
HANTA,Hantaviroses,420040,Agua Doce,SC,2025,0
HANTA,Hantaviroses,420055,Aguas Frias,SC,2007,0
HANTA,Hantaviroses,420055,Aguas Frias,SC,2008,0
HANTA,Hantaviroses,420055,Aguas Frias,SC,2009,0
HANTA,Hantaviroses,420055,Aguas Frias,SC,2010,0
HANTA,Hantaviroses,420055,Aguas Frias,SC,2011,0
HANTA,Hantaviroses,420055,Aguas Frias,SC,2012,0
HANTA,Hantaviroses,420055,Aguas Frias,SC,2013,0
HANTA,Hantaviroses,420055,Aguas Frias,SC,2014,0
HANTA,Hantaviroses,420055,Aguas Frias,SC,2015,0
HANTA,Hantaviroses,420055,Aguas Frias,SC,2016,0
HANTA,Hantaviroses,420055,Aguas Frias,SC,2017,0
HANTA,Hantaviroses,420055,Aguas Frias,SC,2018,0
HANTA,Hantaviroses,420055,Aguas Frias,SC,2019,0
HANTA,Hantaviroses,420055,Aguas Frias,SC,2020,0
HANTA,Hantaviroses,420055,Aguas Frias,SC,2021,0
HANTA,Hantaviroses,420055,Aguas Frias,SC,2022,1
HANTA,Hantaviroses,420055,Aguas Frias,SC,2023,0
HANTA,Hantaviroses,420055,Aguas Frias,SC,2024,0
HANTA,Hantaviroses,420055,Aguas Frias,SC,2025,0
HANTA,Hantaviroses,420080,Anchieta,SC,2007,1
HANTA,Hantaviroses,420080,Anchieta,SC,2008,0
HANTA,Hantaviroses,420080,Anchieta,SC,2009,0
HANTA,Hantaviroses,420080,Anchieta,SC,2010,0
HANTA,Hantaviroses,420080,Anchieta,SC,2011,0
HANTA,Hantaviroses,420080,Anchieta,SC,2012,0
HANTA,Hantaviroses,420080,Anchieta,SC,2013,0
HANTA,Hantaviroses,420080,Anchieta,SC,2014,0
HANTA,Hantaviroses,420080,Anchieta,SC,2015,0
HANTA,Hantaviroses,420080,Anchieta,SC,2016,0
HANTA,Hantaviroses,420080,Anchieta,SC,2017,0
HANTA,Hantaviroses,420080,Anchieta,SC,2018,0
HANTA,Hantaviroses,420080,Anchieta,SC,2019,0
HANTA,Hantaviroses,420080,Anchieta,SC,2020,0
HANTA,Hantaviroses,420080,Anchieta,SC,2021,0
HANTA,Hantaviroses,420080,Anchieta,SC,2022,0
HANTA,Hantaviroses,420080,Anchieta,SC,2023,0
HANTA,Hantaviroses,420080,Anchieta,SC,2024,0
HANTA,Hantaviroses,420080,Anchieta,SC,2025,0
HANTA,Hantaviroses,420127,Arabuta,SC,2007,1
HANTA,Hantaviroses,420127,Arabuta,SC,2008,0
HANTA,Hantaviroses,420127,Arabuta,SC,2009,0
HANTA,Hantaviroses,420127,Arabuta,SC,2010,0
HANTA,Hantaviroses,420127,Arabuta,SC,2011,0
HANTA,Hantaviroses,420127,Arabuta,SC,2012,0
HANTA,Hantaviroses,420127,Arabuta,SC,2013,0
HANTA,Hantaviroses,420127,Arabuta,SC,2014,0
HANTA,Hantaviroses,420127,Arabuta,SC,2015,0
HANTA,Hantaviroses,420127,Arabuta,SC,2016,0
HANTA,Hantaviroses,420127,Arabuta,SC,2017,0
HANTA,Hantaviroses,420127,Arabuta,SC,2018,0
HANTA,Hantaviroses,420127,Arabuta,SC,2019,0
HANTA,Hantaviroses,420127,Arabuta,SC,2020,0
HANTA,Hantaviroses,420127,Arabuta,SC,2021,0
HANTA,Hantaviroses,420127,Arabuta,SC,2022,0
HANTA,Hantaviroses,420127,Arabuta,SC,2023,0
HANTA,Hantaviroses,420127,Arabuta,SC,2024,0
HANTA,Hantaviroses,420127,Arabuta,SC,2025,0
HANTA,Hantaviroses,420160,Arroio Trinta,SC,2007,0
HANTA,Hantaviroses,420160,Arroio Trinta,SC,2008,1
HANTA,Hantaviroses,420160,Arroio Trinta,SC,2009,0
HANTA,Hantaviroses,420160,Arroio Trinta,SC,2010,0
HANTA,Hantaviroses,420160,Arroio Trinta,SC,2011,0
HANTA,Hantaviroses,420160,Arroio Trinta,SC,2012,0
HANTA,Hantaviroses,420160,Arroio Trinta,SC,2013,0
HANTA,Hantaviroses,420160,Arroio Trinta,SC,2014,0
HANTA,Hantaviroses,420160,Arroio Trinta,SC,2015,0
HANTA,Hantaviroses,420160,Arroio Trinta,SC,2016,0
HANTA,Hantaviroses,420160,Arroio Trinta,SC,2017,0
HANTA,Hantaviroses,420160,Arroio Trinta,SC,2018,0
HANTA,Hantaviroses,420160,Arroio Trinta,SC,2019,0
HANTA,Hantaviroses,420160,Arroio Trinta,SC,2020,0
HANTA,Hantaviroses,420160,Arroio Trinta,SC,2021,0
HANTA,Hantaviroses,420160,Arroio Trinta,SC,2022,0
HANTA,Hantaviroses,420160,Arroio Trinta,SC,2023,0
HANTA,Hantaviroses,420160,Arroio Trinta,SC,2024,1
HANTA,Hantaviroses,420160,Arroio Trinta,SC,2025,1
HANTA,Hantaviroses,420190,Aurora,SC,2007,0
HANTA,Hantaviroses,420190,Aurora,SC,2008,1
HANTA,Hantaviroses,420190,Aurora,SC,2009,0
HANTA,Hantaviroses,420190,Aurora,SC,2010,0
HANTA,Hantaviroses,420190,Aurora,SC,2011,0
HANTA,Hantaviroses,420190,Aurora,SC,2012,0
HANTA,Hantaviroses,420190,Aurora,SC,2013,0
HANTA,Hantaviroses,420190,Aurora,SC,2014,0
HANTA,Hantaviroses,420190,Aurora,SC,2015,0
HANTA,Hantaviroses,420190,Aurora,SC,2016,0
HANTA,Hantaviroses,420190,Aurora,SC,2017,0
HANTA,Hantaviroses,420190,Aurora,SC,2018,0
HANTA,Hantaviroses,420190,Aurora,SC,2019,0
HANTA,Hantaviroses,420190,Aurora,SC,2020,0
HANTA,Hantaviroses,420190,Aurora,SC,2021,0
HANTA,Hantaviroses,420190,Aurora,SC,2022,0
HANTA,Hantaviroses,420190,Aurora,SC,2023,1
HANTA,Hantaviroses,420190,Aurora,SC,2024,0
HANTA,Hantaviroses,420190,Aurora,SC,2025,0
HANTA,Hantaviroses,420240,Blumenau,SC,2007,1
HANTA,Hantaviroses,420240,Blumenau,SC,2008,1
HANTA,Hantaviroses,420240,Blumenau,SC,2009,0
HANTA,Hantaviroses,420240,Blumenau,SC,2010,2
HANTA,Hantaviroses,420240,Blumenau,SC,2011,0
HANTA,Hantaviroses,420240,Blumenau,SC,2012,1
HANTA,Hantaviroses,420240,Blumenau,SC,2013,0
HANTA,Hantaviroses,420240,Blumenau,SC,2014,0
HANTA,Hantaviroses,420240,Blumenau,SC,2015,0
HANTA,Hantaviroses,420240,Blumenau,SC,2016,0
HANTA,Hantaviroses,420240,Blumenau,SC,2017,0
HANTA,Hantaviroses,420240,Blumenau,SC,2018,0
HANTA,Hantaviroses,420240,Blumenau,SC,2019,0
HANTA,Hantaviroses,420240,Blumenau,SC,2020,0
HANTA,Hantaviroses,420240,Blumenau,SC,2021,0
HANTA,Hantaviroses,420240,Blumenau,SC,2022,0
HANTA,Hantaviroses,420240,Blumenau,SC,2023,0
HANTA,Hantaviroses,420240,Blumenau,SC,2024,0
HANTA,Hantaviroses,420240,Blumenau,SC,2025,0
HANTA,Hantaviroses,420243,Bocaina do Sul,SC,2007,1
HANTA,Hantaviroses,420243,Bocaina do Sul,SC,2008,0
HANTA,Hantaviroses,420243,Bocaina do Sul,SC,2009,0
HANTA,Hantaviroses,420243,Bocaina do Sul,SC,2010,0
HANTA,Hantaviroses,420243,Bocaina do Sul,SC,2011,0
HANTA,Hantaviroses,420243,Bocaina do Sul,SC,2012,0
HANTA,Hantaviroses,420243,Bocaina do Sul,SC,2013,0
HANTA,Hantaviroses,420243,Bocaina do Sul,SC,2014,0
HANTA,Hantaviroses,420243,Bocaina do Sul,SC,2015,0
HANTA,Hantaviroses,420243,Bocaina do Sul,SC,2016,0
HANTA,Hantaviroses,420243,Bocaina do Sul,SC,2017,0
HANTA,Hantaviroses,420243,Bocaina do Sul,SC,2018,0
HANTA,Hantaviroses,420243,Bocaina do Sul,SC,2019,0
HANTA,Hantaviroses,420243,Bocaina do Sul,SC,2020,0
HANTA,Hantaviroses,420243,Bocaina do Sul,SC,2021,0
HANTA,Hantaviroses,420243,Bocaina do Sul,SC,2022,0
HANTA,Hantaviroses,420243,Bocaina do Sul,SC,2023,0
HANTA,Hantaviroses,420243,Bocaina do Sul,SC,2024,0
HANTA,Hantaviroses,420243,Bocaina do Sul,SC,2025,0
HANTA,Hantaviroses,420280,Braco do Norte,SC,2007,0
HANTA,Hantaviroses,420280,Braco do Norte,SC,2008,0
HANTA,Hantaviroses,420280,Braco do Norte,SC,2009,1
HANTA,Hantaviroses,420280,Braco do Norte,SC,2010,0
HANTA,Hantaviroses,420280,Braco do Norte,SC,2011,1
HANTA,Hantaviroses,420280,Braco do Norte,SC,2012,0
HANTA,Hantaviroses,420280,Braco do Norte,SC,2013,0
HANTA,Hantaviroses,420280,Braco do Norte,SC,2014,0
HANTA,Hantaviroses,420280,Braco do Norte,SC,2015,0
HANTA,Hantaviroses,420280,Braco do Norte,SC,2016,0
HANTA,Hantaviroses,420280,Braco do Norte,SC,2017,0
HANTA,Hantaviroses,420280,Braco do Norte,SC,2018,0
HANTA,Hantaviroses,420280,Braco do Norte,SC,2019,0
HANTA,Hantaviroses,420280,Braco do Norte,SC,2020,0
HANTA,Hantaviroses,420280,Braco do Norte,SC,2021,0
HANTA,Hantaviroses,420280,Braco do Norte,SC,2022,0
HANTA,Hantaviroses,420280,Braco do Norte,SC,2023,0
HANTA,Hantaviroses,420280,Braco do Norte,SC,2024,0
HANTA,Hantaviroses,420280,Braco do Norte,SC,2025,0
HANTA,Hantaviroses,420290,Brusque,SC,2007,1
HANTA,Hantaviroses,420290,Brusque,SC,2008,1
HANTA,Hantaviroses,420290,Brusque,SC,2009,0
HANTA,Hantaviroses,420290,Brusque,SC,2010,0
HANTA,Hantaviroses,420290,Brusque,SC,2011,0
HANTA,Hantaviroses,420290,Brusque,SC,2012,1
HANTA,Hantaviroses,420290,Brusque,SC,2013,0
HANTA,Hantaviroses,420290,Brusque,SC,2014,2
HANTA,Hantaviroses,420290,Brusque,SC,2015,0
HANTA,Hantaviroses,420290,Brusque,SC,2016,0
HANTA,Hantaviroses,420290,Brusque,SC,2017,0
HANTA,Hantaviroses,420290,Brusque,SC,2018,0
HANTA,Hantaviroses,420290,Brusque,SC,2019,0
HANTA,Hantaviroses,420290,Brusque,SC,2020,0
HANTA,Hantaviroses,420290,Brusque,SC,2021,0
HANTA,Hantaviroses,420290,Brusque,SC,2022,1
HANTA,Hantaviroses,420290,Brusque,SC,2023,2
HANTA,Hantaviroses,420290,Brusque,SC,2024,0
HANTA,Hantaviroses,420290,Brusque,SC,2025,0
HANTA,Hantaviroses,420300,Cacador,SC,2007,0
HANTA,Hantaviroses,420300,Cacador,SC,2008,0
HANTA,Hantaviroses,420300,Cacador,SC,2009,0
HANTA,Hantaviroses,420300,Cacador,SC,2010,1
HANTA,Hantaviroses,420300,Cacador,SC,2011,0
HANTA,Hantaviroses,420300,Cacador,SC,2012,0
HANTA,Hantaviroses,420300,Cacador,SC,2013,0
HANTA,Hantaviroses,420300,Cacador,SC,2014,0
HANTA,Hantaviroses,420300,Cacador,SC,2015,1
HANTA,Hantaviroses,420300,Cacador,SC,2016,0
HANTA,Hantaviroses,420300,Cacador,SC,2017,2
HANTA,Hantaviroses,420300,Cacador,SC,2018,0
HANTA,Hantaviroses,420300,Cacador,SC,2019,1
HANTA,Hantaviroses,420300,Cacador,SC,2020,0
HANTA,Hantaviroses,420300,Cacador,SC,2021,0
HANTA,Hantaviroses,420300,Cacador,SC,2022,2
HANTA,Hantaviroses,420300,Cacador,SC,2023,0
HANTA,Hantaviroses,420300,Cacador,SC,2024,0
HANTA,Hantaviroses,420300,Cacador,SC,2025,0
HANTA,Hantaviroses,420330,Campo Alegre,SC,2007,0
HANTA,Hantaviroses,420330,Campo Alegre,SC,2008,0
HANTA,Hantaviroses,420330,Campo Alegre,SC,2009,1
HANTA,Hantaviroses,420330,Campo Alegre,SC,2010,0
HANTA,Hantaviroses,420330,Campo Alegre,SC,2011,0
HANTA,Hantaviroses,420330,Campo Alegre,SC,2012,0
HANTA,Hantaviroses,420330,Campo Alegre,SC,2013,0
HANTA,Hantaviroses,420330,Campo Alegre,SC,2014,0
HANTA,Hantaviroses,420330,Campo Alegre,SC,2015,1
HANTA,Hantaviroses,420330,Campo Alegre,SC,2016,0
HANTA,Hantaviroses,420330,Campo Alegre,SC,2017,0
HANTA,Hantaviroses,420330,Campo Alegre,SC,2018,0
HANTA,Hantaviroses,420330,Campo Alegre,SC,2019,0
HANTA,Hantaviroses,420330,Campo Alegre,SC,2020,0
HANTA,Hantaviroses,420330,Campo Alegre,SC,2021,0
HANTA,Hantaviroses,420330,Campo Alegre,SC,2022,0
HANTA,Hantaviroses,420330,Campo Alegre,SC,2023,0
HANTA,Hantaviroses,420330,Campo Alegre,SC,2024,0
HANTA,Hantaviroses,420330,Campo Alegre,SC,2025,0
HANTA,Hantaviroses,420360,Campos Novos,SC,2007,0
HANTA,Hantaviroses,420360,Campos Novos,SC,2008,0
HANTA,Hantaviroses,420360,Campos Novos,SC,2009,0
HANTA,Hantaviroses,420360,Campos Novos,SC,2010,0
HANTA,Hantaviroses,420360,Campos Novos,SC,2011,0
HANTA,Hantaviroses,420360,Campos Novos,SC,2012,0
HANTA,Hantaviroses,420360,Campos Novos,SC,2013,0
HANTA,Hantaviroses,420360,Campos Novos,SC,2014,0
HANTA,Hantaviroses,420360,Campos Novos,SC,2015,0
HANTA,Hantaviroses,420360,Campos Novos,SC,2016,0
HANTA,Hantaviroses,420360,Campos Novos,SC,2017,0
HANTA,Hantaviroses,420360,Campos Novos,SC,2018,0
HANTA,Hantaviroses,420360,Campos Novos,SC,2019,4
HANTA,Hantaviroses,420360,Campos Novos,SC,2020,0
HANTA,Hantaviroses,420360,Campos Novos,SC,2021,0
HANTA,Hantaviroses,420360,Campos Novos,SC,2022,0
HANTA,Hantaviroses,420360,Campos Novos,SC,2023,0
HANTA,Hantaviroses,420360,Campos Novos,SC,2024,0
HANTA,Hantaviroses,420360,Campos Novos,SC,2025,0
HANTA,Hantaviroses,420380,Canoinhas,SC,2007,1
HANTA,Hantaviroses,420380,Canoinhas,SC,2008,0
HANTA,Hantaviroses,420380,Canoinhas,SC,2009,0
HANTA,Hantaviroses,420380,Canoinhas,SC,2010,0
HANTA,Hantaviroses,420380,Canoinhas,SC,2011,0
HANTA,Hantaviroses,420380,Canoinhas,SC,2012,1
HANTA,Hantaviroses,420380,Canoinhas,SC,2013,0
HANTA,Hantaviroses,420380,Canoinhas,SC,2014,0
HANTA,Hantaviroses,420380,Canoinhas,SC,2015,0
HANTA,Hantaviroses,420380,Canoinhas,SC,2016,0
HANTA,Hantaviroses,420380,Canoinhas,SC,2017,0
HANTA,Hantaviroses,420380,Canoinhas,SC,2018,0
HANTA,Hantaviroses,420380,Canoinhas,SC,2019,0
HANTA,Hantaviroses,420380,Canoinhas,SC,2020,0
HANTA,Hantaviroses,420380,Canoinhas,SC,2021,0
HANTA,Hantaviroses,420380,Canoinhas,SC,2022,0
HANTA,Hantaviroses,420380,Canoinhas,SC,2023,1
HANTA,Hantaviroses,420380,Canoinhas,SC,2024,0
HANTA,Hantaviroses,420380,Canoinhas,SC,2025,0
HANTA,Hantaviroses,420390,Capinzal,SC,2007,0
HANTA,Hantaviroses,420390,Capinzal,SC,2008,0
HANTA,Hantaviroses,420390,Capinzal,SC,2009,0
HANTA,Hantaviroses,420390,Capinzal,SC,2010,0
HANTA,Hantaviroses,420390,Capinzal,SC,2011,1
HANTA,Hantaviroses,420390,Capinzal,SC,2012,0
HANTA,Hantaviroses,420390,Capinzal,SC,2013,0
HANTA,Hantaviroses,420390,Capinzal,SC,2014,0
HANTA,Hantaviroses,420390,Capinzal,SC,2015,0
HANTA,Hantaviroses,420390,Capinzal,SC,2016,0
HANTA,Hantaviroses,420390,Capinzal,SC,2017,0
HANTA,Hantaviroses,420390,Capinzal,SC,2018,0
HANTA,Hantaviroses,420390,Capinzal,SC,2019,0
HANTA,Hantaviroses,420390,Capinzal,SC,2020,0
HANTA,Hantaviroses,420390,Capinzal,SC,2021,0
HANTA,Hantaviroses,420390,Capinzal,SC,2022,0
HANTA,Hantaviroses,420390,Capinzal,SC,2023,0
HANTA,Hantaviroses,420390,Capinzal,SC,2024,0
HANTA,Hantaviroses,420390,Capinzal,SC,2025,0
HANTA,Hantaviroses,420420,Chapeco,SC,2007,1
HANTA,Hantaviroses,420420,Chapeco,SC,2008,1
HANTA,Hantaviroses,420420,Chapeco,SC,2009,1
HANTA,Hantaviroses,420420,Chapeco,SC,2010,1
HANTA,Hantaviroses,420420,Chapeco,SC,2011,2
HANTA,Hantaviroses,420420,Chapeco,SC,2012,2
HANTA,Hantaviroses,420420,Chapeco,SC,2013,0
HANTA,Hantaviroses,420420,Chapeco,SC,2014,1
HANTA,Hantaviroses,420420,Chapeco,SC,2015,2
HANTA,Hantaviroses,420420,Chapeco,SC,2016,1
HANTA,Hantaviroses,420420,Chapeco,SC,2017,1
HANTA,Hantaviroses,420420,Chapeco,SC,2018,0
HANTA,Hantaviroses,420420,Chapeco,SC,2019,2
HANTA,Hantaviroses,420420,Chapeco,SC,2020,1
HANTA,Hantaviroses,420420,Chapeco,SC,2021,1
HANTA,Hantaviroses,420420,Chapeco,SC,2022,1
HANTA,Hantaviroses,420420,Chapeco,SC,2023,1
HANTA,Hantaviroses,420420,Chapeco,SC,2024,0
HANTA,Hantaviroses,420420,Chapeco,SC,2025,1
HANTA,Hantaviroses,420430,Concordia,SC,2007,1
HANTA,Hantaviroses,420430,Concordia,SC,2008,3
HANTA,Hantaviroses,420430,Concordia,SC,2009,2
HANTA,Hantaviroses,420430,Concordia,SC,2010,3
HANTA,Hantaviroses,420430,Concordia,SC,2011,1
HANTA,Hantaviroses,420430,Concordia,SC,2012,2
HANTA,Hantaviroses,420430,Concordia,SC,2013,2
HANTA,Hantaviroses,420430,Concordia,SC,2014,1
HANTA,Hantaviroses,420430,Concordia,SC,2015,1
HANTA,Hantaviroses,420430,Concordia,SC,2016,1
HANTA,Hantaviroses,420430,Concordia,SC,2017,4
HANTA,Hantaviroses,420430,Concordia,SC,2018,0
HANTA,Hantaviroses,420430,Concordia,SC,2019,3
HANTA,Hantaviroses,420430,Concordia,SC,2020,0
HANTA,Hantaviroses,420430,Concordia,SC,2021,1
HANTA,Hantaviroses,420430,Concordia,SC,2022,0
HANTA,Hantaviroses,420430,Concordia,SC,2023,3
HANTA,Hantaviroses,420430,Concordia,SC,2024,0
HANTA,Hantaviroses,420430,Concordia,SC,2025,0
HANTA,Hantaviroses,420440,Coronel Freitas,SC,2007,0
HANTA,Hantaviroses,420440,Coronel Freitas,SC,2008,0
HANTA,Hantaviroses,420440,Coronel Freitas,SC,2009,0
HANTA,Hantaviroses,420440,Coronel Freitas,SC,2010,0
HANTA,Hantaviroses,420440,Coronel Freitas,SC,2011,0
HANTA,Hantaviroses,420440,Coronel Freitas,SC,2012,0
HANTA,Hantaviroses,420440,Coronel Freitas,SC,2013,0
HANTA,Hantaviroses,420440,Coronel Freitas,SC,2014,0
HANTA,Hantaviroses,420440,Coronel Freitas,SC,2015,0
HANTA,Hantaviroses,420440,Coronel Freitas,SC,2016,0
HANTA,Hantaviroses,420440,Coronel Freitas,SC,2017,0
HANTA,Hantaviroses,420440,Coronel Freitas,SC,2018,0
HANTA,Hantaviroses,420440,Coronel Freitas,SC,2019,0
HANTA,Hantaviroses,420440,Coronel Freitas,SC,2020,0
HANTA,Hantaviroses,420440,Coronel Freitas,SC,2021,0
HANTA,Hantaviroses,420440,Coronel Freitas,SC,2022,0
HANTA,Hantaviroses,420440,Coronel Freitas,SC,2023,0
HANTA,Hantaviroses,420440,Coronel Freitas,SC,2024,0
HANTA,Hantaviroses,420440,Coronel Freitas,SC,2025,1
HANTA,Hantaviroses,420460,Criciuma,SC,2007,0
HANTA,Hantaviroses,420460,Criciuma,SC,2008,0
HANTA,Hantaviroses,420460,Criciuma,SC,2009,0
HANTA,Hantaviroses,420460,Criciuma,SC,2010,0
HANTA,Hantaviroses,420460,Criciuma,SC,2011,0
HANTA,Hantaviroses,420460,Criciuma,SC,2012,0
HANTA,Hantaviroses,420460,Criciuma,SC,2013,1
HANTA,Hantaviroses,420460,Criciuma,SC,2014,0
HANTA,Hantaviroses,420460,Criciuma,SC,2015,0
HANTA,Hantaviroses,420460,Criciuma,SC,2016,0
HANTA,Hantaviroses,420460,Criciuma,SC,2017,0
HANTA,Hantaviroses,420460,Criciuma,SC,2018,0
HANTA,Hantaviroses,420460,Criciuma,SC,2019,0
HANTA,Hantaviroses,420460,Criciuma,SC,2020,0
HANTA,Hantaviroses,420460,Criciuma,SC,2021,0
HANTA,Hantaviroses,420460,Criciuma,SC,2022,0
HANTA,Hantaviroses,420460,Criciuma,SC,2023,0
HANTA,Hantaviroses,420460,Criciuma,SC,2024,0
HANTA,Hantaviroses,420460,Criciuma,SC,2025,0
HANTA,Hantaviroses,420480,Curitibanos,SC,2007,0
HANTA,Hantaviroses,420480,Curitibanos,SC,2008,0
HANTA,Hantaviroses,420480,Curitibanos,SC,2009,0
HANTA,Hantaviroses,420480,Curitibanos,SC,2010,0
HANTA,Hantaviroses,420480,Curitibanos,SC,2011,0
HANTA,Hantaviroses,420480,Curitibanos,SC,2012,0
HANTA,Hantaviroses,420480,Curitibanos,SC,2013,0
HANTA,Hantaviroses,420480,Curitibanos,SC,2014,0
HANTA,Hantaviroses,420480,Curitibanos,SC,2015,0
HANTA,Hantaviroses,420480,Curitibanos,SC,2016,0
HANTA,Hantaviroses,420480,Curitibanos,SC,2017,2
HANTA,Hantaviroses,420480,Curitibanos,SC,2018,0
HANTA,Hantaviroses,420480,Curitibanos,SC,2019,0
HANTA,Hantaviroses,420480,Curitibanos,SC,2020,0
HANTA,Hantaviroses,420480,Curitibanos,SC,2021,0
HANTA,Hantaviroses,420480,Curitibanos,SC,2022,0
HANTA,Hantaviroses,420480,Curitibanos,SC,2023,0
HANTA,Hantaviroses,420480,Curitibanos,SC,2024,2
HANTA,Hantaviroses,420480,Curitibanos,SC,2025,0
HANTA,Hantaviroses,420490,Descanso,SC,2007,1
HANTA,Hantaviroses,420490,Descanso,SC,2008,0
HANTA,Hantaviroses,420490,Descanso,SC,2009,0
HANTA,Hantaviroses,420490,Descanso,SC,2010,0
HANTA,Hantaviroses,420490,Descanso,SC,2011,0
HANTA,Hantaviroses,420490,Descanso,SC,2012,0
HANTA,Hantaviroses,420490,Descanso,SC,2013,0
HANTA,Hantaviroses,420490,Descanso,SC,2014,0
HANTA,Hantaviroses,420490,Descanso,SC,2015,1
HANTA,Hantaviroses,420490,Descanso,SC,2016,1
HANTA,Hantaviroses,420490,Descanso,SC,2017,0
HANTA,Hantaviroses,420490,Descanso,SC,2018,0
HANTA,Hantaviroses,420490,Descanso,SC,2019,0
HANTA,Hantaviroses,420490,Descanso,SC,2020,0
HANTA,Hantaviroses,420490,Descanso,SC,2021,0
HANTA,Hantaviroses,420490,Descanso,SC,2022,0
HANTA,Hantaviroses,420490,Descanso,SC,2023,0
HANTA,Hantaviroses,420490,Descanso,SC,2024,0
HANTA,Hantaviroses,420490,Descanso,SC,2025,1
HANTA,Hantaviroses,420540,Florianopolis,SC,2007,0
HANTA,Hantaviroses,420540,Florianopolis,SC,2008,2
HANTA,Hantaviroses,420540,Florianopolis,SC,2009,1
HANTA,Hantaviroses,420540,Florianopolis,SC,2010,2
HANTA,Hantaviroses,420540,Florianopolis,SC,2011,1
HANTA,Hantaviroses,420540,Florianopolis,SC,2012,1
HANTA,Hantaviroses,420540,Florianopolis,SC,2013,2
HANTA,Hantaviroses,420540,Florianopolis,SC,2014,1
HANTA,Hantaviroses,420540,Florianopolis,SC,2015,2
HANTA,Hantaviroses,420540,Florianopolis,SC,2016,1
HANTA,Hantaviroses,420540,Florianopolis,SC,2017,0
HANTA,Hantaviroses,420540,Florianopolis,SC,2018,0
HANTA,Hantaviroses,420540,Florianopolis,SC,2019,1
HANTA,Hantaviroses,420540,Florianopolis,SC,2020,1
HANTA,Hantaviroses,420540,Florianopolis,SC,2021,2
HANTA,Hantaviroses,420540,Florianopolis,SC,2022,1
HANTA,Hantaviroses,420540,Florianopolis,SC,2023,0
HANTA,Hantaviroses,420540,Florianopolis,SC,2024,0
HANTA,Hantaviroses,420540,Florianopolis,SC,2025,0
HANTA,Hantaviroses,420550,Fraiburgo,SC,2007,0
HANTA,Hantaviroses,420550,Fraiburgo,SC,2008,0
HANTA,Hantaviroses,420550,Fraiburgo,SC,2009,0
HANTA,Hantaviroses,420550,Fraiburgo,SC,2010,0
HANTA,Hantaviroses,420550,Fraiburgo,SC,2011,0
HANTA,Hantaviroses,420550,Fraiburgo,SC,2012,0
HANTA,Hantaviroses,420550,Fraiburgo,SC,2013,0
HANTA,Hantaviroses,420550,Fraiburgo,SC,2014,0
HANTA,Hantaviroses,420550,Fraiburgo,SC,2015,0
HANTA,Hantaviroses,420550,Fraiburgo,SC,2016,0
HANTA,Hantaviroses,420550,Fraiburgo,SC,2017,0
HANTA,Hantaviroses,420550,Fraiburgo,SC,2018,0
HANTA,Hantaviroses,420550,Fraiburgo,SC,2019,0
HANTA,Hantaviroses,420550,Fraiburgo,SC,2020,0
HANTA,Hantaviroses,420550,Fraiburgo,SC,2021,0
HANTA,Hantaviroses,420550,Fraiburgo,SC,2022,0
HANTA,Hantaviroses,420550,Fraiburgo,SC,2023,0
HANTA,Hantaviroses,420550,Fraiburgo,SC,2024,0
HANTA,Hantaviroses,420550,Fraiburgo,SC,2025,1
HANTA,Hantaviroses,420555,Frei Rogerio,SC,2007,0
HANTA,Hantaviroses,420555,Frei Rogerio,SC,2008,0
HANTA,Hantaviroses,420555,Frei Rogerio,SC,2009,0
HANTA,Hantaviroses,420555,Frei Rogerio,SC,2010,0
HANTA,Hantaviroses,420555,Frei Rogerio,SC,2011,0
HANTA,Hantaviroses,420555,Frei Rogerio,SC,2012,0
HANTA,Hantaviroses,420555,Frei Rogerio,SC,2013,0
HANTA,Hantaviroses,420555,Frei Rogerio,SC,2014,0
HANTA,Hantaviroses,420555,Frei Rogerio,SC,2015,0
HANTA,Hantaviroses,420555,Frei Rogerio,SC,2016,0
HANTA,Hantaviroses,420555,Frei Rogerio,SC,2017,0
HANTA,Hantaviroses,420555,Frei Rogerio,SC,2018,0
HANTA,Hantaviroses,420555,Frei Rogerio,SC,2019,1
HANTA,Hantaviroses,420555,Frei Rogerio,SC,2020,0
HANTA,Hantaviroses,420555,Frei Rogerio,SC,2021,0
HANTA,Hantaviroses,420555,Frei Rogerio,SC,2022,0
HANTA,Hantaviroses,420555,Frei Rogerio,SC,2023,0
HANTA,Hantaviroses,420555,Frei Rogerio,SC,2024,0
HANTA,Hantaviroses,420555,Frei Rogerio,SC,2025,0
HANTA,Hantaviroses,420640,Guaraciaba,SC,2007,0
HANTA,Hantaviroses,420640,Guaraciaba,SC,2008,0
HANTA,Hantaviroses,420640,Guaraciaba,SC,2009,0
HANTA,Hantaviroses,420640,Guaraciaba,SC,2010,0
HANTA,Hantaviroses,420640,Guaraciaba,SC,2011,0
HANTA,Hantaviroses,420640,Guaraciaba,SC,2012,0
HANTA,Hantaviroses,420640,Guaraciaba,SC,2013,1
HANTA,Hantaviroses,420640,Guaraciaba,SC,2014,0
HANTA,Hantaviroses,420640,Guaraciaba,SC,2015,1
HANTA,Hantaviroses,420640,Guaraciaba,SC,2016,0
HANTA,Hantaviroses,420640,Guaraciaba,SC,2017,0
HANTA,Hantaviroses,420640,Guaraciaba,SC,2018,0
HANTA,Hantaviroses,420640,Guaraciaba,SC,2019,0
HANTA,Hantaviroses,420640,Guaraciaba,SC,2020,0
HANTA,Hantaviroses,420640,Guaraciaba,SC,2021,0
HANTA,Hantaviroses,420640,Guaraciaba,SC,2022,0
HANTA,Hantaviroses,420640,Guaraciaba,SC,2023,0
HANTA,Hantaviroses,420640,Guaraciaba,SC,2024,0
HANTA,Hantaviroses,420640,Guaraciaba,SC,2025,0
HANTA,Hantaviroses,420650,Guaramirim,SC,2007,0
HANTA,Hantaviroses,420650,Guaramirim,SC,2008,0
HANTA,Hantaviroses,420650,Guaramirim,SC,2009,0
HANTA,Hantaviroses,420650,Guaramirim,SC,2010,0
HANTA,Hantaviroses,420650,Guaramirim,SC,2011,0
HANTA,Hantaviroses,420650,Guaramirim,SC,2012,0
HANTA,Hantaviroses,420650,Guaramirim,SC,2013,0
HANTA,Hantaviroses,420650,Guaramirim,SC,2014,0
HANTA,Hantaviroses,420650,Guaramirim,SC,2015,0
HANTA,Hantaviroses,420650,Guaramirim,SC,2016,1
HANTA,Hantaviroses,420650,Guaramirim,SC,2017,0
HANTA,Hantaviroses,420650,Guaramirim,SC,2018,0
HANTA,Hantaviroses,420650,Guaramirim,SC,2019,0
HANTA,Hantaviroses,420650,Guaramirim,SC,2020,0
HANTA,Hantaviroses,420650,Guaramirim,SC,2021,0
HANTA,Hantaviroses,420650,Guaramirim,SC,2022,0
HANTA,Hantaviroses,420650,Guaramirim,SC,2023,0
HANTA,Hantaviroses,420650,Guaramirim,SC,2024,0
HANTA,Hantaviroses,420650,Guaramirim,SC,2025,0
HANTA,Hantaviroses,420690,Ibirama,SC,2007,0
HANTA,Hantaviroses,420690,Ibirama,SC,2008,0
HANTA,Hantaviroses,420690,Ibirama,SC,2009,0
HANTA,Hantaviroses,420690,Ibirama,SC,2010,0
HANTA,Hantaviroses,420690,Ibirama,SC,2011,0
HANTA,Hantaviroses,420690,Ibirama,SC,2012,0
HANTA,Hantaviroses,420690,Ibirama,SC,2013,0
HANTA,Hantaviroses,420690,Ibirama,SC,2014,1
HANTA,Hantaviroses,420690,Ibirama,SC,2015,0
HANTA,Hantaviroses,420690,Ibirama,SC,2016,0
HANTA,Hantaviroses,420690,Ibirama,SC,2017,1
HANTA,Hantaviroses,420690,Ibirama,SC,2018,0
HANTA,Hantaviroses,420690,Ibirama,SC,2019,0
HANTA,Hantaviroses,420690,Ibirama,SC,2020,0
HANTA,Hantaviroses,420690,Ibirama,SC,2021,1
HANTA,Hantaviroses,420690,Ibirama,SC,2022,1
HANTA,Hantaviroses,420690,Ibirama,SC,2023,1
HANTA,Hantaviroses,420690,Ibirama,SC,2024,1
HANTA,Hantaviroses,420690,Ibirama,SC,2025,0
HANTA,Hantaviroses,420740,Imbuia,SC,2007,0
HANTA,Hantaviroses,420740,Imbuia,SC,2008,0
HANTA,Hantaviroses,420740,Imbuia,SC,2009,0
HANTA,Hantaviroses,420740,Imbuia,SC,2010,0
HANTA,Hantaviroses,420740,Imbuia,SC,2011,0
HANTA,Hantaviroses,420740,Imbuia,SC,2012,0
HANTA,Hantaviroses,420740,Imbuia,SC,2013,0
HANTA,Hantaviroses,420740,Imbuia,SC,2014,0
HANTA,Hantaviroses,420740,Imbuia,SC,2015,1
HANTA,Hantaviroses,420740,Imbuia,SC,2016,0
HANTA,Hantaviroses,420740,Imbuia,SC,2017,0
HANTA,Hantaviroses,420740,Imbuia,SC,2018,0
HANTA,Hantaviroses,420740,Imbuia,SC,2019,0
HANTA,Hantaviroses,420740,Imbuia,SC,2020,0
HANTA,Hantaviroses,420740,Imbuia,SC,2021,0
HANTA,Hantaviroses,420740,Imbuia,SC,2022,0
HANTA,Hantaviroses,420740,Imbuia,SC,2023,0
HANTA,Hantaviroses,420740,Imbuia,SC,2024,0
HANTA,Hantaviroses,420740,Imbuia,SC,2025,0
HANTA,Hantaviroses,420760,Ipira,SC,2007,0
HANTA,Hantaviroses,420760,Ipira,SC,2008,1
HANTA,Hantaviroses,420760,Ipira,SC,2009,0
HANTA,Hantaviroses,420760,Ipira,SC,2010,0
HANTA,Hantaviroses,420760,Ipira,SC,2011,0
HANTA,Hantaviroses,420760,Ipira,SC,2012,0
HANTA,Hantaviroses,420760,Ipira,SC,2013,0
HANTA,Hantaviroses,420760,Ipira,SC,2014,0
HANTA,Hantaviroses,420760,Ipira,SC,2015,0
HANTA,Hantaviroses,420760,Ipira,SC,2016,0
HANTA,Hantaviroses,420760,Ipira,SC,2017,0
HANTA,Hantaviroses,420760,Ipira,SC,2018,0
HANTA,Hantaviroses,420760,Ipira,SC,2019,0
HANTA,Hantaviroses,420760,Ipira,SC,2020,0
HANTA,Hantaviroses,420760,Ipira,SC,2021,0
HANTA,Hantaviroses,420760,Ipira,SC,2022,0
HANTA,Hantaviroses,420760,Ipira,SC,2023,0
HANTA,Hantaviroses,420760,Ipira,SC,2024,0
HANTA,Hantaviroses,420760,Ipira,SC,2025,0
HANTA,Hantaviroses,420765,Ipora do Oeste,SC,2007,0
HANTA,Hantaviroses,420765,Ipora do Oeste,SC,2008,0
HANTA,Hantaviroses,420765,Ipora do Oeste,SC,2009,0
HANTA,Hantaviroses,420765,Ipora do Oeste,SC,2010,0
HANTA,Hantaviroses,420765,Ipora do Oeste,SC,2011,1
HANTA,Hantaviroses,420765,Ipora do Oeste,SC,2012,1
HANTA,Hantaviroses,420765,Ipora do Oeste,SC,2013,0
HANTA,Hantaviroses,420765,Ipora do Oeste,SC,2014,0
HANTA,Hantaviroses,420765,Ipora do Oeste,SC,2015,1
HANTA,Hantaviroses,420765,Ipora do Oeste,SC,2016,0
HANTA,Hantaviroses,420765,Ipora do Oeste,SC,2017,0
HANTA,Hantaviroses,420765,Ipora do Oeste,SC,2018,0
HANTA,Hantaviroses,420765,Ipora do Oeste,SC,2019,0
HANTA,Hantaviroses,420765,Ipora do Oeste,SC,2020,0
HANTA,Hantaviroses,420765,Ipora do Oeste,SC,2021,0
HANTA,Hantaviroses,420765,Ipora do Oeste,SC,2022,0
HANTA,Hantaviroses,420765,Ipora do Oeste,SC,2023,0
HANTA,Hantaviroses,420765,Ipora do Oeste,SC,2024,0
HANTA,Hantaviroses,420765,Ipora do Oeste,SC,2025,0
HANTA,Hantaviroses,420770,Ipumirim,SC,2007,1
HANTA,Hantaviroses,420770,Ipumirim,SC,2008,0
HANTA,Hantaviroses,420770,Ipumirim,SC,2009,0
HANTA,Hantaviroses,420770,Ipumirim,SC,2010,1
HANTA,Hantaviroses,420770,Ipumirim,SC,2011,0
HANTA,Hantaviroses,420770,Ipumirim,SC,2012,1
HANTA,Hantaviroses,420770,Ipumirim,SC,2013,1
HANTA,Hantaviroses,420770,Ipumirim,SC,2014,0
HANTA,Hantaviroses,420770,Ipumirim,SC,2015,0
HANTA,Hantaviroses,420770,Ipumirim,SC,2016,0
HANTA,Hantaviroses,420770,Ipumirim,SC,2017,0
HANTA,Hantaviroses,420770,Ipumirim,SC,2018,0
HANTA,Hantaviroses,420770,Ipumirim,SC,2019,0
HANTA,Hantaviroses,420770,Ipumirim,SC,2020,0
HANTA,Hantaviroses,420770,Ipumirim,SC,2021,0
HANTA,Hantaviroses,420770,Ipumirim,SC,2022,0
HANTA,Hantaviroses,420770,Ipumirim,SC,2023,0
HANTA,Hantaviroses,420770,Ipumirim,SC,2024,0
HANTA,Hantaviroses,420770,Ipumirim,SC,2025,0
HANTA,Hantaviroses,420790,Irineopolis,SC,2007,0
HANTA,Hantaviroses,420790,Irineopolis,SC,2008,0
HANTA,Hantaviroses,420790,Irineopolis,SC,2009,0
HANTA,Hantaviroses,420790,Irineopolis,SC,2010,0
HANTA,Hantaviroses,420790,Irineopolis,SC,2011,0
HANTA,Hantaviroses,420790,Irineopolis,SC,2012,0
HANTA,Hantaviroses,420790,Irineopolis,SC,2013,0
HANTA,Hantaviroses,420790,Irineopolis,SC,2014,0
HANTA,Hantaviroses,420790,Irineopolis,SC,2015,1
HANTA,Hantaviroses,420790,Irineopolis,SC,2016,1
HANTA,Hantaviroses,420790,Irineopolis,SC,2017,0
HANTA,Hantaviroses,420790,Irineopolis,SC,2018,0
HANTA,Hantaviroses,420790,Irineopolis,SC,2019,0
HANTA,Hantaviroses,420790,Irineopolis,SC,2020,0
HANTA,Hantaviroses,420790,Irineopolis,SC,2021,0
HANTA,Hantaviroses,420790,Irineopolis,SC,2022,0
HANTA,Hantaviroses,420790,Irineopolis,SC,2023,0
HANTA,Hantaviroses,420790,Irineopolis,SC,2024,0
HANTA,Hantaviroses,420790,Irineopolis,SC,2025,0
HANTA,Hantaviroses,420810,Itaiopolis,SC,2007,0
HANTA,Hantaviroses,420810,Itaiopolis,SC,2008,0
HANTA,Hantaviroses,420810,Itaiopolis,SC,2009,0
HANTA,Hantaviroses,420810,Itaiopolis,SC,2010,0
HANTA,Hantaviroses,420810,Itaiopolis,SC,2011,0
HANTA,Hantaviroses,420810,Itaiopolis,SC,2012,1
HANTA,Hantaviroses,420810,Itaiopolis,SC,2013,0
HANTA,Hantaviroses,420810,Itaiopolis,SC,2014,0
HANTA,Hantaviroses,420810,Itaiopolis,SC,2015,0
HANTA,Hantaviroses,420810,Itaiopolis,SC,2016,0
HANTA,Hantaviroses,420810,Itaiopolis,SC,2017,0
HANTA,Hantaviroses,420810,Itaiopolis,SC,2018,0
HANTA,Hantaviroses,420810,Itaiopolis,SC,2019,0
HANTA,Hantaviroses,420810,Itaiopolis,SC,2020,0
HANTA,Hantaviroses,420810,Itaiopolis,SC,2021,0
HANTA,Hantaviroses,420810,Itaiopolis,SC,2022,0
HANTA,Hantaviroses,420810,Itaiopolis,SC,2023,0
HANTA,Hantaviroses,420810,Itaiopolis,SC,2024,0
HANTA,Hantaviroses,420810,Itaiopolis,SC,2025,0
HANTA,Hantaviroses,420820,Itajai,SC,2007,1
HANTA,Hantaviroses,420820,Itajai,SC,2008,0
HANTA,Hantaviroses,420820,Itajai,SC,2009,0
HANTA,Hantaviroses,420820,Itajai,SC,2010,0
HANTA,Hantaviroses,420820,Itajai,SC,2011,0
HANTA,Hantaviroses,420820,Itajai,SC,2012,0
HANTA,Hantaviroses,420820,Itajai,SC,2013,0
HANTA,Hantaviroses,420820,Itajai,SC,2014,0
HANTA,Hantaviroses,420820,Itajai,SC,2015,0
HANTA,Hantaviroses,420820,Itajai,SC,2016,0
HANTA,Hantaviroses,420820,Itajai,SC,2017,0
HANTA,Hantaviroses,420820,Itajai,SC,2018,0
HANTA,Hantaviroses,420820,Itajai,SC,2019,0
HANTA,Hantaviroses,420820,Itajai,SC,2020,0
HANTA,Hantaviroses,420820,Itajai,SC,2021,0
HANTA,Hantaviroses,420820,Itajai,SC,2022,0
HANTA,Hantaviroses,420820,Itajai,SC,2023,0
HANTA,Hantaviroses,420820,Itajai,SC,2024,0
HANTA,Hantaviroses,420820,Itajai,SC,2025,0
HANTA,Hantaviroses,420840,Itapiranga,SC,2007,0
HANTA,Hantaviroses,420840,Itapiranga,SC,2008,0
HANTA,Hantaviroses,420840,Itapiranga,SC,2009,0
HANTA,Hantaviroses,420840,Itapiranga,SC,2010,1
HANTA,Hantaviroses,420840,Itapiranga,SC,2011,0
HANTA,Hantaviroses,420840,Itapiranga,SC,2012,0
HANTA,Hantaviroses,420840,Itapiranga,SC,2013,0
HANTA,Hantaviroses,420840,Itapiranga,SC,2014,0
HANTA,Hantaviroses,420840,Itapiranga,SC,2015,0
HANTA,Hantaviroses,420840,Itapiranga,SC,2016,0
HANTA,Hantaviroses,420840,Itapiranga,SC,2017,0
HANTA,Hantaviroses,420840,Itapiranga,SC,2018,0
HANTA,Hantaviroses,420840,Itapiranga,SC,2019,0
HANTA,Hantaviroses,420840,Itapiranga,SC,2020,0
HANTA,Hantaviroses,420840,Itapiranga,SC,2021,0
HANTA,Hantaviroses,420840,Itapiranga,SC,2022,0
HANTA,Hantaviroses,420840,Itapiranga,SC,2023,0
HANTA,Hantaviroses,420840,Itapiranga,SC,2024,0
HANTA,Hantaviroses,420840,Itapiranga,SC,2025,0
HANTA,Hantaviroses,420850,Ituporanga,SC,2007,0
HANTA,Hantaviroses,420850,Ituporanga,SC,2008,0
HANTA,Hantaviroses,420850,Ituporanga,SC,2009,0
HANTA,Hantaviroses,420850,Ituporanga,SC,2010,0
HANTA,Hantaviroses,420850,Ituporanga,SC,2011,1
HANTA,Hantaviroses,420850,Ituporanga,SC,2012,0
HANTA,Hantaviroses,420850,Ituporanga,SC,2013,0
HANTA,Hantaviroses,420850,Ituporanga,SC,2014,0
HANTA,Hantaviroses,420850,Ituporanga,SC,2015,0
HANTA,Hantaviroses,420850,Ituporanga,SC,2016,1
HANTA,Hantaviroses,420850,Ituporanga,SC,2017,0
HANTA,Hantaviroses,420850,Ituporanga,SC,2018,0
HANTA,Hantaviroses,420850,Ituporanga,SC,2019,1
HANTA,Hantaviroses,420850,Ituporanga,SC,2020,0
HANTA,Hantaviroses,420850,Ituporanga,SC,2021,1
HANTA,Hantaviroses,420850,Ituporanga,SC,2022,0
HANTA,Hantaviroses,420850,Ituporanga,SC,2023,0
HANTA,Hantaviroses,420850,Ituporanga,SC,2024,0
HANTA,Hantaviroses,420850,Ituporanga,SC,2025,0
HANTA,Hantaviroses,420900,Joacaba,SC,2007,0
HANTA,Hantaviroses,420900,Joacaba,SC,2008,2
HANTA,Hantaviroses,420900,Joacaba,SC,2009,1
HANTA,Hantaviroses,420900,Joacaba,SC,2010,1
HANTA,Hantaviroses,420900,Joacaba,SC,2011,1
HANTA,Hantaviroses,420900,Joacaba,SC,2012,1
HANTA,Hantaviroses,420900,Joacaba,SC,2013,0
HANTA,Hantaviroses,420900,Joacaba,SC,2014,4
HANTA,Hantaviroses,420900,Joacaba,SC,2015,1
HANTA,Hantaviroses,420900,Joacaba,SC,2016,1
HANTA,Hantaviroses,420900,Joacaba,SC,2017,0
HANTA,Hantaviroses,420900,Joacaba,SC,2018,1
HANTA,Hantaviroses,420900,Joacaba,SC,2019,0
HANTA,Hantaviroses,420900,Joacaba,SC,2020,0
HANTA,Hantaviroses,420900,Joacaba,SC,2021,0
HANTA,Hantaviroses,420900,Joacaba,SC,2022,1
HANTA,Hantaviroses,420900,Joacaba,SC,2023,1
HANTA,Hantaviroses,420900,Joacaba,SC,2024,1
HANTA,Hantaviroses,420900,Joacaba,SC,2025,1
HANTA,Hantaviroses,420910,Joinville,SC,2007,0
HANTA,Hantaviroses,420910,Joinville,SC,2008,0
HANTA,Hantaviroses,420910,Joinville,SC,2009,0
HANTA,Hantaviroses,420910,Joinville,SC,2010,0
HANTA,Hantaviroses,420910,Joinville,SC,2011,1
HANTA,Hantaviroses,420910,Joinville,SC,2012,1
HANTA,Hantaviroses,420910,Joinville,SC,2013,0
HANTA,Hantaviroses,420910,Joinville,SC,2014,0
HANTA,Hantaviroses,420910,Joinville,SC,2015,0
HANTA,Hantaviroses,420910,Joinville,SC,2016,0
HANTA,Hantaviroses,420910,Joinville,SC,2017,0
HANTA,Hantaviroses,420910,Joinville,SC,2018,0
HANTA,Hantaviroses,420910,Joinville,SC,2019,0
HANTA,Hantaviroses,420910,Joinville,SC,2020,0
HANTA,Hantaviroses,420910,Joinville,SC,2021,0
HANTA,Hantaviroses,420910,Joinville,SC,2022,0
HANTA,Hantaviroses,420910,Joinville,SC,2023,0
HANTA,Hantaviroses,420910,Joinville,SC,2024,0
HANTA,Hantaviroses,420910,Joinville,SC,2025,1
HANTA,Hantaviroses,420930,Lages,SC,2007,2
HANTA,Hantaviroses,420930,Lages,SC,2008,0
HANTA,Hantaviroses,420930,Lages,SC,2009,0
HANTA,Hantaviroses,420930,Lages,SC,2010,0
HANTA,Hantaviroses,420930,Lages,SC,2011,1
HANTA,Hantaviroses,420930,Lages,SC,2012,3
HANTA,Hantaviroses,420930,Lages,SC,2013,0
HANTA,Hantaviroses,420930,Lages,SC,2014,0
HANTA,Hantaviroses,420930,Lages,SC,2015,3
HANTA,Hantaviroses,420930,Lages,SC,2016,0
HANTA,Hantaviroses,420930,Lages,SC,2017,0
HANTA,Hantaviroses,420930,Lages,SC,2018,0
HANTA,Hantaviroses,420930,Lages,SC,2019,0
HANTA,Hantaviroses,420930,Lages,SC,2020,1
HANTA,Hantaviroses,420930,Lages,SC,2021,0
HANTA,Hantaviroses,420930,Lages,SC,2022,3
HANTA,Hantaviroses,420930,Lages,SC,2023,2
HANTA,Hantaviroses,420930,Lages,SC,2024,0
HANTA,Hantaviroses,420930,Lages,SC,2025,1
HANTA,Hantaviroses,420985,Lindoia do Sul,SC,2007,0
HANTA,Hantaviroses,420985,Lindoia do Sul,SC,2008,0
HANTA,Hantaviroses,420985,Lindoia do Sul,SC,2009,0
HANTA,Hantaviroses,420985,Lindoia do Sul,SC,2010,0
HANTA,Hantaviroses,420985,Lindoia do Sul,SC,2011,0
HANTA,Hantaviroses,420985,Lindoia do Sul,SC,2012,0
HANTA,Hantaviroses,420985,Lindoia do Sul,SC,2013,0
HANTA,Hantaviroses,420985,Lindoia do Sul,SC,2014,1
HANTA,Hantaviroses,420985,Lindoia do Sul,SC,2015,0
HANTA,Hantaviroses,420985,Lindoia do Sul,SC,2016,0
HANTA,Hantaviroses,420985,Lindoia do Sul,SC,2017,0
HANTA,Hantaviroses,420985,Lindoia do Sul,SC,2018,0
HANTA,Hantaviroses,420985,Lindoia do Sul,SC,2019,0
HANTA,Hantaviroses,420985,Lindoia do Sul,SC,2020,0
HANTA,Hantaviroses,420985,Lindoia do Sul,SC,2021,0
HANTA,Hantaviroses,420985,Lindoia do Sul,SC,2022,0
HANTA,Hantaviroses,420985,Lindoia do Sul,SC,2023,1
HANTA,Hantaviroses,420985,Lindoia do Sul,SC,2024,1
HANTA,Hantaviroses,420985,Lindoia do Sul,SC,2025,0
HANTA,Hantaviroses,421003,Luzerna,SC,2007,0
HANTA,Hantaviroses,421003,Luzerna,SC,2008,0
HANTA,Hantaviroses,421003,Luzerna,SC,2009,0
HANTA,Hantaviroses,421003,Luzerna,SC,2010,0
HANTA,Hantaviroses,421003,Luzerna,SC,2011,0
HANTA,Hantaviroses,421003,Luzerna,SC,2012,0
HANTA,Hantaviroses,421003,Luzerna,SC,2013,0
HANTA,Hantaviroses,421003,Luzerna,SC,2014,0
HANTA,Hantaviroses,421003,Luzerna,SC,2015,0
HANTA,Hantaviroses,421003,Luzerna,SC,2016,0
HANTA,Hantaviroses,421003,Luzerna,SC,2017,0
HANTA,Hantaviroses,421003,Luzerna,SC,2018,0
HANTA,Hantaviroses,421003,Luzerna,SC,2019,0
HANTA,Hantaviroses,421003,Luzerna,SC,2020,0
HANTA,Hantaviroses,421003,Luzerna,SC,2021,0
HANTA,Hantaviroses,421003,Luzerna,SC,2022,0
HANTA,Hantaviroses,421003,Luzerna,SC,2023,0
HANTA,Hantaviroses,421003,Luzerna,SC,2024,0
HANTA,Hantaviroses,421003,Luzerna,SC,2025,1
HANTA,Hantaviroses,421010,Mafra,SC,2007,0
HANTA,Hantaviroses,421010,Mafra,SC,2008,0
HANTA,Hantaviroses,421010,Mafra,SC,2009,0
HANTA,Hantaviroses,421010,Mafra,SC,2010,0
HANTA,Hantaviroses,421010,Mafra,SC,2011,0
HANTA,Hantaviroses,421010,Mafra,SC,2012,0
HANTA,Hantaviroses,421010,Mafra,SC,2013,0
HANTA,Hantaviroses,421010,Mafra,SC,2014,0
HANTA,Hantaviroses,421010,Mafra,SC,2015,1
HANTA,Hantaviroses,421010,Mafra,SC,2016,0
HANTA,Hantaviroses,421010,Mafra,SC,2017,0
HANTA,Hantaviroses,421010,Mafra,SC,2018,0
HANTA,Hantaviroses,421010,Mafra,SC,2019,0
HANTA,Hantaviroses,421010,Mafra,SC,2020,0
HANTA,Hantaviroses,421010,Mafra,SC,2021,0
HANTA,Hantaviroses,421010,Mafra,SC,2022,1
HANTA,Hantaviroses,421010,Mafra,SC,2023,1
HANTA,Hantaviroses,421010,Mafra,SC,2024,0
HANTA,Hantaviroses,421010,Mafra,SC,2025,0
HANTA,Hantaviroses,421050,Maravilha,SC,2007,0
HANTA,Hantaviroses,421050,Maravilha,SC,2008,1
HANTA,Hantaviroses,421050,Maravilha,SC,2009,0
HANTA,Hantaviroses,421050,Maravilha,SC,2010,1
HANTA,Hantaviroses,421050,Maravilha,SC,2011,0
HANTA,Hantaviroses,421050,Maravilha,SC,2012,0
HANTA,Hantaviroses,421050,Maravilha,SC,2013,2
HANTA,Hantaviroses,421050,Maravilha,SC,2014,0
HANTA,Hantaviroses,421050,Maravilha,SC,2015,0
HANTA,Hantaviroses,421050,Maravilha,SC,2016,0
HANTA,Hantaviroses,421050,Maravilha,SC,2017,0
HANTA,Hantaviroses,421050,Maravilha,SC,2018,0
HANTA,Hantaviroses,421050,Maravilha,SC,2019,0
HANTA,Hantaviroses,421050,Maravilha,SC,2020,0
HANTA,Hantaviroses,421050,Maravilha,SC,2021,0
HANTA,Hantaviroses,421050,Maravilha,SC,2022,0
HANTA,Hantaviroses,421050,Maravilha,SC,2023,1
HANTA,Hantaviroses,421050,Maravilha,SC,2024,0
HANTA,Hantaviroses,421050,Maravilha,SC,2025,0
HANTA,Hantaviroses,421100,Mondai,SC,2007,0
HANTA,Hantaviroses,421100,Mondai,SC,2008,0
HANTA,Hantaviroses,421100,Mondai,SC,2009,0
HANTA,Hantaviroses,421100,Mondai,SC,2010,0
HANTA,Hantaviroses,421100,Mondai,SC,2011,0
HANTA,Hantaviroses,421100,Mondai,SC,2012,0
HANTA,Hantaviroses,421100,Mondai,SC,2013,0
HANTA,Hantaviroses,421100,Mondai,SC,2014,0
HANTA,Hantaviroses,421100,Mondai,SC,2015,0
HANTA,Hantaviroses,421100,Mondai,SC,2016,0
HANTA,Hantaviroses,421100,Mondai,SC,2017,0
HANTA,Hantaviroses,421100,Mondai,SC,2018,0
HANTA,Hantaviroses,421100,Mondai,SC,2019,0
HANTA,Hantaviroses,421100,Mondai,SC,2020,0
HANTA,Hantaviroses,421100,Mondai,SC,2021,0
HANTA,Hantaviroses,421100,Mondai,SC,2022,0
HANTA,Hantaviroses,421100,Mondai,SC,2023,0
HANTA,Hantaviroses,421100,Mondai,SC,2024,0
HANTA,Hantaviroses,421100,Mondai,SC,2025,1
HANTA,Hantaviroses,421105,Monte Carlo,SC,2007,0
HANTA,Hantaviroses,421105,Monte Carlo,SC,2008,0
HANTA,Hantaviroses,421105,Monte Carlo,SC,2009,0
HANTA,Hantaviroses,421105,Monte Carlo,SC,2010,0
HANTA,Hantaviroses,421105,Monte Carlo,SC,2011,0
HANTA,Hantaviroses,421105,Monte Carlo,SC,2012,0
HANTA,Hantaviroses,421105,Monte Carlo,SC,2013,0
HANTA,Hantaviroses,421105,Monte Carlo,SC,2014,0
HANTA,Hantaviroses,421105,Monte Carlo,SC,2015,1
HANTA,Hantaviroses,421105,Monte Carlo,SC,2016,0
HANTA,Hantaviroses,421105,Monte Carlo,SC,2017,0
HANTA,Hantaviroses,421105,Monte Carlo,SC,2018,0
HANTA,Hantaviroses,421105,Monte Carlo,SC,2019,0
HANTA,Hantaviroses,421105,Monte Carlo,SC,2020,0
HANTA,Hantaviroses,421105,Monte Carlo,SC,2021,0
HANTA,Hantaviroses,421105,Monte Carlo,SC,2022,0
HANTA,Hantaviroses,421105,Monte Carlo,SC,2023,0
HANTA,Hantaviroses,421105,Monte Carlo,SC,2024,0
HANTA,Hantaviroses,421105,Monte Carlo,SC,2025,0
HANTA,Hantaviroses,421170,Orleans,SC,2007,0
HANTA,Hantaviroses,421170,Orleans,SC,2008,0
HANTA,Hantaviroses,421170,Orleans,SC,2009,0
HANTA,Hantaviroses,421170,Orleans,SC,2010,0
HANTA,Hantaviroses,421170,Orleans,SC,2011,2
HANTA,Hantaviroses,421170,Orleans,SC,2012,0
HANTA,Hantaviroses,421170,Orleans,SC,2013,0
HANTA,Hantaviroses,421170,Orleans,SC,2014,0
HANTA,Hantaviroses,421170,Orleans,SC,2015,0
HANTA,Hantaviroses,421170,Orleans,SC,2016,0
HANTA,Hantaviroses,421170,Orleans,SC,2017,0
HANTA,Hantaviroses,421170,Orleans,SC,2018,0
HANTA,Hantaviroses,421170,Orleans,SC,2019,0
HANTA,Hantaviroses,421170,Orleans,SC,2020,0
HANTA,Hantaviroses,421170,Orleans,SC,2021,0
HANTA,Hantaviroses,421170,Orleans,SC,2022,0
HANTA,Hantaviroses,421170,Orleans,SC,2023,1
HANTA,Hantaviroses,421170,Orleans,SC,2024,0
HANTA,Hantaviroses,421170,Orleans,SC,2025,0
HANTA,Hantaviroses,421175,Otacilio Costa,SC,2007,0
HANTA,Hantaviroses,421175,Otacilio Costa,SC,2008,0
HANTA,Hantaviroses,421175,Otacilio Costa,SC,2009,0
HANTA,Hantaviroses,421175,Otacilio Costa,SC,2010,0
HANTA,Hantaviroses,421175,Otacilio Costa,SC,2011,0
HANTA,Hantaviroses,421175,Otacilio Costa,SC,2012,0
HANTA,Hantaviroses,421175,Otacilio Costa,SC,2013,0
HANTA,Hantaviroses,421175,Otacilio Costa,SC,2014,1
HANTA,Hantaviroses,421175,Otacilio Costa,SC,2015,0
HANTA,Hantaviroses,421175,Otacilio Costa,SC,2016,0
HANTA,Hantaviroses,421175,Otacilio Costa,SC,2017,0
HANTA,Hantaviroses,421175,Otacilio Costa,SC,2018,0
HANTA,Hantaviroses,421175,Otacilio Costa,SC,2019,0
HANTA,Hantaviroses,421175,Otacilio Costa,SC,2020,0
HANTA,Hantaviroses,421175,Otacilio Costa,SC,2021,0
HANTA,Hantaviroses,421175,Otacilio Costa,SC,2022,0
HANTA,Hantaviroses,421175,Otacilio Costa,SC,2023,0
HANTA,Hantaviroses,421175,Otacilio Costa,SC,2024,0
HANTA,Hantaviroses,421175,Otacilio Costa,SC,2025,0
HANTA,Hantaviroses,421200,Palma Sola,SC,2007,0
HANTA,Hantaviroses,421200,Palma Sola,SC,2008,0
HANTA,Hantaviroses,421200,Palma Sola,SC,2009,0
HANTA,Hantaviroses,421200,Palma Sola,SC,2010,1
HANTA,Hantaviroses,421200,Palma Sola,SC,2011,0
HANTA,Hantaviroses,421200,Palma Sola,SC,2012,0
HANTA,Hantaviroses,421200,Palma Sola,SC,2013,0
HANTA,Hantaviroses,421200,Palma Sola,SC,2014,0
HANTA,Hantaviroses,421200,Palma Sola,SC,2015,0
HANTA,Hantaviroses,421200,Palma Sola,SC,2016,0
HANTA,Hantaviroses,421200,Palma Sola,SC,2017,0
HANTA,Hantaviroses,421200,Palma Sola,SC,2018,0
HANTA,Hantaviroses,421200,Palma Sola,SC,2019,0
HANTA,Hantaviroses,421200,Palma Sola,SC,2020,0
HANTA,Hantaviroses,421200,Palma Sola,SC,2021,0
HANTA,Hantaviroses,421200,Palma Sola,SC,2022,0
HANTA,Hantaviroses,421200,Palma Sola,SC,2023,0
HANTA,Hantaviroses,421200,Palma Sola,SC,2024,0
HANTA,Hantaviroses,421200,Palma Sola,SC,2025,0
HANTA,Hantaviroses,421210,Palmitos,SC,2007,0
HANTA,Hantaviroses,421210,Palmitos,SC,2008,0
HANTA,Hantaviroses,421210,Palmitos,SC,2009,1
HANTA,Hantaviroses,421210,Palmitos,SC,2010,0
HANTA,Hantaviroses,421210,Palmitos,SC,2011,1
HANTA,Hantaviroses,421210,Palmitos,SC,2012,0
HANTA,Hantaviroses,421210,Palmitos,SC,2013,0
HANTA,Hantaviroses,421210,Palmitos,SC,2014,0
HANTA,Hantaviroses,421210,Palmitos,SC,2015,0
HANTA,Hantaviroses,421210,Palmitos,SC,2016,0
HANTA,Hantaviroses,421210,Palmitos,SC,2017,0
HANTA,Hantaviroses,421210,Palmitos,SC,2018,0
HANTA,Hantaviroses,421210,Palmitos,SC,2019,0
HANTA,Hantaviroses,421210,Palmitos,SC,2020,0
HANTA,Hantaviroses,421210,Palmitos,SC,2021,0
HANTA,Hantaviroses,421210,Palmitos,SC,2022,0
HANTA,Hantaviroses,421210,Palmitos,SC,2023,0
HANTA,Hantaviroses,421210,Palmitos,SC,2024,0
HANTA,Hantaviroses,421210,Palmitos,SC,2025,1
HANTA,Hantaviroses,421270,Petrolandia,SC,2007,0
HANTA,Hantaviroses,421270,Petrolandia,SC,2008,0
HANTA,Hantaviroses,421270,Petrolandia,SC,2009,0
HANTA,Hantaviroses,421270,Petrolandia,SC,2010,0
HANTA,Hantaviroses,421270,Petrolandia,SC,2011,0
HANTA,Hantaviroses,421270,Petrolandia,SC,2012,0
HANTA,Hantaviroses,421270,Petrolandia,SC,2013,0
HANTA,Hantaviroses,421270,Petrolandia,SC,2014,0
HANTA,Hantaviroses,421270,Petrolandia,SC,2015,0
HANTA,Hantaviroses,421270,Petrolandia,SC,2016,0
HANTA,Hantaviroses,421270,Petrolandia,SC,2017,0
HANTA,Hantaviroses,421270,Petrolandia,SC,2018,0
HANTA,Hantaviroses,421270,Petrolandia,SC,2019,0
HANTA,Hantaviroses,421270,Petrolandia,SC,2020,0
HANTA,Hantaviroses,421270,Petrolandia,SC,2021,0
HANTA,Hantaviroses,421270,Petrolandia,SC,2022,0
HANTA,Hantaviroses,421270,Petrolandia,SC,2023,0
HANTA,Hantaviroses,421270,Petrolandia,SC,2024,1
HANTA,Hantaviroses,421270,Petrolandia,SC,2025,0
HANTA,Hantaviroses,421280,Balneario Picarras,SC,2007,0
HANTA,Hantaviroses,421280,Balneario Picarras,SC,2008,1
HANTA,Hantaviroses,421280,Balneario Picarras,SC,2009,0
HANTA,Hantaviroses,421280,Balneario Picarras,SC,2010,0
HANTA,Hantaviroses,421280,Balneario Picarras,SC,2011,0
HANTA,Hantaviroses,421280,Balneario Picarras,SC,2012,0
HANTA,Hantaviroses,421280,Balneario Picarras,SC,2013,0
HANTA,Hantaviroses,421280,Balneario Picarras,SC,2014,0
HANTA,Hantaviroses,421280,Balneario Picarras,SC,2015,0
HANTA,Hantaviroses,421280,Balneario Picarras,SC,2016,0
HANTA,Hantaviroses,421280,Balneario Picarras,SC,2017,0
HANTA,Hantaviroses,421280,Balneario Picarras,SC,2018,0
HANTA,Hantaviroses,421280,Balneario Picarras,SC,2019,0
HANTA,Hantaviroses,421280,Balneario Picarras,SC,2020,0
HANTA,Hantaviroses,421280,Balneario Picarras,SC,2021,0
HANTA,Hantaviroses,421280,Balneario Picarras,SC,2022,0
HANTA,Hantaviroses,421280,Balneario Picarras,SC,2023,0
HANTA,Hantaviroses,421280,Balneario Picarras,SC,2024,0
HANTA,Hantaviroses,421280,Balneario Picarras,SC,2025,0
HANTA,Hantaviroses,421300,Pinheiro Preto,SC,2007,0
HANTA,Hantaviroses,421300,Pinheiro Preto,SC,2008,0
HANTA,Hantaviroses,421300,Pinheiro Preto,SC,2009,0
HANTA,Hantaviroses,421300,Pinheiro Preto,SC,2010,0
HANTA,Hantaviroses,421300,Pinheiro Preto,SC,2011,0
HANTA,Hantaviroses,421300,Pinheiro Preto,SC,2012,0
HANTA,Hantaviroses,421300,Pinheiro Preto,SC,2013,0
HANTA,Hantaviroses,421300,Pinheiro Preto,SC,2014,0
HANTA,Hantaviroses,421300,Pinheiro Preto,SC,2015,1
HANTA,Hantaviroses,421300,Pinheiro Preto,SC,2016,0
HANTA,Hantaviroses,421300,Pinheiro Preto,SC,2017,0
HANTA,Hantaviroses,421300,Pinheiro Preto,SC,2018,0
HANTA,Hantaviroses,421300,Pinheiro Preto,SC,2019,0
HANTA,Hantaviroses,421300,Pinheiro Preto,SC,2020,0
HANTA,Hantaviroses,421300,Pinheiro Preto,SC,2021,0
HANTA,Hantaviroses,421300,Pinheiro Preto,SC,2022,0
HANTA,Hantaviroses,421300,Pinheiro Preto,SC,2023,0
HANTA,Hantaviroses,421300,Pinheiro Preto,SC,2024,0
HANTA,Hantaviroses,421300,Pinheiro Preto,SC,2025,0
HANTA,Hantaviroses,421360,Porto Uniao,SC,2007,1
HANTA,Hantaviroses,421360,Porto Uniao,SC,2008,0
HANTA,Hantaviroses,421360,Porto Uniao,SC,2009,0
HANTA,Hantaviroses,421360,Porto Uniao,SC,2010,0
HANTA,Hantaviroses,421360,Porto Uniao,SC,2011,0
HANTA,Hantaviroses,421360,Porto Uniao,SC,2012,1
HANTA,Hantaviroses,421360,Porto Uniao,SC,2013,3
HANTA,Hantaviroses,421360,Porto Uniao,SC,2014,0
HANTA,Hantaviroses,421360,Porto Uniao,SC,2015,0
HANTA,Hantaviroses,421360,Porto Uniao,SC,2016,0
HANTA,Hantaviroses,421360,Porto Uniao,SC,2017,0
HANTA,Hantaviroses,421360,Porto Uniao,SC,2018,0
HANTA,Hantaviroses,421360,Porto Uniao,SC,2019,0
HANTA,Hantaviroses,421360,Porto Uniao,SC,2020,1
HANTA,Hantaviroses,421360,Porto Uniao,SC,2021,0
HANTA,Hantaviroses,421360,Porto Uniao,SC,2022,0
HANTA,Hantaviroses,421360,Porto Uniao,SC,2023,1
HANTA,Hantaviroses,421360,Porto Uniao,SC,2024,0
HANTA,Hantaviroses,421360,Porto Uniao,SC,2025,0
HANTA,Hantaviroses,421370,Pouso Redondo,SC,2007,0
HANTA,Hantaviroses,421370,Pouso Redondo,SC,2008,0
HANTA,Hantaviroses,421370,Pouso Redondo,SC,2009,0
HANTA,Hantaviroses,421370,Pouso Redondo,SC,2010,0
HANTA,Hantaviroses,421370,Pouso Redondo,SC,2011,0
HANTA,Hantaviroses,421370,Pouso Redondo,SC,2012,0
HANTA,Hantaviroses,421370,Pouso Redondo,SC,2013,0
HANTA,Hantaviroses,421370,Pouso Redondo,SC,2014,0
HANTA,Hantaviroses,421370,Pouso Redondo,SC,2015,0
HANTA,Hantaviroses,421370,Pouso Redondo,SC,2016,0
HANTA,Hantaviroses,421370,Pouso Redondo,SC,2017,0
HANTA,Hantaviroses,421370,Pouso Redondo,SC,2018,1
HANTA,Hantaviroses,421370,Pouso Redondo,SC,2019,0
HANTA,Hantaviroses,421370,Pouso Redondo,SC,2020,0
HANTA,Hantaviroses,421370,Pouso Redondo,SC,2021,0
HANTA,Hantaviroses,421370,Pouso Redondo,SC,2022,0
HANTA,Hantaviroses,421370,Pouso Redondo,SC,2023,1
HANTA,Hantaviroses,421370,Pouso Redondo,SC,2024,0
HANTA,Hantaviroses,421370,Pouso Redondo,SC,2025,0
HANTA,Hantaviroses,421400,Presidente Getulio,SC,2007,0
HANTA,Hantaviroses,421400,Presidente Getulio,SC,2008,0
HANTA,Hantaviroses,421400,Presidente Getulio,SC,2009,0
HANTA,Hantaviroses,421400,Presidente Getulio,SC,2010,0
HANTA,Hantaviroses,421400,Presidente Getulio,SC,2011,0
HANTA,Hantaviroses,421400,Presidente Getulio,SC,2012,0
HANTA,Hantaviroses,421400,Presidente Getulio,SC,2013,1
HANTA,Hantaviroses,421400,Presidente Getulio,SC,2014,0
HANTA,Hantaviroses,421400,Presidente Getulio,SC,2015,0
HANTA,Hantaviroses,421400,Presidente Getulio,SC,2016,0
HANTA,Hantaviroses,421400,Presidente Getulio,SC,2017,0
HANTA,Hantaviroses,421400,Presidente Getulio,SC,2018,0
HANTA,Hantaviroses,421400,Presidente Getulio,SC,2019,0
HANTA,Hantaviroses,421400,Presidente Getulio,SC,2020,0
HANTA,Hantaviroses,421400,Presidente Getulio,SC,2021,0
HANTA,Hantaviroses,421400,Presidente Getulio,SC,2022,0
HANTA,Hantaviroses,421400,Presidente Getulio,SC,2023,0
HANTA,Hantaviroses,421400,Presidente Getulio,SC,2024,0
HANTA,Hantaviroses,421400,Presidente Getulio,SC,2025,0
HANTA,Hantaviroses,421420,Quilombo,SC,2007,0
HANTA,Hantaviroses,421420,Quilombo,SC,2008,0
HANTA,Hantaviroses,421420,Quilombo,SC,2009,0
HANTA,Hantaviroses,421420,Quilombo,SC,2010,1
HANTA,Hantaviroses,421420,Quilombo,SC,2011,0
HANTA,Hantaviroses,421420,Quilombo,SC,2012,0
HANTA,Hantaviroses,421420,Quilombo,SC,2013,0
HANTA,Hantaviroses,421420,Quilombo,SC,2014,0
HANTA,Hantaviroses,421420,Quilombo,SC,2015,0
HANTA,Hantaviroses,421420,Quilombo,SC,2016,0
HANTA,Hantaviroses,421420,Quilombo,SC,2017,0
HANTA,Hantaviroses,421420,Quilombo,SC,2018,0
HANTA,Hantaviroses,421420,Quilombo,SC,2019,0
HANTA,Hantaviroses,421420,Quilombo,SC,2020,0
HANTA,Hantaviroses,421420,Quilombo,SC,2021,0
HANTA,Hantaviroses,421420,Quilombo,SC,2022,0
HANTA,Hantaviroses,421420,Quilombo,SC,2023,0
HANTA,Hantaviroses,421420,Quilombo,SC,2024,0
HANTA,Hantaviroses,421420,Quilombo,SC,2025,0
HANTA,Hantaviroses,421430,Rancho Queimado,SC,2007,0
HANTA,Hantaviroses,421430,Rancho Queimado,SC,2008,0
HANTA,Hantaviroses,421430,Rancho Queimado,SC,2009,0
HANTA,Hantaviroses,421430,Rancho Queimado,SC,2010,0
HANTA,Hantaviroses,421430,Rancho Queimado,SC,2011,0
HANTA,Hantaviroses,421430,Rancho Queimado,SC,2012,0
HANTA,Hantaviroses,421430,Rancho Queimado,SC,2013,1
HANTA,Hantaviroses,421430,Rancho Queimado,SC,2014,0
HANTA,Hantaviroses,421430,Rancho Queimado,SC,2015,0
HANTA,Hantaviroses,421430,Rancho Queimado,SC,2016,0
HANTA,Hantaviroses,421430,Rancho Queimado,SC,2017,0
HANTA,Hantaviroses,421430,Rancho Queimado,SC,2018,0
HANTA,Hantaviroses,421430,Rancho Queimado,SC,2019,0
HANTA,Hantaviroses,421430,Rancho Queimado,SC,2020,0
HANTA,Hantaviroses,421430,Rancho Queimado,SC,2021,0
HANTA,Hantaviroses,421430,Rancho Queimado,SC,2022,0
HANTA,Hantaviroses,421430,Rancho Queimado,SC,2023,0
HANTA,Hantaviroses,421430,Rancho Queimado,SC,2024,0
HANTA,Hantaviroses,421430,Rancho Queimado,SC,2025,0
HANTA,Hantaviroses,421450,Rio do Campo,SC,2007,1
HANTA,Hantaviroses,421450,Rio do Campo,SC,2008,0
HANTA,Hantaviroses,421450,Rio do Campo,SC,2009,0
HANTA,Hantaviroses,421450,Rio do Campo,SC,2010,0
HANTA,Hantaviroses,421450,Rio do Campo,SC,2011,0
HANTA,Hantaviroses,421450,Rio do Campo,SC,2012,0
HANTA,Hantaviroses,421450,Rio do Campo,SC,2013,0
HANTA,Hantaviroses,421450,Rio do Campo,SC,2014,0
HANTA,Hantaviroses,421450,Rio do Campo,SC,2015,1
HANTA,Hantaviroses,421450,Rio do Campo,SC,2016,0
HANTA,Hantaviroses,421450,Rio do Campo,SC,2017,0
HANTA,Hantaviroses,421450,Rio do Campo,SC,2018,0
HANTA,Hantaviroses,421450,Rio do Campo,SC,2019,0
HANTA,Hantaviroses,421450,Rio do Campo,SC,2020,0
HANTA,Hantaviroses,421450,Rio do Campo,SC,2021,0
HANTA,Hantaviroses,421450,Rio do Campo,SC,2022,0
HANTA,Hantaviroses,421450,Rio do Campo,SC,2023,0
HANTA,Hantaviroses,421450,Rio do Campo,SC,2024,0
HANTA,Hantaviroses,421450,Rio do Campo,SC,2025,0
HANTA,Hantaviroses,421480,Rio do Sul,SC,2007,0
HANTA,Hantaviroses,421480,Rio do Sul,SC,2008,2
HANTA,Hantaviroses,421480,Rio do Sul,SC,2009,2
HANTA,Hantaviroses,421480,Rio do Sul,SC,2010,4
HANTA,Hantaviroses,421480,Rio do Sul,SC,2011,3
HANTA,Hantaviroses,421480,Rio do Sul,SC,2012,1
HANTA,Hantaviroses,421480,Rio do Sul,SC,2013,2
HANTA,Hantaviroses,421480,Rio do Sul,SC,2014,0
HANTA,Hantaviroses,421480,Rio do Sul,SC,2015,0
HANTA,Hantaviroses,421480,Rio do Sul,SC,2016,0
HANTA,Hantaviroses,421480,Rio do Sul,SC,2017,1
HANTA,Hantaviroses,421480,Rio do Sul,SC,2018,1
HANTA,Hantaviroses,421480,Rio do Sul,SC,2019,0
HANTA,Hantaviroses,421480,Rio do Sul,SC,2020,0
HANTA,Hantaviroses,421480,Rio do Sul,SC,2021,1
HANTA,Hantaviroses,421480,Rio do Sul,SC,2022,1
HANTA,Hantaviroses,421480,Rio do Sul,SC,2023,0
HANTA,Hantaviroses,421480,Rio do Sul,SC,2024,0
HANTA,Hantaviroses,421480,Rio do Sul,SC,2025,1
HANTA,Hantaviroses,421490,Rio Fortuna,SC,2007,0
HANTA,Hantaviroses,421490,Rio Fortuna,SC,2008,0
HANTA,Hantaviroses,421490,Rio Fortuna,SC,2009,0
HANTA,Hantaviroses,421490,Rio Fortuna,SC,2010,0
HANTA,Hantaviroses,421490,Rio Fortuna,SC,2011,0
HANTA,Hantaviroses,421490,Rio Fortuna,SC,2012,1
HANTA,Hantaviroses,421490,Rio Fortuna,SC,2013,0
HANTA,Hantaviroses,421490,Rio Fortuna,SC,2014,0
HANTA,Hantaviroses,421490,Rio Fortuna,SC,2015,0
HANTA,Hantaviroses,421490,Rio Fortuna,SC,2016,0
HANTA,Hantaviroses,421490,Rio Fortuna,SC,2017,0
HANTA,Hantaviroses,421490,Rio Fortuna,SC,2018,0
HANTA,Hantaviroses,421490,Rio Fortuna,SC,2019,0
HANTA,Hantaviroses,421490,Rio Fortuna,SC,2020,0
HANTA,Hantaviroses,421490,Rio Fortuna,SC,2021,0
HANTA,Hantaviroses,421490,Rio Fortuna,SC,2022,0
HANTA,Hantaviroses,421490,Rio Fortuna,SC,2023,0
HANTA,Hantaviroses,421490,Rio Fortuna,SC,2024,0
HANTA,Hantaviroses,421490,Rio Fortuna,SC,2025,0
HANTA,Hantaviroses,421500,Rio Negrinho,SC,2007,0
HANTA,Hantaviroses,421500,Rio Negrinho,SC,2008,0
HANTA,Hantaviroses,421500,Rio Negrinho,SC,2009,0
HANTA,Hantaviroses,421500,Rio Negrinho,SC,2010,0
HANTA,Hantaviroses,421500,Rio Negrinho,SC,2011,1
HANTA,Hantaviroses,421500,Rio Negrinho,SC,2012,0
HANTA,Hantaviroses,421500,Rio Negrinho,SC,2013,0
HANTA,Hantaviroses,421500,Rio Negrinho,SC,2014,0
HANTA,Hantaviroses,421500,Rio Negrinho,SC,2015,0
HANTA,Hantaviroses,421500,Rio Negrinho,SC,2016,0
HANTA,Hantaviroses,421500,Rio Negrinho,SC,2017,0
HANTA,Hantaviroses,421500,Rio Negrinho,SC,2018,0
HANTA,Hantaviroses,421500,Rio Negrinho,SC,2019,0
HANTA,Hantaviroses,421500,Rio Negrinho,SC,2020,0
HANTA,Hantaviroses,421500,Rio Negrinho,SC,2021,0
HANTA,Hantaviroses,421500,Rio Negrinho,SC,2022,0
HANTA,Hantaviroses,421500,Rio Negrinho,SC,2023,0
HANTA,Hantaviroses,421500,Rio Negrinho,SC,2024,0
HANTA,Hantaviroses,421500,Rio Negrinho,SC,2025,0
HANTA,Hantaviroses,421507,Riqueza,SC,2007,0
HANTA,Hantaviroses,421507,Riqueza,SC,2008,0
HANTA,Hantaviroses,421507,Riqueza,SC,2009,1
HANTA,Hantaviroses,421507,Riqueza,SC,2010,0
HANTA,Hantaviroses,421507,Riqueza,SC,2011,0
HANTA,Hantaviroses,421507,Riqueza,SC,2012,0
HANTA,Hantaviroses,421507,Riqueza,SC,2013,0
HANTA,Hantaviroses,421507,Riqueza,SC,2014,0
HANTA,Hantaviroses,421507,Riqueza,SC,2015,0
HANTA,Hantaviroses,421507,Riqueza,SC,2016,1
HANTA,Hantaviroses,421507,Riqueza,SC,2017,1
HANTA,Hantaviroses,421507,Riqueza,SC,2018,0
HANTA,Hantaviroses,421507,Riqueza,SC,2019,0
HANTA,Hantaviroses,421507,Riqueza,SC,2020,0
HANTA,Hantaviroses,421507,Riqueza,SC,2021,0
HANTA,Hantaviroses,421507,Riqueza,SC,2022,0
HANTA,Hantaviroses,421507,Riqueza,SC,2023,0
HANTA,Hantaviroses,421507,Riqueza,SC,2024,0
HANTA,Hantaviroses,421507,Riqueza,SC,2025,0
HANTA,Hantaviroses,421570,Santo Amaro da Imperatriz,SC,2007,0
HANTA,Hantaviroses,421570,Santo Amaro da Imperatriz,SC,2008,0
HANTA,Hantaviroses,421570,Santo Amaro da Imperatriz,SC,2009,0
HANTA,Hantaviroses,421570,Santo Amaro da Imperatriz,SC,2010,0
HANTA,Hantaviroses,421570,Santo Amaro da Imperatriz,SC,2011,0
HANTA,Hantaviroses,421570,Santo Amaro da Imperatriz,SC,2012,0
HANTA,Hantaviroses,421570,Santo Amaro da Imperatriz,SC,2013,0
HANTA,Hantaviroses,421570,Santo Amaro da Imperatriz,SC,2014,0
HANTA,Hantaviroses,421570,Santo Amaro da Imperatriz,SC,2015,0
HANTA,Hantaviroses,421570,Santo Amaro da Imperatriz,SC,2016,0
HANTA,Hantaviroses,421570,Santo Amaro da Imperatriz,SC,2017,0
HANTA,Hantaviroses,421570,Santo Amaro da Imperatriz,SC,2018,0
HANTA,Hantaviroses,421570,Santo Amaro da Imperatriz,SC,2019,0
HANTA,Hantaviroses,421570,Santo Amaro da Imperatriz,SC,2020,0
HANTA,Hantaviroses,421570,Santo Amaro da Imperatriz,SC,2021,1
HANTA,Hantaviroses,421570,Santo Amaro da Imperatriz,SC,2022,0
HANTA,Hantaviroses,421570,Santo Amaro da Imperatriz,SC,2023,0
HANTA,Hantaviroses,421570,Santo Amaro da Imperatriz,SC,2024,0
HANTA,Hantaviroses,421570,Santo Amaro da Imperatriz,SC,2025,0
HANTA,Hantaviroses,421580,Sao Bento do Sul,SC,2007,0
HANTA,Hantaviroses,421580,Sao Bento do Sul,SC,2008,0
HANTA,Hantaviroses,421580,Sao Bento do Sul,SC,2009,0
HANTA,Hantaviroses,421580,Sao Bento do Sul,SC,2010,0
HANTA,Hantaviroses,421580,Sao Bento do Sul,SC,2011,0
HANTA,Hantaviroses,421580,Sao Bento do Sul,SC,2012,0
HANTA,Hantaviroses,421580,Sao Bento do Sul,SC,2013,2
HANTA,Hantaviroses,421580,Sao Bento do Sul,SC,2014,0
HANTA,Hantaviroses,421580,Sao Bento do Sul,SC,2015,0
HANTA,Hantaviroses,421580,Sao Bento do Sul,SC,2016,0
HANTA,Hantaviroses,421580,Sao Bento do Sul,SC,2017,0
HANTA,Hantaviroses,421580,Sao Bento do Sul,SC,2018,0
HANTA,Hantaviroses,421580,Sao Bento do Sul,SC,2019,0
HANTA,Hantaviroses,421580,Sao Bento do Sul,SC,2020,0
HANTA,Hantaviroses,421580,Sao Bento do Sul,SC,2021,1
HANTA,Hantaviroses,421580,Sao Bento do Sul,SC,2022,1
HANTA,Hantaviroses,421580,Sao Bento do Sul,SC,2023,1
HANTA,Hantaviroses,421580,Sao Bento do Sul,SC,2024,0
HANTA,Hantaviroses,421580,Sao Bento do Sul,SC,2025,0
HANTA,Hantaviroses,421590,Sao Bonifacio,SC,2007,0
HANTA,Hantaviroses,421590,Sao Bonifacio,SC,2008,0
HANTA,Hantaviroses,421590,Sao Bonifacio,SC,2009,0
HANTA,Hantaviroses,421590,Sao Bonifacio,SC,2010,1
HANTA,Hantaviroses,421590,Sao Bonifacio,SC,2011,0
HANTA,Hantaviroses,421590,Sao Bonifacio,SC,2012,0
HANTA,Hantaviroses,421590,Sao Bonifacio,SC,2013,3
HANTA,Hantaviroses,421590,Sao Bonifacio,SC,2014,0
HANTA,Hantaviroses,421590,Sao Bonifacio,SC,2015,0
HANTA,Hantaviroses,421590,Sao Bonifacio,SC,2016,0
HANTA,Hantaviroses,421590,Sao Bonifacio,SC,2017,0
HANTA,Hantaviroses,421590,Sao Bonifacio,SC,2018,0
HANTA,Hantaviroses,421590,Sao Bonifacio,SC,2019,0
HANTA,Hantaviroses,421590,Sao Bonifacio,SC,2020,0
HANTA,Hantaviroses,421590,Sao Bonifacio,SC,2021,0
HANTA,Hantaviroses,421590,Sao Bonifacio,SC,2022,0
HANTA,Hantaviroses,421590,Sao Bonifacio,SC,2023,0
HANTA,Hantaviroses,421590,Sao Bonifacio,SC,2024,0
HANTA,Hantaviroses,421590,Sao Bonifacio,SC,2025,0
HANTA,Hantaviroses,421660,Sao Jose,SC,2007,0
HANTA,Hantaviroses,421660,Sao Jose,SC,2008,0
HANTA,Hantaviroses,421660,Sao Jose,SC,2009,0
HANTA,Hantaviroses,421660,Sao Jose,SC,2010,2
HANTA,Hantaviroses,421660,Sao Jose,SC,2011,0
HANTA,Hantaviroses,421660,Sao Jose,SC,2012,0
HANTA,Hantaviroses,421660,Sao Jose,SC,2013,2
HANTA,Hantaviroses,421660,Sao Jose,SC,2014,0
HANTA,Hantaviroses,421660,Sao Jose,SC,2015,0
HANTA,Hantaviroses,421660,Sao Jose,SC,2016,1
HANTA,Hantaviroses,421660,Sao Jose,SC,2017,0
HANTA,Hantaviroses,421660,Sao Jose,SC,2018,0
HANTA,Hantaviroses,421660,Sao Jose,SC,2019,0
HANTA,Hantaviroses,421660,Sao Jose,SC,2020,0
HANTA,Hantaviroses,421660,Sao Jose,SC,2021,0
HANTA,Hantaviroses,421660,Sao Jose,SC,2022,1
HANTA,Hantaviroses,421660,Sao Jose,SC,2023,0
HANTA,Hantaviroses,421660,Sao Jose,SC,2024,0
HANTA,Hantaviroses,421660,Sao Jose,SC,2025,0
HANTA,Hantaviroses,421670,Sao Jose do Cedro,SC,2007,0
HANTA,Hantaviroses,421670,Sao Jose do Cedro,SC,2008,0
HANTA,Hantaviroses,421670,Sao Jose do Cedro,SC,2009,0
HANTA,Hantaviroses,421670,Sao Jose do Cedro,SC,2010,0
HANTA,Hantaviroses,421670,Sao Jose do Cedro,SC,2011,0
HANTA,Hantaviroses,421670,Sao Jose do Cedro,SC,2012,0
HANTA,Hantaviroses,421670,Sao Jose do Cedro,SC,2013,0
HANTA,Hantaviroses,421670,Sao Jose do Cedro,SC,2014,1
HANTA,Hantaviroses,421670,Sao Jose do Cedro,SC,2015,0
HANTA,Hantaviroses,421670,Sao Jose do Cedro,SC,2016,0
HANTA,Hantaviroses,421670,Sao Jose do Cedro,SC,2017,0
HANTA,Hantaviroses,421670,Sao Jose do Cedro,SC,2018,0
HANTA,Hantaviroses,421670,Sao Jose do Cedro,SC,2019,0
HANTA,Hantaviroses,421670,Sao Jose do Cedro,SC,2020,0
HANTA,Hantaviroses,421670,Sao Jose do Cedro,SC,2021,0
HANTA,Hantaviroses,421670,Sao Jose do Cedro,SC,2022,0
HANTA,Hantaviroses,421670,Sao Jose do Cedro,SC,2023,0
HANTA,Hantaviroses,421670,Sao Jose do Cedro,SC,2024,0
HANTA,Hantaviroses,421670,Sao Jose do Cedro,SC,2025,0
HANTA,Hantaviroses,421700,Sao Ludgero,SC,2007,0
HANTA,Hantaviroses,421700,Sao Ludgero,SC,2008,0
HANTA,Hantaviroses,421700,Sao Ludgero,SC,2009,0
HANTA,Hantaviroses,421700,Sao Ludgero,SC,2010,0
HANTA,Hantaviroses,421700,Sao Ludgero,SC,2011,0
HANTA,Hantaviroses,421700,Sao Ludgero,SC,2012,0
HANTA,Hantaviroses,421700,Sao Ludgero,SC,2013,0
HANTA,Hantaviroses,421700,Sao Ludgero,SC,2014,1
HANTA,Hantaviroses,421700,Sao Ludgero,SC,2015,0
HANTA,Hantaviroses,421700,Sao Ludgero,SC,2016,0
HANTA,Hantaviroses,421700,Sao Ludgero,SC,2017,0
HANTA,Hantaviroses,421700,Sao Ludgero,SC,2018,0
HANTA,Hantaviroses,421700,Sao Ludgero,SC,2019,0
HANTA,Hantaviroses,421700,Sao Ludgero,SC,2020,0
HANTA,Hantaviroses,421700,Sao Ludgero,SC,2021,0
HANTA,Hantaviroses,421700,Sao Ludgero,SC,2022,0
HANTA,Hantaviroses,421700,Sao Ludgero,SC,2023,0
HANTA,Hantaviroses,421700,Sao Ludgero,SC,2024,0
HANTA,Hantaviroses,421700,Sao Ludgero,SC,2025,0
HANTA,Hantaviroses,421720,Sao Miguel do Oeste,SC,2007,0
HANTA,Hantaviroses,421720,Sao Miguel do Oeste,SC,2008,0
HANTA,Hantaviroses,421720,Sao Miguel do Oeste,SC,2009,0
HANTA,Hantaviroses,421720,Sao Miguel do Oeste,SC,2010,0
HANTA,Hantaviroses,421720,Sao Miguel do Oeste,SC,2011,0
HANTA,Hantaviroses,421720,Sao Miguel do Oeste,SC,2012,0
HANTA,Hantaviroses,421720,Sao Miguel do Oeste,SC,2013,0
HANTA,Hantaviroses,421720,Sao Miguel do Oeste,SC,2014,0
HANTA,Hantaviroses,421720,Sao Miguel do Oeste,SC,2015,0
HANTA,Hantaviroses,421720,Sao Miguel do Oeste,SC,2016,0
HANTA,Hantaviroses,421720,Sao Miguel do Oeste,SC,2017,0
HANTA,Hantaviroses,421720,Sao Miguel do Oeste,SC,2018,1
HANTA,Hantaviroses,421720,Sao Miguel do Oeste,SC,2019,0
HANTA,Hantaviroses,421720,Sao Miguel do Oeste,SC,2020,1
HANTA,Hantaviroses,421720,Sao Miguel do Oeste,SC,2021,0
HANTA,Hantaviroses,421720,Sao Miguel do Oeste,SC,2022,0
HANTA,Hantaviroses,421720,Sao Miguel do Oeste,SC,2023,1
HANTA,Hantaviroses,421720,Sao Miguel do Oeste,SC,2024,2
HANTA,Hantaviroses,421720,Sao Miguel do Oeste,SC,2025,1
HANTA,Hantaviroses,421750,Seara,SC,2007,0
HANTA,Hantaviroses,421750,Seara,SC,2008,0
HANTA,Hantaviroses,421750,Seara,SC,2009,0
HANTA,Hantaviroses,421750,Seara,SC,2010,0
HANTA,Hantaviroses,421750,Seara,SC,2011,0
HANTA,Hantaviroses,421750,Seara,SC,2012,0
HANTA,Hantaviroses,421750,Seara,SC,2013,2
HANTA,Hantaviroses,421750,Seara,SC,2014,0
HANTA,Hantaviroses,421750,Seara,SC,2015,0
HANTA,Hantaviroses,421750,Seara,SC,2016,0
HANTA,Hantaviroses,421750,Seara,SC,2017,1
HANTA,Hantaviroses,421750,Seara,SC,2018,0
HANTA,Hantaviroses,421750,Seara,SC,2019,0
HANTA,Hantaviroses,421750,Seara,SC,2020,0
HANTA,Hantaviroses,421750,Seara,SC,2021,0
HANTA,Hantaviroses,421750,Seara,SC,2022,0
HANTA,Hantaviroses,421750,Seara,SC,2023,0
HANTA,Hantaviroses,421750,Seara,SC,2024,0
HANTA,Hantaviroses,421750,Seara,SC,2025,0
HANTA,Hantaviroses,421755,Serra Alta,SC,2007,0
HANTA,Hantaviroses,421755,Serra Alta,SC,2008,0
HANTA,Hantaviroses,421755,Serra Alta,SC,2009,0
HANTA,Hantaviroses,421755,Serra Alta,SC,2010,0
HANTA,Hantaviroses,421755,Serra Alta,SC,2011,0
HANTA,Hantaviroses,421755,Serra Alta,SC,2012,0
HANTA,Hantaviroses,421755,Serra Alta,SC,2013,0
HANTA,Hantaviroses,421755,Serra Alta,SC,2014,0
HANTA,Hantaviroses,421755,Serra Alta,SC,2015,1
HANTA,Hantaviroses,421755,Serra Alta,SC,2016,0
HANTA,Hantaviroses,421755,Serra Alta,SC,2017,0
HANTA,Hantaviroses,421755,Serra Alta,SC,2018,0
HANTA,Hantaviroses,421755,Serra Alta,SC,2019,0
HANTA,Hantaviroses,421755,Serra Alta,SC,2020,0
HANTA,Hantaviroses,421755,Serra Alta,SC,2021,0
HANTA,Hantaviroses,421755,Serra Alta,SC,2022,0
HANTA,Hantaviroses,421755,Serra Alta,SC,2023,0
HANTA,Hantaviroses,421755,Serra Alta,SC,2024,0
HANTA,Hantaviroses,421755,Serra Alta,SC,2025,0
HANTA,Hantaviroses,421790,Tangara,SC,2007,0
HANTA,Hantaviroses,421790,Tangara,SC,2008,0
HANTA,Hantaviroses,421790,Tangara,SC,2009,0
HANTA,Hantaviroses,421790,Tangara,SC,2010,0
HANTA,Hantaviroses,421790,Tangara,SC,2011,0
HANTA,Hantaviroses,421790,Tangara,SC,2012,0
HANTA,Hantaviroses,421790,Tangara,SC,2013,0
HANTA,Hantaviroses,421790,Tangara,SC,2014,0
HANTA,Hantaviroses,421790,Tangara,SC,2015,1
HANTA,Hantaviroses,421790,Tangara,SC,2016,0
HANTA,Hantaviroses,421790,Tangara,SC,2017,0
HANTA,Hantaviroses,421790,Tangara,SC,2018,0
HANTA,Hantaviroses,421790,Tangara,SC,2019,0
HANTA,Hantaviroses,421790,Tangara,SC,2020,0
HANTA,Hantaviroses,421790,Tangara,SC,2021,1
HANTA,Hantaviroses,421790,Tangara,SC,2022,0
HANTA,Hantaviroses,421790,Tangara,SC,2023,0
HANTA,Hantaviroses,421790,Tangara,SC,2024,0
HANTA,Hantaviroses,421790,Tangara,SC,2025,0
HANTA,Hantaviroses,421820,Timbo,SC,2007,0
HANTA,Hantaviroses,421820,Timbo,SC,2008,0
HANTA,Hantaviroses,421820,Timbo,SC,2009,0
HANTA,Hantaviroses,421820,Timbo,SC,2010,0
HANTA,Hantaviroses,421820,Timbo,SC,2011,0
HANTA,Hantaviroses,421820,Timbo,SC,2012,0
HANTA,Hantaviroses,421820,Timbo,SC,2013,0
HANTA,Hantaviroses,421820,Timbo,SC,2014,0
HANTA,Hantaviroses,421820,Timbo,SC,2015,0
HANTA,Hantaviroses,421820,Timbo,SC,2016,0
HANTA,Hantaviroses,421820,Timbo,SC,2017,0
HANTA,Hantaviroses,421820,Timbo,SC,2018,0
HANTA,Hantaviroses,421820,Timbo,SC,2019,0
HANTA,Hantaviroses,421820,Timbo,SC,2020,0
HANTA,Hantaviroses,421820,Timbo,SC,2021,0
HANTA,Hantaviroses,421820,Timbo,SC,2022,0
HANTA,Hantaviroses,421820,Timbo,SC,2023,1
HANTA,Hantaviroses,421820,Timbo,SC,2024,0
HANTA,Hantaviroses,421820,Timbo,SC,2025,0
HANTA,Hantaviroses,421850,Treze Tilias,SC,2007,0
HANTA,Hantaviroses,421850,Treze Tilias,SC,2008,0
HANTA,Hantaviroses,421850,Treze Tilias,SC,2009,0
HANTA,Hantaviroses,421850,Treze Tilias,SC,2010,0
HANTA,Hantaviroses,421850,Treze Tilias,SC,2011,0
HANTA,Hantaviroses,421850,Treze Tilias,SC,2012,0
HANTA,Hantaviroses,421850,Treze Tilias,SC,2013,0
HANTA,Hantaviroses,421850,Treze Tilias,SC,2014,0
HANTA,Hantaviroses,421850,Treze Tilias,SC,2015,0
HANTA,Hantaviroses,421850,Treze Tilias,SC,2016,0
HANTA,Hantaviroses,421850,Treze Tilias,SC,2017,0
HANTA,Hantaviroses,421850,Treze Tilias,SC,2018,0
HANTA,Hantaviroses,421850,Treze Tilias,SC,2019,0
HANTA,Hantaviroses,421850,Treze Tilias,SC,2020,1
HANTA,Hantaviroses,421850,Treze Tilias,SC,2021,0
HANTA,Hantaviroses,421850,Treze Tilias,SC,2022,0
HANTA,Hantaviroses,421850,Treze Tilias,SC,2023,0
HANTA,Hantaviroses,421850,Treze Tilias,SC,2024,0
HANTA,Hantaviroses,421850,Treze Tilias,SC,2025,0
HANTA,Hantaviroses,421860,Trombudo Central,SC,2007,0
HANTA,Hantaviroses,421860,Trombudo Central,SC,2008,0
HANTA,Hantaviroses,421860,Trombudo Central,SC,2009,0
HANTA,Hantaviroses,421860,Trombudo Central,SC,2010,0
HANTA,Hantaviroses,421860,Trombudo Central,SC,2011,0
HANTA,Hantaviroses,421860,Trombudo Central,SC,2012,0
HANTA,Hantaviroses,421860,Trombudo Central,SC,2013,0
HANTA,Hantaviroses,421860,Trombudo Central,SC,2014,0
HANTA,Hantaviroses,421860,Trombudo Central,SC,2015,0
HANTA,Hantaviroses,421860,Trombudo Central,SC,2016,0
HANTA,Hantaviroses,421860,Trombudo Central,SC,2017,0
HANTA,Hantaviroses,421860,Trombudo Central,SC,2018,0
HANTA,Hantaviroses,421860,Trombudo Central,SC,2019,0
HANTA,Hantaviroses,421860,Trombudo Central,SC,2020,0
HANTA,Hantaviroses,421860,Trombudo Central,SC,2021,0
HANTA,Hantaviroses,421860,Trombudo Central,SC,2022,0
HANTA,Hantaviroses,421860,Trombudo Central,SC,2023,1
HANTA,Hantaviroses,421860,Trombudo Central,SC,2024,0
HANTA,Hantaviroses,421860,Trombudo Central,SC,2025,0
HANTA,Hantaviroses,421870,Tubarao,SC,2007,0
HANTA,Hantaviroses,421870,Tubarao,SC,2008,0
HANTA,Hantaviroses,421870,Tubarao,SC,2009,0
HANTA,Hantaviroses,421870,Tubarao,SC,2010,0
HANTA,Hantaviroses,421870,Tubarao,SC,2011,0
HANTA,Hantaviroses,421870,Tubarao,SC,2012,0
HANTA,Hantaviroses,421870,Tubarao,SC,2013,0
HANTA,Hantaviroses,421870,Tubarao,SC,2014,0
HANTA,Hantaviroses,421870,Tubarao,SC,2015,0
HANTA,Hantaviroses,421870,Tubarao,SC,2016,0
HANTA,Hantaviroses,421870,Tubarao,SC,2017,0
HANTA,Hantaviroses,421870,Tubarao,SC,2018,0
HANTA,Hantaviroses,421870,Tubarao,SC,2019,0
HANTA,Hantaviroses,421870,Tubarao,SC,2020,0
HANTA,Hantaviroses,421870,Tubarao,SC,2021,0
HANTA,Hantaviroses,421870,Tubarao,SC,2022,1
HANTA,Hantaviroses,421870,Tubarao,SC,2023,0
HANTA,Hantaviroses,421870,Tubarao,SC,2024,0
HANTA,Hantaviroses,421870,Tubarao,SC,2025,0
HANTA,Hantaviroses,421890,Urubici,SC,2007,1
HANTA,Hantaviroses,421890,Urubici,SC,2008,0
HANTA,Hantaviroses,421890,Urubici,SC,2009,0
HANTA,Hantaviroses,421890,Urubici,SC,2010,0
HANTA,Hantaviroses,421890,Urubici,SC,2011,0
HANTA,Hantaviroses,421890,Urubici,SC,2012,0
HANTA,Hantaviroses,421890,Urubici,SC,2013,0
HANTA,Hantaviroses,421890,Urubici,SC,2014,0
HANTA,Hantaviroses,421890,Urubici,SC,2015,0
HANTA,Hantaviroses,421890,Urubici,SC,2016,0
HANTA,Hantaviroses,421890,Urubici,SC,2017,0
HANTA,Hantaviroses,421890,Urubici,SC,2018,0
HANTA,Hantaviroses,421890,Urubici,SC,2019,0
HANTA,Hantaviroses,421890,Urubici,SC,2020,0
HANTA,Hantaviroses,421890,Urubici,SC,2021,0
HANTA,Hantaviroses,421890,Urubici,SC,2022,0
HANTA,Hantaviroses,421890,Urubici,SC,2023,0
HANTA,Hantaviroses,421890,Urubici,SC,2024,0
HANTA,Hantaviroses,421890,Urubici,SC,2025,0
HANTA,Hantaviroses,421920,Vidal Ramos,SC,2007,1
HANTA,Hantaviroses,421920,Vidal Ramos,SC,2008,0
HANTA,Hantaviroses,421920,Vidal Ramos,SC,2009,0
HANTA,Hantaviroses,421920,Vidal Ramos,SC,2010,0
HANTA,Hantaviroses,421920,Vidal Ramos,SC,2011,0
HANTA,Hantaviroses,421920,Vidal Ramos,SC,2012,0
HANTA,Hantaviroses,421920,Vidal Ramos,SC,2013,0
HANTA,Hantaviroses,421920,Vidal Ramos,SC,2014,0
HANTA,Hantaviroses,421920,Vidal Ramos,SC,2015,0
HANTA,Hantaviroses,421920,Vidal Ramos,SC,2016,0
HANTA,Hantaviroses,421920,Vidal Ramos,SC,2017,0
HANTA,Hantaviroses,421920,Vidal Ramos,SC,2018,0
HANTA,Hantaviroses,421920,Vidal Ramos,SC,2019,0
HANTA,Hantaviroses,421920,Vidal Ramos,SC,2020,0
HANTA,Hantaviroses,421920,Vidal Ramos,SC,2021,0
HANTA,Hantaviroses,421920,Vidal Ramos,SC,2022,0
HANTA,Hantaviroses,421920,Vidal Ramos,SC,2023,0
HANTA,Hantaviroses,421920,Vidal Ramos,SC,2024,0
HANTA,Hantaviroses,421920,Vidal Ramos,SC,2025,0
HANTA,Hantaviroses,421930,Videira,SC,2007,1
HANTA,Hantaviroses,421930,Videira,SC,2008,0
HANTA,Hantaviroses,421930,Videira,SC,2009,2
HANTA,Hantaviroses,421930,Videira,SC,2010,0
HANTA,Hantaviroses,421930,Videira,SC,2011,1
HANTA,Hantaviroses,421930,Videira,SC,2012,0
HANTA,Hantaviroses,421930,Videira,SC,2013,1
HANTA,Hantaviroses,421930,Videira,SC,2014,0
HANTA,Hantaviroses,421930,Videira,SC,2015,0
HANTA,Hantaviroses,421930,Videira,SC,2016,0
HANTA,Hantaviroses,421930,Videira,SC,2017,1
HANTA,Hantaviroses,421930,Videira,SC,2018,1
HANTA,Hantaviroses,421930,Videira,SC,2019,0
HANTA,Hantaviroses,421930,Videira,SC,2020,1
HANTA,Hantaviroses,421930,Videira,SC,2021,2
HANTA,Hantaviroses,421930,Videira,SC,2022,0
HANTA,Hantaviroses,421930,Videira,SC,2023,1
HANTA,Hantaviroses,421930,Videira,SC,2024,1
HANTA,Hantaviroses,421930,Videira,SC,2025,0
HANTA,Hantaviroses,421935,Vitor Meireles,SC,2007,0
HANTA,Hantaviroses,421935,Vitor Meireles,SC,2008,0
HANTA,Hantaviroses,421935,Vitor Meireles,SC,2009,0
HANTA,Hantaviroses,421935,Vitor Meireles,SC,2010,0
HANTA,Hantaviroses,421935,Vitor Meireles,SC,2011,0
HANTA,Hantaviroses,421935,Vitor Meireles,SC,2012,0
HANTA,Hantaviroses,421935,Vitor Meireles,SC,2013,0
HANTA,Hantaviroses,421935,Vitor Meireles,SC,2014,0
HANTA,Hantaviroses,421935,Vitor Meireles,SC,2015,0
HANTA,Hantaviroses,421935,Vitor Meireles,SC,2016,0
HANTA,Hantaviroses,421935,Vitor Meireles,SC,2017,0
HANTA,Hantaviroses,421935,Vitor Meireles,SC,2018,0
HANTA,Hantaviroses,421935,Vitor Meireles,SC,2019,0
HANTA,Hantaviroses,421935,Vitor Meireles,SC,2020,1
HANTA,Hantaviroses,421935,Vitor Meireles,SC,2021,0
HANTA,Hantaviroses,421935,Vitor Meireles,SC,2022,0
HANTA,Hantaviroses,421935,Vitor Meireles,SC,2023,0
HANTA,Hantaviroses,421935,Vitor Meireles,SC,2024,0
HANTA,Hantaviroses,421935,Vitor Meireles,SC,2025,0
HANTA,Hantaviroses,421950,Xanxere,SC,2007,0
HANTA,Hantaviroses,421950,Xanxere,SC,2008,0
HANTA,Hantaviroses,421950,Xanxere,SC,2009,0
HANTA,Hantaviroses,421950,Xanxere,SC,2010,0
HANTA,Hantaviroses,421950,Xanxere,SC,2011,0
HANTA,Hantaviroses,421950,Xanxere,SC,2012,0
HANTA,Hantaviroses,421950,Xanxere,SC,2013,0
HANTA,Hantaviroses,421950,Xanxere,SC,2014,1
HANTA,Hantaviroses,421950,Xanxere,SC,2015,0
HANTA,Hantaviroses,421950,Xanxere,SC,2016,0
HANTA,Hantaviroses,421950,Xanxere,SC,2017,0
HANTA,Hantaviroses,421950,Xanxere,SC,2018,0
HANTA,Hantaviroses,421950,Xanxere,SC,2019,1
HANTA,Hantaviroses,421950,Xanxere,SC,2020,0
HANTA,Hantaviroses,421950,Xanxere,SC,2021,0
HANTA,Hantaviroses,421950,Xanxere,SC,2022,0
HANTA,Hantaviroses,421950,Xanxere,SC,2023,0
HANTA,Hantaviroses,421950,Xanxere,SC,2024,0
HANTA,Hantaviroses,421950,Xanxere,SC,2025,1
HANTA,Hantaviroses,421970,Xaxim,SC,2007,0
HANTA,Hantaviroses,421970,Xaxim,SC,2008,0
HANTA,Hantaviroses,421970,Xaxim,SC,2009,0
HANTA,Hantaviroses,421970,Xaxim,SC,2010,0
HANTA,Hantaviroses,421970,Xaxim,SC,2011,0
HANTA,Hantaviroses,421970,Xaxim,SC,2012,0
HANTA,Hantaviroses,421970,Xaxim,SC,2013,0
HANTA,Hantaviroses,421970,Xaxim,SC,2014,0
HANTA,Hantaviroses,421970,Xaxim,SC,2015,0
HANTA,Hantaviroses,421970,Xaxim,SC,2016,2
HANTA,Hantaviroses,421970,Xaxim,SC,2017,0
HANTA,Hantaviroses,421970,Xaxim,SC,2018,0
HANTA,Hantaviroses,421970,Xaxim,SC,2019,0
HANTA,Hantaviroses,421970,Xaxim,SC,2020,0
HANTA,Hantaviroses,421970,Xaxim,SC,2021,0
HANTA,Hantaviroses,421970,Xaxim,SC,2022,0
HANTA,Hantaviroses,421970,Xaxim,SC,2023,0
HANTA,Hantaviroses,421970,Xaxim,SC,2024,0
HANTA,Hantaviroses,421970,Xaxim,SC,2025,0
HANTA,Hantaviroses,350010,Adamantina,SP,2007,0
HANTA,Hantaviroses,350010,Adamantina,SP,2008,0
HANTA,Hantaviroses,350010,Adamantina,SP,2009,1
HANTA,Hantaviroses,350010,Adamantina,SP,2010,1
HANTA,Hantaviroses,350010,Adamantina,SP,2011,1
HANTA,Hantaviroses,350010,Adamantina,SP,2012,2
HANTA,Hantaviroses,350010,Adamantina,SP,2013,0
HANTA,Hantaviroses,350010,Adamantina,SP,2014,0
HANTA,Hantaviroses,350010,Adamantina,SP,2015,0
HANTA,Hantaviroses,350010,Adamantina,SP,2016,1
HANTA,Hantaviroses,350010,Adamantina,SP,2017,0
HANTA,Hantaviroses,350010,Adamantina,SP,2018,0
HANTA,Hantaviroses,350010,Adamantina,SP,2019,0
HANTA,Hantaviroses,350010,Adamantina,SP,2020,0
HANTA,Hantaviroses,350010,Adamantina,SP,2021,0
HANTA,Hantaviroses,350010,Adamantina,SP,2022,0
HANTA,Hantaviroses,350010,Adamantina,SP,2023,0
HANTA,Hantaviroses,350010,Adamantina,SP,2024,0
HANTA,Hantaviroses,350010,Adamantina,SP,2025,0
HANTA,Hantaviroses,350170,Americo Brasiliense,SP,2007,0
HANTA,Hantaviroses,350170,Americo Brasiliense,SP,2008,0
HANTA,Hantaviroses,350170,Americo Brasiliense,SP,2009,0
HANTA,Hantaviroses,350170,Americo Brasiliense,SP,2010,1
HANTA,Hantaviroses,350170,Americo Brasiliense,SP,2011,1
HANTA,Hantaviroses,350170,Americo Brasiliense,SP,2012,2
HANTA,Hantaviroses,350170,Americo Brasiliense,SP,2013,1
HANTA,Hantaviroses,350170,Americo Brasiliense,SP,2014,0
HANTA,Hantaviroses,350170,Americo Brasiliense,SP,2015,0
HANTA,Hantaviroses,350170,Americo Brasiliense,SP,2016,0
HANTA,Hantaviroses,350170,Americo Brasiliense,SP,2017,0
HANTA,Hantaviroses,350170,Americo Brasiliense,SP,2018,0
HANTA,Hantaviroses,350170,Americo Brasiliense,SP,2019,0
HANTA,Hantaviroses,350170,Americo Brasiliense,SP,2020,0
HANTA,Hantaviroses,350170,Americo Brasiliense,SP,2021,0
HANTA,Hantaviroses,350170,Americo Brasiliense,SP,2022,0
HANTA,Hantaviroses,350170,Americo Brasiliense,SP,2023,0
HANTA,Hantaviroses,350170,Americo Brasiliense,SP,2024,0
HANTA,Hantaviroses,350170,Americo Brasiliense,SP,2025,0
HANTA,Hantaviroses,350210,Andradina,SP,2007,0
HANTA,Hantaviroses,350210,Andradina,SP,2008,1
HANTA,Hantaviroses,350210,Andradina,SP,2009,1
HANTA,Hantaviroses,350210,Andradina,SP,2010,1
HANTA,Hantaviroses,350210,Andradina,SP,2011,0
HANTA,Hantaviroses,350210,Andradina,SP,2012,0
HANTA,Hantaviroses,350210,Andradina,SP,2013,0
HANTA,Hantaviroses,350210,Andradina,SP,2014,0
HANTA,Hantaviroses,350210,Andradina,SP,2015,0
HANTA,Hantaviroses,350210,Andradina,SP,2016,0
HANTA,Hantaviroses,350210,Andradina,SP,2017,1
HANTA,Hantaviroses,350210,Andradina,SP,2018,0
HANTA,Hantaviroses,350210,Andradina,SP,2019,0
HANTA,Hantaviroses,350210,Andradina,SP,2020,0
HANTA,Hantaviroses,350210,Andradina,SP,2021,0
HANTA,Hantaviroses,350210,Andradina,SP,2022,0
HANTA,Hantaviroses,350210,Andradina,SP,2023,0
HANTA,Hantaviroses,350210,Andradina,SP,2024,0
HANTA,Hantaviroses,350210,Andradina,SP,2025,0
HANTA,Hantaviroses,350400,Assis,SP,2007,0
HANTA,Hantaviroses,350400,Assis,SP,2008,0
HANTA,Hantaviroses,350400,Assis,SP,2009,0
HANTA,Hantaviroses,350400,Assis,SP,2010,0
HANTA,Hantaviroses,350400,Assis,SP,2011,0
HANTA,Hantaviroses,350400,Assis,SP,2012,0
HANTA,Hantaviroses,350400,Assis,SP,2013,0
HANTA,Hantaviroses,350400,Assis,SP,2014,1
HANTA,Hantaviroses,350400,Assis,SP,2015,0
HANTA,Hantaviroses,350400,Assis,SP,2016,0
HANTA,Hantaviroses,350400,Assis,SP,2017,1
HANTA,Hantaviroses,350400,Assis,SP,2018,0
HANTA,Hantaviroses,350400,Assis,SP,2019,0
HANTA,Hantaviroses,350400,Assis,SP,2020,0
HANTA,Hantaviroses,350400,Assis,SP,2021,0
HANTA,Hantaviroses,350400,Assis,SP,2022,0
HANTA,Hantaviroses,350400,Assis,SP,2023,0
HANTA,Hantaviroses,350400,Assis,SP,2024,0
HANTA,Hantaviroses,350400,Assis,SP,2025,0
HANTA,Hantaviroses,350450,Avare,SP,2007,0
HANTA,Hantaviroses,350450,Avare,SP,2008,0
HANTA,Hantaviroses,350450,Avare,SP,2009,0
HANTA,Hantaviroses,350450,Avare,SP,2010,0
HANTA,Hantaviroses,350450,Avare,SP,2011,1
HANTA,Hantaviroses,350450,Avare,SP,2012,0
HANTA,Hantaviroses,350450,Avare,SP,2013,0
HANTA,Hantaviroses,350450,Avare,SP,2014,0
HANTA,Hantaviroses,350450,Avare,SP,2015,0
HANTA,Hantaviroses,350450,Avare,SP,2016,0
HANTA,Hantaviroses,350450,Avare,SP,2017,0
HANTA,Hantaviroses,350450,Avare,SP,2018,0
HANTA,Hantaviroses,350450,Avare,SP,2019,0
HANTA,Hantaviroses,350450,Avare,SP,2020,0
HANTA,Hantaviroses,350450,Avare,SP,2021,0
HANTA,Hantaviroses,350450,Avare,SP,2022,0
HANTA,Hantaviroses,350450,Avare,SP,2023,0
HANTA,Hantaviroses,350450,Avare,SP,2024,0
HANTA,Hantaviroses,350450,Avare,SP,2025,0
HANTA,Hantaviroses,350550,Barretos,SP,2007,1
HANTA,Hantaviroses,350550,Barretos,SP,2008,1
HANTA,Hantaviroses,350550,Barretos,SP,2009,0
HANTA,Hantaviroses,350550,Barretos,SP,2010,0
HANTA,Hantaviroses,350550,Barretos,SP,2011,0
HANTA,Hantaviroses,350550,Barretos,SP,2012,1
HANTA,Hantaviroses,350550,Barretos,SP,2013,0
HANTA,Hantaviroses,350550,Barretos,SP,2014,0
HANTA,Hantaviroses,350550,Barretos,SP,2015,0
HANTA,Hantaviroses,350550,Barretos,SP,2016,0
HANTA,Hantaviroses,350550,Barretos,SP,2017,0
HANTA,Hantaviroses,350550,Barretos,SP,2018,0
HANTA,Hantaviroses,350550,Barretos,SP,2019,0
HANTA,Hantaviroses,350550,Barretos,SP,2020,0
HANTA,Hantaviroses,350550,Barretos,SP,2021,0
HANTA,Hantaviroses,350550,Barretos,SP,2022,0
HANTA,Hantaviroses,350550,Barretos,SP,2023,0
HANTA,Hantaviroses,350550,Barretos,SP,2024,0
HANTA,Hantaviroses,350550,Barretos,SP,2025,0
HANTA,Hantaviroses,350560,Barrinha,SP,2007,0
HANTA,Hantaviroses,350560,Barrinha,SP,2008,0
HANTA,Hantaviroses,350560,Barrinha,SP,2009,0
HANTA,Hantaviroses,350560,Barrinha,SP,2010,0
HANTA,Hantaviroses,350560,Barrinha,SP,2011,0
HANTA,Hantaviroses,350560,Barrinha,SP,2012,1
HANTA,Hantaviroses,350560,Barrinha,SP,2013,0
HANTA,Hantaviroses,350560,Barrinha,SP,2014,0
HANTA,Hantaviroses,350560,Barrinha,SP,2015,0
HANTA,Hantaviroses,350560,Barrinha,SP,2016,0
HANTA,Hantaviroses,350560,Barrinha,SP,2017,0
HANTA,Hantaviroses,350560,Barrinha,SP,2018,0
HANTA,Hantaviroses,350560,Barrinha,SP,2019,0
HANTA,Hantaviroses,350560,Barrinha,SP,2020,0
HANTA,Hantaviroses,350560,Barrinha,SP,2021,0
HANTA,Hantaviroses,350560,Barrinha,SP,2022,0
HANTA,Hantaviroses,350560,Barrinha,SP,2023,0
HANTA,Hantaviroses,350560,Barrinha,SP,2024,0
HANTA,Hantaviroses,350560,Barrinha,SP,2025,0
HANTA,Hantaviroses,350590,Batatais,SP,2007,2
HANTA,Hantaviroses,350590,Batatais,SP,2008,0
HANTA,Hantaviroses,350590,Batatais,SP,2009,0
HANTA,Hantaviroses,350590,Batatais,SP,2010,0
HANTA,Hantaviroses,350590,Batatais,SP,2011,0
HANTA,Hantaviroses,350590,Batatais,SP,2012,0
HANTA,Hantaviroses,350590,Batatais,SP,2013,0
HANTA,Hantaviroses,350590,Batatais,SP,2014,0
HANTA,Hantaviroses,350590,Batatais,SP,2015,0
HANTA,Hantaviroses,350590,Batatais,SP,2016,0
HANTA,Hantaviroses,350590,Batatais,SP,2017,0
HANTA,Hantaviroses,350590,Batatais,SP,2018,0
HANTA,Hantaviroses,350590,Batatais,SP,2019,0
HANTA,Hantaviroses,350590,Batatais,SP,2020,0
HANTA,Hantaviroses,350590,Batatais,SP,2021,0
HANTA,Hantaviroses,350590,Batatais,SP,2022,0
HANTA,Hantaviroses,350590,Batatais,SP,2023,0
HANTA,Hantaviroses,350590,Batatais,SP,2024,0
HANTA,Hantaviroses,350590,Batatais,SP,2025,0
HANTA,Hantaviroses,350610,Bebedouro,SP,2007,0
HANTA,Hantaviroses,350610,Bebedouro,SP,2008,0
HANTA,Hantaviroses,350610,Bebedouro,SP,2009,0
HANTA,Hantaviroses,350610,Bebedouro,SP,2010,0
HANTA,Hantaviroses,350610,Bebedouro,SP,2011,0
HANTA,Hantaviroses,350610,Bebedouro,SP,2012,0
HANTA,Hantaviroses,350610,Bebedouro,SP,2013,1
HANTA,Hantaviroses,350610,Bebedouro,SP,2014,0
HANTA,Hantaviroses,350610,Bebedouro,SP,2015,0
HANTA,Hantaviroses,350610,Bebedouro,SP,2016,0
HANTA,Hantaviroses,350610,Bebedouro,SP,2017,0
HANTA,Hantaviroses,350610,Bebedouro,SP,2018,0
HANTA,Hantaviroses,350610,Bebedouro,SP,2019,0
HANTA,Hantaviroses,350610,Bebedouro,SP,2020,0
HANTA,Hantaviroses,350610,Bebedouro,SP,2021,0
HANTA,Hantaviroses,350610,Bebedouro,SP,2022,0
HANTA,Hantaviroses,350610,Bebedouro,SP,2023,0
HANTA,Hantaviroses,350610,Bebedouro,SP,2024,0
HANTA,Hantaviroses,350610,Bebedouro,SP,2025,0
HANTA,Hantaviroses,350650,Birigui,SP,2007,0
HANTA,Hantaviroses,350650,Birigui,SP,2008,1
HANTA,Hantaviroses,350650,Birigui,SP,2009,0
HANTA,Hantaviroses,350650,Birigui,SP,2010,0
HANTA,Hantaviroses,350650,Birigui,SP,2011,0
HANTA,Hantaviroses,350650,Birigui,SP,2012,0
HANTA,Hantaviroses,350650,Birigui,SP,2013,0
HANTA,Hantaviroses,350650,Birigui,SP,2014,2
HANTA,Hantaviroses,350650,Birigui,SP,2015,0
HANTA,Hantaviroses,350650,Birigui,SP,2016,0
HANTA,Hantaviroses,350650,Birigui,SP,2017,0
HANTA,Hantaviroses,350650,Birigui,SP,2018,0
HANTA,Hantaviroses,350650,Birigui,SP,2019,0
HANTA,Hantaviroses,350650,Birigui,SP,2020,0
HANTA,Hantaviroses,350650,Birigui,SP,2021,0
HANTA,Hantaviroses,350650,Birigui,SP,2022,0
HANTA,Hantaviroses,350650,Birigui,SP,2023,0
HANTA,Hantaviroses,350650,Birigui,SP,2024,0
HANTA,Hantaviroses,350650,Birigui,SP,2025,0
HANTA,Hantaviroses,350750,Botucatu,SP,2007,0
HANTA,Hantaviroses,350750,Botucatu,SP,2008,1
HANTA,Hantaviroses,350750,Botucatu,SP,2009,0
HANTA,Hantaviroses,350750,Botucatu,SP,2010,0
HANTA,Hantaviroses,350750,Botucatu,SP,2011,0
HANTA,Hantaviroses,350750,Botucatu,SP,2012,0
HANTA,Hantaviroses,350750,Botucatu,SP,2013,1
HANTA,Hantaviroses,350750,Botucatu,SP,2014,0
HANTA,Hantaviroses,350750,Botucatu,SP,2015,0
HANTA,Hantaviroses,350750,Botucatu,SP,2016,1
HANTA,Hantaviroses,350750,Botucatu,SP,2017,0
HANTA,Hantaviroses,350750,Botucatu,SP,2018,1
HANTA,Hantaviroses,350750,Botucatu,SP,2019,0
HANTA,Hantaviroses,350750,Botucatu,SP,2020,0
HANTA,Hantaviroses,350750,Botucatu,SP,2021,0
HANTA,Hantaviroses,350750,Botucatu,SP,2022,0
HANTA,Hantaviroses,350750,Botucatu,SP,2023,0
HANTA,Hantaviroses,350750,Botucatu,SP,2024,0
HANTA,Hantaviroses,350750,Botucatu,SP,2025,0
HANTA,Hantaviroses,350760,Braganca Paulista,SP,2007,0
HANTA,Hantaviroses,350760,Braganca Paulista,SP,2008,0
HANTA,Hantaviroses,350760,Braganca Paulista,SP,2009,0
HANTA,Hantaviroses,350760,Braganca Paulista,SP,2010,1
HANTA,Hantaviroses,350760,Braganca Paulista,SP,2011,0
HANTA,Hantaviroses,350760,Braganca Paulista,SP,2012,0
HANTA,Hantaviroses,350760,Braganca Paulista,SP,2013,0
HANTA,Hantaviroses,350760,Braganca Paulista,SP,2014,0
HANTA,Hantaviroses,350760,Braganca Paulista,SP,2015,0
HANTA,Hantaviroses,350760,Braganca Paulista,SP,2016,0
HANTA,Hantaviroses,350760,Braganca Paulista,SP,2017,0
HANTA,Hantaviroses,350760,Braganca Paulista,SP,2018,0
HANTA,Hantaviroses,350760,Braganca Paulista,SP,2019,0
HANTA,Hantaviroses,350760,Braganca Paulista,SP,2020,0
HANTA,Hantaviroses,350760,Braganca Paulista,SP,2021,0
HANTA,Hantaviroses,350760,Braganca Paulista,SP,2022,0
HANTA,Hantaviroses,350760,Braganca Paulista,SP,2023,0
HANTA,Hantaviroses,350760,Braganca Paulista,SP,2024,0
HANTA,Hantaviroses,350760,Braganca Paulista,SP,2025,0
HANTA,Hantaviroses,350950,Campinas,SP,2007,0
HANTA,Hantaviroses,350950,Campinas,SP,2008,0
HANTA,Hantaviroses,350950,Campinas,SP,2009,0
HANTA,Hantaviroses,350950,Campinas,SP,2010,2
HANTA,Hantaviroses,350950,Campinas,SP,2011,1
HANTA,Hantaviroses,350950,Campinas,SP,2012,0
HANTA,Hantaviroses,350950,Campinas,SP,2013,0
HANTA,Hantaviroses,350950,Campinas,SP,2014,0
HANTA,Hantaviroses,350950,Campinas,SP,2015,0
HANTA,Hantaviroses,350950,Campinas,SP,2016,0
HANTA,Hantaviroses,350950,Campinas,SP,2017,0
HANTA,Hantaviroses,350950,Campinas,SP,2018,0
HANTA,Hantaviroses,350950,Campinas,SP,2019,0
HANTA,Hantaviroses,350950,Campinas,SP,2020,0
HANTA,Hantaviroses,350950,Campinas,SP,2021,0
HANTA,Hantaviroses,350950,Campinas,SP,2022,0
HANTA,Hantaviroses,350950,Campinas,SP,2023,0
HANTA,Hantaviroses,350950,Campinas,SP,2024,0
HANTA,Hantaviroses,350950,Campinas,SP,2025,0
HANTA,Hantaviroses,351110,Catanduva,SP,2007,0
HANTA,Hantaviroses,351110,Catanduva,SP,2008,0
HANTA,Hantaviroses,351110,Catanduva,SP,2009,0
HANTA,Hantaviroses,351110,Catanduva,SP,2010,0
HANTA,Hantaviroses,351110,Catanduva,SP,2011,0
HANTA,Hantaviroses,351110,Catanduva,SP,2012,0
HANTA,Hantaviroses,351110,Catanduva,SP,2013,0
HANTA,Hantaviroses,351110,Catanduva,SP,2014,0
HANTA,Hantaviroses,351110,Catanduva,SP,2015,0
HANTA,Hantaviroses,351110,Catanduva,SP,2016,0
HANTA,Hantaviroses,351110,Catanduva,SP,2017,1
HANTA,Hantaviroses,351110,Catanduva,SP,2018,0
HANTA,Hantaviroses,351110,Catanduva,SP,2019,0
HANTA,Hantaviroses,351110,Catanduva,SP,2020,0
HANTA,Hantaviroses,351110,Catanduva,SP,2021,0
HANTA,Hantaviroses,351110,Catanduva,SP,2022,0
HANTA,Hantaviroses,351110,Catanduva,SP,2023,0
HANTA,Hantaviroses,351110,Catanduva,SP,2024,0
HANTA,Hantaviroses,351110,Catanduva,SP,2025,0
HANTA,Hantaviroses,351440,Dracena,SP,2007,0
HANTA,Hantaviroses,351440,Dracena,SP,2008,1
HANTA,Hantaviroses,351440,Dracena,SP,2009,3
HANTA,Hantaviroses,351440,Dracena,SP,2010,4
HANTA,Hantaviroses,351440,Dracena,SP,2011,2
HANTA,Hantaviroses,351440,Dracena,SP,2012,0
HANTA,Hantaviroses,351440,Dracena,SP,2013,0
HANTA,Hantaviroses,351440,Dracena,SP,2014,0
HANTA,Hantaviroses,351440,Dracena,SP,2015,1
HANTA,Hantaviroses,351440,Dracena,SP,2016,1
HANTA,Hantaviroses,351440,Dracena,SP,2017,0
HANTA,Hantaviroses,351440,Dracena,SP,2018,0
HANTA,Hantaviroses,351440,Dracena,SP,2019,1
HANTA,Hantaviroses,351440,Dracena,SP,2020,0
HANTA,Hantaviroses,351440,Dracena,SP,2021,0
HANTA,Hantaviroses,351440,Dracena,SP,2022,1
HANTA,Hantaviroses,351440,Dracena,SP,2023,0
HANTA,Hantaviroses,351440,Dracena,SP,2024,0
HANTA,Hantaviroses,351440,Dracena,SP,2025,0
HANTA,Hantaviroses,351518,Espirito Santo do Pinhal,SP,2007,0
HANTA,Hantaviroses,351518,Espirito Santo do Pinhal,SP,2008,0
HANTA,Hantaviroses,351518,Espirito Santo do Pinhal,SP,2009,0
HANTA,Hantaviroses,351518,Espirito Santo do Pinhal,SP,2010,0
HANTA,Hantaviroses,351518,Espirito Santo do Pinhal,SP,2011,0
HANTA,Hantaviroses,351518,Espirito Santo do Pinhal,SP,2012,0
HANTA,Hantaviroses,351518,Espirito Santo do Pinhal,SP,2013,0
HANTA,Hantaviroses,351518,Espirito Santo do Pinhal,SP,2014,0
HANTA,Hantaviroses,351518,Espirito Santo do Pinhal,SP,2015,0
HANTA,Hantaviroses,351518,Espirito Santo do Pinhal,SP,2016,0
HANTA,Hantaviroses,351518,Espirito Santo do Pinhal,SP,2017,0
HANTA,Hantaviroses,351518,Espirito Santo do Pinhal,SP,2018,0
HANTA,Hantaviroses,351518,Espirito Santo do Pinhal,SP,2019,0
HANTA,Hantaviroses,351518,Espirito Santo do Pinhal,SP,2020,0
HANTA,Hantaviroses,351518,Espirito Santo do Pinhal,SP,2021,0
HANTA,Hantaviroses,351518,Espirito Santo do Pinhal,SP,2022,0
HANTA,Hantaviroses,351518,Espirito Santo do Pinhal,SP,2023,1
HANTA,Hantaviroses,351518,Espirito Santo do Pinhal,SP,2024,0
HANTA,Hantaviroses,351518,Espirito Santo do Pinhal,SP,2025,0
HANTA,Hantaviroses,351550,Fernandopolis,SP,2007,0
HANTA,Hantaviroses,351550,Fernandopolis,SP,2008,0
HANTA,Hantaviroses,351550,Fernandopolis,SP,2009,1
HANTA,Hantaviroses,351550,Fernandopolis,SP,2010,0
HANTA,Hantaviroses,351550,Fernandopolis,SP,2011,0
HANTA,Hantaviroses,351550,Fernandopolis,SP,2012,0
HANTA,Hantaviroses,351550,Fernandopolis,SP,2013,0
HANTA,Hantaviroses,351550,Fernandopolis,SP,2014,0
HANTA,Hantaviroses,351550,Fernandopolis,SP,2015,0
HANTA,Hantaviroses,351550,Fernandopolis,SP,2016,0
HANTA,Hantaviroses,351550,Fernandopolis,SP,2017,0
HANTA,Hantaviroses,351550,Fernandopolis,SP,2018,0
HANTA,Hantaviroses,351550,Fernandopolis,SP,2019,1
HANTA,Hantaviroses,351550,Fernandopolis,SP,2020,0
HANTA,Hantaviroses,351550,Fernandopolis,SP,2021,0
HANTA,Hantaviroses,351550,Fernandopolis,SP,2022,0
HANTA,Hantaviroses,351550,Fernandopolis,SP,2023,0
HANTA,Hantaviroses,351550,Fernandopolis,SP,2024,1
HANTA,Hantaviroses,351550,Fernandopolis,SP,2025,0
HANTA,Hantaviroses,351620,Franca,SP,2007,0
HANTA,Hantaviroses,351620,Franca,SP,2008,2
HANTA,Hantaviroses,351620,Franca,SP,2009,0
HANTA,Hantaviroses,351620,Franca,SP,2010,2
HANTA,Hantaviroses,351620,Franca,SP,2011,0
HANTA,Hantaviroses,351620,Franca,SP,2012,0
HANTA,Hantaviroses,351620,Franca,SP,2013,0
HANTA,Hantaviroses,351620,Franca,SP,2014,0
HANTA,Hantaviroses,351620,Franca,SP,2015,0
HANTA,Hantaviroses,351620,Franca,SP,2016,0
HANTA,Hantaviroses,351620,Franca,SP,2017,0
HANTA,Hantaviroses,351620,Franca,SP,2018,0
HANTA,Hantaviroses,351620,Franca,SP,2019,0
HANTA,Hantaviroses,351620,Franca,SP,2020,0
HANTA,Hantaviroses,351620,Franca,SP,2021,0
HANTA,Hantaviroses,351620,Franca,SP,2022,0
HANTA,Hantaviroses,351620,Franca,SP,2023,0
HANTA,Hantaviroses,351620,Franca,SP,2024,0
HANTA,Hantaviroses,351620,Franca,SP,2025,0
HANTA,Hantaviroses,351960,Ibitinga,SP,2007,0
HANTA,Hantaviroses,351960,Ibitinga,SP,2008,0
HANTA,Hantaviroses,351960,Ibitinga,SP,2009,0
HANTA,Hantaviroses,351960,Ibitinga,SP,2010,0
HANTA,Hantaviroses,351960,Ibitinga,SP,2011,0
HANTA,Hantaviroses,351960,Ibitinga,SP,2012,0
HANTA,Hantaviroses,351960,Ibitinga,SP,2013,0
HANTA,Hantaviroses,351960,Ibitinga,SP,2014,0
HANTA,Hantaviroses,351960,Ibitinga,SP,2015,1
HANTA,Hantaviroses,351960,Ibitinga,SP,2016,0
HANTA,Hantaviroses,351960,Ibitinga,SP,2017,0
HANTA,Hantaviroses,351960,Ibitinga,SP,2018,0
HANTA,Hantaviroses,351960,Ibitinga,SP,2019,0
HANTA,Hantaviroses,351960,Ibitinga,SP,2020,0
HANTA,Hantaviroses,351960,Ibitinga,SP,2021,0
HANTA,Hantaviroses,351960,Ibitinga,SP,2022,0
HANTA,Hantaviroses,351960,Ibitinga,SP,2023,0
HANTA,Hantaviroses,351960,Ibitinga,SP,2024,0
HANTA,Hantaviroses,351960,Ibitinga,SP,2025,0
HANTA,Hantaviroses,352310,Itaquaquecetuba,SP,2007,1
HANTA,Hantaviroses,352310,Itaquaquecetuba,SP,2008,0
HANTA,Hantaviroses,352310,Itaquaquecetuba,SP,2009,0
HANTA,Hantaviroses,352310,Itaquaquecetuba,SP,2010,0
HANTA,Hantaviroses,352310,Itaquaquecetuba,SP,2011,0
HANTA,Hantaviroses,352310,Itaquaquecetuba,SP,2012,0
HANTA,Hantaviroses,352310,Itaquaquecetuba,SP,2013,0
HANTA,Hantaviroses,352310,Itaquaquecetuba,SP,2014,0
HANTA,Hantaviroses,352310,Itaquaquecetuba,SP,2015,0
HANTA,Hantaviroses,352310,Itaquaquecetuba,SP,2016,0
HANTA,Hantaviroses,352310,Itaquaquecetuba,SP,2017,0
HANTA,Hantaviroses,352310,Itaquaquecetuba,SP,2018,0
HANTA,Hantaviroses,352310,Itaquaquecetuba,SP,2019,0
HANTA,Hantaviroses,352310,Itaquaquecetuba,SP,2020,0
HANTA,Hantaviroses,352310,Itaquaquecetuba,SP,2021,0
HANTA,Hantaviroses,352310,Itaquaquecetuba,SP,2022,0
HANTA,Hantaviroses,352310,Itaquaquecetuba,SP,2023,0
HANTA,Hantaviroses,352310,Itaquaquecetuba,SP,2024,0
HANTA,Hantaviroses,352310,Itaquaquecetuba,SP,2025,0
HANTA,Hantaviroses,352320,Itarare,SP,2007,0
HANTA,Hantaviroses,352320,Itarare,SP,2008,1
HANTA,Hantaviroses,352320,Itarare,SP,2009,0
HANTA,Hantaviroses,352320,Itarare,SP,2010,0
HANTA,Hantaviroses,352320,Itarare,SP,2011,0
HANTA,Hantaviroses,352320,Itarare,SP,2012,0
HANTA,Hantaviroses,352320,Itarare,SP,2013,0
HANTA,Hantaviroses,352320,Itarare,SP,2014,0
HANTA,Hantaviroses,352320,Itarare,SP,2015,0
HANTA,Hantaviroses,352320,Itarare,SP,2016,0
HANTA,Hantaviroses,352320,Itarare,SP,2017,0
HANTA,Hantaviroses,352320,Itarare,SP,2018,0
HANTA,Hantaviroses,352320,Itarare,SP,2019,0
HANTA,Hantaviroses,352320,Itarare,SP,2020,0
HANTA,Hantaviroses,352320,Itarare,SP,2021,0
HANTA,Hantaviroses,352320,Itarare,SP,2022,0
HANTA,Hantaviroses,352320,Itarare,SP,2023,0
HANTA,Hantaviroses,352320,Itarare,SP,2024,0
HANTA,Hantaviroses,352320,Itarare,SP,2025,0
HANTA,Hantaviroses,352410,Ituverava,SP,2007,1
HANTA,Hantaviroses,352410,Ituverava,SP,2008,0
HANTA,Hantaviroses,352410,Ituverava,SP,2009,0
HANTA,Hantaviroses,352410,Ituverava,SP,2010,0
HANTA,Hantaviroses,352410,Ituverava,SP,2011,0
HANTA,Hantaviroses,352410,Ituverava,SP,2012,0
HANTA,Hantaviroses,352410,Ituverava,SP,2013,0
HANTA,Hantaviroses,352410,Ituverava,SP,2014,0
HANTA,Hantaviroses,352410,Ituverava,SP,2015,1
HANTA,Hantaviroses,352410,Ituverava,SP,2016,0
HANTA,Hantaviroses,352410,Ituverava,SP,2017,0
HANTA,Hantaviroses,352410,Ituverava,SP,2018,0
HANTA,Hantaviroses,352410,Ituverava,SP,2019,0
HANTA,Hantaviroses,352410,Ituverava,SP,2020,0
HANTA,Hantaviroses,352410,Ituverava,SP,2021,0
HANTA,Hantaviroses,352410,Ituverava,SP,2022,0
HANTA,Hantaviroses,352410,Ituverava,SP,2023,0
HANTA,Hantaviroses,352410,Ituverava,SP,2024,1
HANTA,Hantaviroses,352410,Ituverava,SP,2025,0
HANTA,Hantaviroses,352430,Jaboticabal,SP,2007,0
HANTA,Hantaviroses,352430,Jaboticabal,SP,2008,0
HANTA,Hantaviroses,352430,Jaboticabal,SP,2009,0
HANTA,Hantaviroses,352430,Jaboticabal,SP,2010,2
HANTA,Hantaviroses,352430,Jaboticabal,SP,2011,0
HANTA,Hantaviroses,352430,Jaboticabal,SP,2012,0
HANTA,Hantaviroses,352430,Jaboticabal,SP,2013,1
HANTA,Hantaviroses,352430,Jaboticabal,SP,2014,0
HANTA,Hantaviroses,352430,Jaboticabal,SP,2015,0
HANTA,Hantaviroses,352430,Jaboticabal,SP,2016,0
HANTA,Hantaviroses,352430,Jaboticabal,SP,2017,0
HANTA,Hantaviroses,352430,Jaboticabal,SP,2018,0
HANTA,Hantaviroses,352430,Jaboticabal,SP,2019,0
HANTA,Hantaviroses,352430,Jaboticabal,SP,2020,0
HANTA,Hantaviroses,352430,Jaboticabal,SP,2021,0
HANTA,Hantaviroses,352430,Jaboticabal,SP,2022,0
HANTA,Hantaviroses,352430,Jaboticabal,SP,2023,0
HANTA,Hantaviroses,352430,Jaboticabal,SP,2024,0
HANTA,Hantaviroses,352430,Jaboticabal,SP,2025,0
HANTA,Hantaviroses,352530,Jau,SP,2007,0
HANTA,Hantaviroses,352530,Jau,SP,2008,0
HANTA,Hantaviroses,352530,Jau,SP,2009,0
HANTA,Hantaviroses,352530,Jau,SP,2010,0
HANTA,Hantaviroses,352530,Jau,SP,2011,0
HANTA,Hantaviroses,352530,Jau,SP,2012,0
HANTA,Hantaviroses,352530,Jau,SP,2013,1
HANTA,Hantaviroses,352530,Jau,SP,2014,0
HANTA,Hantaviroses,352530,Jau,SP,2015,0
HANTA,Hantaviroses,352530,Jau,SP,2016,1
HANTA,Hantaviroses,352530,Jau,SP,2017,0
HANTA,Hantaviroses,352530,Jau,SP,2018,1
HANTA,Hantaviroses,352530,Jau,SP,2019,0
HANTA,Hantaviroses,352530,Jau,SP,2020,0
HANTA,Hantaviroses,352530,Jau,SP,2021,0
HANTA,Hantaviroses,352530,Jau,SP,2022,0
HANTA,Hantaviroses,352530,Jau,SP,2023,0
HANTA,Hantaviroses,352530,Jau,SP,2024,0
HANTA,Hantaviroses,352530,Jau,SP,2025,0
HANTA,Hantaviroses,352560,Joao Ramalho,SP,2007,0
HANTA,Hantaviroses,352560,Joao Ramalho,SP,2008,0
HANTA,Hantaviroses,352560,Joao Ramalho,SP,2009,0
HANTA,Hantaviroses,352560,Joao Ramalho,SP,2010,0
HANTA,Hantaviroses,352560,Joao Ramalho,SP,2011,0
HANTA,Hantaviroses,352560,Joao Ramalho,SP,2012,0
HANTA,Hantaviroses,352560,Joao Ramalho,SP,2013,0
HANTA,Hantaviroses,352560,Joao Ramalho,SP,2014,0
HANTA,Hantaviroses,352560,Joao Ramalho,SP,2015,0
HANTA,Hantaviroses,352560,Joao Ramalho,SP,2016,0
HANTA,Hantaviroses,352560,Joao Ramalho,SP,2017,0
HANTA,Hantaviroses,352560,Joao Ramalho,SP,2018,0
HANTA,Hantaviroses,352560,Joao Ramalho,SP,2019,0
HANTA,Hantaviroses,352560,Joao Ramalho,SP,2020,0
HANTA,Hantaviroses,352560,Joao Ramalho,SP,2021,0
HANTA,Hantaviroses,352560,Joao Ramalho,SP,2022,1
HANTA,Hantaviroses,352560,Joao Ramalho,SP,2023,0
HANTA,Hantaviroses,352560,Joao Ramalho,SP,2024,0
HANTA,Hantaviroses,352560,Joao Ramalho,SP,2025,0
HANTA,Hantaviroses,352600,Junqueiropolis,SP,2007,0
HANTA,Hantaviroses,352600,Junqueiropolis,SP,2008,0
HANTA,Hantaviroses,352600,Junqueiropolis,SP,2009,0
HANTA,Hantaviroses,352600,Junqueiropolis,SP,2010,0
HANTA,Hantaviroses,352600,Junqueiropolis,SP,2011,0
HANTA,Hantaviroses,352600,Junqueiropolis,SP,2012,0
HANTA,Hantaviroses,352600,Junqueiropolis,SP,2013,1
HANTA,Hantaviroses,352600,Junqueiropolis,SP,2014,0
HANTA,Hantaviroses,352600,Junqueiropolis,SP,2015,0
HANTA,Hantaviroses,352600,Junqueiropolis,SP,2016,0
HANTA,Hantaviroses,352600,Junqueiropolis,SP,2017,0
HANTA,Hantaviroses,352600,Junqueiropolis,SP,2018,0
HANTA,Hantaviroses,352600,Junqueiropolis,SP,2019,1
HANTA,Hantaviroses,352600,Junqueiropolis,SP,2020,0
HANTA,Hantaviroses,352600,Junqueiropolis,SP,2021,0
HANTA,Hantaviroses,352600,Junqueiropolis,SP,2022,0
HANTA,Hantaviroses,352600,Junqueiropolis,SP,2023,0
HANTA,Hantaviroses,352600,Junqueiropolis,SP,2024,0
HANTA,Hantaviroses,352600,Junqueiropolis,SP,2025,0
HANTA,Hantaviroses,352690,Limeira,SP,2007,0
HANTA,Hantaviroses,352690,Limeira,SP,2008,0
HANTA,Hantaviroses,352690,Limeira,SP,2009,0
HANTA,Hantaviroses,352690,Limeira,SP,2010,0
HANTA,Hantaviroses,352690,Limeira,SP,2011,1
HANTA,Hantaviroses,352690,Limeira,SP,2012,0
HANTA,Hantaviroses,352690,Limeira,SP,2013,0
HANTA,Hantaviroses,352690,Limeira,SP,2014,0
HANTA,Hantaviroses,352690,Limeira,SP,2015,0
HANTA,Hantaviroses,352690,Limeira,SP,2016,0
HANTA,Hantaviroses,352690,Limeira,SP,2017,0
HANTA,Hantaviroses,352690,Limeira,SP,2018,0
HANTA,Hantaviroses,352690,Limeira,SP,2019,0
HANTA,Hantaviroses,352690,Limeira,SP,2020,0
HANTA,Hantaviroses,352690,Limeira,SP,2021,0
HANTA,Hantaviroses,352690,Limeira,SP,2022,0
HANTA,Hantaviroses,352690,Limeira,SP,2023,0
HANTA,Hantaviroses,352690,Limeira,SP,2024,0
HANTA,Hantaviroses,352690,Limeira,SP,2025,0
HANTA,Hantaviroses,352800,Macatuba,SP,2007,0
HANTA,Hantaviroses,352800,Macatuba,SP,2008,0
HANTA,Hantaviroses,352800,Macatuba,SP,2009,0
HANTA,Hantaviroses,352800,Macatuba,SP,2010,0
HANTA,Hantaviroses,352800,Macatuba,SP,2011,0
HANTA,Hantaviroses,352800,Macatuba,SP,2012,0
HANTA,Hantaviroses,352800,Macatuba,SP,2013,0
HANTA,Hantaviroses,352800,Macatuba,SP,2014,0
HANTA,Hantaviroses,352800,Macatuba,SP,2015,0
HANTA,Hantaviroses,352800,Macatuba,SP,2016,0
HANTA,Hantaviroses,352800,Macatuba,SP,2017,2
HANTA,Hantaviroses,352800,Macatuba,SP,2018,0
HANTA,Hantaviroses,352800,Macatuba,SP,2019,0
HANTA,Hantaviroses,352800,Macatuba,SP,2020,0
HANTA,Hantaviroses,352800,Macatuba,SP,2021,0
HANTA,Hantaviroses,352800,Macatuba,SP,2022,0
HANTA,Hantaviroses,352800,Macatuba,SP,2023,0
HANTA,Hantaviroses,352800,Macatuba,SP,2024,0
HANTA,Hantaviroses,352800,Macatuba,SP,2025,0
HANTA,Hantaviroses,352900,Marilia,SP,2007,0
HANTA,Hantaviroses,352900,Marilia,SP,2008,0
HANTA,Hantaviroses,352900,Marilia,SP,2009,0
HANTA,Hantaviroses,352900,Marilia,SP,2010,0
HANTA,Hantaviroses,352900,Marilia,SP,2011,1
HANTA,Hantaviroses,352900,Marilia,SP,2012,0
HANTA,Hantaviroses,352900,Marilia,SP,2013,0
HANTA,Hantaviroses,352900,Marilia,SP,2014,0
HANTA,Hantaviroses,352900,Marilia,SP,2015,0
HANTA,Hantaviroses,352900,Marilia,SP,2016,1
HANTA,Hantaviroses,352900,Marilia,SP,2017,2
HANTA,Hantaviroses,352900,Marilia,SP,2018,0
HANTA,Hantaviroses,352900,Marilia,SP,2019,0
HANTA,Hantaviroses,352900,Marilia,SP,2020,0
HANTA,Hantaviroses,352900,Marilia,SP,2021,0
HANTA,Hantaviroses,352900,Marilia,SP,2022,0
HANTA,Hantaviroses,352900,Marilia,SP,2023,0
HANTA,Hantaviroses,352900,Marilia,SP,2024,0
HANTA,Hantaviroses,352900,Marilia,SP,2025,0
HANTA,Hantaviroses,352920,Martinopolis,SP,2007,0
HANTA,Hantaviroses,352920,Martinopolis,SP,2008,0
HANTA,Hantaviroses,352920,Martinopolis,SP,2009,0
HANTA,Hantaviroses,352920,Martinopolis,SP,2010,0
HANTA,Hantaviroses,352920,Martinopolis,SP,2011,0
HANTA,Hantaviroses,352920,Martinopolis,SP,2012,0
HANTA,Hantaviroses,352920,Martinopolis,SP,2013,0
HANTA,Hantaviroses,352920,Martinopolis,SP,2014,1
HANTA,Hantaviroses,352920,Martinopolis,SP,2015,0
HANTA,Hantaviroses,352920,Martinopolis,SP,2016,0
HANTA,Hantaviroses,352920,Martinopolis,SP,2017,0
HANTA,Hantaviroses,352920,Martinopolis,SP,2018,0
HANTA,Hantaviroses,352920,Martinopolis,SP,2019,0
HANTA,Hantaviroses,352920,Martinopolis,SP,2020,0
HANTA,Hantaviroses,352920,Martinopolis,SP,2021,0
HANTA,Hantaviroses,352920,Martinopolis,SP,2022,0
HANTA,Hantaviroses,352920,Martinopolis,SP,2023,0
HANTA,Hantaviroses,352920,Martinopolis,SP,2024,0
HANTA,Hantaviroses,352920,Martinopolis,SP,2025,0
HANTA,Hantaviroses,352930,Matao,SP,2007,0
HANTA,Hantaviroses,352930,Matao,SP,2008,0
HANTA,Hantaviroses,352930,Matao,SP,2009,0
HANTA,Hantaviroses,352930,Matao,SP,2010,0
HANTA,Hantaviroses,352930,Matao,SP,2011,0
HANTA,Hantaviroses,352930,Matao,SP,2012,2
HANTA,Hantaviroses,352930,Matao,SP,2013,1
HANTA,Hantaviroses,352930,Matao,SP,2014,1
HANTA,Hantaviroses,352930,Matao,SP,2015,0
HANTA,Hantaviroses,352930,Matao,SP,2016,1
HANTA,Hantaviroses,352930,Matao,SP,2017,0
HANTA,Hantaviroses,352930,Matao,SP,2018,1
HANTA,Hantaviroses,352930,Matao,SP,2019,0
HANTA,Hantaviroses,352930,Matao,SP,2020,0
HANTA,Hantaviroses,352930,Matao,SP,2021,0
HANTA,Hantaviroses,352930,Matao,SP,2022,0
HANTA,Hantaviroses,352930,Matao,SP,2023,0
HANTA,Hantaviroses,352930,Matao,SP,2024,0
HANTA,Hantaviroses,352930,Matao,SP,2025,0
HANTA,Hantaviroses,353050,Mococa,SP,2007,0
HANTA,Hantaviroses,353050,Mococa,SP,2008,0
HANTA,Hantaviroses,353050,Mococa,SP,2009,0
HANTA,Hantaviroses,353050,Mococa,SP,2010,0
HANTA,Hantaviroses,353050,Mococa,SP,2011,2
HANTA,Hantaviroses,353050,Mococa,SP,2012,0
HANTA,Hantaviroses,353050,Mococa,SP,2013,0
HANTA,Hantaviroses,353050,Mococa,SP,2014,0
HANTA,Hantaviroses,353050,Mococa,SP,2015,0
HANTA,Hantaviroses,353050,Mococa,SP,2016,0
HANTA,Hantaviroses,353050,Mococa,SP,2017,0
HANTA,Hantaviroses,353050,Mococa,SP,2018,0
HANTA,Hantaviroses,353050,Mococa,SP,2019,0
HANTA,Hantaviroses,353050,Mococa,SP,2020,0
HANTA,Hantaviroses,353050,Mococa,SP,2021,0
HANTA,Hantaviroses,353050,Mococa,SP,2022,0
HANTA,Hantaviroses,353050,Mococa,SP,2023,0
HANTA,Hantaviroses,353050,Mococa,SP,2024,0
HANTA,Hantaviroses,353050,Mococa,SP,2025,0
HANTA,Hantaviroses,353060,Mogi Das Cruzes,SP,2007,1
HANTA,Hantaviroses,353060,Mogi Das Cruzes,SP,2008,0
HANTA,Hantaviroses,353060,Mogi Das Cruzes,SP,2009,0
HANTA,Hantaviroses,353060,Mogi Das Cruzes,SP,2010,0
HANTA,Hantaviroses,353060,Mogi Das Cruzes,SP,2011,1
HANTA,Hantaviroses,353060,Mogi Das Cruzes,SP,2012,0
HANTA,Hantaviroses,353060,Mogi Das Cruzes,SP,2013,0
HANTA,Hantaviroses,353060,Mogi Das Cruzes,SP,2014,0
HANTA,Hantaviroses,353060,Mogi Das Cruzes,SP,2015,0
HANTA,Hantaviroses,353060,Mogi Das Cruzes,SP,2016,0
HANTA,Hantaviroses,353060,Mogi Das Cruzes,SP,2017,0
HANTA,Hantaviroses,353060,Mogi Das Cruzes,SP,2018,0
HANTA,Hantaviroses,353060,Mogi Das Cruzes,SP,2019,0
HANTA,Hantaviroses,353060,Mogi Das Cruzes,SP,2020,0
HANTA,Hantaviroses,353060,Mogi Das Cruzes,SP,2021,0
HANTA,Hantaviroses,353060,Mogi Das Cruzes,SP,2022,0
HANTA,Hantaviroses,353060,Mogi Das Cruzes,SP,2023,0
HANTA,Hantaviroses,353060,Mogi Das Cruzes,SP,2024,0
HANTA,Hantaviroses,353060,Mogi Das Cruzes,SP,2025,0
HANTA,Hantaviroses,353130,Monte Alto,SP,2007,0
HANTA,Hantaviroses,353130,Monte Alto,SP,2008,0
HANTA,Hantaviroses,353130,Monte Alto,SP,2009,0
HANTA,Hantaviroses,353130,Monte Alto,SP,2010,0
HANTA,Hantaviroses,353130,Monte Alto,SP,2011,0
HANTA,Hantaviroses,353130,Monte Alto,SP,2012,0
HANTA,Hantaviroses,353130,Monte Alto,SP,2013,0
HANTA,Hantaviroses,353130,Monte Alto,SP,2014,1
HANTA,Hantaviroses,353130,Monte Alto,SP,2015,0
HANTA,Hantaviroses,353130,Monte Alto,SP,2016,0
HANTA,Hantaviroses,353130,Monte Alto,SP,2017,0
HANTA,Hantaviroses,353130,Monte Alto,SP,2018,0
HANTA,Hantaviroses,353130,Monte Alto,SP,2019,0
HANTA,Hantaviroses,353130,Monte Alto,SP,2020,0
HANTA,Hantaviroses,353130,Monte Alto,SP,2021,0
HANTA,Hantaviroses,353130,Monte Alto,SP,2022,0
HANTA,Hantaviroses,353130,Monte Alto,SP,2023,0
HANTA,Hantaviroses,353130,Monte Alto,SP,2024,0
HANTA,Hantaviroses,353130,Monte Alto,SP,2025,0
HANTA,Hantaviroses,353190,Morro Agudo,SP,2007,0
HANTA,Hantaviroses,353190,Morro Agudo,SP,2008,1
HANTA,Hantaviroses,353190,Morro Agudo,SP,2009,0
HANTA,Hantaviroses,353190,Morro Agudo,SP,2010,0
HANTA,Hantaviroses,353190,Morro Agudo,SP,2011,0
HANTA,Hantaviroses,353190,Morro Agudo,SP,2012,0
HANTA,Hantaviroses,353190,Morro Agudo,SP,2013,0
HANTA,Hantaviroses,353190,Morro Agudo,SP,2014,0
HANTA,Hantaviroses,353190,Morro Agudo,SP,2015,0
HANTA,Hantaviroses,353190,Morro Agudo,SP,2016,0
HANTA,Hantaviroses,353190,Morro Agudo,SP,2017,0
HANTA,Hantaviroses,353190,Morro Agudo,SP,2018,0
HANTA,Hantaviroses,353190,Morro Agudo,SP,2019,0
HANTA,Hantaviroses,353190,Morro Agudo,SP,2020,0
HANTA,Hantaviroses,353190,Morro Agudo,SP,2021,0
HANTA,Hantaviroses,353190,Morro Agudo,SP,2022,0
HANTA,Hantaviroses,353190,Morro Agudo,SP,2023,0
HANTA,Hantaviroses,353190,Morro Agudo,SP,2024,0
HANTA,Hantaviroses,353190,Morro Agudo,SP,2025,0
HANTA,Hantaviroses,353550,Paraguacu Paulista,SP,2007,0
HANTA,Hantaviroses,353550,Paraguacu Paulista,SP,2008,0
HANTA,Hantaviroses,353550,Paraguacu Paulista,SP,2009,0
HANTA,Hantaviroses,353550,Paraguacu Paulista,SP,2010,0
HANTA,Hantaviroses,353550,Paraguacu Paulista,SP,2011,0
HANTA,Hantaviroses,353550,Paraguacu Paulista,SP,2012,0
HANTA,Hantaviroses,353550,Paraguacu Paulista,SP,2013,0
HANTA,Hantaviroses,353550,Paraguacu Paulista,SP,2014,0
HANTA,Hantaviroses,353550,Paraguacu Paulista,SP,2015,1
HANTA,Hantaviroses,353550,Paraguacu Paulista,SP,2016,0
HANTA,Hantaviroses,353550,Paraguacu Paulista,SP,2017,0
HANTA,Hantaviroses,353550,Paraguacu Paulista,SP,2018,0
HANTA,Hantaviroses,353550,Paraguacu Paulista,SP,2019,0
HANTA,Hantaviroses,353550,Paraguacu Paulista,SP,2020,0
HANTA,Hantaviroses,353550,Paraguacu Paulista,SP,2021,0
HANTA,Hantaviroses,353550,Paraguacu Paulista,SP,2022,0
HANTA,Hantaviroses,353550,Paraguacu Paulista,SP,2023,0
HANTA,Hantaviroses,353550,Paraguacu Paulista,SP,2024,0
HANTA,Hantaviroses,353550,Paraguacu Paulista,SP,2025,0
HANTA,Hantaviroses,353620,Pariquera-acu,SP,2007,1
HANTA,Hantaviroses,353620,Pariquera-acu,SP,2008,2
HANTA,Hantaviroses,353620,Pariquera-acu,SP,2009,1
HANTA,Hantaviroses,353620,Pariquera-acu,SP,2010,0
HANTA,Hantaviroses,353620,Pariquera-acu,SP,2011,1
HANTA,Hantaviroses,353620,Pariquera-acu,SP,2012,0
HANTA,Hantaviroses,353620,Pariquera-acu,SP,2013,0
HANTA,Hantaviroses,353620,Pariquera-acu,SP,2014,0
HANTA,Hantaviroses,353620,Pariquera-acu,SP,2015,1
HANTA,Hantaviroses,353620,Pariquera-acu,SP,2016,1
HANTA,Hantaviroses,353620,Pariquera-acu,SP,2017,1
HANTA,Hantaviroses,353620,Pariquera-acu,SP,2018,0
HANTA,Hantaviroses,353620,Pariquera-acu,SP,2019,0
HANTA,Hantaviroses,353620,Pariquera-acu,SP,2020,0
HANTA,Hantaviroses,353620,Pariquera-acu,SP,2021,0
HANTA,Hantaviroses,353620,Pariquera-acu,SP,2022,0
HANTA,Hantaviroses,353620,Pariquera-acu,SP,2023,0
HANTA,Hantaviroses,353620,Pariquera-acu,SP,2024,0
HANTA,Hantaviroses,353620,Pariquera-acu,SP,2025,0
HANTA,Hantaviroses,353650,Paulinia,SP,2007,0
HANTA,Hantaviroses,353650,Paulinia,SP,2008,0
HANTA,Hantaviroses,353650,Paulinia,SP,2009,0
HANTA,Hantaviroses,353650,Paulinia,SP,2010,0
HANTA,Hantaviroses,353650,Paulinia,SP,2011,0
HANTA,Hantaviroses,353650,Paulinia,SP,2012,0
HANTA,Hantaviroses,353650,Paulinia,SP,2013,0
HANTA,Hantaviroses,353650,Paulinia,SP,2014,0
HANTA,Hantaviroses,353650,Paulinia,SP,2015,1
HANTA,Hantaviroses,353650,Paulinia,SP,2016,0
HANTA,Hantaviroses,353650,Paulinia,SP,2017,0
HANTA,Hantaviroses,353650,Paulinia,SP,2018,0
HANTA,Hantaviroses,353650,Paulinia,SP,2019,0
HANTA,Hantaviroses,353650,Paulinia,SP,2020,0
HANTA,Hantaviroses,353650,Paulinia,SP,2021,0
HANTA,Hantaviroses,353650,Paulinia,SP,2022,0
HANTA,Hantaviroses,353650,Paulinia,SP,2023,0
HANTA,Hantaviroses,353650,Paulinia,SP,2024,0
HANTA,Hantaviroses,353650,Paulinia,SP,2025,0
HANTA,Hantaviroses,353880,Piraju,SP,2007,0
HANTA,Hantaviroses,353880,Piraju,SP,2008,0
HANTA,Hantaviroses,353880,Piraju,SP,2009,0
HANTA,Hantaviroses,353880,Piraju,SP,2010,0
HANTA,Hantaviroses,353880,Piraju,SP,2011,0
HANTA,Hantaviroses,353880,Piraju,SP,2012,0
HANTA,Hantaviroses,353880,Piraju,SP,2013,0
HANTA,Hantaviroses,353880,Piraju,SP,2014,0
HANTA,Hantaviroses,353880,Piraju,SP,2015,1
HANTA,Hantaviroses,353880,Piraju,SP,2016,0
HANTA,Hantaviroses,353880,Piraju,SP,2017,0
HANTA,Hantaviroses,353880,Piraju,SP,2018,0
HANTA,Hantaviroses,353880,Piraju,SP,2019,0
HANTA,Hantaviroses,353880,Piraju,SP,2020,0
HANTA,Hantaviroses,353880,Piraju,SP,2021,0
HANTA,Hantaviroses,353880,Piraju,SP,2022,0
HANTA,Hantaviroses,353880,Piraju,SP,2023,0
HANTA,Hantaviroses,353880,Piraju,SP,2024,0
HANTA,Hantaviroses,353880,Piraju,SP,2025,0
HANTA,Hantaviroses,354140,Presidente Prudente,SP,2007,0
HANTA,Hantaviroses,354140,Presidente Prudente,SP,2008,0
HANTA,Hantaviroses,354140,Presidente Prudente,SP,2009,0
HANTA,Hantaviroses,354140,Presidente Prudente,SP,2010,1
HANTA,Hantaviroses,354140,Presidente Prudente,SP,2011,2
HANTA,Hantaviroses,354140,Presidente Prudente,SP,2012,0
HANTA,Hantaviroses,354140,Presidente Prudente,SP,2013,1
HANTA,Hantaviroses,354140,Presidente Prudente,SP,2014,1
HANTA,Hantaviroses,354140,Presidente Prudente,SP,2015,0
HANTA,Hantaviroses,354140,Presidente Prudente,SP,2016,1
HANTA,Hantaviroses,354140,Presidente Prudente,SP,2017,0
HANTA,Hantaviroses,354140,Presidente Prudente,SP,2018,0
HANTA,Hantaviroses,354140,Presidente Prudente,SP,2019,0
HANTA,Hantaviroses,354140,Presidente Prudente,SP,2020,0
HANTA,Hantaviroses,354140,Presidente Prudente,SP,2021,0
HANTA,Hantaviroses,354140,Presidente Prudente,SP,2022,0
HANTA,Hantaviroses,354140,Presidente Prudente,SP,2023,0
HANTA,Hantaviroses,354140,Presidente Prudente,SP,2024,0
HANTA,Hantaviroses,354140,Presidente Prudente,SP,2025,0
HANTA,Hantaviroses,354200,Quintana,SP,2007,0
HANTA,Hantaviroses,354200,Quintana,SP,2008,0
HANTA,Hantaviroses,354200,Quintana,SP,2009,0
HANTA,Hantaviroses,354200,Quintana,SP,2010,0
HANTA,Hantaviroses,354200,Quintana,SP,2011,0
HANTA,Hantaviroses,354200,Quintana,SP,2012,0
HANTA,Hantaviroses,354200,Quintana,SP,2013,0
HANTA,Hantaviroses,354200,Quintana,SP,2014,0
HANTA,Hantaviroses,354200,Quintana,SP,2015,0
HANTA,Hantaviroses,354200,Quintana,SP,2016,0
HANTA,Hantaviroses,354200,Quintana,SP,2017,0
HANTA,Hantaviroses,354200,Quintana,SP,2018,0
HANTA,Hantaviroses,354200,Quintana,SP,2019,1
HANTA,Hantaviroses,354200,Quintana,SP,2020,0
HANTA,Hantaviroses,354200,Quintana,SP,2021,0
HANTA,Hantaviroses,354200,Quintana,SP,2022,0
HANTA,Hantaviroses,354200,Quintana,SP,2023,0
HANTA,Hantaviroses,354200,Quintana,SP,2024,0
HANTA,Hantaviroses,354200,Quintana,SP,2025,0
HANTA,Hantaviroses,354220,Rancharia,SP,2007,0
HANTA,Hantaviroses,354220,Rancharia,SP,2008,0
HANTA,Hantaviroses,354220,Rancharia,SP,2009,0
HANTA,Hantaviroses,354220,Rancharia,SP,2010,0
HANTA,Hantaviroses,354220,Rancharia,SP,2011,0
HANTA,Hantaviroses,354220,Rancharia,SP,2012,0
HANTA,Hantaviroses,354220,Rancharia,SP,2013,1
HANTA,Hantaviroses,354220,Rancharia,SP,2014,0
HANTA,Hantaviroses,354220,Rancharia,SP,2015,0
HANTA,Hantaviroses,354220,Rancharia,SP,2016,0
HANTA,Hantaviroses,354220,Rancharia,SP,2017,0
HANTA,Hantaviroses,354220,Rancharia,SP,2018,0
HANTA,Hantaviroses,354220,Rancharia,SP,2019,0
HANTA,Hantaviroses,354220,Rancharia,SP,2020,0
HANTA,Hantaviroses,354220,Rancharia,SP,2021,0
HANTA,Hantaviroses,354220,Rancharia,SP,2022,0
HANTA,Hantaviroses,354220,Rancharia,SP,2023,0
HANTA,Hantaviroses,354220,Rancharia,SP,2024,0
HANTA,Hantaviroses,354220,Rancharia,SP,2025,0
HANTA,Hantaviroses,354340,Ribeirao Preto,SP,2007,1
HANTA,Hantaviroses,354340,Ribeirao Preto,SP,2008,1
HANTA,Hantaviroses,354340,Ribeirao Preto,SP,2009,1
HANTA,Hantaviroses,354340,Ribeirao Preto,SP,2010,2
HANTA,Hantaviroses,354340,Ribeirao Preto,SP,2011,5
HANTA,Hantaviroses,354340,Ribeirao Preto,SP,2012,2
HANTA,Hantaviroses,354340,Ribeirao Preto,SP,2013,3
HANTA,Hantaviroses,354340,Ribeirao Preto,SP,2014,2
HANTA,Hantaviroses,354340,Ribeirao Preto,SP,2015,1
HANTA,Hantaviroses,354340,Ribeirao Preto,SP,2016,2
HANTA,Hantaviroses,354340,Ribeirao Preto,SP,2017,1
HANTA,Hantaviroses,354340,Ribeirao Preto,SP,2018,3
HANTA,Hantaviroses,354340,Ribeirao Preto,SP,2019,0
HANTA,Hantaviroses,354340,Ribeirao Preto,SP,2020,0
HANTA,Hantaviroses,354340,Ribeirao Preto,SP,2021,0
HANTA,Hantaviroses,354340,Ribeirao Preto,SP,2022,0
HANTA,Hantaviroses,354340,Ribeirao Preto,SP,2023,1
HANTA,Hantaviroses,354340,Ribeirao Preto,SP,2024,0
HANTA,Hantaviroses,354340,Ribeirao Preto,SP,2025,0
HANTA,Hantaviroses,354500,Salesopolis,SP,2007,1
HANTA,Hantaviroses,354500,Salesopolis,SP,2008,0
HANTA,Hantaviroses,354500,Salesopolis,SP,2009,0
HANTA,Hantaviroses,354500,Salesopolis,SP,2010,0
HANTA,Hantaviroses,354500,Salesopolis,SP,2011,0
HANTA,Hantaviroses,354500,Salesopolis,SP,2012,0
HANTA,Hantaviroses,354500,Salesopolis,SP,2013,0
HANTA,Hantaviroses,354500,Salesopolis,SP,2014,0
HANTA,Hantaviroses,354500,Salesopolis,SP,2015,0
HANTA,Hantaviroses,354500,Salesopolis,SP,2016,0
HANTA,Hantaviroses,354500,Salesopolis,SP,2017,0
HANTA,Hantaviroses,354500,Salesopolis,SP,2018,0
HANTA,Hantaviroses,354500,Salesopolis,SP,2019,0
HANTA,Hantaviroses,354500,Salesopolis,SP,2020,0
HANTA,Hantaviroses,354500,Salesopolis,SP,2021,0
HANTA,Hantaviroses,354500,Salesopolis,SP,2022,0
HANTA,Hantaviroses,354500,Salesopolis,SP,2023,0
HANTA,Hantaviroses,354500,Salesopolis,SP,2024,0
HANTA,Hantaviroses,354500,Salesopolis,SP,2025,0
HANTA,Hantaviroses,354620,Santa Cruz da Conceicao,SP,2007,0
HANTA,Hantaviroses,354620,Santa Cruz da Conceicao,SP,2008,0
HANTA,Hantaviroses,354620,Santa Cruz da Conceicao,SP,2009,0
HANTA,Hantaviroses,354620,Santa Cruz da Conceicao,SP,2010,1
HANTA,Hantaviroses,354620,Santa Cruz da Conceicao,SP,2011,0
HANTA,Hantaviroses,354620,Santa Cruz da Conceicao,SP,2012,0
HANTA,Hantaviroses,354620,Santa Cruz da Conceicao,SP,2013,0
HANTA,Hantaviroses,354620,Santa Cruz da Conceicao,SP,2014,0
HANTA,Hantaviroses,354620,Santa Cruz da Conceicao,SP,2015,0
HANTA,Hantaviroses,354620,Santa Cruz da Conceicao,SP,2016,0
HANTA,Hantaviroses,354620,Santa Cruz da Conceicao,SP,2017,0
HANTA,Hantaviroses,354620,Santa Cruz da Conceicao,SP,2018,0
HANTA,Hantaviroses,354620,Santa Cruz da Conceicao,SP,2019,0
HANTA,Hantaviroses,354620,Santa Cruz da Conceicao,SP,2020,0
HANTA,Hantaviroses,354620,Santa Cruz da Conceicao,SP,2021,0
HANTA,Hantaviroses,354620,Santa Cruz da Conceicao,SP,2022,0
HANTA,Hantaviroses,354620,Santa Cruz da Conceicao,SP,2023,0
HANTA,Hantaviroses,354620,Santa Cruz da Conceicao,SP,2024,0
HANTA,Hantaviroses,354620,Santa Cruz da Conceicao,SP,2025,0
HANTA,Hantaviroses,354890,Sao Carlos,SP,2007,5
HANTA,Hantaviroses,354890,Sao Carlos,SP,2008,1
HANTA,Hantaviroses,354890,Sao Carlos,SP,2009,1
HANTA,Hantaviroses,354890,Sao Carlos,SP,2010,1
HANTA,Hantaviroses,354890,Sao Carlos,SP,2011,0
HANTA,Hantaviroses,354890,Sao Carlos,SP,2012,0
HANTA,Hantaviroses,354890,Sao Carlos,SP,2013,0
HANTA,Hantaviroses,354890,Sao Carlos,SP,2014,0
HANTA,Hantaviroses,354890,Sao Carlos,SP,2015,0
HANTA,Hantaviroses,354890,Sao Carlos,SP,2016,0
HANTA,Hantaviroses,354890,Sao Carlos,SP,2017,0
HANTA,Hantaviroses,354890,Sao Carlos,SP,2018,0
HANTA,Hantaviroses,354890,Sao Carlos,SP,2019,0
HANTA,Hantaviroses,354890,Sao Carlos,SP,2020,0
HANTA,Hantaviroses,354890,Sao Carlos,SP,2021,0
HANTA,Hantaviroses,354890,Sao Carlos,SP,2022,0
HANTA,Hantaviroses,354890,Sao Carlos,SP,2023,0
HANTA,Hantaviroses,354890,Sao Carlos,SP,2024,0
HANTA,Hantaviroses,354890,Sao Carlos,SP,2025,0
HANTA,Hantaviroses,354980,Sao Jose do Rio Preto,SP,2007,1
HANTA,Hantaviroses,354980,Sao Jose do Rio Preto,SP,2008,1
HANTA,Hantaviroses,354980,Sao Jose do Rio Preto,SP,2009,0
HANTA,Hantaviroses,354980,Sao Jose do Rio Preto,SP,2010,0
HANTA,Hantaviroses,354980,Sao Jose do Rio Preto,SP,2011,0
HANTA,Hantaviroses,354980,Sao Jose do Rio Preto,SP,2012,0
HANTA,Hantaviroses,354980,Sao Jose do Rio Preto,SP,2013,0
HANTA,Hantaviroses,354980,Sao Jose do Rio Preto,SP,2014,0
HANTA,Hantaviroses,354980,Sao Jose do Rio Preto,SP,2015,0
HANTA,Hantaviroses,354980,Sao Jose do Rio Preto,SP,2016,0
HANTA,Hantaviroses,354980,Sao Jose do Rio Preto,SP,2017,0
HANTA,Hantaviroses,354980,Sao Jose do Rio Preto,SP,2018,0
HANTA,Hantaviroses,354980,Sao Jose do Rio Preto,SP,2019,0
HANTA,Hantaviroses,354980,Sao Jose do Rio Preto,SP,2020,0
HANTA,Hantaviroses,354980,Sao Jose do Rio Preto,SP,2021,0
HANTA,Hantaviroses,354980,Sao Jose do Rio Preto,SP,2022,0
HANTA,Hantaviroses,354980,Sao Jose do Rio Preto,SP,2023,0
HANTA,Hantaviroses,354980,Sao Jose do Rio Preto,SP,2024,0
HANTA,Hantaviroses,354980,Sao Jose do Rio Preto,SP,2025,0
HANTA,Hantaviroses,354990,Sao Jose Dos Campos,SP,2007,0
HANTA,Hantaviroses,354990,Sao Jose Dos Campos,SP,2008,0
HANTA,Hantaviroses,354990,Sao Jose Dos Campos,SP,2009,0
HANTA,Hantaviroses,354990,Sao Jose Dos Campos,SP,2010,0
HANTA,Hantaviroses,354990,Sao Jose Dos Campos,SP,2011,0
HANTA,Hantaviroses,354990,Sao Jose Dos Campos,SP,2012,0
HANTA,Hantaviroses,354990,Sao Jose Dos Campos,SP,2013,0
HANTA,Hantaviroses,354990,Sao Jose Dos Campos,SP,2014,1
HANTA,Hantaviroses,354990,Sao Jose Dos Campos,SP,2015,0
HANTA,Hantaviroses,354990,Sao Jose Dos Campos,SP,2016,0
HANTA,Hantaviroses,354990,Sao Jose Dos Campos,SP,2017,0
HANTA,Hantaviroses,354990,Sao Jose Dos Campos,SP,2018,0
HANTA,Hantaviroses,354990,Sao Jose Dos Campos,SP,2019,0
HANTA,Hantaviroses,354990,Sao Jose Dos Campos,SP,2020,0
HANTA,Hantaviroses,354990,Sao Jose Dos Campos,SP,2021,0
HANTA,Hantaviroses,354990,Sao Jose Dos Campos,SP,2022,0
HANTA,Hantaviroses,354990,Sao Jose Dos Campos,SP,2023,0
HANTA,Hantaviroses,354990,Sao Jose Dos Campos,SP,2024,0
HANTA,Hantaviroses,354990,Sao Jose Dos Campos,SP,2025,0
HANTA,Hantaviroses,355030,Sao Paulo,SP,2007,4
HANTA,Hantaviroses,355030,Sao Paulo,SP,2008,0
HANTA,Hantaviroses,355030,Sao Paulo,SP,2009,0
HANTA,Hantaviroses,355030,Sao Paulo,SP,2010,0
HANTA,Hantaviroses,355030,Sao Paulo,SP,2011,0
HANTA,Hantaviroses,355030,Sao Paulo,SP,2012,1
HANTA,Hantaviroses,355030,Sao Paulo,SP,2013,0
HANTA,Hantaviroses,355030,Sao Paulo,SP,2014,0
HANTA,Hantaviroses,355030,Sao Paulo,SP,2015,1
HANTA,Hantaviroses,355030,Sao Paulo,SP,2016,0
HANTA,Hantaviroses,355030,Sao Paulo,SP,2017,0
HANTA,Hantaviroses,355030,Sao Paulo,SP,2018,0
HANTA,Hantaviroses,355030,Sao Paulo,SP,2019,0
HANTA,Hantaviroses,355030,Sao Paulo,SP,2020,0
HANTA,Hantaviroses,355030,Sao Paulo,SP,2021,0
HANTA,Hantaviroses,355030,Sao Paulo,SP,2022,1
HANTA,Hantaviroses,355030,Sao Paulo,SP,2023,0
HANTA,Hantaviroses,355030,Sao Paulo,SP,2024,0
HANTA,Hantaviroses,355030,Sao Paulo,SP,2025,0
HANTA,Hantaviroses,355170,Sertaozinho,SP,2007,2
HANTA,Hantaviroses,355170,Sertaozinho,SP,2008,2
HANTA,Hantaviroses,355170,Sertaozinho,SP,2009,3
HANTA,Hantaviroses,355170,Sertaozinho,SP,2010,5
HANTA,Hantaviroses,355170,Sertaozinho,SP,2011,4
HANTA,Hantaviroses,355170,Sertaozinho,SP,2012,2
HANTA,Hantaviroses,355170,Sertaozinho,SP,2013,2
HANTA,Hantaviroses,355170,Sertaozinho,SP,2014,3
HANTA,Hantaviroses,355170,Sertaozinho,SP,2015,1
HANTA,Hantaviroses,355170,Sertaozinho,SP,2016,1
HANTA,Hantaviroses,355170,Sertaozinho,SP,2017,0
HANTA,Hantaviroses,355170,Sertaozinho,SP,2018,1
HANTA,Hantaviroses,355170,Sertaozinho,SP,2019,1
HANTA,Hantaviroses,355170,Sertaozinho,SP,2020,0
HANTA,Hantaviroses,355170,Sertaozinho,SP,2021,0
HANTA,Hantaviroses,355170,Sertaozinho,SP,2022,0
HANTA,Hantaviroses,355170,Sertaozinho,SP,2023,0
HANTA,Hantaviroses,355170,Sertaozinho,SP,2024,0
HANTA,Hantaviroses,355170,Sertaozinho,SP,2025,0
HANTA,Hantaviroses,355370,Taquaritinga,SP,2007,0
HANTA,Hantaviroses,355370,Taquaritinga,SP,2008,0
HANTA,Hantaviroses,355370,Taquaritinga,SP,2009,0
HANTA,Hantaviroses,355370,Taquaritinga,SP,2010,0
HANTA,Hantaviroses,355370,Taquaritinga,SP,2011,0
HANTA,Hantaviroses,355370,Taquaritinga,SP,2012,0
HANTA,Hantaviroses,355370,Taquaritinga,SP,2013,0
HANTA,Hantaviroses,355370,Taquaritinga,SP,2014,0
HANTA,Hantaviroses,355370,Taquaritinga,SP,2015,0
HANTA,Hantaviroses,355370,Taquaritinga,SP,2016,1
HANTA,Hantaviroses,355370,Taquaritinga,SP,2017,0
HANTA,Hantaviroses,355370,Taquaritinga,SP,2018,0
HANTA,Hantaviroses,355370,Taquaritinga,SP,2019,0
HANTA,Hantaviroses,355370,Taquaritinga,SP,2020,0
HANTA,Hantaviroses,355370,Taquaritinga,SP,2021,0
HANTA,Hantaviroses,355370,Taquaritinga,SP,2022,0
HANTA,Hantaviroses,355370,Taquaritinga,SP,2023,0
HANTA,Hantaviroses,355370,Taquaritinga,SP,2024,0
HANTA,Hantaviroses,355370,Taquaritinga,SP,2025,0
HANTA,Hantaviroses,355500,Tupa,SP,2007,0
HANTA,Hantaviroses,355500,Tupa,SP,2008,0
HANTA,Hantaviroses,355500,Tupa,SP,2009,0
HANTA,Hantaviroses,355500,Tupa,SP,2010,0
HANTA,Hantaviroses,355500,Tupa,SP,2011,0
HANTA,Hantaviroses,355500,Tupa,SP,2012,0
HANTA,Hantaviroses,355500,Tupa,SP,2013,0
HANTA,Hantaviroses,355500,Tupa,SP,2014,0
HANTA,Hantaviroses,355500,Tupa,SP,2015,0
HANTA,Hantaviroses,355500,Tupa,SP,2016,2
HANTA,Hantaviroses,355500,Tupa,SP,2017,1
HANTA,Hantaviroses,355500,Tupa,SP,2018,0
HANTA,Hantaviroses,355500,Tupa,SP,2019,0
HANTA,Hantaviroses,355500,Tupa,SP,2020,0
HANTA,Hantaviroses,355500,Tupa,SP,2021,0
HANTA,Hantaviroses,355500,Tupa,SP,2022,0
HANTA,Hantaviroses,355500,Tupa,SP,2023,0
HANTA,Hantaviroses,355500,Tupa,SP,2024,0
HANTA,Hantaviroses,355500,Tupa,SP,2025,0
HANTA,Hantaviroses,355510,Tupi Paulista,SP,2007,0
HANTA,Hantaviroses,355510,Tupi Paulista,SP,2008,0
HANTA,Hantaviroses,355510,Tupi Paulista,SP,2009,0
HANTA,Hantaviroses,355510,Tupi Paulista,SP,2010,1
HANTA,Hantaviroses,355510,Tupi Paulista,SP,2011,0
HANTA,Hantaviroses,355510,Tupi Paulista,SP,2012,0
HANTA,Hantaviroses,355510,Tupi Paulista,SP,2013,1
HANTA,Hantaviroses,355510,Tupi Paulista,SP,2014,0
HANTA,Hantaviroses,355510,Tupi Paulista,SP,2015,0
HANTA,Hantaviroses,355510,Tupi Paulista,SP,2016,1
HANTA,Hantaviroses,355510,Tupi Paulista,SP,2017,0
HANTA,Hantaviroses,355510,Tupi Paulista,SP,2018,0
HANTA,Hantaviroses,355510,Tupi Paulista,SP,2019,0
HANTA,Hantaviroses,355510,Tupi Paulista,SP,2020,0
HANTA,Hantaviroses,355510,Tupi Paulista,SP,2021,0
HANTA,Hantaviroses,355510,Tupi Paulista,SP,2022,0
HANTA,Hantaviroses,355510,Tupi Paulista,SP,2023,0
HANTA,Hantaviroses,355510,Tupi Paulista,SP,2024,0
HANTA,Hantaviroses,355510,Tupi Paulista,SP,2025,0
