doenca,doenca_nome,cod_mun6,municipio,uf,ano,casos
MALA,Malária,270060,Barra de Sao Miguel,AL,2007,0
MALA,Malária,270060,Barra de Sao Miguel,AL,2008,0
MALA,Malária,270060,Barra de Sao Miguel,AL,2009,0
MALA,Malária,270060,Barra de Sao Miguel,AL,2010,0
MALA,Malária,270060,Barra de Sao Miguel,AL,2011,1
MALA,Malária,270060,Barra de Sao Miguel,AL,2012,0
MALA,Malária,270060,Barra de Sao Miguel,AL,2013,0
MALA,Malária,270060,Barra de Sao Miguel,AL,2014,0
MALA,Malária,270060,Barra de Sao Miguel,AL,2015,0
MALA,Malária,270060,Barra de Sao Miguel,AL,2016,0
MALA,Malária,270060,Barra de Sao Miguel,AL,2017,0
MALA,Malária,270060,Barra de Sao Miguel,AL,2018,0
MALA,Malária,270060,Barra de Sao Miguel,AL,2019,0
MALA,Malária,270060,Barra de Sao Miguel,AL,2020,0
MALA,Malária,270060,Barra de Sao Miguel,AL,2021,0
MALA,Malária,270060,Barra de Sao Miguel,AL,2022,0
MALA,Malária,270060,Barra de Sao Miguel,AL,2023,0
MALA,Malária,270060,Barra de Sao Miguel,AL,2024,0
MALA,Malária,270240,Delmiro Gouveia,AL,2007,0
MALA,Malária,270240,Delmiro Gouveia,AL,2008,0
MALA,Malária,270240,Delmiro Gouveia,AL,2009,0
MALA,Malária,270240,Delmiro Gouveia,AL,2010,1
MALA,Malária,270240,Delmiro Gouveia,AL,2011,3
MALA,Malária,270240,Delmiro Gouveia,AL,2012,1
MALA,Malária,270240,Delmiro Gouveia,AL,2013,1
MALA,Malária,270240,Delmiro Gouveia,AL,2014,0
MALA,Malária,270240,Delmiro Gouveia,AL,2015,0
MALA,Malária,270240,Delmiro Gouveia,AL,2016,0
MALA,Malária,270240,Delmiro Gouveia,AL,2017,0
MALA,Malária,270240,Delmiro Gouveia,AL,2018,0
MALA,Malária,270240,Delmiro Gouveia,AL,2019,0
MALA,Malária,270240,Delmiro Gouveia,AL,2020,0
MALA,Malária,270240,Delmiro Gouveia,AL,2021,0
MALA,Malária,270240,Delmiro Gouveia,AL,2022,0
MALA,Malária,270240,Delmiro Gouveia,AL,2023,0
MALA,Malária,270240,Delmiro Gouveia,AL,2024,0
MALA,Malária,270430,Maceio,AL,2007,6
MALA,Malária,270430,Maceio,AL,2008,6
MALA,Malária,270430,Maceio,AL,2009,10
MALA,Malária,270430,Maceio,AL,2010,8
MALA,Malária,270430,Maceio,AL,2011,2
MALA,Malária,270430,Maceio,AL,2012,6
MALA,Malária,270430,Maceio,AL,2013,6
MALA,Malária,270430,Maceio,AL,2014,4
MALA,Malária,270430,Maceio,AL,2015,3
MALA,Malária,270430,Maceio,AL,2016,2
MALA,Malária,270430,Maceio,AL,2017,6
MALA,Malária,270430,Maceio,AL,2018,2
MALA,Malária,270430,Maceio,AL,2019,2
MALA,Malária,270430,Maceio,AL,2020,0
MALA,Malária,270430,Maceio,AL,2021,4
MALA,Malária,270430,Maceio,AL,2022,2
MALA,Malária,270430,Maceio,AL,2023,2
MALA,Malária,270430,Maceio,AL,2024,3
MALA,Malária,270470,Marechal Deodoro,AL,2007,0
MALA,Malária,270470,Marechal Deodoro,AL,2008,0
MALA,Malária,270470,Marechal Deodoro,AL,2009,0
MALA,Malária,270470,Marechal Deodoro,AL,2010,0
MALA,Malária,270470,Marechal Deodoro,AL,2011,0
MALA,Malária,270470,Marechal Deodoro,AL,2012,0
MALA,Malária,270470,Marechal Deodoro,AL,2013,0
MALA,Malária,270470,Marechal Deodoro,AL,2014,0
MALA,Malária,270470,Marechal Deodoro,AL,2015,0
MALA,Malária,270470,Marechal Deodoro,AL,2016,0
MALA,Malária,270470,Marechal Deodoro,AL,2017,0
MALA,Malária,270470,Marechal Deodoro,AL,2018,0
MALA,Malária,270470,Marechal Deodoro,AL,2019,0
MALA,Malária,270470,Marechal Deodoro,AL,2020,0
MALA,Malária,270470,Marechal Deodoro,AL,2021,1
MALA,Malária,270470,Marechal Deodoro,AL,2022,0
MALA,Malária,270470,Marechal Deodoro,AL,2023,0
MALA,Malária,270470,Marechal Deodoro,AL,2024,0
MALA,Malária,270670,Penedo,AL,2007,0
MALA,Malária,270670,Penedo,AL,2008,0
MALA,Malária,270670,Penedo,AL,2009,0
MALA,Malária,270670,Penedo,AL,2010,0
MALA,Malária,270670,Penedo,AL,2011,0
MALA,Malária,270670,Penedo,AL,2012,0
MALA,Malária,270670,Penedo,AL,2013,0
MALA,Malária,270670,Penedo,AL,2014,0
MALA,Malária,270670,Penedo,AL,2015,0
MALA,Malária,270670,Penedo,AL,2016,0
MALA,Malária,270670,Penedo,AL,2017,0
MALA,Malária,270670,Penedo,AL,2018,0
MALA,Malária,270670,Penedo,AL,2019,0
MALA,Malária,270670,Penedo,AL,2020,0
MALA,Malária,270670,Penedo,AL,2021,2
MALA,Malária,270670,Penedo,AL,2022,0
MALA,Malária,270670,Penedo,AL,2023,0
MALA,Malária,270670,Penedo,AL,2024,0
MALA,Malária,290070,Alagoinhas,BA,2007,0
MALA,Malária,290070,Alagoinhas,BA,2008,1
MALA,Malária,290070,Alagoinhas,BA,2009,0
MALA,Malária,290070,Alagoinhas,BA,2010,1
MALA,Malária,290070,Alagoinhas,BA,2011,0
MALA,Malária,290070,Alagoinhas,BA,2012,0
MALA,Malária,290070,Alagoinhas,BA,2013,0
MALA,Malária,290070,Alagoinhas,BA,2014,0
MALA,Malária,290070,Alagoinhas,BA,2015,0
MALA,Malária,290070,Alagoinhas,BA,2016,0
MALA,Malária,290070,Alagoinhas,BA,2017,2
MALA,Malária,290070,Alagoinhas,BA,2018,0
MALA,Malária,290070,Alagoinhas,BA,2019,0
MALA,Malária,290070,Alagoinhas,BA,2020,0
MALA,Malária,290070,Alagoinhas,BA,2021,0
MALA,Malária,290070,Alagoinhas,BA,2022,0
MALA,Malária,290070,Alagoinhas,BA,2023,0
MALA,Malária,290070,Alagoinhas,BA,2024,0
MALA,Malária,290140,Angical,BA,2007,0
MALA,Malária,290140,Angical,BA,2008,0
MALA,Malária,290140,Angical,BA,2009,0
MALA,Malária,290140,Angical,BA,2010,0
MALA,Malária,290140,Angical,BA,2011,0
MALA,Malária,290140,Angical,BA,2012,0
MALA,Malária,290140,Angical,BA,2013,0
MALA,Malária,290140,Angical,BA,2014,0
MALA,Malária,290140,Angical,BA,2015,0
MALA,Malária,290140,Angical,BA,2016,0
MALA,Malária,290140,Angical,BA,2017,0
MALA,Malária,290140,Angical,BA,2018,0
MALA,Malária,290140,Angical,BA,2019,0
MALA,Malária,290140,Angical,BA,2020,0
MALA,Malária,290140,Angical,BA,2021,1
MALA,Malária,290140,Angical,BA,2022,0
MALA,Malária,290140,Angical,BA,2023,0
MALA,Malária,290140,Angical,BA,2024,0
MALA,Malária,290225,Arataca,BA,2007,1
MALA,Malária,290225,Arataca,BA,2008,0
MALA,Malária,290225,Arataca,BA,2009,0
MALA,Malária,290225,Arataca,BA,2010,0
MALA,Malária,290225,Arataca,BA,2011,0
MALA,Malária,290225,Arataca,BA,2012,0
MALA,Malária,290225,Arataca,BA,2013,0
MALA,Malária,290225,Arataca,BA,2014,0
MALA,Malária,290225,Arataca,BA,2015,0
MALA,Malária,290225,Arataca,BA,2016,0
MALA,Malária,290225,Arataca,BA,2017,0
MALA,Malária,290225,Arataca,BA,2018,0
MALA,Malária,290225,Arataca,BA,2019,0
MALA,Malária,290225,Arataca,BA,2020,0
MALA,Malária,290225,Arataca,BA,2021,0
MALA,Malária,290225,Arataca,BA,2022,0
MALA,Malária,290225,Arataca,BA,2023,0
MALA,Malária,290225,Arataca,BA,2024,0
MALA,Malária,290250,Baianopolis,BA,2007,0
MALA,Malária,290250,Baianopolis,BA,2008,0
MALA,Malária,290250,Baianopolis,BA,2009,0
MALA,Malária,290250,Baianopolis,BA,2010,0
MALA,Malária,290250,Baianopolis,BA,2011,0
MALA,Malária,290250,Baianopolis,BA,2012,0
MALA,Malária,290250,Baianopolis,BA,2013,0
MALA,Malária,290250,Baianopolis,BA,2014,0
MALA,Malária,290250,Baianopolis,BA,2015,0
MALA,Malária,290250,Baianopolis,BA,2016,0
MALA,Malária,290250,Baianopolis,BA,2017,0
MALA,Malária,290250,Baianopolis,BA,2018,0
MALA,Malária,290250,Baianopolis,BA,2019,0
MALA,Malária,290250,Baianopolis,BA,2020,0
MALA,Malária,290250,Baianopolis,BA,2021,0
MALA,Malária,290250,Baianopolis,BA,2022,1
MALA,Malária,290250,Baianopolis,BA,2023,0
MALA,Malária,290250,Baianopolis,BA,2024,0
MALA,Malária,290265,Banzae,BA,2007,0
MALA,Malária,290265,Banzae,BA,2008,0
MALA,Malária,290265,Banzae,BA,2009,0
MALA,Malária,290265,Banzae,BA,2010,0
MALA,Malária,290265,Banzae,BA,2011,0
MALA,Malária,290265,Banzae,BA,2012,0
MALA,Malária,290265,Banzae,BA,2013,0
MALA,Malária,290265,Banzae,BA,2014,0
MALA,Malária,290265,Banzae,BA,2015,0
MALA,Malária,290265,Banzae,BA,2016,0
MALA,Malária,290265,Banzae,BA,2017,0
MALA,Malária,290265,Banzae,BA,2018,0
MALA,Malária,290265,Banzae,BA,2019,0
MALA,Malária,290265,Banzae,BA,2020,0
MALA,Malária,290265,Banzae,BA,2021,0
MALA,Malária,290265,Banzae,BA,2022,1
MALA,Malária,290265,Banzae,BA,2023,0
MALA,Malária,290265,Banzae,BA,2024,0
MALA,Malária,290323,Barro Alto,BA,2007,0
MALA,Malária,290323,Barro Alto,BA,2008,0
MALA,Malária,290323,Barro Alto,BA,2009,0
MALA,Malária,290323,Barro Alto,BA,2010,0
MALA,Malária,290323,Barro Alto,BA,2011,0
MALA,Malária,290323,Barro Alto,BA,2012,0
MALA,Malária,290323,Barro Alto,BA,2013,0
MALA,Malária,290323,Barro Alto,BA,2014,0
MALA,Malária,290323,Barro Alto,BA,2015,0
MALA,Malária,290323,Barro Alto,BA,2016,0
MALA,Malária,290323,Barro Alto,BA,2017,0
MALA,Malária,290323,Barro Alto,BA,2018,0
MALA,Malária,290323,Barro Alto,BA,2019,0
MALA,Malária,290323,Barro Alto,BA,2020,0
MALA,Malária,290323,Barro Alto,BA,2021,0
MALA,Malária,290323,Barro Alto,BA,2022,0
MALA,Malária,290323,Barro Alto,BA,2023,0
MALA,Malária,290323,Barro Alto,BA,2024,1
MALA,Malária,290327,Barrocas,BA,2007,1
MALA,Malária,290327,Barrocas,BA,2008,0
MALA,Malária,290327,Barrocas,BA,2009,0
MALA,Malária,290327,Barrocas,BA,2010,0
MALA,Malária,290327,Barrocas,BA,2011,0
MALA,Malária,290327,Barrocas,BA,2012,0
MALA,Malária,290327,Barrocas,BA,2013,0
MALA,Malária,290327,Barrocas,BA,2014,0
MALA,Malária,290327,Barrocas,BA,2015,0
MALA,Malária,290327,Barrocas,BA,2016,0
MALA,Malária,290327,Barrocas,BA,2017,0
MALA,Malária,290327,Barrocas,BA,2018,0
MALA,Malária,290327,Barrocas,BA,2019,0
MALA,Malária,290327,Barrocas,BA,2020,0
MALA,Malária,290327,Barrocas,BA,2021,0
MALA,Malária,290327,Barrocas,BA,2022,0
MALA,Malária,290327,Barrocas,BA,2023,0
MALA,Malária,290327,Barrocas,BA,2024,0
MALA,Malária,290340,Belmonte,BA,2007,0
MALA,Malária,290340,Belmonte,BA,2008,0
MALA,Malária,290340,Belmonte,BA,2009,0
MALA,Malária,290340,Belmonte,BA,2010,0
MALA,Malária,290340,Belmonte,BA,2011,0
MALA,Malária,290340,Belmonte,BA,2012,1
MALA,Malária,290340,Belmonte,BA,2013,0
MALA,Malária,290340,Belmonte,BA,2014,0
MALA,Malária,290340,Belmonte,BA,2015,0
MALA,Malária,290340,Belmonte,BA,2016,0
MALA,Malária,290340,Belmonte,BA,2017,0
MALA,Malária,290340,Belmonte,BA,2018,0
MALA,Malária,290340,Belmonte,BA,2019,0
MALA,Malária,290340,Belmonte,BA,2020,0
MALA,Malária,290340,Belmonte,BA,2021,0
MALA,Malária,290340,Belmonte,BA,2022,0
MALA,Malária,290340,Belmonte,BA,2023,0
MALA,Malária,290340,Belmonte,BA,2024,0
MALA,Malária,290390,Bom Jesus da Lapa,BA,2007,0
MALA,Malária,290390,Bom Jesus da Lapa,BA,2008,0
MALA,Malária,290390,Bom Jesus da Lapa,BA,2009,0
MALA,Malária,290390,Bom Jesus da Lapa,BA,2010,1
MALA,Malária,290390,Bom Jesus da Lapa,BA,2011,0
MALA,Malária,290390,Bom Jesus da Lapa,BA,2012,0
MALA,Malária,290390,Bom Jesus da Lapa,BA,2013,0
MALA,Malária,290390,Bom Jesus da Lapa,BA,2014,0
MALA,Malária,290390,Bom Jesus da Lapa,BA,2015,0
MALA,Malária,290390,Bom Jesus da Lapa,BA,2016,0
MALA,Malária,290390,Bom Jesus da Lapa,BA,2017,0
MALA,Malária,290390,Bom Jesus da Lapa,BA,2018,0
MALA,Malária,290390,Bom Jesus da Lapa,BA,2019,0
MALA,Malária,290390,Bom Jesus da Lapa,BA,2020,0
MALA,Malária,290390,Bom Jesus da Lapa,BA,2021,0
MALA,Malária,290390,Bom Jesus da Lapa,BA,2022,0
MALA,Malária,290390,Bom Jesus da Lapa,BA,2023,0
MALA,Malária,290390,Bom Jesus da Lapa,BA,2024,0
MALA,Malária,290460,Brumado,BA,2007,0
MALA,Malária,290460,Brumado,BA,2008,0
MALA,Malária,290460,Brumado,BA,2009,0
MALA,Malária,290460,Brumado,BA,2010,0
MALA,Malária,290460,Brumado,BA,2011,0
MALA,Malária,290460,Brumado,BA,2012,0
MALA,Malária,290460,Brumado,BA,2013,0
MALA,Malária,290460,Brumado,BA,2014,0
MALA,Malária,290460,Brumado,BA,2015,0
MALA,Malária,290460,Brumado,BA,2016,0
MALA,Malária,290460,Brumado,BA,2017,0
MALA,Malária,290460,Brumado,BA,2018,0
MALA,Malária,290460,Brumado,BA,2019,0
MALA,Malária,290460,Brumado,BA,2020,1
MALA,Malária,290460,Brumado,BA,2021,0
MALA,Malária,290460,Brumado,BA,2022,0
MALA,Malária,290460,Brumado,BA,2023,0
MALA,Malária,290460,Brumado,BA,2024,0
MALA,Malária,290490,Cachoeira,BA,2007,0
MALA,Malária,290490,Cachoeira,BA,2008,0
MALA,Malária,290490,Cachoeira,BA,2009,0
MALA,Malária,290490,Cachoeira,BA,2010,0
MALA,Malária,290490,Cachoeira,BA,2011,0
MALA,Malária,290490,Cachoeira,BA,2012,0
MALA,Malária,290490,Cachoeira,BA,2013,0
MALA,Malária,290490,Cachoeira,BA,2014,0
MALA,Malária,290490,Cachoeira,BA,2015,0
MALA,Malária,290490,Cachoeira,BA,2016,0
MALA,Malária,290490,Cachoeira,BA,2017,0
MALA,Malária,290490,Cachoeira,BA,2018,0
MALA,Malária,290490,Cachoeira,BA,2019,0
MALA,Malária,290490,Cachoeira,BA,2020,0
MALA,Malária,290490,Cachoeira,BA,2021,1
MALA,Malária,290490,Cachoeira,BA,2022,0
MALA,Malária,290490,Cachoeira,BA,2023,0
MALA,Malária,290490,Cachoeira,BA,2024,0
MALA,Malária,290520,Caetite,BA,2007,0
MALA,Malária,290520,Caetite,BA,2008,0
MALA,Malária,290520,Caetite,BA,2009,0
MALA,Malária,290520,Caetite,BA,2010,0
MALA,Malária,290520,Caetite,BA,2011,0
MALA,Malária,290520,Caetite,BA,2012,0
MALA,Malária,290520,Caetite,BA,2013,1
MALA,Malária,290520,Caetite,BA,2014,0
MALA,Malária,290520,Caetite,BA,2015,0
MALA,Malária,290520,Caetite,BA,2016,0
MALA,Malária,290520,Caetite,BA,2017,0
MALA,Malária,290520,Caetite,BA,2018,0
MALA,Malária,290520,Caetite,BA,2019,0
MALA,Malária,290520,Caetite,BA,2020,0
MALA,Malária,290520,Caetite,BA,2021,0
MALA,Malária,290520,Caetite,BA,2022,0
MALA,Malária,290520,Caetite,BA,2023,0
MALA,Malária,290520,Caetite,BA,2024,0
MALA,Malária,290570,Camacari,BA,2007,0
MALA,Malária,290570,Camacari,BA,2008,0
MALA,Malária,290570,Camacari,BA,2009,0
MALA,Malária,290570,Camacari,BA,2010,0
MALA,Malária,290570,Camacari,BA,2011,0
MALA,Malária,290570,Camacari,BA,2012,1
MALA,Malária,290570,Camacari,BA,2013,1
MALA,Malária,290570,Camacari,BA,2014,1
MALA,Malária,290570,Camacari,BA,2015,0
MALA,Malária,290570,Camacari,BA,2016,0
MALA,Malária,290570,Camacari,BA,2017,0
MALA,Malária,290570,Camacari,BA,2018,0
MALA,Malária,290570,Camacari,BA,2019,0
MALA,Malária,290570,Camacari,BA,2020,0
MALA,Malária,290570,Camacari,BA,2021,0
MALA,Malária,290570,Camacari,BA,2022,1
MALA,Malária,290570,Camacari,BA,2023,0
MALA,Malária,290570,Camacari,BA,2024,1
MALA,Malária,290580,Camamu,BA,2007,0
MALA,Malária,290580,Camamu,BA,2008,0
MALA,Malária,290580,Camamu,BA,2009,0
MALA,Malária,290580,Camamu,BA,2010,0
MALA,Malária,290580,Camamu,BA,2011,0
MALA,Malária,290580,Camamu,BA,2012,0
MALA,Malária,290580,Camamu,BA,2013,0
MALA,Malária,290580,Camamu,BA,2014,0
MALA,Malária,290580,Camamu,BA,2015,0
MALA,Malária,290580,Camamu,BA,2016,0
MALA,Malária,290580,Camamu,BA,2017,0
MALA,Malária,290580,Camamu,BA,2018,0
MALA,Malária,290580,Camamu,BA,2019,0
MALA,Malária,290580,Camamu,BA,2020,0
MALA,Malária,290580,Camamu,BA,2021,0
MALA,Malária,290580,Camamu,BA,2022,0
MALA,Malária,290580,Camamu,BA,2023,0
MALA,Malária,290580,Camamu,BA,2024,1
MALA,Malária,290630,Canavieiras,BA,2007,0
MALA,Malária,290630,Canavieiras,BA,2008,0
MALA,Malária,290630,Canavieiras,BA,2009,0
MALA,Malária,290630,Canavieiras,BA,2010,0
MALA,Malária,290630,Canavieiras,BA,2011,0
MALA,Malária,290630,Canavieiras,BA,2012,0
MALA,Malária,290630,Canavieiras,BA,2013,0
MALA,Malária,290630,Canavieiras,BA,2014,1
MALA,Malária,290630,Canavieiras,BA,2015,0
MALA,Malária,290630,Canavieiras,BA,2016,0
MALA,Malária,290630,Canavieiras,BA,2017,0
MALA,Malária,290630,Canavieiras,BA,2018,0
MALA,Malária,290630,Canavieiras,BA,2019,0
MALA,Malária,290630,Canavieiras,BA,2020,0
MALA,Malária,290630,Canavieiras,BA,2021,0
MALA,Malária,290630,Canavieiras,BA,2022,0
MALA,Malária,290630,Canavieiras,BA,2023,0
MALA,Malária,290630,Canavieiras,BA,2024,0
MALA,Malária,290650,Candeias,BA,2007,0
MALA,Malária,290650,Candeias,BA,2008,0
MALA,Malária,290650,Candeias,BA,2009,0
MALA,Malária,290650,Candeias,BA,2010,0
MALA,Malária,290650,Candeias,BA,2011,1
MALA,Malária,290650,Candeias,BA,2012,0
MALA,Malária,290650,Candeias,BA,2013,0
MALA,Malária,290650,Candeias,BA,2014,0
MALA,Malária,290650,Candeias,BA,2015,0
MALA,Malária,290650,Candeias,BA,2016,0
MALA,Malária,290650,Candeias,BA,2017,0
MALA,Malária,290650,Candeias,BA,2018,0
MALA,Malária,290650,Candeias,BA,2019,0
MALA,Malária,290650,Candeias,BA,2020,0
MALA,Malária,290650,Candeias,BA,2021,0
MALA,Malária,290650,Candeias,BA,2022,0
MALA,Malária,290650,Candeias,BA,2023,0
MALA,Malária,290650,Candeias,BA,2024,0
MALA,Malária,290710,Carinhanha,BA,2007,0
MALA,Malária,290710,Carinhanha,BA,2008,0
MALA,Malária,290710,Carinhanha,BA,2009,0
MALA,Malária,290710,Carinhanha,BA,2010,0
MALA,Malária,290710,Carinhanha,BA,2011,1
MALA,Malária,290710,Carinhanha,BA,2012,0
MALA,Malária,290710,Carinhanha,BA,2013,0
MALA,Malária,290710,Carinhanha,BA,2014,0
MALA,Malária,290710,Carinhanha,BA,2015,0
MALA,Malária,290710,Carinhanha,BA,2016,0
MALA,Malária,290710,Carinhanha,BA,2017,0
MALA,Malária,290710,Carinhanha,BA,2018,0
MALA,Malária,290710,Carinhanha,BA,2019,0
MALA,Malária,290710,Carinhanha,BA,2020,0
MALA,Malária,290710,Carinhanha,BA,2021,0
MALA,Malária,290710,Carinhanha,BA,2022,0
MALA,Malária,290710,Carinhanha,BA,2023,0
MALA,Malária,290710,Carinhanha,BA,2024,0
MALA,Malária,290750,Catu,BA,2007,0
MALA,Malária,290750,Catu,BA,2008,1
MALA,Malária,290750,Catu,BA,2009,0
MALA,Malária,290750,Catu,BA,2010,0
MALA,Malária,290750,Catu,BA,2011,0
MALA,Malária,290750,Catu,BA,2012,0
MALA,Malária,290750,Catu,BA,2013,1
MALA,Malária,290750,Catu,BA,2014,0
MALA,Malária,290750,Catu,BA,2015,0
MALA,Malária,290750,Catu,BA,2016,0
MALA,Malária,290750,Catu,BA,2017,0
MALA,Malária,290750,Catu,BA,2018,0
MALA,Malária,290750,Catu,BA,2019,0
MALA,Malária,290750,Catu,BA,2020,1
MALA,Malária,290750,Catu,BA,2021,0
MALA,Malária,290750,Catu,BA,2022,0
MALA,Malária,290750,Catu,BA,2023,0
MALA,Malária,290750,Catu,BA,2024,0
MALA,Malária,290760,Central,BA,2007,0
MALA,Malária,290760,Central,BA,2008,0
MALA,Malária,290760,Central,BA,2009,0
MALA,Malária,290760,Central,BA,2010,0
MALA,Malária,290760,Central,BA,2011,0
MALA,Malária,290760,Central,BA,2012,0
MALA,Malária,290760,Central,BA,2013,1
MALA,Malária,290760,Central,BA,2014,0
MALA,Malária,290760,Central,BA,2015,0
MALA,Malária,290760,Central,BA,2016,0
MALA,Malária,290760,Central,BA,2017,0
MALA,Malária,290760,Central,BA,2018,0
MALA,Malária,290760,Central,BA,2019,0
MALA,Malária,290760,Central,BA,2020,1
MALA,Malária,290760,Central,BA,2021,0
MALA,Malária,290760,Central,BA,2022,0
MALA,Malária,290760,Central,BA,2023,0
MALA,Malária,290760,Central,BA,2024,0
MALA,Malária,290790,Cipo,BA,2007,0
MALA,Malária,290790,Cipo,BA,2008,0
MALA,Malária,290790,Cipo,BA,2009,0
MALA,Malária,290790,Cipo,BA,2010,1
MALA,Malária,290790,Cipo,BA,2011,0
MALA,Malária,290790,Cipo,BA,2012,0
MALA,Malária,290790,Cipo,BA,2013,0
MALA,Malária,290790,Cipo,BA,2014,0
MALA,Malária,290790,Cipo,BA,2015,0
MALA,Malária,290790,Cipo,BA,2016,0
MALA,Malária,290790,Cipo,BA,2017,0
MALA,Malária,290790,Cipo,BA,2018,0
MALA,Malária,290790,Cipo,BA,2019,0
MALA,Malária,290790,Cipo,BA,2020,0
MALA,Malária,290790,Cipo,BA,2021,0
MALA,Malária,290790,Cipo,BA,2022,0
MALA,Malária,290790,Cipo,BA,2023,0
MALA,Malária,290790,Cipo,BA,2024,0
MALA,Malária,290810,Cocos,BA,2007,0
MALA,Malária,290810,Cocos,BA,2008,0
MALA,Malária,290810,Cocos,BA,2009,0
MALA,Malária,290810,Cocos,BA,2010,0
MALA,Malária,290810,Cocos,BA,2011,0
MALA,Malária,290810,Cocos,BA,2012,0
MALA,Malária,290810,Cocos,BA,2013,1
MALA,Malária,290810,Cocos,BA,2014,0
MALA,Malária,290810,Cocos,BA,2015,0
MALA,Malária,290810,Cocos,BA,2016,0
MALA,Malária,290810,Cocos,BA,2017,0
MALA,Malária,290810,Cocos,BA,2018,0
MALA,Malária,290810,Cocos,BA,2019,0
MALA,Malária,290810,Cocos,BA,2020,0
MALA,Malária,290810,Cocos,BA,2021,1
MALA,Malária,290810,Cocos,BA,2022,0
MALA,Malária,290810,Cocos,BA,2023,0
MALA,Malária,290810,Cocos,BA,2024,0
MALA,Malária,290930,Correntina,BA,2007,0
MALA,Malária,290930,Correntina,BA,2008,0
MALA,Malária,290930,Correntina,BA,2009,0
MALA,Malária,290930,Correntina,BA,2010,0
MALA,Malária,290930,Correntina,BA,2011,2
MALA,Malária,290930,Correntina,BA,2012,0
MALA,Malária,290930,Correntina,BA,2013,0
MALA,Malária,290930,Correntina,BA,2014,0
MALA,Malária,290930,Correntina,BA,2015,0
MALA,Malária,290930,Correntina,BA,2016,0
MALA,Malária,290930,Correntina,BA,2017,0
MALA,Malária,290930,Correntina,BA,2018,0
MALA,Malária,290930,Correntina,BA,2019,0
MALA,Malária,290930,Correntina,BA,2020,0
MALA,Malária,290930,Correntina,BA,2021,0
MALA,Malária,290930,Correntina,BA,2022,0
MALA,Malária,290930,Correntina,BA,2023,0
MALA,Malária,290930,Correntina,BA,2024,0
MALA,Malária,291005,Dias D'avila,BA,2007,0
MALA,Malária,291005,Dias D'avila,BA,2008,0
MALA,Malária,291005,Dias D'avila,BA,2009,0
MALA,Malária,291005,Dias D'avila,BA,2010,0
MALA,Malária,291005,Dias D'avila,BA,2011,1
MALA,Malária,291005,Dias D'avila,BA,2012,0
MALA,Malária,291005,Dias D'avila,BA,2013,0
MALA,Malária,291005,Dias D'avila,BA,2014,0
MALA,Malária,291005,Dias D'avila,BA,2015,0
MALA,Malária,291005,Dias D'avila,BA,2016,0
MALA,Malária,291005,Dias D'avila,BA,2017,0
MALA,Malária,291005,Dias D'avila,BA,2018,0
MALA,Malária,291005,Dias D'avila,BA,2019,0
MALA,Malária,291005,Dias D'avila,BA,2020,0
MALA,Malária,291005,Dias D'avila,BA,2021,0
MALA,Malária,291005,Dias D'avila,BA,2022,0
MALA,Malária,291005,Dias D'avila,BA,2023,0
MALA,Malária,291005,Dias D'avila,BA,2024,0
MALA,Malária,291050,Entre Rios,BA,2007,1
MALA,Malária,291050,Entre Rios,BA,2008,0
MALA,Malária,291050,Entre Rios,BA,2009,0
MALA,Malária,291050,Entre Rios,BA,2010,0
MALA,Malária,291050,Entre Rios,BA,2011,0
MALA,Malária,291050,Entre Rios,BA,2012,0
MALA,Malária,291050,Entre Rios,BA,2013,0
MALA,Malária,291050,Entre Rios,BA,2014,0
MALA,Malária,291050,Entre Rios,BA,2015,0
MALA,Malária,291050,Entre Rios,BA,2016,0
MALA,Malária,291050,Entre Rios,BA,2017,0
MALA,Malária,291050,Entre Rios,BA,2018,0
MALA,Malária,291050,Entre Rios,BA,2019,0
MALA,Malária,291050,Entre Rios,BA,2020,0
MALA,Malária,291050,Entre Rios,BA,2021,0
MALA,Malária,291050,Entre Rios,BA,2022,0
MALA,Malária,291050,Entre Rios,BA,2023,0
MALA,Malária,291050,Entre Rios,BA,2024,0
MALA,Malária,291072,Eunapolis,BA,2007,2
MALA,Malária,291072,Eunapolis,BA,2008,1
MALA,Malária,291072,Eunapolis,BA,2009,0
MALA,Malária,291072,Eunapolis,BA,2010,1
MALA,Malária,291072,Eunapolis,BA,2011,1
MALA,Malária,291072,Eunapolis,BA,2012,0
MALA,Malária,291072,Eunapolis,BA,2013,0
MALA,Malária,291072,Eunapolis,BA,2014,0
MALA,Malária,291072,Eunapolis,BA,2015,0
MALA,Malária,291072,Eunapolis,BA,2016,0
MALA,Malária,291072,Eunapolis,BA,2017,1
MALA,Malária,291072,Eunapolis,BA,2018,0
MALA,Malária,291072,Eunapolis,BA,2019,0
MALA,Malária,291072,Eunapolis,BA,2020,0
MALA,Malária,291072,Eunapolis,BA,2021,0
MALA,Malária,291072,Eunapolis,BA,2022,0
MALA,Malária,291072,Eunapolis,BA,2023,0
MALA,Malária,291072,Eunapolis,BA,2024,1
MALA,Malária,291080,Feira de Santana,BA,2007,3
MALA,Malária,291080,Feira de Santana,BA,2008,0
MALA,Malária,291080,Feira de Santana,BA,2009,1
MALA,Malária,291080,Feira de Santana,BA,2010,2
MALA,Malária,291080,Feira de Santana,BA,2011,0
MALA,Malária,291080,Feira de Santana,BA,2012,1
MALA,Malária,291080,Feira de Santana,BA,2013,0
MALA,Malária,291080,Feira de Santana,BA,2014,0
MALA,Malária,291080,Feira de Santana,BA,2015,0
MALA,Malária,291080,Feira de Santana,BA,2016,0
MALA,Malária,291080,Feira de Santana,BA,2017,1
MALA,Malária,291080,Feira de Santana,BA,2018,0
MALA,Malária,291080,Feira de Santana,BA,2019,1
MALA,Malária,291080,Feira de Santana,BA,2020,0
MALA,Malária,291080,Feira de Santana,BA,2021,0
MALA,Malária,291080,Feira de Santana,BA,2022,1
MALA,Malária,291080,Feira de Santana,BA,2023,0
MALA,Malária,291080,Feira de Santana,BA,2024,0
MALA,Malária,291160,Governador Mangabeira,BA,2007,0
MALA,Malária,291160,Governador Mangabeira,BA,2008,0
MALA,Malária,291160,Governador Mangabeira,BA,2009,0
MALA,Malária,291160,Governador Mangabeira,BA,2010,0
MALA,Malária,291160,Governador Mangabeira,BA,2011,1
MALA,Malária,291160,Governador Mangabeira,BA,2012,0
MALA,Malária,291160,Governador Mangabeira,BA,2013,0
MALA,Malária,291160,Governador Mangabeira,BA,2014,0
MALA,Malária,291160,Governador Mangabeira,BA,2015,0
MALA,Malária,291160,Governador Mangabeira,BA,2016,0
MALA,Malária,291160,Governador Mangabeira,BA,2017,0
MALA,Malária,291160,Governador Mangabeira,BA,2018,0
MALA,Malária,291160,Governador Mangabeira,BA,2019,0
MALA,Malária,291160,Governador Mangabeira,BA,2020,0
MALA,Malária,291160,Governador Mangabeira,BA,2021,0
MALA,Malária,291160,Governador Mangabeira,BA,2022,0
MALA,Malária,291160,Governador Mangabeira,BA,2023,0
MALA,Malária,291160,Governador Mangabeira,BA,2024,0
MALA,Malária,291170,Guanambi,BA,2007,0
MALA,Malária,291170,Guanambi,BA,2008,0
MALA,Malária,291170,Guanambi,BA,2009,0
MALA,Malária,291170,Guanambi,BA,2010,0
MALA,Malária,291170,Guanambi,BA,2011,2
MALA,Malária,291170,Guanambi,BA,2012,0
MALA,Malária,291170,Guanambi,BA,2013,0
MALA,Malária,291170,Guanambi,BA,2014,0
MALA,Malária,291170,Guanambi,BA,2015,0
MALA,Malária,291170,Guanambi,BA,2016,0
MALA,Malária,291170,Guanambi,BA,2017,1
MALA,Malária,291170,Guanambi,BA,2018,0
MALA,Malária,291170,Guanambi,BA,2019,0
MALA,Malária,291170,Guanambi,BA,2020,0
MALA,Malária,291170,Guanambi,BA,2021,0
MALA,Malária,291170,Guanambi,BA,2022,0
MALA,Malária,291170,Guanambi,BA,2023,1
MALA,Malária,291170,Guanambi,BA,2024,0
MALA,Malária,291190,Iacu,BA,2007,0
MALA,Malária,291190,Iacu,BA,2008,4
MALA,Malária,291190,Iacu,BA,2009,0
MALA,Malária,291190,Iacu,BA,2010,0
MALA,Malária,291190,Iacu,BA,2011,1
MALA,Malária,291190,Iacu,BA,2012,0
MALA,Malária,291190,Iacu,BA,2013,0
MALA,Malária,291190,Iacu,BA,2014,0
MALA,Malária,291190,Iacu,BA,2015,0
MALA,Malária,291190,Iacu,BA,2016,0
MALA,Malária,291190,Iacu,BA,2017,0
MALA,Malária,291190,Iacu,BA,2018,0
MALA,Malária,291190,Iacu,BA,2019,0
MALA,Malária,291190,Iacu,BA,2020,0
MALA,Malária,291190,Iacu,BA,2021,0
MALA,Malária,291190,Iacu,BA,2022,0
MALA,Malária,291190,Iacu,BA,2023,0
MALA,Malária,291190,Iacu,BA,2024,0
MALA,Malária,291230,Ibicui,BA,2007,0
MALA,Malária,291230,Ibicui,BA,2008,0
MALA,Malária,291230,Ibicui,BA,2009,0
MALA,Malária,291230,Ibicui,BA,2010,0
MALA,Malária,291230,Ibicui,BA,2011,0
MALA,Malária,291230,Ibicui,BA,2012,0
MALA,Malária,291230,Ibicui,BA,2013,0
MALA,Malária,291230,Ibicui,BA,2014,0
MALA,Malária,291230,Ibicui,BA,2015,1
MALA,Malária,291230,Ibicui,BA,2016,0
MALA,Malária,291230,Ibicui,BA,2017,0
MALA,Malária,291230,Ibicui,BA,2018,0
MALA,Malária,291230,Ibicui,BA,2019,0
MALA,Malária,291230,Ibicui,BA,2020,0
MALA,Malária,291230,Ibicui,BA,2021,0
MALA,Malária,291230,Ibicui,BA,2022,0
MALA,Malária,291230,Ibicui,BA,2023,0
MALA,Malária,291230,Ibicui,BA,2024,0
MALA,Malária,291320,Ibotirama,BA,2007,0
MALA,Malária,291320,Ibotirama,BA,2008,0
MALA,Malária,291320,Ibotirama,BA,2009,0
MALA,Malária,291320,Ibotirama,BA,2010,1
MALA,Malária,291320,Ibotirama,BA,2011,0
MALA,Malária,291320,Ibotirama,BA,2012,0
MALA,Malária,291320,Ibotirama,BA,2013,0
MALA,Malária,291320,Ibotirama,BA,2014,0
MALA,Malária,291320,Ibotirama,BA,2015,0
MALA,Malária,291320,Ibotirama,BA,2016,0
MALA,Malária,291320,Ibotirama,BA,2017,0
MALA,Malária,291320,Ibotirama,BA,2018,0
MALA,Malária,291320,Ibotirama,BA,2019,0
MALA,Malária,291320,Ibotirama,BA,2020,0
MALA,Malária,291320,Ibotirama,BA,2021,1
MALA,Malária,291320,Ibotirama,BA,2022,0
MALA,Malária,291320,Ibotirama,BA,2023,0
MALA,Malária,291320,Ibotirama,BA,2024,0
MALA,Malária,291360,Ilheus,BA,2007,3
MALA,Malária,291360,Ilheus,BA,2008,1
MALA,Malária,291360,Ilheus,BA,2009,0
MALA,Malária,291360,Ilheus,BA,2010,0
MALA,Malária,291360,Ilheus,BA,2011,2
MALA,Malária,291360,Ilheus,BA,2012,1
MALA,Malária,291360,Ilheus,BA,2013,0
MALA,Malária,291360,Ilheus,BA,2014,0
MALA,Malária,291360,Ilheus,BA,2015,0
MALA,Malária,291360,Ilheus,BA,2016,1
MALA,Malária,291360,Ilheus,BA,2017,0
MALA,Malária,291360,Ilheus,BA,2018,1
MALA,Malária,291360,Ilheus,BA,2019,1
MALA,Malária,291360,Ilheus,BA,2020,0
MALA,Malária,291360,Ilheus,BA,2021,0
MALA,Malária,291360,Ilheus,BA,2022,0
MALA,Malária,291360,Ilheus,BA,2023,0
MALA,Malária,291360,Ilheus,BA,2024,1
MALA,Malária,291390,Ipiau,BA,2007,0
MALA,Malária,291390,Ipiau,BA,2008,0
MALA,Malária,291390,Ipiau,BA,2009,0
MALA,Malária,291390,Ipiau,BA,2010,0
MALA,Malária,291390,Ipiau,BA,2011,1
MALA,Malária,291390,Ipiau,BA,2012,0
MALA,Malária,291390,Ipiau,BA,2013,0
MALA,Malária,291390,Ipiau,BA,2014,0
MALA,Malária,291390,Ipiau,BA,2015,0
MALA,Malária,291390,Ipiau,BA,2016,0
MALA,Malária,291390,Ipiau,BA,2017,0
MALA,Malária,291390,Ipiau,BA,2018,0
MALA,Malária,291390,Ipiau,BA,2019,0
MALA,Malária,291390,Ipiau,BA,2020,0
MALA,Malária,291390,Ipiau,BA,2021,0
MALA,Malária,291390,Ipiau,BA,2022,0
MALA,Malária,291390,Ipiau,BA,2023,0
MALA,Malária,291390,Ipiau,BA,2024,0
MALA,Malária,291460,Irece,BA,2007,0
MALA,Malária,291460,Irece,BA,2008,0
MALA,Malária,291460,Irece,BA,2009,0
MALA,Malária,291460,Irece,BA,2010,0
MALA,Malária,291460,Irece,BA,2011,0
MALA,Malária,291460,Irece,BA,2012,0
MALA,Malária,291460,Irece,BA,2013,1
MALA,Malária,291460,Irece,BA,2014,0
MALA,Malária,291460,Irece,BA,2015,0
MALA,Malária,291460,Irece,BA,2016,0
MALA,Malária,291460,Irece,BA,2017,0
MALA,Malária,291460,Irece,BA,2018,0
MALA,Malária,291460,Irece,BA,2019,0
MALA,Malária,291460,Irece,BA,2020,0
MALA,Malária,291460,Irece,BA,2021,0
MALA,Malária,291460,Irece,BA,2022,0
MALA,Malária,291460,Irece,BA,2023,0
MALA,Malária,291460,Irece,BA,2024,1
MALA,Malária,291465,Itabela,BA,2007,0
MALA,Malária,291465,Itabela,BA,2008,0
MALA,Malária,291465,Itabela,BA,2009,1
MALA,Malária,291465,Itabela,BA,2010,0
MALA,Malária,291465,Itabela,BA,2011,1
MALA,Malária,291465,Itabela,BA,2012,0
MALA,Malária,291465,Itabela,BA,2013,0
MALA,Malária,291465,Itabela,BA,2014,0
MALA,Malária,291465,Itabela,BA,2015,0
MALA,Malária,291465,Itabela,BA,2016,0
MALA,Malária,291465,Itabela,BA,2017,0
MALA,Malária,291465,Itabela,BA,2018,0
MALA,Malária,291465,Itabela,BA,2019,0
MALA,Malária,291465,Itabela,BA,2020,0
MALA,Malária,291465,Itabela,BA,2021,59
MALA,Malária,291465,Itabela,BA,2022,0
MALA,Malária,291465,Itabela,BA,2023,0
MALA,Malária,291465,Itabela,BA,2024,0
MALA,Malária,291470,Itaberaba,BA,2007,0
MALA,Malária,291470,Itaberaba,BA,2008,0
MALA,Malária,291470,Itaberaba,BA,2009,0
MALA,Malária,291470,Itaberaba,BA,2010,0
MALA,Malária,291470,Itaberaba,BA,2011,0
MALA,Malária,291470,Itaberaba,BA,2012,0
MALA,Malária,291470,Itaberaba,BA,2013,0
MALA,Malária,291470,Itaberaba,BA,2014,0
MALA,Malária,291470,Itaberaba,BA,2015,1
MALA,Malária,291470,Itaberaba,BA,2016,0
MALA,Malária,291470,Itaberaba,BA,2017,0
MALA,Malária,291470,Itaberaba,BA,2018,0
MALA,Malária,291470,Itaberaba,BA,2019,0
MALA,Malária,291470,Itaberaba,BA,2020,0
MALA,Malária,291470,Itaberaba,BA,2021,0
MALA,Malária,291470,Itaberaba,BA,2022,0
MALA,Malária,291470,Itaberaba,BA,2023,0
MALA,Malária,291470,Itaberaba,BA,2024,0
MALA,Malária,291480,Itabuna,BA,2007,0
MALA,Malária,291480,Itabuna,BA,2008,0
MALA,Malária,291480,Itabuna,BA,2009,2
MALA,Malária,291480,Itabuna,BA,2010,1
MALA,Malária,291480,Itabuna,BA,2011,0
MALA,Malária,291480,Itabuna,BA,2012,0
MALA,Malária,291480,Itabuna,BA,2013,2
MALA,Malária,291480,Itabuna,BA,2014,1
MALA,Malária,291480,Itabuna,BA,2015,1
MALA,Malária,291480,Itabuna,BA,2016,0
MALA,Malária,291480,Itabuna,BA,2017,0
MALA,Malária,291480,Itabuna,BA,2018,0
MALA,Malária,291480,Itabuna,BA,2019,1
MALA,Malária,291480,Itabuna,BA,2020,0
MALA,Malária,291480,Itabuna,BA,2021,0
MALA,Malária,291480,Itabuna,BA,2022,0
MALA,Malária,291480,Itabuna,BA,2023,0
MALA,Malária,291480,Itabuna,BA,2024,0
MALA,Malária,291490,Itacare,BA,2007,1
MALA,Malária,291490,Itacare,BA,2008,0
MALA,Malária,291490,Itacare,BA,2009,0
MALA,Malária,291490,Itacare,BA,2010,0
MALA,Malária,291490,Itacare,BA,2011,0
MALA,Malária,291490,Itacare,BA,2012,0
MALA,Malária,291490,Itacare,BA,2013,0
MALA,Malária,291490,Itacare,BA,2014,0
MALA,Malária,291490,Itacare,BA,2015,0
MALA,Malária,291490,Itacare,BA,2016,0
MALA,Malária,291490,Itacare,BA,2017,0
MALA,Malária,291490,Itacare,BA,2018,0
MALA,Malária,291490,Itacare,BA,2019,0
MALA,Malária,291490,Itacare,BA,2020,0
MALA,Malária,291490,Itacare,BA,2021,0
MALA,Malária,291490,Itacare,BA,2022,0
MALA,Malária,291490,Itacare,BA,2023,0
MALA,Malária,291490,Itacare,BA,2024,0
MALA,Malária,291500,Itaete,BA,2007,0
MALA,Malária,291500,Itaete,BA,2008,0
MALA,Malária,291500,Itaete,BA,2009,0
MALA,Malária,291500,Itaete,BA,2010,0
MALA,Malária,291500,Itaete,BA,2011,0
MALA,Malária,291500,Itaete,BA,2012,0
MALA,Malária,291500,Itaete,BA,2013,0
MALA,Malária,291500,Itaete,BA,2014,0
MALA,Malária,291500,Itaete,BA,2015,0
MALA,Malária,291500,Itaete,BA,2016,0
MALA,Malária,291500,Itaete,BA,2017,0
MALA,Malária,291500,Itaete,BA,2018,0
MALA,Malária,291500,Itaete,BA,2019,0
MALA,Malária,291500,Itaete,BA,2020,0
MALA,Malária,291500,Itaete,BA,2021,0
MALA,Malária,291500,Itaete,BA,2022,0
MALA,Malária,291500,Itaete,BA,2023,1
MALA,Malária,291500,Itaete,BA,2024,0
MALA,Malária,291530,Itagimirim,BA,2007,0
MALA,Malária,291530,Itagimirim,BA,2008,0
MALA,Malária,291530,Itagimirim,BA,2009,0
MALA,Malária,291530,Itagimirim,BA,2010,0
MALA,Malária,291530,Itagimirim,BA,2011,0
MALA,Malária,291530,Itagimirim,BA,2012,1
MALA,Malária,291530,Itagimirim,BA,2013,0
MALA,Malária,291530,Itagimirim,BA,2014,0
MALA,Malária,291530,Itagimirim,BA,2015,0
MALA,Malária,291530,Itagimirim,BA,2016,0
MALA,Malária,291530,Itagimirim,BA,2017,0
MALA,Malária,291530,Itagimirim,BA,2018,0
MALA,Malária,291530,Itagimirim,BA,2019,0
MALA,Malária,291530,Itagimirim,BA,2020,0
MALA,Malária,291530,Itagimirim,BA,2021,0
MALA,Malária,291530,Itagimirim,BA,2022,0
MALA,Malária,291530,Itagimirim,BA,2023,0
MALA,Malária,291530,Itagimirim,BA,2024,0
MALA,Malária,291560,Itamaraju,BA,2007,4
MALA,Malária,291560,Itamaraju,BA,2008,0
MALA,Malária,291560,Itamaraju,BA,2009,0
MALA,Malária,291560,Itamaraju,BA,2010,1
MALA,Malária,291560,Itamaraju,BA,2011,0
MALA,Malária,291560,Itamaraju,BA,2012,0
MALA,Malária,291560,Itamaraju,BA,2013,0
MALA,Malária,291560,Itamaraju,BA,2014,0
MALA,Malária,291560,Itamaraju,BA,2015,0
MALA,Malária,291560,Itamaraju,BA,2016,0
MALA,Malária,291560,Itamaraju,BA,2017,0
MALA,Malária,291560,Itamaraju,BA,2018,0
MALA,Malária,291560,Itamaraju,BA,2019,1
MALA,Malária,291560,Itamaraju,BA,2020,0
MALA,Malária,291560,Itamaraju,BA,2021,1
MALA,Malária,291560,Itamaraju,BA,2022,0
MALA,Malária,291560,Itamaraju,BA,2023,0
MALA,Malária,291560,Itamaraju,BA,2024,0
MALA,Malária,291750,Jacobina,BA,2007,0
MALA,Malária,291750,Jacobina,BA,2008,0
MALA,Malária,291750,Jacobina,BA,2009,0
MALA,Malária,291750,Jacobina,BA,2010,0
MALA,Malária,291750,Jacobina,BA,2011,0
MALA,Malária,291750,Jacobina,BA,2012,0
MALA,Malária,291750,Jacobina,BA,2013,0
MALA,Malária,291750,Jacobina,BA,2014,0
MALA,Malária,291750,Jacobina,BA,2015,0
MALA,Malária,291750,Jacobina,BA,2016,0
MALA,Malária,291750,Jacobina,BA,2017,0
MALA,Malária,291750,Jacobina,BA,2018,1
MALA,Malária,291750,Jacobina,BA,2019,0
MALA,Malária,291750,Jacobina,BA,2020,0
MALA,Malária,291750,Jacobina,BA,2021,0
MALA,Malária,291750,Jacobina,BA,2022,0
MALA,Malária,291750,Jacobina,BA,2023,0
MALA,Malária,291750,Jacobina,BA,2024,0
MALA,Malária,291770,Jaguarari,BA,2007,0
MALA,Malária,291770,Jaguarari,BA,2008,0
MALA,Malária,291770,Jaguarari,BA,2009,0
MALA,Malária,291770,Jaguarari,BA,2010,0
MALA,Malária,291770,Jaguarari,BA,2011,0
MALA,Malária,291770,Jaguarari,BA,2012,0
MALA,Malária,291770,Jaguarari,BA,2013,0
MALA,Malária,291770,Jaguarari,BA,2014,0
MALA,Malária,291770,Jaguarari,BA,2015,0
MALA,Malária,291770,Jaguarari,BA,2016,0
MALA,Malária,291770,Jaguarari,BA,2017,0
MALA,Malária,291770,Jaguarari,BA,2018,0
MALA,Malária,291770,Jaguarari,BA,2019,0
MALA,Malária,291770,Jaguarari,BA,2020,0
MALA,Malária,291770,Jaguarari,BA,2021,0
MALA,Malária,291770,Jaguarari,BA,2022,0
MALA,Malária,291770,Jaguarari,BA,2023,1
MALA,Malária,291770,Jaguarari,BA,2024,0
MALA,Malária,291800,Jequie,BA,2007,0
MALA,Malária,291800,Jequie,BA,2008,0
MALA,Malária,291800,Jequie,BA,2009,1
MALA,Malária,291800,Jequie,BA,2010,0
MALA,Malária,291800,Jequie,BA,2011,1
MALA,Malária,291800,Jequie,BA,2012,0
MALA,Malária,291800,Jequie,BA,2013,0
MALA,Malária,291800,Jequie,BA,2014,1
MALA,Malária,291800,Jequie,BA,2015,0
MALA,Malária,291800,Jequie,BA,2016,2
MALA,Malária,291800,Jequie,BA,2017,0
MALA,Malária,291800,Jequie,BA,2018,0
MALA,Malária,291800,Jequie,BA,2019,0
MALA,Malária,291800,Jequie,BA,2020,0
MALA,Malária,291800,Jequie,BA,2021,0
MALA,Malária,291800,Jequie,BA,2022,0
MALA,Malária,291800,Jequie,BA,2023,0
MALA,Malária,291800,Jequie,BA,2024,0
MALA,Malária,291840,Juazeiro,BA,2007,0
MALA,Malária,291840,Juazeiro,BA,2008,0
MALA,Malária,291840,Juazeiro,BA,2009,0
MALA,Malária,291840,Juazeiro,BA,2010,4
MALA,Malária,291840,Juazeiro,BA,2011,1
MALA,Malária,291840,Juazeiro,BA,2012,0
MALA,Malária,291840,Juazeiro,BA,2013,1
MALA,Malária,291840,Juazeiro,BA,2014,1
MALA,Malária,291840,Juazeiro,BA,2015,0
MALA,Malária,291840,Juazeiro,BA,2016,1
MALA,Malária,291840,Juazeiro,BA,2017,0
MALA,Malária,291840,Juazeiro,BA,2018,0
MALA,Malária,291840,Juazeiro,BA,2019,0
MALA,Malária,291840,Juazeiro,BA,2020,0
MALA,Malária,291840,Juazeiro,BA,2021,0
MALA,Malária,291840,Juazeiro,BA,2022,0
MALA,Malária,291840,Juazeiro,BA,2023,1
MALA,Malária,291840,Juazeiro,BA,2024,1
MALA,Malária,291920,Lauro de Freitas,BA,2007,0
MALA,Malária,291920,Lauro de Freitas,BA,2008,1
MALA,Malária,291920,Lauro de Freitas,BA,2009,0
MALA,Malária,291920,Lauro de Freitas,BA,2010,0
MALA,Malária,291920,Lauro de Freitas,BA,2011,0
MALA,Malária,291920,Lauro de Freitas,BA,2012,0
MALA,Malária,291920,Lauro de Freitas,BA,2013,0
MALA,Malária,291920,Lauro de Freitas,BA,2014,0
MALA,Malária,291920,Lauro de Freitas,BA,2015,0
MALA,Malária,291920,Lauro de Freitas,BA,2016,0
MALA,Malária,291920,Lauro de Freitas,BA,2017,0
MALA,Malária,291920,Lauro de Freitas,BA,2018,0
MALA,Malária,291920,Lauro de Freitas,BA,2019,0
MALA,Malária,291920,Lauro de Freitas,BA,2020,0
MALA,Malária,291920,Lauro de Freitas,BA,2021,0
MALA,Malária,291920,Lauro de Freitas,BA,2022,2
MALA,Malária,291920,Lauro de Freitas,BA,2023,0
MALA,Malária,291920,Lauro de Freitas,BA,2024,0
MALA,Malária,291930,Lencois,BA,2007,0
MALA,Malária,291930,Lencois,BA,2008,0
MALA,Malária,291930,Lencois,BA,2009,0
MALA,Malária,291930,Lencois,BA,2010,0
MALA,Malária,291930,Lencois,BA,2011,0
MALA,Malária,291930,Lencois,BA,2012,0
MALA,Malária,291930,Lencois,BA,2013,0
MALA,Malária,291930,Lencois,BA,2014,0
MALA,Malária,291930,Lencois,BA,2015,0
MALA,Malária,291930,Lencois,BA,2016,0
MALA,Malária,291930,Lencois,BA,2017,0
MALA,Malária,291930,Lencois,BA,2018,0
MALA,Malária,291930,Lencois,BA,2019,0
MALA,Malária,291930,Lencois,BA,2020,1
MALA,Malária,291930,Lencois,BA,2021,0
MALA,Malária,291930,Lencois,BA,2022,0
MALA,Malária,291930,Lencois,BA,2023,0
MALA,Malária,291930,Lencois,BA,2024,0
MALA,Malária,291955,Luis Eduardo Magalhaes,BA,2007,0
MALA,Malária,291955,Luis Eduardo Magalhaes,BA,2008,0
MALA,Malária,291955,Luis Eduardo Magalhaes,BA,2009,1
MALA,Malária,291955,Luis Eduardo Magalhaes,BA,2010,0
MALA,Malária,291955,Luis Eduardo Magalhaes,BA,2011,1
MALA,Malária,291955,Luis Eduardo Magalhaes,BA,2012,0
MALA,Malária,291955,Luis Eduardo Magalhaes,BA,2013,0
MALA,Malária,291955,Luis Eduardo Magalhaes,BA,2014,0
MALA,Malária,291955,Luis Eduardo Magalhaes,BA,2015,1
MALA,Malária,291955,Luis Eduardo Magalhaes,BA,2016,0
MALA,Malária,291955,Luis Eduardo Magalhaes,BA,2017,0
MALA,Malária,291955,Luis Eduardo Magalhaes,BA,2018,0
MALA,Malária,291955,Luis Eduardo Magalhaes,BA,2019,0
MALA,Malária,291955,Luis Eduardo Magalhaes,BA,2020,0
MALA,Malária,291955,Luis Eduardo Magalhaes,BA,2021,0
MALA,Malária,291955,Luis Eduardo Magalhaes,BA,2022,0
MALA,Malária,291955,Luis Eduardo Magalhaes,BA,2023,0
MALA,Malária,291955,Luis Eduardo Magalhaes,BA,2024,0
MALA,Malária,292060,Maragogipe,BA,2007,0
MALA,Malária,292060,Maragogipe,BA,2008,0
MALA,Malária,292060,Maragogipe,BA,2009,0
MALA,Malária,292060,Maragogipe,BA,2010,0
MALA,Malária,292060,Maragogipe,BA,2011,0
MALA,Malária,292060,Maragogipe,BA,2012,0
MALA,Malária,292060,Maragogipe,BA,2013,0
MALA,Malária,292060,Maragogipe,BA,2014,0
MALA,Malária,292060,Maragogipe,BA,2015,0
MALA,Malária,292060,Maragogipe,BA,2016,0
MALA,Malária,292060,Maragogipe,BA,2017,0
MALA,Malária,292060,Maragogipe,BA,2018,0
MALA,Malária,292060,Maragogipe,BA,2019,0
MALA,Malária,292060,Maragogipe,BA,2020,0
MALA,Malária,292060,Maragogipe,BA,2021,0
MALA,Malária,292060,Maragogipe,BA,2022,3
MALA,Malária,292060,Maragogipe,BA,2023,0
MALA,Malária,292060,Maragogipe,BA,2024,0
MALA,Malária,292070,Marau,BA,2007,0
MALA,Malária,292070,Marau,BA,2008,0
MALA,Malária,292070,Marau,BA,2009,0
MALA,Malária,292070,Marau,BA,2010,0
MALA,Malária,292070,Marau,BA,2011,0
MALA,Malária,292070,Marau,BA,2012,0
MALA,Malária,292070,Marau,BA,2013,0
MALA,Malária,292070,Marau,BA,2014,0
MALA,Malária,292070,Marau,BA,2015,0
MALA,Malária,292070,Marau,BA,2016,0
MALA,Malária,292070,Marau,BA,2017,0
MALA,Malária,292070,Marau,BA,2018,0
MALA,Malária,292070,Marau,BA,2019,0
MALA,Malária,292070,Marau,BA,2020,0
MALA,Malária,292070,Marau,BA,2021,0
MALA,Malária,292070,Marau,BA,2022,0
MALA,Malária,292070,Marau,BA,2023,0
MALA,Malária,292070,Marau,BA,2024,1
MALA,Malária,292090,Mascote,BA,2007,0
MALA,Malária,292090,Mascote,BA,2008,0
MALA,Malária,292090,Mascote,BA,2009,0
MALA,Malária,292090,Mascote,BA,2010,0
MALA,Malária,292090,Mascote,BA,2011,1
MALA,Malária,292090,Mascote,BA,2012,0
MALA,Malária,292090,Mascote,BA,2013,0
MALA,Malária,292090,Mascote,BA,2014,0
MALA,Malária,292090,Mascote,BA,2015,0
MALA,Malária,292090,Mascote,BA,2016,1
MALA,Malária,292090,Mascote,BA,2017,0
MALA,Malária,292090,Mascote,BA,2018,0
MALA,Malária,292090,Mascote,BA,2019,0
MALA,Malária,292090,Mascote,BA,2020,0
MALA,Malária,292090,Mascote,BA,2021,0
MALA,Malária,292090,Mascote,BA,2022,0
MALA,Malária,292090,Mascote,BA,2023,0
MALA,Malária,292090,Mascote,BA,2024,0
MALA,Malária,292100,Mata de Sao Joao,BA,2007,0
MALA,Malária,292100,Mata de Sao Joao,BA,2008,2
MALA,Malária,292100,Mata de Sao Joao,BA,2009,0
MALA,Malária,292100,Mata de Sao Joao,BA,2010,0
MALA,Malária,292100,Mata de Sao Joao,BA,2011,0
MALA,Malária,292100,Mata de Sao Joao,BA,2012,0
MALA,Malária,292100,Mata de Sao Joao,BA,2013,0
MALA,Malária,292100,Mata de Sao Joao,BA,2014,0
MALA,Malária,292100,Mata de Sao Joao,BA,2015,0
MALA,Malária,292100,Mata de Sao Joao,BA,2016,0
MALA,Malária,292100,Mata de Sao Joao,BA,2017,0
MALA,Malária,292100,Mata de Sao Joao,BA,2018,0
MALA,Malária,292100,Mata de Sao Joao,BA,2019,0
MALA,Malária,292100,Mata de Sao Joao,BA,2020,0
MALA,Malária,292100,Mata de Sao Joao,BA,2021,0
MALA,Malária,292100,Mata de Sao Joao,BA,2022,0
MALA,Malária,292100,Mata de Sao Joao,BA,2023,0
MALA,Malária,292100,Mata de Sao Joao,BA,2024,0
MALA,Malária,292200,Mucuri,BA,2007,0
MALA,Malária,292200,Mucuri,BA,2008,1
MALA,Malária,292200,Mucuri,BA,2009,0
MALA,Malária,292200,Mucuri,BA,2010,0
MALA,Malária,292200,Mucuri,BA,2011,0
MALA,Malária,292200,Mucuri,BA,2012,0
MALA,Malária,292200,Mucuri,BA,2013,0
MALA,Malária,292200,Mucuri,BA,2014,0
MALA,Malária,292200,Mucuri,BA,2015,0
MALA,Malária,292200,Mucuri,BA,2016,0
MALA,Malária,292200,Mucuri,BA,2017,0
MALA,Malária,292200,Mucuri,BA,2018,0
MALA,Malária,292200,Mucuri,BA,2019,0
MALA,Malária,292200,Mucuri,BA,2020,0
MALA,Malária,292200,Mucuri,BA,2021,0
MALA,Malária,292200,Mucuri,BA,2022,0
MALA,Malária,292200,Mucuri,BA,2023,0
MALA,Malária,292200,Mucuri,BA,2024,0
MALA,Malária,292230,Muritiba,BA,2007,2
MALA,Malária,292230,Muritiba,BA,2008,0
MALA,Malária,292230,Muritiba,BA,2009,0
MALA,Malária,292230,Muritiba,BA,2010,1
MALA,Malária,292230,Muritiba,BA,2011,0
MALA,Malária,292230,Muritiba,BA,2012,0
MALA,Malária,292230,Muritiba,BA,2013,0
MALA,Malária,292230,Muritiba,BA,2014,1
MALA,Malária,292230,Muritiba,BA,2015,0
MALA,Malária,292230,Muritiba,BA,2016,0
MALA,Malária,292230,Muritiba,BA,2017,0
MALA,Malária,292230,Muritiba,BA,2018,0
MALA,Malária,292230,Muritiba,BA,2019,0
MALA,Malária,292230,Muritiba,BA,2020,0
MALA,Malária,292230,Muritiba,BA,2021,0
MALA,Malária,292230,Muritiba,BA,2022,0
MALA,Malária,292230,Muritiba,BA,2023,0
MALA,Malária,292230,Muritiba,BA,2024,0
MALA,Malária,292300,Nova Vicosa,BA,2007,0
MALA,Malária,292300,Nova Vicosa,BA,2008,0
MALA,Malária,292300,Nova Vicosa,BA,2009,0
MALA,Malária,292300,Nova Vicosa,BA,2010,0
MALA,Malária,292300,Nova Vicosa,BA,2011,0
MALA,Malária,292300,Nova Vicosa,BA,2012,0
MALA,Malária,292300,Nova Vicosa,BA,2013,0
MALA,Malária,292300,Nova Vicosa,BA,2014,0
MALA,Malária,292300,Nova Vicosa,BA,2015,0
MALA,Malária,292300,Nova Vicosa,BA,2016,0
MALA,Malária,292300,Nova Vicosa,BA,2017,0
MALA,Malária,292300,Nova Vicosa,BA,2018,0
MALA,Malária,292300,Nova Vicosa,BA,2019,1
MALA,Malária,292300,Nova Vicosa,BA,2020,1
MALA,Malária,292300,Nova Vicosa,BA,2021,0
MALA,Malária,292300,Nova Vicosa,BA,2022,0
MALA,Malária,292300,Nova Vicosa,BA,2023,0
MALA,Malária,292300,Nova Vicosa,BA,2024,0
MALA,Malária,292400,Paulo Afonso,BA,2007,0
MALA,Malária,292400,Paulo Afonso,BA,2008,0
MALA,Malária,292400,Paulo Afonso,BA,2009,0
MALA,Malária,292400,Paulo Afonso,BA,2010,2
MALA,Malária,292400,Paulo Afonso,BA,2011,1
MALA,Malária,292400,Paulo Afonso,BA,2012,3
MALA,Malária,292400,Paulo Afonso,BA,2013,2
MALA,Malária,292400,Paulo Afonso,BA,2014,2
MALA,Malária,292400,Paulo Afonso,BA,2015,0
MALA,Malária,292400,Paulo Afonso,BA,2016,0
MALA,Malária,292400,Paulo Afonso,BA,2017,0
MALA,Malária,292400,Paulo Afonso,BA,2018,0
MALA,Malária,292400,Paulo Afonso,BA,2019,0
MALA,Malária,292400,Paulo Afonso,BA,2020,0
MALA,Malária,292400,Paulo Afonso,BA,2021,0
MALA,Malária,292400,Paulo Afonso,BA,2022,0
MALA,Malária,292400,Paulo Afonso,BA,2023,0
MALA,Malária,292400,Paulo Afonso,BA,2024,0
MALA,Malária,292430,Piata,BA,2007,0
MALA,Malária,292430,Piata,BA,2008,0
MALA,Malária,292430,Piata,BA,2009,0
MALA,Malária,292430,Piata,BA,2010,0
MALA,Malária,292430,Piata,BA,2011,0
MALA,Malária,292430,Piata,BA,2012,0
MALA,Malária,292430,Piata,BA,2013,0
MALA,Malária,292430,Piata,BA,2014,0
MALA,Malária,292430,Piata,BA,2015,0
MALA,Malária,292430,Piata,BA,2016,0
MALA,Malária,292430,Piata,BA,2017,0
MALA,Malária,292430,Piata,BA,2018,0
MALA,Malária,292430,Piata,BA,2019,0
MALA,Malária,292430,Piata,BA,2020,0
MALA,Malária,292430,Piata,BA,2021,0
MALA,Malária,292430,Piata,BA,2022,0
MALA,Malária,292430,Piata,BA,2023,0
MALA,Malária,292430,Piata,BA,2024,1
MALA,Malária,292520,Pojuca,BA,2007,3
MALA,Malária,292520,Pojuca,BA,2008,0
MALA,Malária,292520,Pojuca,BA,2009,0
MALA,Malária,292520,Pojuca,BA,2010,0
MALA,Malária,292520,Pojuca,BA,2011,0
MALA,Malária,292520,Pojuca,BA,2012,0
MALA,Malária,292520,Pojuca,BA,2013,0
MALA,Malária,292520,Pojuca,BA,2014,0
MALA,Malária,292520,Pojuca,BA,2015,0
MALA,Malária,292520,Pojuca,BA,2016,0
MALA,Malária,292520,Pojuca,BA,2017,0
MALA,Malária,292520,Pojuca,BA,2018,0
MALA,Malária,292520,Pojuca,BA,2019,0
MALA,Malária,292520,Pojuca,BA,2020,0
MALA,Malária,292520,Pojuca,BA,2021,0
MALA,Malária,292520,Pojuca,BA,2022,0
MALA,Malária,292520,Pojuca,BA,2023,0
MALA,Malária,292520,Pojuca,BA,2024,0
MALA,Malária,292530,Porto Seguro,BA,2007,2
MALA,Malária,292530,Porto Seguro,BA,2008,5
MALA,Malária,292530,Porto Seguro,BA,2009,1
MALA,Malária,292530,Porto Seguro,BA,2010,3
MALA,Malária,292530,Porto Seguro,BA,2011,0
MALA,Malária,292530,Porto Seguro,BA,2012,0
MALA,Malária,292530,Porto Seguro,BA,2013,0
MALA,Malária,292530,Porto Seguro,BA,2014,0
MALA,Malária,292530,Porto Seguro,BA,2015,2
MALA,Malária,292530,Porto Seguro,BA,2016,0
MALA,Malária,292530,Porto Seguro,BA,2017,0
MALA,Malária,292530,Porto Seguro,BA,2018,2
MALA,Malária,292530,Porto Seguro,BA,2019,2
MALA,Malária,292530,Porto Seguro,BA,2020,3
MALA,Malária,292530,Porto Seguro,BA,2021,7
MALA,Malária,292530,Porto Seguro,BA,2022,5
MALA,Malária,292530,Porto Seguro,BA,2023,1
MALA,Malária,292530,Porto Seguro,BA,2024,0
MALA,Malária,292600,Remanso,BA,2007,3
MALA,Malária,292600,Remanso,BA,2008,0
MALA,Malária,292600,Remanso,BA,2009,0
MALA,Malária,292600,Remanso,BA,2010,1
MALA,Malária,292600,Remanso,BA,2011,0
MALA,Malária,292600,Remanso,BA,2012,0
MALA,Malária,292600,Remanso,BA,2013,0
MALA,Malária,292600,Remanso,BA,2014,0
MALA,Malária,292600,Remanso,BA,2015,0
MALA,Malária,292600,Remanso,BA,2016,0
MALA,Malária,292600,Remanso,BA,2017,0
MALA,Malária,292600,Remanso,BA,2018,0
MALA,Malária,292600,Remanso,BA,2019,0
MALA,Malária,292600,Remanso,BA,2020,0
MALA,Malária,292600,Remanso,BA,2021,0
MALA,Malária,292600,Remanso,BA,2022,0
MALA,Malária,292600,Remanso,BA,2023,0
MALA,Malária,292600,Remanso,BA,2024,0
MALA,Malária,292740,Salvador,BA,2007,5
MALA,Malária,292740,Salvador,BA,2008,10
MALA,Malária,292740,Salvador,BA,2009,11
MALA,Malária,292740,Salvador,BA,2010,13
MALA,Malária,292740,Salvador,BA,2011,5
MALA,Malária,292740,Salvador,BA,2012,9
MALA,Malária,292740,Salvador,BA,2013,9
MALA,Malária,292740,Salvador,BA,2014,10
MALA,Malária,292740,Salvador,BA,2015,9
MALA,Malária,292740,Salvador,BA,2016,12
MALA,Malária,292740,Salvador,BA,2017,4
MALA,Malária,292740,Salvador,BA,2018,5
MALA,Malária,292740,Salvador,BA,2019,7
MALA,Malária,292740,Salvador,BA,2020,2
MALA,Malária,292740,Salvador,BA,2021,7
MALA,Malária,292740,Salvador,BA,2022,11
MALA,Malária,292740,Salvador,BA,2023,5
MALA,Malária,292740,Salvador,BA,2024,12
MALA,Malária,292840,Santa Rita de Cassia,BA,2007,0
MALA,Malária,292840,Santa Rita de Cassia,BA,2008,0
MALA,Malária,292840,Santa Rita de Cassia,BA,2009,0
MALA,Malária,292840,Santa Rita de Cassia,BA,2010,0
MALA,Malária,292840,Santa Rita de Cassia,BA,2011,1
MALA,Malária,292840,Santa Rita de Cassia,BA,2012,0
MALA,Malária,292840,Santa Rita de Cassia,BA,2013,0
MALA,Malária,292840,Santa Rita de Cassia,BA,2014,0
MALA,Malária,292840,Santa Rita de Cassia,BA,2015,0
MALA,Malária,292840,Santa Rita de Cassia,BA,2016,0
MALA,Malária,292840,Santa Rita de Cassia,BA,2017,0
MALA,Malária,292840,Santa Rita de Cassia,BA,2018,0
MALA,Malária,292840,Santa Rita de Cassia,BA,2019,0
MALA,Malária,292840,Santa Rita de Cassia,BA,2020,0
MALA,Malária,292840,Santa Rita de Cassia,BA,2021,0
MALA,Malária,292840,Santa Rita de Cassia,BA,2022,0
MALA,Malária,292840,Santa Rita de Cassia,BA,2023,0
MALA,Malária,292840,Santa Rita de Cassia,BA,2024,0
MALA,Malária,292860,Santo Amaro,BA,2007,0
MALA,Malária,292860,Santo Amaro,BA,2008,0
MALA,Malária,292860,Santo Amaro,BA,2009,0
MALA,Malária,292860,Santo Amaro,BA,2010,0
MALA,Malária,292860,Santo Amaro,BA,2011,0
MALA,Malária,292860,Santo Amaro,BA,2012,0
MALA,Malária,292860,Santo Amaro,BA,2013,0
MALA,Malária,292860,Santo Amaro,BA,2014,0
MALA,Malária,292860,Santo Amaro,BA,2015,0
MALA,Malária,292860,Santo Amaro,BA,2016,1
MALA,Malária,292860,Santo Amaro,BA,2017,0
MALA,Malária,292860,Santo Amaro,BA,2018,0
MALA,Malária,292860,Santo Amaro,BA,2019,0
MALA,Malária,292860,Santo Amaro,BA,2020,0
MALA,Malária,292860,Santo Amaro,BA,2021,0
MALA,Malária,292860,Santo Amaro,BA,2022,0
MALA,Malária,292860,Santo Amaro,BA,2023,0
MALA,Malária,292860,Santo Amaro,BA,2024,0
MALA,Malária,292870,Santo Antonio de Jesus,BA,2007,0
MALA,Malária,292870,Santo Antonio de Jesus,BA,2008,0
MALA,Malária,292870,Santo Antonio de Jesus,BA,2009,0
MALA,Malária,292870,Santo Antonio de Jesus,BA,2010,0
MALA,Malária,292870,Santo Antonio de Jesus,BA,2011,0
MALA,Malária,292870,Santo Antonio de Jesus,BA,2012,0
MALA,Malária,292870,Santo Antonio de Jesus,BA,2013,0
MALA,Malária,292870,Santo Antonio de Jesus,BA,2014,0
MALA,Malária,292870,Santo Antonio de Jesus,BA,2015,0
MALA,Malária,292870,Santo Antonio de Jesus,BA,2016,0
MALA,Malária,292870,Santo Antonio de Jesus,BA,2017,0
MALA,Malária,292870,Santo Antonio de Jesus,BA,2018,0
MALA,Malária,292870,Santo Antonio de Jesus,BA,2019,0
MALA,Malária,292870,Santo Antonio de Jesus,BA,2020,0
MALA,Malária,292870,Santo Antonio de Jesus,BA,2021,0
MALA,Malária,292870,Santo Antonio de Jesus,BA,2022,0
MALA,Malária,292870,Santo Antonio de Jesus,BA,2023,0
MALA,Malária,292870,Santo Antonio de Jesus,BA,2024,1
MALA,Malária,292920,Sao Francisco do Conde,BA,2007,0
MALA,Malária,292920,Sao Francisco do Conde,BA,2008,0
MALA,Malária,292920,Sao Francisco do Conde,BA,2009,0
MALA,Malária,292920,Sao Francisco do Conde,BA,2010,0
MALA,Malária,292920,Sao Francisco do Conde,BA,2011,0
MALA,Malária,292920,Sao Francisco do Conde,BA,2012,0
MALA,Malária,292920,Sao Francisco do Conde,BA,2013,0
MALA,Malária,292920,Sao Francisco do Conde,BA,2014,0
MALA,Malária,292920,Sao Francisco do Conde,BA,2015,0
MALA,Malária,292920,Sao Francisco do Conde,BA,2016,2
MALA,Malária,292920,Sao Francisco do Conde,BA,2017,0
MALA,Malária,292920,Sao Francisco do Conde,BA,2018,1
MALA,Malária,292920,Sao Francisco do Conde,BA,2019,0
MALA,Malária,292920,Sao Francisco do Conde,BA,2020,0
MALA,Malária,292920,Sao Francisco do Conde,BA,2021,0
MALA,Malária,292920,Sao Francisco do Conde,BA,2022,0
MALA,Malária,292920,Sao Francisco do Conde,BA,2023,0
MALA,Malária,292920,Sao Francisco do Conde,BA,2024,0
MALA,Malária,293010,Senhor do Bonfim,BA,2007,0
MALA,Malária,293010,Senhor do Bonfim,BA,2008,0
MALA,Malária,293010,Senhor do Bonfim,BA,2009,1
MALA,Malária,293010,Senhor do Bonfim,BA,2010,0
MALA,Malária,293010,Senhor do Bonfim,BA,2011,0
MALA,Malária,293010,Senhor do Bonfim,BA,2012,0
MALA,Malária,293010,Senhor do Bonfim,BA,2013,0
MALA,Malária,293010,Senhor do Bonfim,BA,2014,0
MALA,Malária,293010,Senhor do Bonfim,BA,2015,0
MALA,Malária,293010,Senhor do Bonfim,BA,2016,0
MALA,Malária,293010,Senhor do Bonfim,BA,2017,0
MALA,Malária,293010,Senhor do Bonfim,BA,2018,0
MALA,Malária,293010,Senhor do Bonfim,BA,2019,0
MALA,Malária,293010,Senhor do Bonfim,BA,2020,0
MALA,Malária,293010,Senhor do Bonfim,BA,2021,0
MALA,Malária,293010,Senhor do Bonfim,BA,2022,0
MALA,Malária,293010,Senhor do Bonfim,BA,2023,0
MALA,Malária,293010,Senhor do Bonfim,BA,2024,0
MALA,Malária,293015,Serra do Ramalho,BA,2007,0
MALA,Malária,293015,Serra do Ramalho,BA,2008,0
MALA,Malária,293015,Serra do Ramalho,BA,2009,0
MALA,Malária,293015,Serra do Ramalho,BA,2010,31
MALA,Malária,293015,Serra do Ramalho,BA,2011,0
MALA,Malária,293015,Serra do Ramalho,BA,2012,1
MALA,Malária,293015,Serra do Ramalho,BA,2013,0
MALA,Malária,293015,Serra do Ramalho,BA,2014,0
MALA,Malária,293015,Serra do Ramalho,BA,2015,0
MALA,Malária,293015,Serra do Ramalho,BA,2016,0
MALA,Malária,293015,Serra do Ramalho,BA,2017,0
MALA,Malária,293015,Serra do Ramalho,BA,2018,0
MALA,Malária,293015,Serra do Ramalho,BA,2019,0
MALA,Malária,293015,Serra do Ramalho,BA,2020,0
MALA,Malária,293015,Serra do Ramalho,BA,2021,0
MALA,Malária,293015,Serra do Ramalho,BA,2022,0
MALA,Malária,293015,Serra do Ramalho,BA,2023,0
MALA,Malária,293015,Serra do Ramalho,BA,2024,0
MALA,Malária,293050,Serrinha,BA,2007,0
MALA,Malária,293050,Serrinha,BA,2008,0
MALA,Malária,293050,Serrinha,BA,2009,0
MALA,Malária,293050,Serrinha,BA,2010,0
MALA,Malária,293050,Serrinha,BA,2011,0
MALA,Malária,293050,Serrinha,BA,2012,1
MALA,Malária,293050,Serrinha,BA,2013,0
MALA,Malária,293050,Serrinha,BA,2014,0
MALA,Malária,293050,Serrinha,BA,2015,0
MALA,Malária,293050,Serrinha,BA,2016,0
MALA,Malária,293050,Serrinha,BA,2017,0
MALA,Malária,293050,Serrinha,BA,2018,0
MALA,Malária,293050,Serrinha,BA,2019,0
MALA,Malária,293050,Serrinha,BA,2020,0
MALA,Malária,293050,Serrinha,BA,2021,0
MALA,Malária,293050,Serrinha,BA,2022,1
MALA,Malária,293050,Serrinha,BA,2023,0
MALA,Malária,293050,Serrinha,BA,2024,0
MALA,Malária,293070,Simoes Filho,BA,2007,0
MALA,Malária,293070,Simoes Filho,BA,2008,0
MALA,Malária,293070,Simoes Filho,BA,2009,0
MALA,Malária,293070,Simoes Filho,BA,2010,0
MALA,Malária,293070,Simoes Filho,BA,2011,0
MALA,Malária,293070,Simoes Filho,BA,2012,1
MALA,Malária,293070,Simoes Filho,BA,2013,0
MALA,Malária,293070,Simoes Filho,BA,2014,0
MALA,Malária,293070,Simoes Filho,BA,2015,0
MALA,Malária,293070,Simoes Filho,BA,2016,0
MALA,Malária,293070,Simoes Filho,BA,2017,0
MALA,Malária,293070,Simoes Filho,BA,2018,0
MALA,Malária,293070,Simoes Filho,BA,2019,0
MALA,Malária,293070,Simoes Filho,BA,2020,0
MALA,Malária,293070,Simoes Filho,BA,2021,0
MALA,Malária,293070,Simoes Filho,BA,2022,0
MALA,Malária,293070,Simoes Filho,BA,2023,0
MALA,Malária,293070,Simoes Filho,BA,2024,0
MALA,Malária,293135,Teixeira de Freitas,BA,2007,1
MALA,Malária,293135,Teixeira de Freitas,BA,2008,0
MALA,Malária,293135,Teixeira de Freitas,BA,2009,2
MALA,Malária,293135,Teixeira de Freitas,BA,2010,0
MALA,Malária,293135,Teixeira de Freitas,BA,2011,0
MALA,Malária,293135,Teixeira de Freitas,BA,2012,0
MALA,Malária,293135,Teixeira de Freitas,BA,2013,0
MALA,Malária,293135,Teixeira de Freitas,BA,2014,0
MALA,Malária,293135,Teixeira de Freitas,BA,2015,0
MALA,Malária,293135,Teixeira de Freitas,BA,2016,0
MALA,Malária,293135,Teixeira de Freitas,BA,2017,0
MALA,Malária,293135,Teixeira de Freitas,BA,2018,0
MALA,Malária,293135,Teixeira de Freitas,BA,2019,0
MALA,Malária,293135,Teixeira de Freitas,BA,2020,0
MALA,Malária,293135,Teixeira de Freitas,BA,2021,0
MALA,Malária,293135,Teixeira de Freitas,BA,2022,0
MALA,Malária,293135,Teixeira de Freitas,BA,2023,0
MALA,Malária,293135,Teixeira de Freitas,BA,2024,0
MALA,Malária,293150,Teofilandia,BA,2007,0
MALA,Malária,293150,Teofilandia,BA,2008,0
MALA,Malária,293150,Teofilandia,BA,2009,0
MALA,Malária,293150,Teofilandia,BA,2010,0
MALA,Malária,293150,Teofilandia,BA,2011,1
MALA,Malária,293150,Teofilandia,BA,2012,0
MALA,Malária,293150,Teofilandia,BA,2013,0
MALA,Malária,293150,Teofilandia,BA,2014,0
MALA,Malária,293150,Teofilandia,BA,2015,0
MALA,Malária,293150,Teofilandia,BA,2016,0
MALA,Malária,293150,Teofilandia,BA,2017,0
MALA,Malária,293150,Teofilandia,BA,2018,0
MALA,Malária,293150,Teofilandia,BA,2019,0
MALA,Malária,293150,Teofilandia,BA,2020,0
MALA,Malária,293150,Teofilandia,BA,2021,0
MALA,Malária,293150,Teofilandia,BA,2022,0
MALA,Malária,293150,Teofilandia,BA,2023,0
MALA,Malária,293150,Teofilandia,BA,2024,0
MALA,Malária,293245,Umburanas,BA,2007,0
MALA,Malária,293245,Umburanas,BA,2008,0
MALA,Malária,293245,Umburanas,BA,2009,0
MALA,Malária,293245,Umburanas,BA,2010,0
MALA,Malária,293245,Umburanas,BA,2011,0
MALA,Malária,293245,Umburanas,BA,2012,0
MALA,Malária,293245,Umburanas,BA,2013,0
MALA,Malária,293245,Umburanas,BA,2014,0
MALA,Malária,293245,Umburanas,BA,2015,0
MALA,Malária,293245,Umburanas,BA,2016,0
MALA,Malária,293245,Umburanas,BA,2017,0
MALA,Malária,293245,Umburanas,BA,2018,0
MALA,Malária,293245,Umburanas,BA,2019,0
MALA,Malária,293245,Umburanas,BA,2020,0
MALA,Malária,293245,Umburanas,BA,2021,0
MALA,Malária,293245,Umburanas,BA,2022,0
MALA,Malária,293245,Umburanas,BA,2023,1
MALA,Malária,293245,Umburanas,BA,2024,0
MALA,Malária,293280,Utinga,BA,2007,1
MALA,Malária,293280,Utinga,BA,2008,0
MALA,Malária,293280,Utinga,BA,2009,0
MALA,Malária,293280,Utinga,BA,2010,0
MALA,Malária,293280,Utinga,BA,2011,0
MALA,Malária,293280,Utinga,BA,2012,0
MALA,Malária,293280,Utinga,BA,2013,0
MALA,Malária,293280,Utinga,BA,2014,0
MALA,Malária,293280,Utinga,BA,2015,0
MALA,Malária,293280,Utinga,BA,2016,0
MALA,Malária,293280,Utinga,BA,2017,0
MALA,Malária,293280,Utinga,BA,2018,0
MALA,Malária,293280,Utinga,BA,2019,0
MALA,Malária,293280,Utinga,BA,2020,0
MALA,Malária,293280,Utinga,BA,2021,0
MALA,Malária,293280,Utinga,BA,2022,0
MALA,Malária,293280,Utinga,BA,2023,0
MALA,Malária,293280,Utinga,BA,2024,1
MALA,Malária,293290,Valenca,BA,2007,0
MALA,Malária,293290,Valenca,BA,2008,0
MALA,Malária,293290,Valenca,BA,2009,0
MALA,Malária,293290,Valenca,BA,2010,0
MALA,Malária,293290,Valenca,BA,2011,0
MALA,Malária,293290,Valenca,BA,2012,0
MALA,Malária,293290,Valenca,BA,2013,0
MALA,Malária,293290,Valenca,BA,2014,0
MALA,Malária,293290,Valenca,BA,2015,0
MALA,Malária,293290,Valenca,BA,2016,0
MALA,Malária,293290,Valenca,BA,2017,0
MALA,Malária,293290,Valenca,BA,2018,1
MALA,Malária,293290,Valenca,BA,2019,0
MALA,Malária,293290,Valenca,BA,2020,0
MALA,Malária,293290,Valenca,BA,2021,0
MALA,Malária,293290,Valenca,BA,2022,0
MALA,Malária,293290,Valenca,BA,2023,0
MALA,Malária,293290,Valenca,BA,2024,1
MALA,Malária,293330,Vitoria da Conquista,BA,2007,0
MALA,Malária,293330,Vitoria da Conquista,BA,2008,0
MALA,Malária,293330,Vitoria da Conquista,BA,2009,0
MALA,Malária,293330,Vitoria da Conquista,BA,2010,0
MALA,Malária,293330,Vitoria da Conquista,BA,2011,0
MALA,Malária,293330,Vitoria da Conquista,BA,2012,0
MALA,Malária,293330,Vitoria da Conquista,BA,2013,0
MALA,Malária,293330,Vitoria da Conquista,BA,2014,0
MALA,Malária,293330,Vitoria da Conquista,BA,2015,0
MALA,Malária,293330,Vitoria da Conquista,BA,2016,0
MALA,Malária,293330,Vitoria da Conquista,BA,2017,1
MALA,Malária,293330,Vitoria da Conquista,BA,2018,0
MALA,Malária,293330,Vitoria da Conquista,BA,2019,0
MALA,Malária,293330,Vitoria da Conquista,BA,2020,0
MALA,Malária,293330,Vitoria da Conquista,BA,2021,0
MALA,Malária,293330,Vitoria da Conquista,BA,2022,0
MALA,Malária,293330,Vitoria da Conquista,BA,2023,0
MALA,Malária,293330,Vitoria da Conquista,BA,2024,0
MALA,Malária,293350,Wenceslau Guimaraes,BA,2007,0
MALA,Malária,293350,Wenceslau Guimaraes,BA,2008,0
MALA,Malária,293350,Wenceslau Guimaraes,BA,2009,0
MALA,Malária,293350,Wenceslau Guimaraes,BA,2010,0
MALA,Malária,293350,Wenceslau Guimaraes,BA,2011,0
MALA,Malária,293350,Wenceslau Guimaraes,BA,2012,0
MALA,Malária,293350,Wenceslau Guimaraes,BA,2013,0
MALA,Malária,293350,Wenceslau Guimaraes,BA,2014,0
MALA,Malária,293350,Wenceslau Guimaraes,BA,2015,0
MALA,Malária,293350,Wenceslau Guimaraes,BA,2016,0
MALA,Malária,293350,Wenceslau Guimaraes,BA,2017,0
MALA,Malária,293350,Wenceslau Guimaraes,BA,2018,78
MALA,Malária,293350,Wenceslau Guimaraes,BA,2019,0
MALA,Malária,293350,Wenceslau Guimaraes,BA,2020,0
MALA,Malária,293350,Wenceslau Guimaraes,BA,2021,0
MALA,Malária,293350,Wenceslau Guimaraes,BA,2022,0
MALA,Malária,293350,Wenceslau Guimaraes,BA,2023,0
MALA,Malária,293350,Wenceslau Guimaraes,BA,2024,0
MALA,Malária,230075,Amontada,CE,2007,0
MALA,Malária,230075,Amontada,CE,2008,0
MALA,Malária,230075,Amontada,CE,2009,0
MALA,Malária,230075,Amontada,CE,2010,1
MALA,Malária,230075,Amontada,CE,2011,0
MALA,Malária,230075,Amontada,CE,2012,1
MALA,Malária,230075,Amontada,CE,2013,2
MALA,Malária,230075,Amontada,CE,2014,0
MALA,Malária,230075,Amontada,CE,2015,0
MALA,Malária,230075,Amontada,CE,2016,0
MALA,Malária,230075,Amontada,CE,2017,0
MALA,Malária,230075,Amontada,CE,2018,1
MALA,Malária,230075,Amontada,CE,2019,0
MALA,Malária,230075,Amontada,CE,2020,0
MALA,Malária,230075,Amontada,CE,2021,0
MALA,Malária,230075,Amontada,CE,2022,0
MALA,Malária,230075,Amontada,CE,2023,0
MALA,Malária,230075,Amontada,CE,2024,0
MALA,Malária,230110,Aracati,CE,2007,1
MALA,Malária,230110,Aracati,CE,2008,1
MALA,Malária,230110,Aracati,CE,2009,0
MALA,Malária,230110,Aracati,CE,2010,0
MALA,Malária,230110,Aracati,CE,2011,0
MALA,Malária,230110,Aracati,CE,2012,0
MALA,Malária,230110,Aracati,CE,2013,1
MALA,Malária,230110,Aracati,CE,2014,0
MALA,Malária,230110,Aracati,CE,2015,0
MALA,Malária,230110,Aracati,CE,2016,0
MALA,Malária,230110,Aracati,CE,2017,0
MALA,Malária,230110,Aracati,CE,2018,0
MALA,Malária,230110,Aracati,CE,2019,0
MALA,Malária,230110,Aracati,CE,2020,0
MALA,Malária,230110,Aracati,CE,2021,0
MALA,Malária,230110,Aracati,CE,2022,0
MALA,Malária,230110,Aracati,CE,2023,0
MALA,Malária,230110,Aracati,CE,2024,0
MALA,Malária,230190,Barbalha,CE,2007,0
MALA,Malária,230190,Barbalha,CE,2008,0
MALA,Malária,230190,Barbalha,CE,2009,0
MALA,Malária,230190,Barbalha,CE,2010,0
MALA,Malária,230190,Barbalha,CE,2011,0
MALA,Malária,230190,Barbalha,CE,2012,0
MALA,Malária,230190,Barbalha,CE,2013,1
MALA,Malária,230190,Barbalha,CE,2014,0
MALA,Malária,230190,Barbalha,CE,2015,0
MALA,Malária,230190,Barbalha,CE,2016,0
MALA,Malária,230190,Barbalha,CE,2017,0
MALA,Malária,230190,Barbalha,CE,2018,0
MALA,Malária,230190,Barbalha,CE,2019,0
MALA,Malária,230190,Barbalha,CE,2020,0
MALA,Malária,230190,Barbalha,CE,2021,0
MALA,Malária,230190,Barbalha,CE,2022,0
MALA,Malária,230190,Barbalha,CE,2023,0
MALA,Malária,230190,Barbalha,CE,2024,0
MALA,Malária,230240,Boa Viagem,CE,2007,0
MALA,Malária,230240,Boa Viagem,CE,2008,0
MALA,Malária,230240,Boa Viagem,CE,2009,0
MALA,Malária,230240,Boa Viagem,CE,2010,1
MALA,Malária,230240,Boa Viagem,CE,2011,0
MALA,Malária,230240,Boa Viagem,CE,2012,0
MALA,Malária,230240,Boa Viagem,CE,2013,0
MALA,Malária,230240,Boa Viagem,CE,2014,0
MALA,Malária,230240,Boa Viagem,CE,2015,0
MALA,Malária,230240,Boa Viagem,CE,2016,0
MALA,Malária,230240,Boa Viagem,CE,2017,0
MALA,Malária,230240,Boa Viagem,CE,2018,0
MALA,Malária,230240,Boa Viagem,CE,2019,0
MALA,Malária,230240,Boa Viagem,CE,2020,0
MALA,Malária,230240,Boa Viagem,CE,2021,0
MALA,Malária,230240,Boa Viagem,CE,2022,0
MALA,Malária,230240,Boa Viagem,CE,2023,0
MALA,Malária,230240,Boa Viagem,CE,2024,0
MALA,Malária,230250,Brejo Santo,CE,2007,1
MALA,Malária,230250,Brejo Santo,CE,2008,0
MALA,Malária,230250,Brejo Santo,CE,2009,0
MALA,Malária,230250,Brejo Santo,CE,2010,0
MALA,Malária,230250,Brejo Santo,CE,2011,0
MALA,Malária,230250,Brejo Santo,CE,2012,0
MALA,Malária,230250,Brejo Santo,CE,2013,0
MALA,Malária,230250,Brejo Santo,CE,2014,0
MALA,Malária,230250,Brejo Santo,CE,2015,0
MALA,Malária,230250,Brejo Santo,CE,2016,0
MALA,Malária,230250,Brejo Santo,CE,2017,0
MALA,Malária,230250,Brejo Santo,CE,2018,0
MALA,Malária,230250,Brejo Santo,CE,2019,0
MALA,Malária,230250,Brejo Santo,CE,2020,0
MALA,Malária,230250,Brejo Santo,CE,2021,0
MALA,Malária,230250,Brejo Santo,CE,2022,0
MALA,Malária,230250,Brejo Santo,CE,2023,0
MALA,Malária,230250,Brejo Santo,CE,2024,0
MALA,Malária,230260,Camocim,CE,2007,1
MALA,Malária,230260,Camocim,CE,2008,0
MALA,Malária,230260,Camocim,CE,2009,0
MALA,Malária,230260,Camocim,CE,2010,0
MALA,Malária,230260,Camocim,CE,2011,0
MALA,Malária,230260,Camocim,CE,2012,1
MALA,Malária,230260,Camocim,CE,2013,0
MALA,Malária,230260,Camocim,CE,2014,0
MALA,Malária,230260,Camocim,CE,2015,0
MALA,Malária,230260,Camocim,CE,2016,1
MALA,Malária,230260,Camocim,CE,2017,0
MALA,Malária,230260,Camocim,CE,2018,0
MALA,Malária,230260,Camocim,CE,2019,0
MALA,Malária,230260,Camocim,CE,2020,0
MALA,Malária,230260,Camocim,CE,2021,0
MALA,Malária,230260,Camocim,CE,2022,0
MALA,Malária,230260,Camocim,CE,2023,0
MALA,Malária,230260,Camocim,CE,2024,0
MALA,Malária,230340,Carnaubal,CE,2007,0
MALA,Malária,230340,Carnaubal,CE,2008,1
MALA,Malária,230340,Carnaubal,CE,2009,0
MALA,Malária,230340,Carnaubal,CE,2010,0
MALA,Malária,230340,Carnaubal,CE,2011,0
MALA,Malária,230340,Carnaubal,CE,2012,0
MALA,Malária,230340,Carnaubal,CE,2013,0
MALA,Malária,230340,Carnaubal,CE,2014,0
MALA,Malária,230340,Carnaubal,CE,2015,0
MALA,Malária,230340,Carnaubal,CE,2016,0
MALA,Malária,230340,Carnaubal,CE,2017,0
MALA,Malária,230340,Carnaubal,CE,2018,0
MALA,Malária,230340,Carnaubal,CE,2019,0
MALA,Malária,230340,Carnaubal,CE,2020,0
MALA,Malária,230340,Carnaubal,CE,2021,0
MALA,Malária,230340,Carnaubal,CE,2022,0
MALA,Malária,230340,Carnaubal,CE,2023,0
MALA,Malária,230340,Carnaubal,CE,2024,0
MALA,Malária,230350,Cascavel,CE,2007,0
MALA,Malária,230350,Cascavel,CE,2008,0
MALA,Malária,230350,Cascavel,CE,2009,0
MALA,Malária,230350,Cascavel,CE,2010,0
MALA,Malária,230350,Cascavel,CE,2011,0
MALA,Malária,230350,Cascavel,CE,2012,0
MALA,Malária,230350,Cascavel,CE,2013,0
MALA,Malária,230350,Cascavel,CE,2014,1
MALA,Malária,230350,Cascavel,CE,2015,0
MALA,Malária,230350,Cascavel,CE,2016,0
MALA,Malária,230350,Cascavel,CE,2017,0
MALA,Malária,230350,Cascavel,CE,2018,0
MALA,Malária,230350,Cascavel,CE,2019,0
MALA,Malária,230350,Cascavel,CE,2020,0
MALA,Malária,230350,Cascavel,CE,2021,0
MALA,Malária,230350,Cascavel,CE,2022,0
MALA,Malária,230350,Cascavel,CE,2023,0
MALA,Malária,230350,Cascavel,CE,2024,0
MALA,Malária,230370,Caucaia,CE,2007,0
MALA,Malária,230370,Caucaia,CE,2008,0
MALA,Malária,230370,Caucaia,CE,2009,0
MALA,Malária,230370,Caucaia,CE,2010,0
MALA,Malária,230370,Caucaia,CE,2011,1
MALA,Malária,230370,Caucaia,CE,2012,0
MALA,Malária,230370,Caucaia,CE,2013,0
MALA,Malária,230370,Caucaia,CE,2014,0
MALA,Malária,230370,Caucaia,CE,2015,0
MALA,Malária,230370,Caucaia,CE,2016,0
MALA,Malária,230370,Caucaia,CE,2017,0
MALA,Malária,230370,Caucaia,CE,2018,1
MALA,Malária,230370,Caucaia,CE,2019,0
MALA,Malária,230370,Caucaia,CE,2020,0
MALA,Malária,230370,Caucaia,CE,2021,0
MALA,Malária,230370,Caucaia,CE,2022,0
MALA,Malária,230370,Caucaia,CE,2023,0
MALA,Malária,230370,Caucaia,CE,2024,0
MALA,Malária,230380,Cedro,CE,2007,0
MALA,Malária,230380,Cedro,CE,2008,0
MALA,Malária,230380,Cedro,CE,2009,0
MALA,Malária,230380,Cedro,CE,2010,0
MALA,Malária,230380,Cedro,CE,2011,2
MALA,Malária,230380,Cedro,CE,2012,0
MALA,Malária,230380,Cedro,CE,2013,0
MALA,Malária,230380,Cedro,CE,2014,0
MALA,Malária,230380,Cedro,CE,2015,0
MALA,Malária,230380,Cedro,CE,2016,0
MALA,Malária,230380,Cedro,CE,2017,0
MALA,Malária,230380,Cedro,CE,2018,0
MALA,Malária,230380,Cedro,CE,2019,0
MALA,Malária,230380,Cedro,CE,2020,0
MALA,Malária,230380,Cedro,CE,2021,0
MALA,Malária,230380,Cedro,CE,2022,0
MALA,Malária,230380,Cedro,CE,2023,0
MALA,Malária,230380,Cedro,CE,2024,0
MALA,Malária,230400,Coreau,CE,2007,0
MALA,Malária,230400,Coreau,CE,2008,0
MALA,Malária,230400,Coreau,CE,2009,0
MALA,Malária,230400,Coreau,CE,2010,2
MALA,Malária,230400,Coreau,CE,2011,0
MALA,Malária,230400,Coreau,CE,2012,0
MALA,Malária,230400,Coreau,CE,2013,0
MALA,Malária,230400,Coreau,CE,2014,0
MALA,Malária,230400,Coreau,CE,2015,0
MALA,Malária,230400,Coreau,CE,2016,0
MALA,Malária,230400,Coreau,CE,2017,0
MALA,Malária,230400,Coreau,CE,2018,0
MALA,Malária,230400,Coreau,CE,2019,1
MALA,Malária,230400,Coreau,CE,2020,0
MALA,Malária,230400,Coreau,CE,2021,0
MALA,Malária,230400,Coreau,CE,2022,0
MALA,Malária,230400,Coreau,CE,2023,0
MALA,Malária,230400,Coreau,CE,2024,0
MALA,Malária,230410,Crateus,CE,2007,0
MALA,Malária,230410,Crateus,CE,2008,1
MALA,Malária,230410,Crateus,CE,2009,0
MALA,Malária,230410,Crateus,CE,2010,0
MALA,Malária,230410,Crateus,CE,2011,0
MALA,Malária,230410,Crateus,CE,2012,0
MALA,Malária,230410,Crateus,CE,2013,0
MALA,Malária,230410,Crateus,CE,2014,0
MALA,Malária,230410,Crateus,CE,2015,0
MALA,Malária,230410,Crateus,CE,2016,1
MALA,Malária,230410,Crateus,CE,2017,0
MALA,Malária,230410,Crateus,CE,2018,0
MALA,Malária,230410,Crateus,CE,2019,0
MALA,Malária,230410,Crateus,CE,2020,0
MALA,Malária,230410,Crateus,CE,2021,0
MALA,Malária,230410,Crateus,CE,2022,0
MALA,Malária,230410,Crateus,CE,2023,2
MALA,Malária,230410,Crateus,CE,2024,0
MALA,Malária,230425,Cruz,CE,2007,0
MALA,Malária,230425,Cruz,CE,2008,0
MALA,Malária,230425,Cruz,CE,2009,0
MALA,Malária,230425,Cruz,CE,2010,0
MALA,Malária,230425,Cruz,CE,2011,1
MALA,Malária,230425,Cruz,CE,2012,1
MALA,Malária,230425,Cruz,CE,2013,0
MALA,Malária,230425,Cruz,CE,2014,0
MALA,Malária,230425,Cruz,CE,2015,0
MALA,Malária,230425,Cruz,CE,2016,0
MALA,Malária,230425,Cruz,CE,2017,0
MALA,Malária,230425,Cruz,CE,2018,0
MALA,Malária,230425,Cruz,CE,2019,0
MALA,Malária,230425,Cruz,CE,2020,0
MALA,Malária,230425,Cruz,CE,2021,0
MALA,Malária,230425,Cruz,CE,2022,0
MALA,Malária,230425,Cruz,CE,2023,0
MALA,Malária,230425,Cruz,CE,2024,0
MALA,Malária,230440,Fortaleza,CE,2007,55
MALA,Malária,230440,Fortaleza,CE,2008,29
MALA,Malária,230440,Fortaleza,CE,2009,26
MALA,Malária,230440,Fortaleza,CE,2010,38
MALA,Malária,230440,Fortaleza,CE,2011,24
MALA,Malária,230440,Fortaleza,CE,2012,24
MALA,Malária,230440,Fortaleza,CE,2013,12
MALA,Malária,230440,Fortaleza,CE,2014,11
MALA,Malária,230440,Fortaleza,CE,2015,7
MALA,Malária,230440,Fortaleza,CE,2016,12
MALA,Malária,230440,Fortaleza,CE,2017,12
MALA,Malária,230440,Fortaleza,CE,2018,15
MALA,Malária,230440,Fortaleza,CE,2019,18
MALA,Malária,230440,Fortaleza,CE,2020,9
MALA,Malária,230440,Fortaleza,CE,2021,21
MALA,Malária,230440,Fortaleza,CE,2022,13
MALA,Malária,230440,Fortaleza,CE,2023,17
MALA,Malária,230440,Fortaleza,CE,2024,21
MALA,Malária,230445,Fortim,CE,2007,0
MALA,Malária,230445,Fortim,CE,2008,0
MALA,Malária,230445,Fortim,CE,2009,1
MALA,Malária,230445,Fortim,CE,2010,0
MALA,Malária,230445,Fortim,CE,2011,0
MALA,Malária,230445,Fortim,CE,2012,0
MALA,Malária,230445,Fortim,CE,2013,0
MALA,Malária,230445,Fortim,CE,2014,0
MALA,Malária,230445,Fortim,CE,2015,0
MALA,Malária,230445,Fortim,CE,2016,0
MALA,Malária,230445,Fortim,CE,2017,0
MALA,Malária,230445,Fortim,CE,2018,0
MALA,Malária,230445,Fortim,CE,2019,0
MALA,Malária,230445,Fortim,CE,2020,0
MALA,Malária,230445,Fortim,CE,2021,0
MALA,Malária,230445,Fortim,CE,2022,0
MALA,Malária,230445,Fortim,CE,2023,0
MALA,Malária,230445,Fortim,CE,2024,1
MALA,Malária,230450,Frecheirinha,CE,2007,1
MALA,Malária,230450,Frecheirinha,CE,2008,0
MALA,Malária,230450,Frecheirinha,CE,2009,0
MALA,Malária,230450,Frecheirinha,CE,2010,0
MALA,Malária,230450,Frecheirinha,CE,2011,0
MALA,Malária,230450,Frecheirinha,CE,2012,0
MALA,Malária,230450,Frecheirinha,CE,2013,0
MALA,Malária,230450,Frecheirinha,CE,2014,0
MALA,Malária,230450,Frecheirinha,CE,2015,0
MALA,Malária,230450,Frecheirinha,CE,2016,0
MALA,Malária,230450,Frecheirinha,CE,2017,0
MALA,Malária,230450,Frecheirinha,CE,2018,0
MALA,Malária,230450,Frecheirinha,CE,2019,0
MALA,Malária,230450,Frecheirinha,CE,2020,0
MALA,Malária,230450,Frecheirinha,CE,2021,0
MALA,Malária,230450,Frecheirinha,CE,2022,0
MALA,Malária,230450,Frecheirinha,CE,2023,0
MALA,Malária,230450,Frecheirinha,CE,2024,0
MALA,Malária,230470,Granja,CE,2007,0
MALA,Malária,230470,Granja,CE,2008,1
MALA,Malária,230470,Granja,CE,2009,0
MALA,Malária,230470,Granja,CE,2010,0
MALA,Malária,230470,Granja,CE,2011,0
MALA,Malária,230470,Granja,CE,2012,0
MALA,Malária,230470,Granja,CE,2013,0
MALA,Malária,230470,Granja,CE,2014,0
MALA,Malária,230470,Granja,CE,2015,0
MALA,Malária,230470,Granja,CE,2016,0
MALA,Malária,230470,Granja,CE,2017,0
MALA,Malária,230470,Granja,CE,2018,0
MALA,Malária,230470,Granja,CE,2019,0
MALA,Malária,230470,Granja,CE,2020,0
MALA,Malária,230470,Granja,CE,2021,0
MALA,Malária,230470,Granja,CE,2022,0
MALA,Malária,230470,Granja,CE,2023,0
MALA,Malária,230470,Granja,CE,2024,0
MALA,Malária,230523,Horizonte,CE,2007,0
MALA,Malária,230523,Horizonte,CE,2008,0
MALA,Malária,230523,Horizonte,CE,2009,0
MALA,Malária,230523,Horizonte,CE,2010,0
MALA,Malária,230523,Horizonte,CE,2011,0
MALA,Malária,230523,Horizonte,CE,2012,0
MALA,Malária,230523,Horizonte,CE,2013,1
MALA,Malária,230523,Horizonte,CE,2014,0
MALA,Malária,230523,Horizonte,CE,2015,0
MALA,Malária,230523,Horizonte,CE,2016,0
MALA,Malária,230523,Horizonte,CE,2017,0
MALA,Malária,230523,Horizonte,CE,2018,0
MALA,Malária,230523,Horizonte,CE,2019,0
MALA,Malária,230523,Horizonte,CE,2020,0
MALA,Malária,230523,Horizonte,CE,2021,0
MALA,Malária,230523,Horizonte,CE,2022,0
MALA,Malária,230523,Horizonte,CE,2023,0
MALA,Malária,230523,Horizonte,CE,2024,0
MALA,Malária,230550,Iguatu,CE,2007,1
MALA,Malária,230550,Iguatu,CE,2008,0
MALA,Malária,230550,Iguatu,CE,2009,0
MALA,Malária,230550,Iguatu,CE,2010,1
MALA,Malária,230550,Iguatu,CE,2011,0
MALA,Malária,230550,Iguatu,CE,2012,0
MALA,Malária,230550,Iguatu,CE,2013,0
MALA,Malária,230550,Iguatu,CE,2014,0
MALA,Malária,230550,Iguatu,CE,2015,0
MALA,Malária,230550,Iguatu,CE,2016,0
MALA,Malária,230550,Iguatu,CE,2017,0
MALA,Malária,230550,Iguatu,CE,2018,0
MALA,Malária,230550,Iguatu,CE,2019,0
MALA,Malária,230550,Iguatu,CE,2020,0
MALA,Malária,230550,Iguatu,CE,2021,0
MALA,Malária,230550,Iguatu,CE,2022,0
MALA,Malária,230550,Iguatu,CE,2023,0
MALA,Malária,230550,Iguatu,CE,2024,0
MALA,Malária,230565,Ipaporanga,CE,2007,0
MALA,Malária,230565,Ipaporanga,CE,2008,0
MALA,Malária,230565,Ipaporanga,CE,2009,0
MALA,Malária,230565,Ipaporanga,CE,2010,0
MALA,Malária,230565,Ipaporanga,CE,2011,0
MALA,Malária,230565,Ipaporanga,CE,2012,0
MALA,Malária,230565,Ipaporanga,CE,2013,0
MALA,Malária,230565,Ipaporanga,CE,2014,0
MALA,Malária,230565,Ipaporanga,CE,2015,0
MALA,Malária,230565,Ipaporanga,CE,2016,0
MALA,Malária,230565,Ipaporanga,CE,2017,0
MALA,Malária,230565,Ipaporanga,CE,2018,0
MALA,Malária,230565,Ipaporanga,CE,2019,1
MALA,Malária,230565,Ipaporanga,CE,2020,0
MALA,Malária,230565,Ipaporanga,CE,2021,0
MALA,Malária,230565,Ipaporanga,CE,2022,0
MALA,Malária,230565,Ipaporanga,CE,2023,0
MALA,Malária,230565,Ipaporanga,CE,2024,0
MALA,Malária,230610,Iraucuba,CE,2007,0
MALA,Malária,230610,Iraucuba,CE,2008,0
MALA,Malária,230610,Iraucuba,CE,2009,0
MALA,Malária,230610,Iraucuba,CE,2010,3
MALA,Malária,230610,Iraucuba,CE,2011,0
MALA,Malária,230610,Iraucuba,CE,2012,0
MALA,Malária,230610,Iraucuba,CE,2013,0
MALA,Malária,230610,Iraucuba,CE,2014,0
MALA,Malária,230610,Iraucuba,CE,2015,0
MALA,Malária,230610,Iraucuba,CE,2016,0
MALA,Malária,230610,Iraucuba,CE,2017,0
MALA,Malária,230610,Iraucuba,CE,2018,0
MALA,Malária,230610,Iraucuba,CE,2019,0
MALA,Malária,230610,Iraucuba,CE,2020,0
MALA,Malária,230610,Iraucuba,CE,2021,0
MALA,Malária,230610,Iraucuba,CE,2022,0
MALA,Malária,230610,Iraucuba,CE,2023,0
MALA,Malária,230610,Iraucuba,CE,2024,0
MALA,Malária,230620,Itaicaba,CE,2007,0
MALA,Malária,230620,Itaicaba,CE,2008,0
MALA,Malária,230620,Itaicaba,CE,2009,0
MALA,Malária,230620,Itaicaba,CE,2010,0
MALA,Malária,230620,Itaicaba,CE,2011,0
MALA,Malária,230620,Itaicaba,CE,2012,0
MALA,Malária,230620,Itaicaba,CE,2013,0
MALA,Malária,230620,Itaicaba,CE,2014,1
MALA,Malária,230620,Itaicaba,CE,2015,0
MALA,Malária,230620,Itaicaba,CE,2016,0
MALA,Malária,230620,Itaicaba,CE,2017,0
MALA,Malária,230620,Itaicaba,CE,2018,0
MALA,Malária,230620,Itaicaba,CE,2019,0
MALA,Malária,230620,Itaicaba,CE,2020,0
MALA,Malária,230620,Itaicaba,CE,2021,0
MALA,Malária,230620,Itaicaba,CE,2022,0
MALA,Malária,230620,Itaicaba,CE,2023,0
MALA,Malária,230620,Itaicaba,CE,2024,0
MALA,Malária,230630,Itapaje,CE,2007,0
MALA,Malária,230630,Itapaje,CE,2008,0
MALA,Malária,230630,Itapaje,CE,2009,0
MALA,Malária,230630,Itapaje,CE,2010,0
MALA,Malária,230630,Itapaje,CE,2011,1
MALA,Malária,230630,Itapaje,CE,2012,0
MALA,Malária,230630,Itapaje,CE,2013,0
MALA,Malária,230630,Itapaje,CE,2014,0
MALA,Malária,230630,Itapaje,CE,2015,0
MALA,Malária,230630,Itapaje,CE,2016,0
MALA,Malária,230630,Itapaje,CE,2017,0
MALA,Malária,230630,Itapaje,CE,2018,0
MALA,Malária,230630,Itapaje,CE,2019,0
MALA,Malária,230630,Itapaje,CE,2020,0
MALA,Malária,230630,Itapaje,CE,2021,0
MALA,Malária,230630,Itapaje,CE,2022,0
MALA,Malária,230630,Itapaje,CE,2023,0
MALA,Malária,230630,Itapaje,CE,2024,0
MALA,Malária,230640,Itapipoca,CE,2007,2
MALA,Malária,230640,Itapipoca,CE,2008,0
MALA,Malária,230640,Itapipoca,CE,2009,1
MALA,Malária,230640,Itapipoca,CE,2010,0
MALA,Malária,230640,Itapipoca,CE,2011,0
MALA,Malária,230640,Itapipoca,CE,2012,1
MALA,Malária,230640,Itapipoca,CE,2013,0
MALA,Malária,230640,Itapipoca,CE,2014,0
MALA,Malária,230640,Itapipoca,CE,2015,0
MALA,Malária,230640,Itapipoca,CE,2016,1
MALA,Malária,230640,Itapipoca,CE,2017,0
MALA,Malária,230640,Itapipoca,CE,2018,0
MALA,Malária,230640,Itapipoca,CE,2019,0
MALA,Malária,230640,Itapipoca,CE,2020,0
MALA,Malária,230640,Itapipoca,CE,2021,1
MALA,Malária,230640,Itapipoca,CE,2022,0
MALA,Malária,230640,Itapipoca,CE,2023,0
MALA,Malária,230640,Itapipoca,CE,2024,0
MALA,Malária,230730,Juazeiro do Norte,CE,2007,0
MALA,Malária,230730,Juazeiro do Norte,CE,2008,0
MALA,Malária,230730,Juazeiro do Norte,CE,2009,0
MALA,Malária,230730,Juazeiro do Norte,CE,2010,1
MALA,Malária,230730,Juazeiro do Norte,CE,2011,1
MALA,Malária,230730,Juazeiro do Norte,CE,2012,0
MALA,Malária,230730,Juazeiro do Norte,CE,2013,0
MALA,Malária,230730,Juazeiro do Norte,CE,2014,0
MALA,Malária,230730,Juazeiro do Norte,CE,2015,0
MALA,Malária,230730,Juazeiro do Norte,CE,2016,0
MALA,Malária,230730,Juazeiro do Norte,CE,2017,0
MALA,Malária,230730,Juazeiro do Norte,CE,2018,1
MALA,Malária,230730,Juazeiro do Norte,CE,2019,0
MALA,Malária,230730,Juazeiro do Norte,CE,2020,1
MALA,Malária,230730,Juazeiro do Norte,CE,2021,4
MALA,Malária,230730,Juazeiro do Norte,CE,2022,2
MALA,Malária,230730,Juazeiro do Norte,CE,2023,1
MALA,Malária,230730,Juazeiro do Norte,CE,2024,0
MALA,Malária,230760,Limoeiro do Norte,CE,2007,0
MALA,Malária,230760,Limoeiro do Norte,CE,2008,0
MALA,Malária,230760,Limoeiro do Norte,CE,2009,0
MALA,Malária,230760,Limoeiro do Norte,CE,2010,0
MALA,Malária,230760,Limoeiro do Norte,CE,2011,0
MALA,Malária,230760,Limoeiro do Norte,CE,2012,0
MALA,Malária,230760,Limoeiro do Norte,CE,2013,0
MALA,Malária,230760,Limoeiro do Norte,CE,2014,0
MALA,Malária,230760,Limoeiro do Norte,CE,2015,1
MALA,Malária,230760,Limoeiro do Norte,CE,2016,0
MALA,Malária,230760,Limoeiro do Norte,CE,2017,0
MALA,Malária,230760,Limoeiro do Norte,CE,2018,0
MALA,Malária,230760,Limoeiro do Norte,CE,2019,0
MALA,Malária,230760,Limoeiro do Norte,CE,2020,1
MALA,Malária,230760,Limoeiro do Norte,CE,2021,1
MALA,Malária,230760,Limoeiro do Norte,CE,2022,0
MALA,Malária,230760,Limoeiro do Norte,CE,2023,0
MALA,Malária,230760,Limoeiro do Norte,CE,2024,0
MALA,Malária,230800,Massape,CE,2007,0
MALA,Malária,230800,Massape,CE,2008,0
MALA,Malária,230800,Massape,CE,2009,0
MALA,Malária,230800,Massape,CE,2010,0
MALA,Malária,230800,Massape,CE,2011,0
MALA,Malária,230800,Massape,CE,2012,0
MALA,Malária,230800,Massape,CE,2013,0
MALA,Malária,230800,Massape,CE,2014,0
MALA,Malária,230800,Massape,CE,2015,0
MALA,Malária,230800,Massape,CE,2016,0
MALA,Malária,230800,Massape,CE,2017,0
MALA,Malária,230800,Massape,CE,2018,2
MALA,Malária,230800,Massape,CE,2019,0
MALA,Malária,230800,Massape,CE,2020,0
MALA,Malária,230800,Massape,CE,2021,0
MALA,Malária,230800,Massape,CE,2022,0
MALA,Malária,230800,Massape,CE,2023,0
MALA,Malária,230800,Massape,CE,2024,0
MALA,Malária,230870,Morada Nova,CE,2007,0
MALA,Malária,230870,Morada Nova,CE,2008,0
MALA,Malária,230870,Morada Nova,CE,2009,0
MALA,Malária,230870,Morada Nova,CE,2010,0
MALA,Malária,230870,Morada Nova,CE,2011,1
MALA,Malária,230870,Morada Nova,CE,2012,0
MALA,Malária,230870,Morada Nova,CE,2013,0
MALA,Malária,230870,Morada Nova,CE,2014,0
MALA,Malária,230870,Morada Nova,CE,2015,0
MALA,Malária,230870,Morada Nova,CE,2016,0
MALA,Malária,230870,Morada Nova,CE,2017,0
MALA,Malária,230870,Morada Nova,CE,2018,0
MALA,Malária,230870,Morada Nova,CE,2019,0
MALA,Malária,230870,Morada Nova,CE,2020,0
MALA,Malária,230870,Morada Nova,CE,2021,0
MALA,Malária,230870,Morada Nova,CE,2022,0
MALA,Malária,230870,Morada Nova,CE,2023,0
MALA,Malária,230870,Morada Nova,CE,2024,0
MALA,Malária,230940,Novo Oriente,CE,2007,0
MALA,Malária,230940,Novo Oriente,CE,2008,0
MALA,Malária,230940,Novo Oriente,CE,2009,0
MALA,Malária,230940,Novo Oriente,CE,2010,0
MALA,Malária,230940,Novo Oriente,CE,2011,0
MALA,Malária,230940,Novo Oriente,CE,2012,1
MALA,Malária,230940,Novo Oriente,CE,2013,0
MALA,Malária,230940,Novo Oriente,CE,2014,0
MALA,Malária,230940,Novo Oriente,CE,2015,0
MALA,Malária,230940,Novo Oriente,CE,2016,0
MALA,Malária,230940,Novo Oriente,CE,2017,0
MALA,Malária,230940,Novo Oriente,CE,2018,0
MALA,Malária,230940,Novo Oriente,CE,2019,0
MALA,Malária,230940,Novo Oriente,CE,2020,0
MALA,Malária,230940,Novo Oriente,CE,2021,0
MALA,Malária,230940,Novo Oriente,CE,2022,0
MALA,Malária,230940,Novo Oriente,CE,2023,0
MALA,Malária,230940,Novo Oriente,CE,2024,0
MALA,Malária,231020,Paracuru,CE,2007,0
MALA,Malária,231020,Paracuru,CE,2008,0
MALA,Malária,231020,Paracuru,CE,2009,0
MALA,Malária,231020,Paracuru,CE,2010,0
MALA,Malária,231020,Paracuru,CE,2011,0
MALA,Malária,231020,Paracuru,CE,2012,1
MALA,Malária,231020,Paracuru,CE,2013,0
MALA,Malária,231020,Paracuru,CE,2014,0
MALA,Malária,231020,Paracuru,CE,2015,0
MALA,Malária,231020,Paracuru,CE,2016,0
MALA,Malária,231020,Paracuru,CE,2017,0
MALA,Malária,231020,Paracuru,CE,2018,0
MALA,Malária,231020,Paracuru,CE,2019,0
MALA,Malária,231020,Paracuru,CE,2020,0
MALA,Malária,231020,Paracuru,CE,2021,0
MALA,Malária,231020,Paracuru,CE,2022,0
MALA,Malária,231020,Paracuru,CE,2023,0
MALA,Malária,231020,Paracuru,CE,2024,0
MALA,Malária,231030,Parambu,CE,2007,0
MALA,Malária,231030,Parambu,CE,2008,0
MALA,Malária,231030,Parambu,CE,2009,0
MALA,Malária,231030,Parambu,CE,2010,0
MALA,Malária,231030,Parambu,CE,2011,0
MALA,Malária,231030,Parambu,CE,2012,1
MALA,Malária,231030,Parambu,CE,2013,0
MALA,Malária,231030,Parambu,CE,2014,0
MALA,Malária,231030,Parambu,CE,2015,0
MALA,Malária,231030,Parambu,CE,2016,0
MALA,Malária,231030,Parambu,CE,2017,0
MALA,Malária,231030,Parambu,CE,2018,0
MALA,Malária,231030,Parambu,CE,2019,0
MALA,Malária,231030,Parambu,CE,2020,0
MALA,Malária,231030,Parambu,CE,2021,0
MALA,Malária,231030,Parambu,CE,2022,0
MALA,Malária,231030,Parambu,CE,2023,0
MALA,Malária,231030,Parambu,CE,2024,1
MALA,Malária,231126,Quiterianopolis,CE,2007,0
MALA,Malária,231126,Quiterianopolis,CE,2008,0
MALA,Malária,231126,Quiterianopolis,CE,2009,0
MALA,Malária,231126,Quiterianopolis,CE,2010,0
MALA,Malária,231126,Quiterianopolis,CE,2011,0
MALA,Malária,231126,Quiterianopolis,CE,2012,0
MALA,Malária,231126,Quiterianopolis,CE,2013,2
MALA,Malária,231126,Quiterianopolis,CE,2014,0
MALA,Malária,231126,Quiterianopolis,CE,2015,0
MALA,Malária,231126,Quiterianopolis,CE,2016,0
MALA,Malária,231126,Quiterianopolis,CE,2017,0
MALA,Malária,231126,Quiterianopolis,CE,2018,0
MALA,Malária,231126,Quiterianopolis,CE,2019,0
MALA,Malária,231126,Quiterianopolis,CE,2020,0
MALA,Malária,231126,Quiterianopolis,CE,2021,0
MALA,Malária,231126,Quiterianopolis,CE,2022,0
MALA,Malária,231126,Quiterianopolis,CE,2023,0
MALA,Malária,231126,Quiterianopolis,CE,2024,0
MALA,Malária,231230,Sao Benedito,CE,2007,0
MALA,Malária,231230,Sao Benedito,CE,2008,0
MALA,Malária,231230,Sao Benedito,CE,2009,1
MALA,Malária,231230,Sao Benedito,CE,2010,0
MALA,Malária,231230,Sao Benedito,CE,2011,0
MALA,Malária,231230,Sao Benedito,CE,2012,0
MALA,Malária,231230,Sao Benedito,CE,2013,0
MALA,Malária,231230,Sao Benedito,CE,2014,0
MALA,Malária,231230,Sao Benedito,CE,2015,0
MALA,Malária,231230,Sao Benedito,CE,2016,0
MALA,Malária,231230,Sao Benedito,CE,2017,0
MALA,Malária,231230,Sao Benedito,CE,2018,0
MALA,Malária,231230,Sao Benedito,CE,2019,0
MALA,Malária,231230,Sao Benedito,CE,2020,0
MALA,Malária,231230,Sao Benedito,CE,2021,0
MALA,Malária,231230,Sao Benedito,CE,2022,0
MALA,Malária,231230,Sao Benedito,CE,2023,0
MALA,Malária,231230,Sao Benedito,CE,2024,0
MALA,Malária,231290,Sobral,CE,2007,3
MALA,Malária,231290,Sobral,CE,2008,0
MALA,Malária,231290,Sobral,CE,2009,2
MALA,Malária,231290,Sobral,CE,2010,4
MALA,Malária,231290,Sobral,CE,2011,1
MALA,Malária,231290,Sobral,CE,2012,0
MALA,Malária,231290,Sobral,CE,2013,0
MALA,Malária,231290,Sobral,CE,2014,0
MALA,Malária,231290,Sobral,CE,2015,0
MALA,Malária,231290,Sobral,CE,2016,0
MALA,Malária,231290,Sobral,CE,2017,0
MALA,Malária,231290,Sobral,CE,2018,0
MALA,Malária,231290,Sobral,CE,2019,0
MALA,Malária,231290,Sobral,CE,2020,0
MALA,Malária,231290,Sobral,CE,2021,0
MALA,Malária,231290,Sobral,CE,2022,0
MALA,Malária,231290,Sobral,CE,2023,0
MALA,Malária,231290,Sobral,CE,2024,0
MALA,Malária,231310,Tabuleiro do Norte,CE,2007,0
MALA,Malária,231310,Tabuleiro do Norte,CE,2008,0
MALA,Malária,231310,Tabuleiro do Norte,CE,2009,1
MALA,Malária,231310,Tabuleiro do Norte,CE,2010,0
MALA,Malária,231310,Tabuleiro do Norte,CE,2011,0
MALA,Malária,231310,Tabuleiro do Norte,CE,2012,0
MALA,Malária,231310,Tabuleiro do Norte,CE,2013,0
MALA,Malária,231310,Tabuleiro do Norte,CE,2014,0
MALA,Malária,231310,Tabuleiro do Norte,CE,2015,0
MALA,Malária,231310,Tabuleiro do Norte,CE,2016,0
MALA,Malária,231310,Tabuleiro do Norte,CE,2017,0
MALA,Malária,231310,Tabuleiro do Norte,CE,2018,0
MALA,Malária,231310,Tabuleiro do Norte,CE,2019,0
MALA,Malária,231310,Tabuleiro do Norte,CE,2020,1
MALA,Malária,231310,Tabuleiro do Norte,CE,2021,0
MALA,Malária,231310,Tabuleiro do Norte,CE,2022,1
MALA,Malária,231310,Tabuleiro do Norte,CE,2023,0
MALA,Malária,231310,Tabuleiro do Norte,CE,2024,1
MALA,Malária,231340,Tiangua,CE,2007,0
MALA,Malária,231340,Tiangua,CE,2008,0
MALA,Malária,231340,Tiangua,CE,2009,0
MALA,Malária,231340,Tiangua,CE,2010,2
MALA,Malária,231340,Tiangua,CE,2011,0
MALA,Malária,231340,Tiangua,CE,2012,0
MALA,Malária,231340,Tiangua,CE,2013,0
MALA,Malária,231340,Tiangua,CE,2014,0
MALA,Malária,231340,Tiangua,CE,2015,0
MALA,Malária,231340,Tiangua,CE,2016,0
MALA,Malária,231340,Tiangua,CE,2017,0
MALA,Malária,231340,Tiangua,CE,2018,0
MALA,Malária,231340,Tiangua,CE,2019,0
MALA,Malária,231340,Tiangua,CE,2020,0
MALA,Malária,231340,Tiangua,CE,2021,0
MALA,Malária,231340,Tiangua,CE,2022,1
MALA,Malária,231340,Tiangua,CE,2023,0
MALA,Malária,231340,Tiangua,CE,2024,0
MALA,Malária,231350,Trairi,CE,2007,0
MALA,Malária,231350,Trairi,CE,2008,0
MALA,Malária,231350,Trairi,CE,2009,0
MALA,Malária,231350,Trairi,CE,2010,0
MALA,Malária,231350,Trairi,CE,2011,0
MALA,Malária,231350,Trairi,CE,2012,0
MALA,Malária,231350,Trairi,CE,2013,0
MALA,Malária,231350,Trairi,CE,2014,0
MALA,Malária,231350,Trairi,CE,2015,2
MALA,Malária,231350,Trairi,CE,2016,0
MALA,Malária,231350,Trairi,CE,2017,0
MALA,Malária,231350,Trairi,CE,2018,0
MALA,Malária,231350,Trairi,CE,2019,0
MALA,Malária,231350,Trairi,CE,2020,0
MALA,Malária,231350,Trairi,CE,2021,2
MALA,Malária,231350,Trairi,CE,2022,1
MALA,Malária,231350,Trairi,CE,2023,0
MALA,Malária,231350,Trairi,CE,2024,0
MALA,Malária,231360,Ubajara,CE,2007,0
MALA,Malária,231360,Ubajara,CE,2008,0
MALA,Malária,231360,Ubajara,CE,2009,1
MALA,Malária,231360,Ubajara,CE,2010,0
MALA,Malária,231360,Ubajara,CE,2011,0
MALA,Malária,231360,Ubajara,CE,2012,0
MALA,Malária,231360,Ubajara,CE,2013,0
MALA,Malária,231360,Ubajara,CE,2014,0
MALA,Malária,231360,Ubajara,CE,2015,0
MALA,Malária,231360,Ubajara,CE,2016,0
MALA,Malária,231360,Ubajara,CE,2017,0
MALA,Malária,231360,Ubajara,CE,2018,0
MALA,Malária,231360,Ubajara,CE,2019,0
MALA,Malária,231360,Ubajara,CE,2020,0
MALA,Malária,231360,Ubajara,CE,2021,0
MALA,Malária,231360,Ubajara,CE,2022,0
MALA,Malária,231360,Ubajara,CE,2023,0
MALA,Malária,231360,Ubajara,CE,2024,0
MALA,Malária,231375,Umirim,CE,2007,0
MALA,Malária,231375,Umirim,CE,2008,0
MALA,Malária,231375,Umirim,CE,2009,0
MALA,Malária,231375,Umirim,CE,2010,0
MALA,Malária,231375,Umirim,CE,2011,0
MALA,Malária,231375,Umirim,CE,2012,0
MALA,Malária,231375,Umirim,CE,2013,0
MALA,Malária,231375,Umirim,CE,2014,0
MALA,Malária,231375,Umirim,CE,2015,0
MALA,Malária,231375,Umirim,CE,2016,0
MALA,Malária,231375,Umirim,CE,2017,2
MALA,Malária,231375,Umirim,CE,2018,0
MALA,Malária,231375,Umirim,CE,2019,0
MALA,Malária,231375,Umirim,CE,2020,0
MALA,Malária,231375,Umirim,CE,2021,0
MALA,Malária,231375,Umirim,CE,2022,0
MALA,Malária,231375,Umirim,CE,2023,0
MALA,Malária,231375,Umirim,CE,2024,0
MALA,Malária,231400,Varzea Alegre,CE,2007,1
MALA,Malária,231400,Varzea Alegre,CE,2008,0
MALA,Malária,231400,Varzea Alegre,CE,2009,0
MALA,Malária,231400,Varzea Alegre,CE,2010,0
MALA,Malária,231400,Varzea Alegre,CE,2011,0
MALA,Malária,231400,Varzea Alegre,CE,2012,0
MALA,Malária,231400,Varzea Alegre,CE,2013,0
MALA,Malária,231400,Varzea Alegre,CE,2014,0
MALA,Malária,231400,Varzea Alegre,CE,2015,0
MALA,Malária,231400,Varzea Alegre,CE,2016,0
MALA,Malária,231400,Varzea Alegre,CE,2017,0
MALA,Malária,231400,Varzea Alegre,CE,2018,0
MALA,Malária,231400,Varzea Alegre,CE,2019,0
MALA,Malária,231400,Varzea Alegre,CE,2020,0
MALA,Malária,231400,Varzea Alegre,CE,2021,0
MALA,Malária,231400,Varzea Alegre,CE,2022,0
MALA,Malária,231400,Varzea Alegre,CE,2023,0
MALA,Malária,231400,Varzea Alegre,CE,2024,0
MALA,Malária,231410,Vicosa do Ceara,CE,2007,1
MALA,Malária,231410,Vicosa do Ceara,CE,2008,0
MALA,Malária,231410,Vicosa do Ceara,CE,2009,1
MALA,Malária,231410,Vicosa do Ceara,CE,2010,2
MALA,Malária,231410,Vicosa do Ceara,CE,2011,1
MALA,Malária,231410,Vicosa do Ceara,CE,2012,0
MALA,Malária,231410,Vicosa do Ceara,CE,2013,0
MALA,Malária,231410,Vicosa do Ceara,CE,2014,1
MALA,Malária,231410,Vicosa do Ceara,CE,2015,0
MALA,Malária,231410,Vicosa do Ceara,CE,2016,0
MALA,Malária,231410,Vicosa do Ceara,CE,2017,0
MALA,Malária,231410,Vicosa do Ceara,CE,2018,0
MALA,Malária,231410,Vicosa do Ceara,CE,2019,0
MALA,Malária,231410,Vicosa do Ceara,CE,2020,0
MALA,Malária,231410,Vicosa do Ceara,CE,2021,1
MALA,Malária,231410,Vicosa do Ceara,CE,2022,0
MALA,Malária,231410,Vicosa do Ceara,CE,2023,1
MALA,Malária,231410,Vicosa do Ceara,CE,2024,0
MALA,Malária,530010,Brasilia,DF,2007,41
MALA,Malária,530010,Brasilia,DF,2008,25
MALA,Malária,530010,Brasilia,DF,2009,29
MALA,Malária,530010,Brasilia,DF,2010,53
MALA,Malária,530010,Brasilia,DF,2011,41
MALA,Malária,530010,Brasilia,DF,2012,28
MALA,Malária,530010,Brasilia,DF,2013,25
MALA,Malária,530010,Brasilia,DF,2014,14
MALA,Malária,530010,Brasilia,DF,2015,24
MALA,Malária,530010,Brasilia,DF,2016,28
MALA,Malária,530010,Brasilia,DF,2017,32
MALA,Malária,530010,Brasilia,DF,2018,21
MALA,Malária,530010,Brasilia,DF,2019,27
MALA,Malária,530010,Brasilia,DF,2020,13
MALA,Malária,530010,Brasilia,DF,2021,20
MALA,Malária,530010,Brasilia,DF,2022,30
MALA,Malária,530010,Brasilia,DF,2023,49
MALA,Malária,530010,Brasilia,DF,2024,44
MALA,Malária,320010,Afonso Claudio,ES,2007,0
MALA,Malária,320010,Afonso Claudio,ES,2008,0
MALA,Malária,320010,Afonso Claudio,ES,2009,0
MALA,Malária,320010,Afonso Claudio,ES,2010,0
MALA,Malária,320010,Afonso Claudio,ES,2011,0
MALA,Malária,320010,Afonso Claudio,ES,2012,0
MALA,Malária,320010,Afonso Claudio,ES,2013,0
MALA,Malária,320010,Afonso Claudio,ES,2014,1
MALA,Malária,320010,Afonso Claudio,ES,2015,0
MALA,Malária,320010,Afonso Claudio,ES,2016,0
MALA,Malária,320010,Afonso Claudio,ES,2017,0
MALA,Malária,320010,Afonso Claudio,ES,2018,1
MALA,Malária,320010,Afonso Claudio,ES,2019,0
MALA,Malária,320010,Afonso Claudio,ES,2020,0
MALA,Malária,320010,Afonso Claudio,ES,2021,0
MALA,Malária,320010,Afonso Claudio,ES,2022,0
MALA,Malária,320010,Afonso Claudio,ES,2023,0
MALA,Malária,320010,Afonso Claudio,ES,2024,0
MALA,Malária,320013,Aguia Branca,ES,2007,1
MALA,Malária,320013,Aguia Branca,ES,2008,1
MALA,Malária,320013,Aguia Branca,ES,2009,0
MALA,Malária,320013,Aguia Branca,ES,2010,0
MALA,Malária,320013,Aguia Branca,ES,2011,0
MALA,Malária,320013,Aguia Branca,ES,2012,0
MALA,Malária,320013,Aguia Branca,ES,2013,0
MALA,Malária,320013,Aguia Branca,ES,2014,0
MALA,Malária,320013,Aguia Branca,ES,2015,0
MALA,Malária,320013,Aguia Branca,ES,2016,0
MALA,Malária,320013,Aguia Branca,ES,2017,0
MALA,Malária,320013,Aguia Branca,ES,2018,0
MALA,Malária,320013,Aguia Branca,ES,2019,0
MALA,Malária,320013,Aguia Branca,ES,2020,0
MALA,Malária,320013,Aguia Branca,ES,2021,1
MALA,Malária,320013,Aguia Branca,ES,2022,0
MALA,Malária,320013,Aguia Branca,ES,2023,0
MALA,Malária,320013,Aguia Branca,ES,2024,0
MALA,Malária,320016,Agua Doce do Norte,ES,2007,0
MALA,Malária,320016,Agua Doce do Norte,ES,2008,0
MALA,Malária,320016,Agua Doce do Norte,ES,2009,1
MALA,Malária,320016,Agua Doce do Norte,ES,2010,1
MALA,Malária,320016,Agua Doce do Norte,ES,2011,3
MALA,Malária,320016,Agua Doce do Norte,ES,2012,0
MALA,Malária,320016,Agua Doce do Norte,ES,2013,0
MALA,Malária,320016,Agua Doce do Norte,ES,2014,0
MALA,Malária,320016,Agua Doce do Norte,ES,2015,0
MALA,Malária,320016,Agua Doce do Norte,ES,2016,0
MALA,Malária,320016,Agua Doce do Norte,ES,2017,0
MALA,Malária,320016,Agua Doce do Norte,ES,2018,0
MALA,Malária,320016,Agua Doce do Norte,ES,2019,0
MALA,Malária,320016,Agua Doce do Norte,ES,2020,0
MALA,Malária,320016,Agua Doce do Norte,ES,2021,0
MALA,Malária,320016,Agua Doce do Norte,ES,2022,0
MALA,Malária,320016,Agua Doce do Norte,ES,2023,0
MALA,Malária,320016,Agua Doce do Norte,ES,2024,0
MALA,Malária,320030,Alfredo Chaves,ES,2007,2
MALA,Malária,320030,Alfredo Chaves,ES,2008,7
MALA,Malária,320030,Alfredo Chaves,ES,2009,0
MALA,Malária,320030,Alfredo Chaves,ES,2010,2
MALA,Malária,320030,Alfredo Chaves,ES,2011,6
MALA,Malária,320030,Alfredo Chaves,ES,2012,1
MALA,Malária,320030,Alfredo Chaves,ES,2013,2
MALA,Malária,320030,Alfredo Chaves,ES,2014,3
MALA,Malária,320030,Alfredo Chaves,ES,2015,2
MALA,Malária,320030,Alfredo Chaves,ES,2016,3
MALA,Malária,320030,Alfredo Chaves,ES,2017,3
MALA,Malária,320030,Alfredo Chaves,ES,2018,0
MALA,Malária,320030,Alfredo Chaves,ES,2019,0
MALA,Malária,320030,Alfredo Chaves,ES,2020,0
MALA,Malária,320030,Alfredo Chaves,ES,2021,0
MALA,Malária,320030,Alfredo Chaves,ES,2022,0
MALA,Malária,320030,Alfredo Chaves,ES,2023,0
MALA,Malária,320030,Alfredo Chaves,ES,2024,0
MALA,Malária,320040,Anchieta,ES,2007,1
MALA,Malária,320040,Anchieta,ES,2008,1
MALA,Malária,320040,Anchieta,ES,2009,0
MALA,Malária,320040,Anchieta,ES,2010,0
MALA,Malária,320040,Anchieta,ES,2011,0
MALA,Malária,320040,Anchieta,ES,2012,0
MALA,Malária,320040,Anchieta,ES,2013,0
MALA,Malária,320040,Anchieta,ES,2014,0
MALA,Malária,320040,Anchieta,ES,2015,0
MALA,Malária,320040,Anchieta,ES,2016,0
MALA,Malária,320040,Anchieta,ES,2017,0
MALA,Malária,320040,Anchieta,ES,2018,0
MALA,Malária,320040,Anchieta,ES,2019,0
MALA,Malária,320040,Anchieta,ES,2020,0
MALA,Malária,320040,Anchieta,ES,2021,0
MALA,Malária,320040,Anchieta,ES,2022,0
MALA,Malária,320040,Anchieta,ES,2023,0
MALA,Malária,320040,Anchieta,ES,2024,0
MALA,Malária,320060,Aracruz,ES,2007,1
MALA,Malária,320060,Aracruz,ES,2008,2
MALA,Malária,320060,Aracruz,ES,2009,1
MALA,Malária,320060,Aracruz,ES,2010,0
MALA,Malária,320060,Aracruz,ES,2011,0
MALA,Malária,320060,Aracruz,ES,2012,0
MALA,Malária,320060,Aracruz,ES,2013,0
MALA,Malária,320060,Aracruz,ES,2014,0
MALA,Malária,320060,Aracruz,ES,2015,0
MALA,Malária,320060,Aracruz,ES,2016,0
MALA,Malária,320060,Aracruz,ES,2017,0
MALA,Malária,320060,Aracruz,ES,2018,0
MALA,Malária,320060,Aracruz,ES,2019,0
MALA,Malária,320060,Aracruz,ES,2020,0
MALA,Malária,320060,Aracruz,ES,2021,0
MALA,Malária,320060,Aracruz,ES,2022,0
MALA,Malária,320060,Aracruz,ES,2023,0
MALA,Malária,320060,Aracruz,ES,2024,0
MALA,Malária,320080,Baixo Guandu,ES,2007,2
MALA,Malária,320080,Baixo Guandu,ES,2008,0
MALA,Malária,320080,Baixo Guandu,ES,2009,2
MALA,Malária,320080,Baixo Guandu,ES,2010,2
MALA,Malária,320080,Baixo Guandu,ES,2011,2
MALA,Malária,320080,Baixo Guandu,ES,2012,0
MALA,Malária,320080,Baixo Guandu,ES,2013,0
MALA,Malária,320080,Baixo Guandu,ES,2014,3
MALA,Malária,320080,Baixo Guandu,ES,2015,1
MALA,Malária,320080,Baixo Guandu,ES,2016,1
MALA,Malária,320080,Baixo Guandu,ES,2017,0
MALA,Malária,320080,Baixo Guandu,ES,2018,0
MALA,Malária,320080,Baixo Guandu,ES,2019,1
MALA,Malária,320080,Baixo Guandu,ES,2020,0
MALA,Malária,320080,Baixo Guandu,ES,2021,0
MALA,Malária,320080,Baixo Guandu,ES,2022,0
MALA,Malária,320080,Baixo Guandu,ES,2023,0
MALA,Malária,320080,Baixo Guandu,ES,2024,0
MALA,Malária,320090,Barra de Sao Francisco,ES,2007,4
MALA,Malária,320090,Barra de Sao Francisco,ES,2008,3
MALA,Malária,320090,Barra de Sao Francisco,ES,2009,0
MALA,Malária,320090,Barra de Sao Francisco,ES,2010,17
MALA,Malária,320090,Barra de Sao Francisco,ES,2011,4
MALA,Malária,320090,Barra de Sao Francisco,ES,2012,0
MALA,Malária,320090,Barra de Sao Francisco,ES,2013,0
MALA,Malária,320090,Barra de Sao Francisco,ES,2014,0
MALA,Malária,320090,Barra de Sao Francisco,ES,2015,0
MALA,Malária,320090,Barra de Sao Francisco,ES,2016,0
MALA,Malária,320090,Barra de Sao Francisco,ES,2017,0
MALA,Malária,320090,Barra de Sao Francisco,ES,2018,18
MALA,Malária,320090,Barra de Sao Francisco,ES,2019,2
MALA,Malária,320090,Barra de Sao Francisco,ES,2020,0
MALA,Malária,320090,Barra de Sao Francisco,ES,2021,0
MALA,Malária,320090,Barra de Sao Francisco,ES,2022,0
MALA,Malária,320090,Barra de Sao Francisco,ES,2023,0
MALA,Malária,320090,Barra de Sao Francisco,ES,2024,0
MALA,Malária,320100,Boa Esperanca,ES,2007,2
MALA,Malária,320100,Boa Esperanca,ES,2008,3
MALA,Malária,320100,Boa Esperanca,ES,2009,0
MALA,Malária,320100,Boa Esperanca,ES,2010,0
MALA,Malária,320100,Boa Esperanca,ES,2011,0
MALA,Malária,320100,Boa Esperanca,ES,2012,0
MALA,Malária,320100,Boa Esperanca,ES,2013,0
MALA,Malária,320100,Boa Esperanca,ES,2014,0
MALA,Malária,320100,Boa Esperanca,ES,2015,0
MALA,Malária,320100,Boa Esperanca,ES,2016,0
MALA,Malária,320100,Boa Esperanca,ES,2017,0
MALA,Malária,320100,Boa Esperanca,ES,2018,0
MALA,Malária,320100,Boa Esperanca,ES,2019,0
MALA,Malária,320100,Boa Esperanca,ES,2020,0
MALA,Malária,320100,Boa Esperanca,ES,2021,0
MALA,Malária,320100,Boa Esperanca,ES,2022,0
MALA,Malária,320100,Boa Esperanca,ES,2023,0
MALA,Malária,320100,Boa Esperanca,ES,2024,0
MALA,Malária,320120,Cachoeiro de Itapemirim,ES,2007,0
MALA,Malária,320120,Cachoeiro de Itapemirim,ES,2008,0
MALA,Malária,320120,Cachoeiro de Itapemirim,ES,2009,1
MALA,Malária,320120,Cachoeiro de Itapemirim,ES,2010,0
MALA,Malária,320120,Cachoeiro de Itapemirim,ES,2011,1
MALA,Malária,320120,Cachoeiro de Itapemirim,ES,2012,1
MALA,Malária,320120,Cachoeiro de Itapemirim,ES,2013,0
MALA,Malária,320120,Cachoeiro de Itapemirim,ES,2014,1
MALA,Malária,320120,Cachoeiro de Itapemirim,ES,2015,1
MALA,Malária,320120,Cachoeiro de Itapemirim,ES,2016,0
MALA,Malária,320120,Cachoeiro de Itapemirim,ES,2017,2
MALA,Malária,320120,Cachoeiro de Itapemirim,ES,2018,0
MALA,Malária,320120,Cachoeiro de Itapemirim,ES,2019,0
MALA,Malária,320120,Cachoeiro de Itapemirim,ES,2020,0
MALA,Malária,320120,Cachoeiro de Itapemirim,ES,2021,0
MALA,Malária,320120,Cachoeiro de Itapemirim,ES,2022,0
MALA,Malária,320120,Cachoeiro de Itapemirim,ES,2023,0
MALA,Malária,320120,Cachoeiro de Itapemirim,ES,2024,0
MALA,Malária,320130,Cariacica,ES,2007,1
MALA,Malária,320130,Cariacica,ES,2008,2
MALA,Malária,320130,Cariacica,ES,2009,1
MALA,Malária,320130,Cariacica,ES,2010,2
MALA,Malária,320130,Cariacica,ES,2011,3
MALA,Malária,320130,Cariacica,ES,2012,3
MALA,Malária,320130,Cariacica,ES,2013,2
MALA,Malária,320130,Cariacica,ES,2014,1
MALA,Malária,320130,Cariacica,ES,2015,3
MALA,Malária,320130,Cariacica,ES,2016,3
MALA,Malária,320130,Cariacica,ES,2017,6
MALA,Malária,320130,Cariacica,ES,2018,1
MALA,Malária,320130,Cariacica,ES,2019,0
MALA,Malária,320130,Cariacica,ES,2020,0
MALA,Malária,320130,Cariacica,ES,2021,0
MALA,Malária,320130,Cariacica,ES,2022,0
MALA,Malária,320130,Cariacica,ES,2023,0
MALA,Malária,320130,Cariacica,ES,2024,2
MALA,Malária,320140,Castelo,ES,2007,0
MALA,Malária,320140,Castelo,ES,2008,0
MALA,Malária,320140,Castelo,ES,2009,0
MALA,Malária,320140,Castelo,ES,2010,0
MALA,Malária,320140,Castelo,ES,2011,0
MALA,Malária,320140,Castelo,ES,2012,1
MALA,Malária,320140,Castelo,ES,2013,0
MALA,Malária,320140,Castelo,ES,2014,0
MALA,Malária,320140,Castelo,ES,2015,0
MALA,Malária,320140,Castelo,ES,2016,0
MALA,Malária,320140,Castelo,ES,2017,0
MALA,Malária,320140,Castelo,ES,2018,0
MALA,Malária,320140,Castelo,ES,2019,0
MALA,Malária,320140,Castelo,ES,2020,0
MALA,Malária,320140,Castelo,ES,2021,0
MALA,Malária,320140,Castelo,ES,2022,0
MALA,Malária,320140,Castelo,ES,2023,0
MALA,Malária,320140,Castelo,ES,2024,0
MALA,Malária,320150,Colatina,ES,2007,3
MALA,Malária,320150,Colatina,ES,2008,4
MALA,Malária,320150,Colatina,ES,2009,2
MALA,Malária,320150,Colatina,ES,2010,2
MALA,Malária,320150,Colatina,ES,2011,4
MALA,Malária,320150,Colatina,ES,2012,4
MALA,Malária,320150,Colatina,ES,2013,0
MALA,Malária,320150,Colatina,ES,2014,0
MALA,Malária,320150,Colatina,ES,2015,0
MALA,Malária,320150,Colatina,ES,2016,0
MALA,Malária,320150,Colatina,ES,2017,0
MALA,Malária,320150,Colatina,ES,2018,0
MALA,Malária,320150,Colatina,ES,2019,0
MALA,Malária,320150,Colatina,ES,2020,0
MALA,Malária,320150,Colatina,ES,2021,1
MALA,Malária,320150,Colatina,ES,2022,0
MALA,Malária,320150,Colatina,ES,2023,0
MALA,Malária,320150,Colatina,ES,2024,0
MALA,Malária,320170,Conceicao do Castelo,ES,2007,1
MALA,Malária,320170,Conceicao do Castelo,ES,2008,0
MALA,Malária,320170,Conceicao do Castelo,ES,2009,0
MALA,Malária,320170,Conceicao do Castelo,ES,2010,1
MALA,Malária,320170,Conceicao do Castelo,ES,2011,0
MALA,Malária,320170,Conceicao do Castelo,ES,2012,0
MALA,Malária,320170,Conceicao do Castelo,ES,2013,0
MALA,Malária,320170,Conceicao do Castelo,ES,2014,0
MALA,Malária,320170,Conceicao do Castelo,ES,2015,0
MALA,Malária,320170,Conceicao do Castelo,ES,2016,0
MALA,Malária,320170,Conceicao do Castelo,ES,2017,0
MALA,Malária,320170,Conceicao do Castelo,ES,2018,0
MALA,Malária,320170,Conceicao do Castelo,ES,2019,0
MALA,Malária,320170,Conceicao do Castelo,ES,2020,0
MALA,Malária,320170,Conceicao do Castelo,ES,2021,0
MALA,Malária,320170,Conceicao do Castelo,ES,2022,0
MALA,Malária,320170,Conceicao do Castelo,ES,2023,1
MALA,Malária,320170,Conceicao do Castelo,ES,2024,0
MALA,Malária,320190,Domingos Martins,ES,2007,12
MALA,Malária,320190,Domingos Martins,ES,2008,17
MALA,Malária,320190,Domingos Martins,ES,2009,7
MALA,Malária,320190,Domingos Martins,ES,2010,6
MALA,Malária,320190,Domingos Martins,ES,2011,5
MALA,Malária,320190,Domingos Martins,ES,2012,0
MALA,Malária,320190,Domingos Martins,ES,2013,9
MALA,Malária,320190,Domingos Martins,ES,2014,1
MALA,Malária,320190,Domingos Martins,ES,2015,10
MALA,Malária,320190,Domingos Martins,ES,2016,8
MALA,Malária,320190,Domingos Martins,ES,2017,5
MALA,Malária,320190,Domingos Martins,ES,2018,1
MALA,Malária,320190,Domingos Martins,ES,2019,0
MALA,Malária,320190,Domingos Martins,ES,2020,0
MALA,Malária,320190,Domingos Martins,ES,2021,0
MALA,Malária,320190,Domingos Martins,ES,2022,0
MALA,Malária,320190,Domingos Martins,ES,2023,0
MALA,Malária,320190,Domingos Martins,ES,2024,1
MALA,Malária,320210,Ecoporanga,ES,2007,1
MALA,Malária,320210,Ecoporanga,ES,2008,1
MALA,Malária,320210,Ecoporanga,ES,2009,0
MALA,Malária,320210,Ecoporanga,ES,2010,2
MALA,Malária,320210,Ecoporanga,ES,2011,0
MALA,Malária,320210,Ecoporanga,ES,2012,0
MALA,Malária,320210,Ecoporanga,ES,2013,0
MALA,Malária,320210,Ecoporanga,ES,2014,0
MALA,Malária,320210,Ecoporanga,ES,2015,0
MALA,Malária,320210,Ecoporanga,ES,2016,0
MALA,Malária,320210,Ecoporanga,ES,2017,0
MALA,Malária,320210,Ecoporanga,ES,2018,0
MALA,Malária,320210,Ecoporanga,ES,2019,0
MALA,Malária,320210,Ecoporanga,ES,2020,0
MALA,Malária,320210,Ecoporanga,ES,2021,0
MALA,Malária,320210,Ecoporanga,ES,2022,0
MALA,Malária,320210,Ecoporanga,ES,2023,1
MALA,Malária,320210,Ecoporanga,ES,2024,0
MALA,Malária,320220,Fundao,ES,2007,0
MALA,Malária,320220,Fundao,ES,2008,3
MALA,Malária,320220,Fundao,ES,2009,0
MALA,Malária,320220,Fundao,ES,2010,0
MALA,Malária,320220,Fundao,ES,2011,0
MALA,Malária,320220,Fundao,ES,2012,0
MALA,Malária,320220,Fundao,ES,2013,0
MALA,Malária,320220,Fundao,ES,2014,1
MALA,Malária,320220,Fundao,ES,2015,0
MALA,Malária,320220,Fundao,ES,2016,0
MALA,Malária,320220,Fundao,ES,2017,0
MALA,Malária,320220,Fundao,ES,2018,0
MALA,Malária,320220,Fundao,ES,2019,0
MALA,Malária,320220,Fundao,ES,2020,1
MALA,Malária,320220,Fundao,ES,2021,0
MALA,Malária,320220,Fundao,ES,2022,0
MALA,Malária,320220,Fundao,ES,2023,0
MALA,Malária,320220,Fundao,ES,2024,0
MALA,Malária,320225,Governador Lindenberg,ES,2007,0
MALA,Malária,320225,Governador Lindenberg,ES,2008,0
MALA,Malária,320225,Governador Lindenberg,ES,2009,0
MALA,Malária,320225,Governador Lindenberg,ES,2010,0
MALA,Malária,320225,Governador Lindenberg,ES,2011,1
MALA,Malária,320225,Governador Lindenberg,ES,2012,0
MALA,Malária,320225,Governador Lindenberg,ES,2013,0
MALA,Malária,320225,Governador Lindenberg,ES,2014,0
MALA,Malária,320225,Governador Lindenberg,ES,2015,0
MALA,Malária,320225,Governador Lindenberg,ES,2016,0
MALA,Malária,320225,Governador Lindenberg,ES,2017,0
MALA,Malária,320225,Governador Lindenberg,ES,2018,0
MALA,Malária,320225,Governador Lindenberg,ES,2019,0
MALA,Malária,320225,Governador Lindenberg,ES,2020,0
MALA,Malária,320225,Governador Lindenberg,ES,2021,0
MALA,Malária,320225,Governador Lindenberg,ES,2022,0
MALA,Malária,320225,Governador Lindenberg,ES,2023,0
MALA,Malária,320225,Governador Lindenberg,ES,2024,0
MALA,Malária,320240,Guarapari,ES,2007,1
MALA,Malária,320240,Guarapari,ES,2008,0
MALA,Malária,320240,Guarapari,ES,2009,0
MALA,Malária,320240,Guarapari,ES,2010,2
MALA,Malária,320240,Guarapari,ES,2011,1
MALA,Malária,320240,Guarapari,ES,2012,0
MALA,Malária,320240,Guarapari,ES,2013,4
MALA,Malária,320240,Guarapari,ES,2014,0
MALA,Malária,320240,Guarapari,ES,2015,2
MALA,Malária,320240,Guarapari,ES,2016,0
MALA,Malária,320240,Guarapari,ES,2017,1
MALA,Malária,320240,Guarapari,ES,2018,0
MALA,Malária,320240,Guarapari,ES,2019,0
MALA,Malária,320240,Guarapari,ES,2020,0
MALA,Malária,320240,Guarapari,ES,2021,0
MALA,Malária,320240,Guarapari,ES,2022,0
MALA,Malária,320240,Guarapari,ES,2023,1
MALA,Malária,320240,Guarapari,ES,2024,0
MALA,Malária,320250,Ibiracu,ES,2007,0
MALA,Malária,320250,Ibiracu,ES,2008,1
MALA,Malária,320250,Ibiracu,ES,2009,0
MALA,Malária,320250,Ibiracu,ES,2010,0
MALA,Malária,320250,Ibiracu,ES,2011,1
MALA,Malária,320250,Ibiracu,ES,2012,2
MALA,Malária,320250,Ibiracu,ES,2013,2
MALA,Malária,320250,Ibiracu,ES,2014,1
MALA,Malária,320250,Ibiracu,ES,2015,3
MALA,Malária,320250,Ibiracu,ES,2016,0
MALA,Malária,320250,Ibiracu,ES,2017,0
MALA,Malária,320250,Ibiracu,ES,2018,0
MALA,Malária,320250,Ibiracu,ES,2019,0
MALA,Malária,320250,Ibiracu,ES,2020,0
MALA,Malária,320250,Ibiracu,ES,2021,0
MALA,Malária,320250,Ibiracu,ES,2022,0
MALA,Malária,320250,Ibiracu,ES,2023,0
MALA,Malária,320250,Ibiracu,ES,2024,0
MALA,Malária,320260,Iconha,ES,2007,1
MALA,Malária,320260,Iconha,ES,2008,1
MALA,Malária,320260,Iconha,ES,2009,0
MALA,Malária,320260,Iconha,ES,2010,0
MALA,Malária,320260,Iconha,ES,2011,0
MALA,Malária,320260,Iconha,ES,2012,0
MALA,Malária,320260,Iconha,ES,2013,0
MALA,Malária,320260,Iconha,ES,2014,1
MALA,Malária,320260,Iconha,ES,2015,0
MALA,Malária,320260,Iconha,ES,2016,0
MALA,Malária,320260,Iconha,ES,2017,0
MALA,Malária,320260,Iconha,ES,2018,0
MALA,Malária,320260,Iconha,ES,2019,0
MALA,Malária,320260,Iconha,ES,2020,0
MALA,Malária,320260,Iconha,ES,2021,0
MALA,Malária,320260,Iconha,ES,2022,0
MALA,Malária,320260,Iconha,ES,2023,0
MALA,Malária,320260,Iconha,ES,2024,0
MALA,Malária,320270,Itaguacu,ES,2007,0
MALA,Malária,320270,Itaguacu,ES,2008,3
MALA,Malária,320270,Itaguacu,ES,2009,0
MALA,Malária,320270,Itaguacu,ES,2010,0
MALA,Malária,320270,Itaguacu,ES,2011,0
MALA,Malária,320270,Itaguacu,ES,2012,0
MALA,Malária,320270,Itaguacu,ES,2013,0
MALA,Malária,320270,Itaguacu,ES,2014,0
MALA,Malária,320270,Itaguacu,ES,2015,0
MALA,Malária,320270,Itaguacu,ES,2016,0
MALA,Malária,320270,Itaguacu,ES,2017,0
MALA,Malária,320270,Itaguacu,ES,2018,0
MALA,Malária,320270,Itaguacu,ES,2019,0
MALA,Malária,320270,Itaguacu,ES,2020,0
MALA,Malária,320270,Itaguacu,ES,2021,0
MALA,Malária,320270,Itaguacu,ES,2022,0
MALA,Malária,320270,Itaguacu,ES,2023,0
MALA,Malária,320270,Itaguacu,ES,2024,0
MALA,Malária,320280,Itapemirim,ES,2007,0
MALA,Malária,320280,Itapemirim,ES,2008,0
MALA,Malária,320280,Itapemirim,ES,2009,1
MALA,Malária,320280,Itapemirim,ES,2010,0
MALA,Malária,320280,Itapemirim,ES,2011,0
MALA,Malária,320280,Itapemirim,ES,2012,0
MALA,Malária,320280,Itapemirim,ES,2013,0
MALA,Malária,320280,Itapemirim,ES,2014,0
MALA,Malária,320280,Itapemirim,ES,2015,0
MALA,Malária,320280,Itapemirim,ES,2016,0
MALA,Malária,320280,Itapemirim,ES,2017,0
MALA,Malária,320280,Itapemirim,ES,2018,0
MALA,Malária,320280,Itapemirim,ES,2019,0
MALA,Malária,320280,Itapemirim,ES,2020,0
MALA,Malária,320280,Itapemirim,ES,2021,0
MALA,Malária,320280,Itapemirim,ES,2022,0
MALA,Malária,320280,Itapemirim,ES,2023,0
MALA,Malária,320280,Itapemirim,ES,2024,0
MALA,Malária,320290,Itarana,ES,2007,0
MALA,Malária,320290,Itarana,ES,2008,1
MALA,Malária,320290,Itarana,ES,2009,2
MALA,Malária,320290,Itarana,ES,2010,0
MALA,Malária,320290,Itarana,ES,2011,0
MALA,Malária,320290,Itarana,ES,2012,0
MALA,Malária,320290,Itarana,ES,2013,0
MALA,Malária,320290,Itarana,ES,2014,0
MALA,Malária,320290,Itarana,ES,2015,0
MALA,Malária,320290,Itarana,ES,2016,0
MALA,Malária,320290,Itarana,ES,2017,0
MALA,Malária,320290,Itarana,ES,2018,0
MALA,Malária,320290,Itarana,ES,2019,0
MALA,Malária,320290,Itarana,ES,2020,0
MALA,Malária,320290,Itarana,ES,2021,0
MALA,Malária,320290,Itarana,ES,2022,0
MALA,Malária,320290,Itarana,ES,2023,0
MALA,Malária,320290,Itarana,ES,2024,0
MALA,Malária,320300,Iuna,ES,2007,0
MALA,Malária,320300,Iuna,ES,2008,0
MALA,Malária,320300,Iuna,ES,2009,0
MALA,Malária,320300,Iuna,ES,2010,0
MALA,Malária,320300,Iuna,ES,2011,0
MALA,Malária,320300,Iuna,ES,2012,0
MALA,Malária,320300,Iuna,ES,2013,0
MALA,Malária,320300,Iuna,ES,2014,0
MALA,Malária,320300,Iuna,ES,2015,2
MALA,Malária,320300,Iuna,ES,2016,0
MALA,Malária,320300,Iuna,ES,2017,1
MALA,Malária,320300,Iuna,ES,2018,0
MALA,Malária,320300,Iuna,ES,2019,0
MALA,Malária,320300,Iuna,ES,2020,0
MALA,Malária,320300,Iuna,ES,2021,0
MALA,Malária,320300,Iuna,ES,2022,0
MALA,Malária,320300,Iuna,ES,2023,0
MALA,Malária,320300,Iuna,ES,2024,0
MALA,Malária,320305,Jaguare,ES,2007,2
MALA,Malária,320305,Jaguare,ES,2008,1
MALA,Malária,320305,Jaguare,ES,2009,0
MALA,Malária,320305,Jaguare,ES,2010,0
MALA,Malária,320305,Jaguare,ES,2011,0
MALA,Malária,320305,Jaguare,ES,2012,0
MALA,Malária,320305,Jaguare,ES,2013,1
MALA,Malária,320305,Jaguare,ES,2014,0
MALA,Malária,320305,Jaguare,ES,2015,0
MALA,Malária,320305,Jaguare,ES,2016,0
MALA,Malária,320305,Jaguare,ES,2017,0
MALA,Malária,320305,Jaguare,ES,2018,0
MALA,Malária,320305,Jaguare,ES,2019,0
MALA,Malária,320305,Jaguare,ES,2020,0
MALA,Malária,320305,Jaguare,ES,2021,0
MALA,Malária,320305,Jaguare,ES,2022,0
MALA,Malária,320305,Jaguare,ES,2023,0
MALA,Malária,320305,Jaguare,ES,2024,0
MALA,Malária,320313,Joao Neiva,ES,2007,0
MALA,Malária,320313,Joao Neiva,ES,2008,1
MALA,Malária,320313,Joao Neiva,ES,2009,2
MALA,Malária,320313,Joao Neiva,ES,2010,1
MALA,Malária,320313,Joao Neiva,ES,2011,0
MALA,Malária,320313,Joao Neiva,ES,2012,0
MALA,Malária,320313,Joao Neiva,ES,2013,0
MALA,Malária,320313,Joao Neiva,ES,2014,0
MALA,Malária,320313,Joao Neiva,ES,2015,2
MALA,Malária,320313,Joao Neiva,ES,2016,1
MALA,Malária,320313,Joao Neiva,ES,2017,0
MALA,Malária,320313,Joao Neiva,ES,2018,1
MALA,Malária,320313,Joao Neiva,ES,2019,0
MALA,Malária,320313,Joao Neiva,ES,2020,0
MALA,Malária,320313,Joao Neiva,ES,2021,0
MALA,Malária,320313,Joao Neiva,ES,2022,0
MALA,Malária,320313,Joao Neiva,ES,2023,0
MALA,Malária,320313,Joao Neiva,ES,2024,0
MALA,Malária,320316,Laranja da Terra,ES,2007,0
MALA,Malária,320316,Laranja da Terra,ES,2008,0
MALA,Malária,320316,Laranja da Terra,ES,2009,0
MALA,Malária,320316,Laranja da Terra,ES,2010,0
MALA,Malária,320316,Laranja da Terra,ES,2011,0
MALA,Malária,320316,Laranja da Terra,ES,2012,0
MALA,Malária,320316,Laranja da Terra,ES,2013,0
MALA,Malária,320316,Laranja da Terra,ES,2014,0
MALA,Malária,320316,Laranja da Terra,ES,2015,0
MALA,Malária,320316,Laranja da Terra,ES,2016,0
MALA,Malária,320316,Laranja da Terra,ES,2017,0
MALA,Malária,320316,Laranja da Terra,ES,2018,0
MALA,Malária,320316,Laranja da Terra,ES,2019,1
MALA,Malária,320316,Laranja da Terra,ES,2020,0
MALA,Malária,320316,Laranja da Terra,ES,2021,0
MALA,Malária,320316,Laranja da Terra,ES,2022,0
MALA,Malária,320316,Laranja da Terra,ES,2023,0
MALA,Malária,320316,Laranja da Terra,ES,2024,0
MALA,Malária,320320,Linhares,ES,2007,5
MALA,Malária,320320,Linhares,ES,2008,9
MALA,Malária,320320,Linhares,ES,2009,3
MALA,Malária,320320,Linhares,ES,2010,5
MALA,Malária,320320,Linhares,ES,2011,6
MALA,Malária,320320,Linhares,ES,2012,1
MALA,Malária,320320,Linhares,ES,2013,2
MALA,Malária,320320,Linhares,ES,2014,0
MALA,Malária,320320,Linhares,ES,2015,3
MALA,Malária,320320,Linhares,ES,2016,0
MALA,Malária,320320,Linhares,ES,2017,0
MALA,Malária,320320,Linhares,ES,2018,4
MALA,Malária,320320,Linhares,ES,2019,4
MALA,Malária,320320,Linhares,ES,2020,1
MALA,Malária,320320,Linhares,ES,2021,4
MALA,Malária,320320,Linhares,ES,2022,1
MALA,Malária,320320,Linhares,ES,2023,0
MALA,Malária,320320,Linhares,ES,2024,1
MALA,Malária,320330,Mantenopolis,ES,2007,0
MALA,Malária,320330,Mantenopolis,ES,2008,0
MALA,Malária,320330,Mantenopolis,ES,2009,0
MALA,Malária,320330,Mantenopolis,ES,2010,0
MALA,Malária,320330,Mantenopolis,ES,2011,0
MALA,Malária,320330,Mantenopolis,ES,2012,1
MALA,Malária,320330,Mantenopolis,ES,2013,0
MALA,Malária,320330,Mantenopolis,ES,2014,0
MALA,Malária,320330,Mantenopolis,ES,2015,0
MALA,Malária,320330,Mantenopolis,ES,2016,0
MALA,Malária,320330,Mantenopolis,ES,2017,0
MALA,Malária,320330,Mantenopolis,ES,2018,0
MALA,Malária,320330,Mantenopolis,ES,2019,0
MALA,Malária,320330,Mantenopolis,ES,2020,0
MALA,Malária,320330,Mantenopolis,ES,2021,0
MALA,Malária,320330,Mantenopolis,ES,2022,0
MALA,Malária,320330,Mantenopolis,ES,2023,0
MALA,Malária,320330,Mantenopolis,ES,2024,0
MALA,Malária,320334,Marechal Floriano,ES,2007,3
MALA,Malária,320334,Marechal Floriano,ES,2008,6
MALA,Malária,320334,Marechal Floriano,ES,2009,3
MALA,Malária,320334,Marechal Floriano,ES,2010,1
MALA,Malária,320334,Marechal Floriano,ES,2011,3
MALA,Malária,320334,Marechal Floriano,ES,2012,0
MALA,Malária,320334,Marechal Floriano,ES,2013,3
MALA,Malária,320334,Marechal Floriano,ES,2014,2
MALA,Malária,320334,Marechal Floriano,ES,2015,5
MALA,Malária,320334,Marechal Floriano,ES,2016,3
MALA,Malária,320334,Marechal Floriano,ES,2017,2
MALA,Malária,320334,Marechal Floriano,ES,2018,0
MALA,Malária,320334,Marechal Floriano,ES,2019,0
MALA,Malária,320334,Marechal Floriano,ES,2020,0
MALA,Malária,320334,Marechal Floriano,ES,2021,0
MALA,Malária,320334,Marechal Floriano,ES,2022,0
MALA,Malária,320334,Marechal Floriano,ES,2023,0
MALA,Malária,320334,Marechal Floriano,ES,2024,0
MALA,Malária,320350,Montanha,ES,2007,0
MALA,Malária,320350,Montanha,ES,2008,0
MALA,Malária,320350,Montanha,ES,2009,0
MALA,Malária,320350,Montanha,ES,2010,1
MALA,Malária,320350,Montanha,ES,2011,0
MALA,Malária,320350,Montanha,ES,2012,0
MALA,Malária,320350,Montanha,ES,2013,0
MALA,Malária,320350,Montanha,ES,2014,0
MALA,Malária,320350,Montanha,ES,2015,0
MALA,Malária,320350,Montanha,ES,2016,0
MALA,Malária,320350,Montanha,ES,2017,0
MALA,Malária,320350,Montanha,ES,2018,0
MALA,Malária,320350,Montanha,ES,2019,0
MALA,Malária,320350,Montanha,ES,2020,0
MALA,Malária,320350,Montanha,ES,2021,0
MALA,Malária,320350,Montanha,ES,2022,0
MALA,Malária,320350,Montanha,ES,2023,0
MALA,Malária,320350,Montanha,ES,2024,0
MALA,Malária,320390,Nova Venecia,ES,2007,2
MALA,Malária,320390,Nova Venecia,ES,2008,2
MALA,Malária,320390,Nova Venecia,ES,2009,3
MALA,Malária,320390,Nova Venecia,ES,2010,0
MALA,Malária,320390,Nova Venecia,ES,2011,2
MALA,Malária,320390,Nova Venecia,ES,2012,10
MALA,Malária,320390,Nova Venecia,ES,2013,1
MALA,Malária,320390,Nova Venecia,ES,2014,0
MALA,Malária,320390,Nova Venecia,ES,2015,0
MALA,Malária,320390,Nova Venecia,ES,2016,0
MALA,Malária,320390,Nova Venecia,ES,2017,0
MALA,Malária,320390,Nova Venecia,ES,2018,1
MALA,Malária,320390,Nova Venecia,ES,2019,0
MALA,Malária,320390,Nova Venecia,ES,2020,0
MALA,Malária,320390,Nova Venecia,ES,2021,0
MALA,Malária,320390,Nova Venecia,ES,2022,0
MALA,Malária,320390,Nova Venecia,ES,2023,1
MALA,Malária,320390,Nova Venecia,ES,2024,0
MALA,Malária,320400,Pancas,ES,2007,1
MALA,Malária,320400,Pancas,ES,2008,0
MALA,Malária,320400,Pancas,ES,2009,0
MALA,Malária,320400,Pancas,ES,2010,0
MALA,Malária,320400,Pancas,ES,2011,0
MALA,Malária,320400,Pancas,ES,2012,1
MALA,Malária,320400,Pancas,ES,2013,0
MALA,Malária,320400,Pancas,ES,2014,0
MALA,Malária,320400,Pancas,ES,2015,0
MALA,Malária,320400,Pancas,ES,2016,0
MALA,Malária,320400,Pancas,ES,2017,0
MALA,Malária,320400,Pancas,ES,2018,0
MALA,Malária,320400,Pancas,ES,2019,0
MALA,Malária,320400,Pancas,ES,2020,0
MALA,Malária,320400,Pancas,ES,2021,0
MALA,Malária,320400,Pancas,ES,2022,0
MALA,Malária,320400,Pancas,ES,2023,0
MALA,Malária,320400,Pancas,ES,2024,0
MALA,Malária,320405,Pedro Canario,ES,2007,0
MALA,Malária,320405,Pedro Canario,ES,2008,0
MALA,Malária,320405,Pedro Canario,ES,2009,0
MALA,Malária,320405,Pedro Canario,ES,2010,1
MALA,Malária,320405,Pedro Canario,ES,2011,0
MALA,Malária,320405,Pedro Canario,ES,2012,0
MALA,Malária,320405,Pedro Canario,ES,2013,0
MALA,Malária,320405,Pedro Canario,ES,2014,0
MALA,Malária,320405,Pedro Canario,ES,2015,0
MALA,Malária,320405,Pedro Canario,ES,2016,0
MALA,Malária,320405,Pedro Canario,ES,2017,0
MALA,Malária,320405,Pedro Canario,ES,2018,0
MALA,Malária,320405,Pedro Canario,ES,2019,0
MALA,Malária,320405,Pedro Canario,ES,2020,0
MALA,Malária,320405,Pedro Canario,ES,2021,0
MALA,Malária,320405,Pedro Canario,ES,2022,0
MALA,Malária,320405,Pedro Canario,ES,2023,0
MALA,Malária,320405,Pedro Canario,ES,2024,0
MALA,Malária,320425,Ponto Belo,ES,2007,0
MALA,Malária,320425,Ponto Belo,ES,2008,0
MALA,Malária,320425,Ponto Belo,ES,2009,0
MALA,Malária,320425,Ponto Belo,ES,2010,0
MALA,Malária,320425,Ponto Belo,ES,2011,0
MALA,Malária,320425,Ponto Belo,ES,2012,1
MALA,Malária,320425,Ponto Belo,ES,2013,0
MALA,Malária,320425,Ponto Belo,ES,2014,0
MALA,Malária,320425,Ponto Belo,ES,2015,0
MALA,Malária,320425,Ponto Belo,ES,2016,0
MALA,Malária,320425,Ponto Belo,ES,2017,0
MALA,Malária,320425,Ponto Belo,ES,2018,0
MALA,Malária,320425,Ponto Belo,ES,2019,0
MALA,Malária,320425,Ponto Belo,ES,2020,0
MALA,Malária,320425,Ponto Belo,ES,2021,0
MALA,Malária,320425,Ponto Belo,ES,2022,0
MALA,Malária,320425,Ponto Belo,ES,2023,0
MALA,Malária,320425,Ponto Belo,ES,2024,0
MALA,Malária,320435,Rio Bananal,ES,2007,0
MALA,Malária,320435,Rio Bananal,ES,2008,0
MALA,Malária,320435,Rio Bananal,ES,2009,0
MALA,Malária,320435,Rio Bananal,ES,2010,1
MALA,Malária,320435,Rio Bananal,ES,2011,1
MALA,Malária,320435,Rio Bananal,ES,2012,0
MALA,Malária,320435,Rio Bananal,ES,2013,0
MALA,Malária,320435,Rio Bananal,ES,2014,0
MALA,Malária,320435,Rio Bananal,ES,2015,0
MALA,Malária,320435,Rio Bananal,ES,2016,0
MALA,Malária,320435,Rio Bananal,ES,2017,0
MALA,Malária,320435,Rio Bananal,ES,2018,0
MALA,Malária,320435,Rio Bananal,ES,2019,0
MALA,Malária,320435,Rio Bananal,ES,2020,0
MALA,Malária,320435,Rio Bananal,ES,2021,0
MALA,Malária,320435,Rio Bananal,ES,2022,0
MALA,Malária,320435,Rio Bananal,ES,2023,0
MALA,Malária,320435,Rio Bananal,ES,2024,0
MALA,Malária,320450,Santa Leopoldina,ES,2007,3
MALA,Malária,320450,Santa Leopoldina,ES,2008,8
MALA,Malária,320450,Santa Leopoldina,ES,2009,1
MALA,Malária,320450,Santa Leopoldina,ES,2010,1
MALA,Malária,320450,Santa Leopoldina,ES,2011,3
MALA,Malária,320450,Santa Leopoldina,ES,2012,2
MALA,Malária,320450,Santa Leopoldina,ES,2013,1
MALA,Malária,320450,Santa Leopoldina,ES,2014,2
MALA,Malária,320450,Santa Leopoldina,ES,2015,1
MALA,Malária,320450,Santa Leopoldina,ES,2016,1
MALA,Malária,320450,Santa Leopoldina,ES,2017,1
MALA,Malária,320450,Santa Leopoldina,ES,2018,0
MALA,Malária,320450,Santa Leopoldina,ES,2019,0
MALA,Malária,320450,Santa Leopoldina,ES,2020,0
MALA,Malária,320450,Santa Leopoldina,ES,2021,0
MALA,Malária,320450,Santa Leopoldina,ES,2022,0
MALA,Malária,320450,Santa Leopoldina,ES,2023,0
MALA,Malária,320450,Santa Leopoldina,ES,2024,0
MALA,Malária,320455,Santa Maria de Jetiba,ES,2007,0
MALA,Malária,320455,Santa Maria de Jetiba,ES,2008,4
MALA,Malária,320455,Santa Maria de Jetiba,ES,2009,1
MALA,Malária,320455,Santa Maria de Jetiba,ES,2010,0
MALA,Malária,320455,Santa Maria de Jetiba,ES,2011,1
MALA,Malária,320455,Santa Maria de Jetiba,ES,2012,0
MALA,Malária,320455,Santa Maria de Jetiba,ES,2013,2
MALA,Malária,320455,Santa Maria de Jetiba,ES,2014,1
MALA,Malária,320455,Santa Maria de Jetiba,ES,2015,0
MALA,Malária,320455,Santa Maria de Jetiba,ES,2016,0
MALA,Malária,320455,Santa Maria de Jetiba,ES,2017,0
MALA,Malária,320455,Santa Maria de Jetiba,ES,2018,0
MALA,Malária,320455,Santa Maria de Jetiba,ES,2019,0
MALA,Malária,320455,Santa Maria de Jetiba,ES,2020,0
MALA,Malária,320455,Santa Maria de Jetiba,ES,2021,0
MALA,Malária,320455,Santa Maria de Jetiba,ES,2022,0
MALA,Malária,320455,Santa Maria de Jetiba,ES,2023,0
MALA,Malária,320455,Santa Maria de Jetiba,ES,2024,0
MALA,Malária,320460,Santa Teresa,ES,2007,10
MALA,Malária,320460,Santa Teresa,ES,2008,21
MALA,Malária,320460,Santa Teresa,ES,2009,7
MALA,Malária,320460,Santa Teresa,ES,2010,16
MALA,Malária,320460,Santa Teresa,ES,2011,6
MALA,Malária,320460,Santa Teresa,ES,2012,4
MALA,Malária,320460,Santa Teresa,ES,2013,7
MALA,Malária,320460,Santa Teresa,ES,2014,10
MALA,Malária,320460,Santa Teresa,ES,2015,5
MALA,Malária,320460,Santa Teresa,ES,2016,9
MALA,Malária,320460,Santa Teresa,ES,2017,5
MALA,Malária,320460,Santa Teresa,ES,2018,0
MALA,Malária,320460,Santa Teresa,ES,2019,2
MALA,Malária,320460,Santa Teresa,ES,2020,0
MALA,Malária,320460,Santa Teresa,ES,2021,0
MALA,Malária,320460,Santa Teresa,ES,2022,1
MALA,Malária,320460,Santa Teresa,ES,2023,1
MALA,Malária,320460,Santa Teresa,ES,2024,0
MALA,Malária,320465,Sao Domingos do Norte,ES,2007,1
MALA,Malária,320465,Sao Domingos do Norte,ES,2008,1
MALA,Malária,320465,Sao Domingos do Norte,ES,2009,0
MALA,Malária,320465,Sao Domingos do Norte,ES,2010,0
MALA,Malária,320465,Sao Domingos do Norte,ES,2011,0
MALA,Malária,320465,Sao Domingos do Norte,ES,2012,0
MALA,Malária,320465,Sao Domingos do Norte,ES,2013,0
MALA,Malária,320465,Sao Domingos do Norte,ES,2014,0
MALA,Malária,320465,Sao Domingos do Norte,ES,2015,0
MALA,Malária,320465,Sao Domingos do Norte,ES,2016,0
MALA,Malária,320465,Sao Domingos do Norte,ES,2017,0
MALA,Malária,320465,Sao Domingos do Norte,ES,2018,0
MALA,Malária,320465,Sao Domingos do Norte,ES,2019,0
MALA,Malária,320465,Sao Domingos do Norte,ES,2020,0
MALA,Malária,320465,Sao Domingos do Norte,ES,2021,0
MALA,Malária,320465,Sao Domingos do Norte,ES,2022,0
MALA,Malária,320465,Sao Domingos do Norte,ES,2023,0
MALA,Malária,320465,Sao Domingos do Norte,ES,2024,0
MALA,Malária,320470,Sao Gabriel da Palha,ES,2007,2
MALA,Malária,320470,Sao Gabriel da Palha,ES,2008,1
MALA,Malária,320470,Sao Gabriel da Palha,ES,2009,1
MALA,Malária,320470,Sao Gabriel da Palha,ES,2010,2
MALA,Malária,320470,Sao Gabriel da Palha,ES,2011,0
MALA,Malária,320470,Sao Gabriel da Palha,ES,2012,5
MALA,Malária,320470,Sao Gabriel da Palha,ES,2013,0
MALA,Malária,320470,Sao Gabriel da Palha,ES,2014,0
MALA,Malária,320470,Sao Gabriel da Palha,ES,2015,0
MALA,Malária,320470,Sao Gabriel da Palha,ES,2016,0
MALA,Malária,320470,Sao Gabriel da Palha,ES,2017,1
MALA,Malária,320470,Sao Gabriel da Palha,ES,2018,0
MALA,Malária,320470,Sao Gabriel da Palha,ES,2019,4
MALA,Malária,320470,Sao Gabriel da Palha,ES,2020,1
MALA,Malária,320470,Sao Gabriel da Palha,ES,2021,1
MALA,Malária,320470,Sao Gabriel da Palha,ES,2022,1
MALA,Malária,320470,Sao Gabriel da Palha,ES,2023,1
MALA,Malária,320470,Sao Gabriel da Palha,ES,2024,0
MALA,Malária,320490,Sao Mateus,ES,2007,4
MALA,Malária,320490,Sao Mateus,ES,2008,2
MALA,Malária,320490,Sao Mateus,ES,2009,2
MALA,Malária,320490,Sao Mateus,ES,2010,0
MALA,Malária,320490,Sao Mateus,ES,2011,4
MALA,Malária,320490,Sao Mateus,ES,2012,0
MALA,Malária,320490,Sao Mateus,ES,2013,0
MALA,Malária,320490,Sao Mateus,ES,2014,1
MALA,Malária,320490,Sao Mateus,ES,2015,0
MALA,Malária,320490,Sao Mateus,ES,2016,0
MALA,Malária,320490,Sao Mateus,ES,2017,1
MALA,Malária,320490,Sao Mateus,ES,2018,0
MALA,Malária,320490,Sao Mateus,ES,2019,0
MALA,Malária,320490,Sao Mateus,ES,2020,0
MALA,Malária,320490,Sao Mateus,ES,2021,0
MALA,Malária,320490,Sao Mateus,ES,2022,1
MALA,Malária,320490,Sao Mateus,ES,2023,0
MALA,Malária,320490,Sao Mateus,ES,2024,0
MALA,Malária,320495,Sao Roque do Canaa,ES,2007,3
MALA,Malária,320495,Sao Roque do Canaa,ES,2008,1
MALA,Malária,320495,Sao Roque do Canaa,ES,2009,2
MALA,Malária,320495,Sao Roque do Canaa,ES,2010,0
MALA,Malária,320495,Sao Roque do Canaa,ES,2011,0
MALA,Malária,320495,Sao Roque do Canaa,ES,2012,0
MALA,Malária,320495,Sao Roque do Canaa,ES,2013,0
MALA,Malária,320495,Sao Roque do Canaa,ES,2014,0
MALA,Malária,320495,Sao Roque do Canaa,ES,2015,0
MALA,Malária,320495,Sao Roque do Canaa,ES,2016,0
MALA,Malária,320495,Sao Roque do Canaa,ES,2017,0
MALA,Malária,320495,Sao Roque do Canaa,ES,2018,1
MALA,Malária,320495,Sao Roque do Canaa,ES,2019,0
MALA,Malária,320495,Sao Roque do Canaa,ES,2020,0
MALA,Malária,320495,Sao Roque do Canaa,ES,2021,0
MALA,Malária,320495,Sao Roque do Canaa,ES,2022,0
MALA,Malária,320495,Sao Roque do Canaa,ES,2023,0
MALA,Malária,320495,Sao Roque do Canaa,ES,2024,0
MALA,Malária,320500,Serra,ES,2007,6
MALA,Malária,320500,Serra,ES,2008,7
MALA,Malária,320500,Serra,ES,2009,5
MALA,Malária,320500,Serra,ES,2010,7
MALA,Malária,320500,Serra,ES,2011,2
MALA,Malária,320500,Serra,ES,2012,2
MALA,Malária,320500,Serra,ES,2013,1
MALA,Malária,320500,Serra,ES,2014,1
MALA,Malária,320500,Serra,ES,2015,1
MALA,Malária,320500,Serra,ES,2016,3
MALA,Malária,320500,Serra,ES,2017,3
MALA,Malária,320500,Serra,ES,2018,2
MALA,Malária,320500,Serra,ES,2019,4
MALA,Malária,320500,Serra,ES,2020,1
MALA,Malária,320500,Serra,ES,2021,2
MALA,Malária,320500,Serra,ES,2022,0
MALA,Malária,320500,Serra,ES,2023,2
MALA,Malária,320500,Serra,ES,2024,0
MALA,Malária,320501,Sooretama,ES,2007,2
MALA,Malária,320501,Sooretama,ES,2008,0
MALA,Malária,320501,Sooretama,ES,2009,0
MALA,Malária,320501,Sooretama,ES,2010,0
MALA,Malária,320501,Sooretama,ES,2011,0
MALA,Malária,320501,Sooretama,ES,2012,0
MALA,Malária,320501,Sooretama,ES,2013,0
MALA,Malária,320501,Sooretama,ES,2014,0
MALA,Malária,320501,Sooretama,ES,2015,0
MALA,Malária,320501,Sooretama,ES,2016,0
MALA,Malária,320501,Sooretama,ES,2017,0
MALA,Malária,320501,Sooretama,ES,2018,0
MALA,Malária,320501,Sooretama,ES,2019,0
MALA,Malária,320501,Sooretama,ES,2020,3
MALA,Malária,320501,Sooretama,ES,2021,0
MALA,Malária,320501,Sooretama,ES,2022,0
MALA,Malária,320501,Sooretama,ES,2023,0
MALA,Malária,320501,Sooretama,ES,2024,0
MALA,Malária,320503,Vargem Alta,ES,2007,0
MALA,Malária,320503,Vargem Alta,ES,2008,0
MALA,Malária,320503,Vargem Alta,ES,2009,0
MALA,Malária,320503,Vargem Alta,ES,2010,0
MALA,Malária,320503,Vargem Alta,ES,2011,1
MALA,Malária,320503,Vargem Alta,ES,2012,0
MALA,Malária,320503,Vargem Alta,ES,2013,0
MALA,Malária,320503,Vargem Alta,ES,2014,0
MALA,Malária,320503,Vargem Alta,ES,2015,1
MALA,Malária,320503,Vargem Alta,ES,2016,0
MALA,Malária,320503,Vargem Alta,ES,2017,0
MALA,Malária,320503,Vargem Alta,ES,2018,0
MALA,Malária,320503,Vargem Alta,ES,2019,0
MALA,Malária,320503,Vargem Alta,ES,2020,0
MALA,Malária,320503,Vargem Alta,ES,2021,0
MALA,Malária,320503,Vargem Alta,ES,2022,0
MALA,Malária,320503,Vargem Alta,ES,2023,0
MALA,Malária,320503,Vargem Alta,ES,2024,0
MALA,Malária,320506,Venda Nova do Imigrante,ES,2007,0
MALA,Malária,320506,Venda Nova do Imigrante,ES,2008,1
MALA,Malária,320506,Venda Nova do Imigrante,ES,2009,0
MALA,Malária,320506,Venda Nova do Imigrante,ES,2010,0
MALA,Malária,320506,Venda Nova do Imigrante,ES,2011,0
MALA,Malária,320506,Venda Nova do Imigrante,ES,2012,1
MALA,Malária,320506,Venda Nova do Imigrante,ES,2013,2
MALA,Malária,320506,Venda Nova do Imigrante,ES,2014,0
MALA,Malária,320506,Venda Nova do Imigrante,ES,2015,3
MALA,Malária,320506,Venda Nova do Imigrante,ES,2016,0
MALA,Malária,320506,Venda Nova do Imigrante,ES,2017,4
MALA,Malária,320506,Venda Nova do Imigrante,ES,2018,0
MALA,Malária,320506,Venda Nova do Imigrante,ES,2019,0
MALA,Malária,320506,Venda Nova do Imigrante,ES,2020,0
MALA,Malária,320506,Venda Nova do Imigrante,ES,2021,0
MALA,Malária,320506,Venda Nova do Imigrante,ES,2022,0
MALA,Malária,320506,Venda Nova do Imigrante,ES,2023,0
MALA,Malária,320506,Venda Nova do Imigrante,ES,2024,0
MALA,Malária,320510,Viana,ES,2007,0
MALA,Malária,320510,Viana,ES,2008,3
MALA,Malária,320510,Viana,ES,2009,0
MALA,Malária,320510,Viana,ES,2010,0
MALA,Malária,320510,Viana,ES,2011,1
MALA,Malária,320510,Viana,ES,2012,0
MALA,Malária,320510,Viana,ES,2013,1
MALA,Malária,320510,Viana,ES,2014,0
MALA,Malária,320510,Viana,ES,2015,0
MALA,Malária,320510,Viana,ES,2016,0
MALA,Malária,320510,Viana,ES,2017,0
MALA,Malária,320510,Viana,ES,2018,0
MALA,Malária,320510,Viana,ES,2019,0
MALA,Malária,320510,Viana,ES,2020,0
MALA,Malária,320510,Viana,ES,2021,0
MALA,Malária,320510,Viana,ES,2022,0
MALA,Malária,320510,Viana,ES,2023,0
MALA,Malária,320510,Viana,ES,2024,0
MALA,Malária,320515,Vila Pavao,ES,2007,4
MALA,Malária,320515,Vila Pavao,ES,2008,0
MALA,Malária,320515,Vila Pavao,ES,2009,0
MALA,Malária,320515,Vila Pavao,ES,2010,0
MALA,Malária,320515,Vila Pavao,ES,2011,0
MALA,Malária,320515,Vila Pavao,ES,2012,0
MALA,Malária,320515,Vila Pavao,ES,2013,0
MALA,Malária,320515,Vila Pavao,ES,2014,0
MALA,Malária,320515,Vila Pavao,ES,2015,0
MALA,Malária,320515,Vila Pavao,ES,2016,0
MALA,Malária,320515,Vila Pavao,ES,2017,0
MALA,Malária,320515,Vila Pavao,ES,2018,118
MALA,Malária,320515,Vila Pavao,ES,2019,2
MALA,Malária,320515,Vila Pavao,ES,2020,0
MALA,Malária,320515,Vila Pavao,ES,2021,1
MALA,Malária,320515,Vila Pavao,ES,2022,0
MALA,Malária,320515,Vila Pavao,ES,2023,0
MALA,Malária,320515,Vila Pavao,ES,2024,0
MALA,Malária,320517,Vila Valerio,ES,2007,1
MALA,Malária,320517,Vila Valerio,ES,2008,1
MALA,Malária,320517,Vila Valerio,ES,2009,0
MALA,Malária,320517,Vila Valerio,ES,2010,0
MALA,Malária,320517,Vila Valerio,ES,2011,1
MALA,Malária,320517,Vila Valerio,ES,2012,0
MALA,Malária,320517,Vila Valerio,ES,2013,0
MALA,Malária,320517,Vila Valerio,ES,2014,0
MALA,Malária,320517,Vila Valerio,ES,2015,0
MALA,Malária,320517,Vila Valerio,ES,2016,0
MALA,Malária,320517,Vila Valerio,ES,2017,0
MALA,Malária,320517,Vila Valerio,ES,2018,0
MALA,Malária,320517,Vila Valerio,ES,2019,0
MALA,Malária,320517,Vila Valerio,ES,2020,0
MALA,Malária,320517,Vila Valerio,ES,2021,0
MALA,Malária,320517,Vila Valerio,ES,2022,0
MALA,Malária,320517,Vila Valerio,ES,2023,0
MALA,Malária,320517,Vila Valerio,ES,2024,0
MALA,Malária,320520,Vila Velha,ES,2007,6
MALA,Malária,320520,Vila Velha,ES,2008,4
MALA,Malária,320520,Vila Velha,ES,2009,1
MALA,Malária,320520,Vila Velha,ES,2010,2
MALA,Malária,320520,Vila Velha,ES,2011,3
MALA,Malária,320520,Vila Velha,ES,2012,5
MALA,Malária,320520,Vila Velha,ES,2013,6
MALA,Malária,320520,Vila Velha,ES,2014,4
MALA,Malária,320520,Vila Velha,ES,2015,4
MALA,Malária,320520,Vila Velha,ES,2016,5
MALA,Malária,320520,Vila Velha,ES,2017,3
MALA,Malária,320520,Vila Velha,ES,2018,4
MALA,Malária,320520,Vila Velha,ES,2019,3
MALA,Malária,320520,Vila Velha,ES,2020,2
MALA,Malária,320520,Vila Velha,ES,2021,2
MALA,Malária,320520,Vila Velha,ES,2022,2
MALA,Malária,320520,Vila Velha,ES,2023,1
MALA,Malária,320520,Vila Velha,ES,2024,1
MALA,Malária,320530,Vitoria,ES,2007,5
MALA,Malária,320530,Vitoria,ES,2008,14
MALA,Malária,320530,Vitoria,ES,2009,7
MALA,Malária,320530,Vitoria,ES,2010,6
MALA,Malária,320530,Vitoria,ES,2011,9
MALA,Malária,320530,Vitoria,ES,2012,8
MALA,Malária,320530,Vitoria,ES,2013,10
MALA,Malária,320530,Vitoria,ES,2014,6
MALA,Malária,320530,Vitoria,ES,2015,9
MALA,Malária,320530,Vitoria,ES,2016,11
MALA,Malária,320530,Vitoria,ES,2017,11
MALA,Malária,320530,Vitoria,ES,2018,4
MALA,Malária,320530,Vitoria,ES,2019,3
MALA,Malária,320530,Vitoria,ES,2020,3
MALA,Malária,320530,Vitoria,ES,2021,3
MALA,Malária,320530,Vitoria,ES,2022,1
MALA,Malária,320530,Vitoria,ES,2023,3
MALA,Malária,320530,Vitoria,ES,2024,7
MALA,Malária,520010,Abadiania,GO,2007,0
MALA,Malária,520010,Abadiania,GO,2008,0
MALA,Malária,520010,Abadiania,GO,2009,0
MALA,Malária,520010,Abadiania,GO,2010,0
MALA,Malária,520010,Abadiania,GO,2011,0
MALA,Malária,520010,Abadiania,GO,2012,0
MALA,Malária,520010,Abadiania,GO,2013,0
MALA,Malária,520010,Abadiania,GO,2014,0
MALA,Malária,520010,Abadiania,GO,2015,0
MALA,Malária,520010,Abadiania,GO,2016,0
MALA,Malária,520010,Abadiania,GO,2017,0
MALA,Malária,520010,Abadiania,GO,2018,0
MALA,Malária,520010,Abadiania,GO,2019,0
MALA,Malária,520010,Abadiania,GO,2020,0
MALA,Malária,520010,Abadiania,GO,2021,1
MALA,Malária,520010,Abadiania,GO,2022,0
MALA,Malária,520010,Abadiania,GO,2023,0
MALA,Malária,520010,Abadiania,GO,2024,0
MALA,Malária,520025,Aguas Lindas de Goias,GO,2007,0
MALA,Malária,520025,Aguas Lindas de Goias,GO,2008,1
MALA,Malária,520025,Aguas Lindas de Goias,GO,2009,0
MALA,Malária,520025,Aguas Lindas de Goias,GO,2010,1
MALA,Malária,520025,Aguas Lindas de Goias,GO,2011,1
MALA,Malária,520025,Aguas Lindas de Goias,GO,2012,0
MALA,Malária,520025,Aguas Lindas de Goias,GO,2013,0
MALA,Malária,520025,Aguas Lindas de Goias,GO,2014,0
MALA,Malária,520025,Aguas Lindas de Goias,GO,2015,0
MALA,Malária,520025,Aguas Lindas de Goias,GO,2016,0
MALA,Malária,520025,Aguas Lindas de Goias,GO,2017,0
MALA,Malária,520025,Aguas Lindas de Goias,GO,2018,0
MALA,Malária,520025,Aguas Lindas de Goias,GO,2019,0
MALA,Malária,520025,Aguas Lindas de Goias,GO,2020,0
MALA,Malária,520025,Aguas Lindas de Goias,GO,2021,0
MALA,Malária,520025,Aguas Lindas de Goias,GO,2022,0
MALA,Malária,520025,Aguas Lindas de Goias,GO,2023,0
MALA,Malária,520025,Aguas Lindas de Goias,GO,2024,0
MALA,Malária,520060,Alto Paraiso de Goias,GO,2007,0
MALA,Malária,520060,Alto Paraiso de Goias,GO,2008,0
MALA,Malária,520060,Alto Paraiso de Goias,GO,2009,0
MALA,Malária,520060,Alto Paraiso de Goias,GO,2010,0
MALA,Malária,520060,Alto Paraiso de Goias,GO,2011,0
MALA,Malária,520060,Alto Paraiso de Goias,GO,2012,0
MALA,Malária,520060,Alto Paraiso de Goias,GO,2013,0
MALA,Malária,520060,Alto Paraiso de Goias,GO,2014,0
MALA,Malária,520060,Alto Paraiso de Goias,GO,2015,0
MALA,Malária,520060,Alto Paraiso de Goias,GO,2016,0
MALA,Malária,520060,Alto Paraiso de Goias,GO,2017,0
MALA,Malária,520060,Alto Paraiso de Goias,GO,2018,0
MALA,Malária,520060,Alto Paraiso de Goias,GO,2019,0
MALA,Malária,520060,Alto Paraiso de Goias,GO,2020,0
MALA,Malária,520060,Alto Paraiso de Goias,GO,2021,1
MALA,Malária,520060,Alto Paraiso de Goias,GO,2022,0
MALA,Malária,520060,Alto Paraiso de Goias,GO,2023,0
MALA,Malária,520060,Alto Paraiso de Goias,GO,2024,0
MALA,Malária,520110,Anapolis,GO,2007,3
MALA,Malária,520110,Anapolis,GO,2008,3
MALA,Malária,520110,Anapolis,GO,2009,4
MALA,Malária,520110,Anapolis,GO,2010,7
MALA,Malária,520110,Anapolis,GO,2011,2
MALA,Malária,520110,Anapolis,GO,2012,2
MALA,Malária,520110,Anapolis,GO,2013,2
MALA,Malária,520110,Anapolis,GO,2014,3
MALA,Malária,520110,Anapolis,GO,2015,2
MALA,Malária,520110,Anapolis,GO,2016,0
MALA,Malária,520110,Anapolis,GO,2017,1
MALA,Malária,520110,Anapolis,GO,2018,2
MALA,Malária,520110,Anapolis,GO,2019,2
MALA,Malária,520110,Anapolis,GO,2020,1
MALA,Malária,520110,Anapolis,GO,2021,3
MALA,Malária,520110,Anapolis,GO,2022,1
MALA,Malária,520110,Anapolis,GO,2023,5
MALA,Malária,520110,Anapolis,GO,2024,0
MALA,Malária,520140,Aparecida de Goiania,GO,2007,0
MALA,Malária,520140,Aparecida de Goiania,GO,2008,0
MALA,Malária,520140,Aparecida de Goiania,GO,2009,1
MALA,Malária,520140,Aparecida de Goiania,GO,2010,0
MALA,Malária,520140,Aparecida de Goiania,GO,2011,1
MALA,Malária,520140,Aparecida de Goiania,GO,2012,0
MALA,Malária,520140,Aparecida de Goiania,GO,2013,0
MALA,Malária,520140,Aparecida de Goiania,GO,2014,1
MALA,Malária,520140,Aparecida de Goiania,GO,2015,0
MALA,Malária,520140,Aparecida de Goiania,GO,2016,1
MALA,Malária,520140,Aparecida de Goiania,GO,2017,0
MALA,Malária,520140,Aparecida de Goiania,GO,2018,1
MALA,Malária,520140,Aparecida de Goiania,GO,2019,2
MALA,Malária,520140,Aparecida de Goiania,GO,2020,0
MALA,Malária,520140,Aparecida de Goiania,GO,2021,0
MALA,Malária,520140,Aparecida de Goiania,GO,2022,0
MALA,Malária,520140,Aparecida de Goiania,GO,2023,4
MALA,Malária,520140,Aparecida de Goiania,GO,2024,0
MALA,Malária,520150,Apore,GO,2007,0
MALA,Malária,520150,Apore,GO,2008,0
MALA,Malária,520150,Apore,GO,2009,0
MALA,Malária,520150,Apore,GO,2010,0
MALA,Malária,520150,Apore,GO,2011,0
MALA,Malária,520150,Apore,GO,2012,0
MALA,Malária,520150,Apore,GO,2013,0
MALA,Malária,520150,Apore,GO,2014,1
MALA,Malária,520150,Apore,GO,2015,1
MALA,Malária,520150,Apore,GO,2016,0
MALA,Malária,520150,Apore,GO,2017,0
MALA,Malária,520150,Apore,GO,2018,0
MALA,Malária,520150,Apore,GO,2019,0
MALA,Malária,520150,Apore,GO,2020,0
MALA,Malária,520150,Apore,GO,2021,0
MALA,Malária,520150,Apore,GO,2022,0
MALA,Malária,520150,Apore,GO,2023,0
MALA,Malária,520150,Apore,GO,2024,0
MALA,Malária,520215,Araguapaz,GO,2007,2
MALA,Malária,520215,Araguapaz,GO,2008,0
MALA,Malária,520215,Araguapaz,GO,2009,0
MALA,Malária,520215,Araguapaz,GO,2010,0
MALA,Malária,520215,Araguapaz,GO,2011,0
MALA,Malária,520215,Araguapaz,GO,2012,0
MALA,Malária,520215,Araguapaz,GO,2013,0
MALA,Malária,520215,Araguapaz,GO,2014,0
MALA,Malária,520215,Araguapaz,GO,2015,0
MALA,Malária,520215,Araguapaz,GO,2016,0
MALA,Malária,520215,Araguapaz,GO,2017,0
MALA,Malária,520215,Araguapaz,GO,2018,0
MALA,Malária,520215,Araguapaz,GO,2019,0
MALA,Malária,520215,Araguapaz,GO,2020,0
MALA,Malária,520215,Araguapaz,GO,2021,0
MALA,Malária,520215,Araguapaz,GO,2022,0
MALA,Malária,520215,Araguapaz,GO,2023,0
MALA,Malária,520215,Araguapaz,GO,2024,0
MALA,Malária,520235,Arenopolis,GO,2007,0
MALA,Malária,520235,Arenopolis,GO,2008,0
MALA,Malária,520235,Arenopolis,GO,2009,0
MALA,Malária,520235,Arenopolis,GO,2010,0
MALA,Malária,520235,Arenopolis,GO,2011,0
MALA,Malária,520235,Arenopolis,GO,2012,0
MALA,Malária,520235,Arenopolis,GO,2013,0
MALA,Malária,520235,Arenopolis,GO,2014,0
MALA,Malária,520235,Arenopolis,GO,2015,0
MALA,Malária,520235,Arenopolis,GO,2016,0
MALA,Malária,520235,Arenopolis,GO,2017,0
MALA,Malária,520235,Arenopolis,GO,2018,0
MALA,Malária,520235,Arenopolis,GO,2019,0
MALA,Malária,520235,Arenopolis,GO,2020,0
MALA,Malária,520235,Arenopolis,GO,2021,0
MALA,Malária,520235,Arenopolis,GO,2022,0
MALA,Malária,520235,Arenopolis,GO,2023,1
MALA,Malária,520235,Arenopolis,GO,2024,0
MALA,Malária,520260,Aurilandia,GO,2007,0
MALA,Malária,520260,Aurilandia,GO,2008,0
MALA,Malária,520260,Aurilandia,GO,2009,0
MALA,Malária,520260,Aurilandia,GO,2010,1
MALA,Malária,520260,Aurilandia,GO,2011,0
MALA,Malária,520260,Aurilandia,GO,2012,0
MALA,Malária,520260,Aurilandia,GO,2013,0
MALA,Malária,520260,Aurilandia,GO,2014,0
MALA,Malária,520260,Aurilandia,GO,2015,0
MALA,Malária,520260,Aurilandia,GO,2016,0
MALA,Malária,520260,Aurilandia,GO,2017,0
MALA,Malária,520260,Aurilandia,GO,2018,0
MALA,Malária,520260,Aurilandia,GO,2019,0
MALA,Malária,520260,Aurilandia,GO,2020,0
MALA,Malária,520260,Aurilandia,GO,2021,0
MALA,Malária,520260,Aurilandia,GO,2022,0
MALA,Malária,520260,Aurilandia,GO,2023,0
MALA,Malária,520260,Aurilandia,GO,2024,0
MALA,Malária,520350,Bom Jesus de Goias,GO,2007,0
MALA,Malária,520350,Bom Jesus de Goias,GO,2008,0
MALA,Malária,520350,Bom Jesus de Goias,GO,2009,0
MALA,Malária,520350,Bom Jesus de Goias,GO,2010,0
MALA,Malária,520350,Bom Jesus de Goias,GO,2011,0
MALA,Malária,520350,Bom Jesus de Goias,GO,2012,0
MALA,Malária,520350,Bom Jesus de Goias,GO,2013,0
MALA,Malária,520350,Bom Jesus de Goias,GO,2014,0
MALA,Malária,520350,Bom Jesus de Goias,GO,2015,0
MALA,Malária,520350,Bom Jesus de Goias,GO,2016,0
MALA,Malária,520350,Bom Jesus de Goias,GO,2017,0
MALA,Malária,520350,Bom Jesus de Goias,GO,2018,0
MALA,Malária,520350,Bom Jesus de Goias,GO,2019,1
MALA,Malária,520350,Bom Jesus de Goias,GO,2020,1
MALA,Malária,520350,Bom Jesus de Goias,GO,2021,0
MALA,Malária,520350,Bom Jesus de Goias,GO,2022,1
MALA,Malária,520350,Bom Jesus de Goias,GO,2023,0
MALA,Malária,520350,Bom Jesus de Goias,GO,2024,0
MALA,Malária,520430,Cacu,GO,2007,0
MALA,Malária,520430,Cacu,GO,2008,0
MALA,Malária,520430,Cacu,GO,2009,0
MALA,Malária,520430,Cacu,GO,2010,0
MALA,Malária,520430,Cacu,GO,2011,0
MALA,Malária,520430,Cacu,GO,2012,0
MALA,Malária,520430,Cacu,GO,2013,0
MALA,Malária,520430,Cacu,GO,2014,0
MALA,Malária,520430,Cacu,GO,2015,0
MALA,Malária,520430,Cacu,GO,2016,0
MALA,Malária,520430,Cacu,GO,2017,0
MALA,Malária,520430,Cacu,GO,2018,0
MALA,Malária,520430,Cacu,GO,2019,0
MALA,Malária,520430,Cacu,GO,2020,0
MALA,Malária,520430,Cacu,GO,2021,0
MALA,Malária,520430,Cacu,GO,2022,0
MALA,Malária,520430,Cacu,GO,2023,1
MALA,Malária,520430,Cacu,GO,2024,0
MALA,Malária,520440,Caiaponia,GO,2007,0
MALA,Malária,520440,Caiaponia,GO,2008,0
MALA,Malária,520440,Caiaponia,GO,2009,0
MALA,Malária,520440,Caiaponia,GO,2010,2
MALA,Malária,520440,Caiaponia,GO,2011,1
MALA,Malária,520440,Caiaponia,GO,2012,0
MALA,Malária,520440,Caiaponia,GO,2013,0
MALA,Malária,520440,Caiaponia,GO,2014,0
MALA,Malária,520440,Caiaponia,GO,2015,0
MALA,Malária,520440,Caiaponia,GO,2016,0
MALA,Malária,520440,Caiaponia,GO,2017,0
MALA,Malária,520440,Caiaponia,GO,2018,0
MALA,Malária,520440,Caiaponia,GO,2019,0
MALA,Malária,520440,Caiaponia,GO,2020,0
MALA,Malária,520440,Caiaponia,GO,2021,0
MALA,Malária,520440,Caiaponia,GO,2022,0
MALA,Malária,520440,Caiaponia,GO,2023,0
MALA,Malária,520440,Caiaponia,GO,2024,0
MALA,Malária,520450,Caldas Novas,GO,2007,1
MALA,Malária,520450,Caldas Novas,GO,2008,1
MALA,Malária,520450,Caldas Novas,GO,2009,0
MALA,Malária,520450,Caldas Novas,GO,2010,5
MALA,Malária,520450,Caldas Novas,GO,2011,1
MALA,Malária,520450,Caldas Novas,GO,2012,1
MALA,Malária,520450,Caldas Novas,GO,2013,1
MALA,Malária,520450,Caldas Novas,GO,2014,0
MALA,Malária,520450,Caldas Novas,GO,2015,1
MALA,Malária,520450,Caldas Novas,GO,2016,3
MALA,Malária,520450,Caldas Novas,GO,2017,1
MALA,Malária,520450,Caldas Novas,GO,2018,3
MALA,Malária,520450,Caldas Novas,GO,2019,0
MALA,Malária,520450,Caldas Novas,GO,2020,3
MALA,Malária,520450,Caldas Novas,GO,2021,3
MALA,Malária,520450,Caldas Novas,GO,2022,1
MALA,Malária,520450,Caldas Novas,GO,2023,0
MALA,Malária,520450,Caldas Novas,GO,2024,1
MALA,Malária,520490,Campos Belos,GO,2007,0
MALA,Malária,520490,Campos Belos,GO,2008,0
MALA,Malária,520490,Campos Belos,GO,2009,0
MALA,Malária,520490,Campos Belos,GO,2010,0
MALA,Malária,520490,Campos Belos,GO,2011,0
MALA,Malária,520490,Campos Belos,GO,2012,0
MALA,Malária,520490,Campos Belos,GO,2013,0
MALA,Malária,520490,Campos Belos,GO,2014,0
MALA,Malária,520490,Campos Belos,GO,2015,0
MALA,Malária,520490,Campos Belos,GO,2016,0
MALA,Malária,520490,Campos Belos,GO,2017,0
MALA,Malária,520490,Campos Belos,GO,2018,1
MALA,Malária,520490,Campos Belos,GO,2019,0
MALA,Malária,520490,Campos Belos,GO,2020,0
MALA,Malária,520490,Campos Belos,GO,2021,0
MALA,Malária,520490,Campos Belos,GO,2022,0
MALA,Malária,520490,Campos Belos,GO,2023,0
MALA,Malária,520490,Campos Belos,GO,2024,0
MALA,Malária,520510,Catalao,GO,2007,0
MALA,Malária,520510,Catalao,GO,2008,0
MALA,Malária,520510,Catalao,GO,2009,1
MALA,Malária,520510,Catalao,GO,2010,0
MALA,Malária,520510,Catalao,GO,2011,0
MALA,Malária,520510,Catalao,GO,2012,0
MALA,Malária,520510,Catalao,GO,2013,0
MALA,Malária,520510,Catalao,GO,2014,0
MALA,Malária,520510,Catalao,GO,2015,1
MALA,Malária,520510,Catalao,GO,2016,1
MALA,Malária,520510,Catalao,GO,2017,0
MALA,Malária,520510,Catalao,GO,2018,0
MALA,Malária,520510,Catalao,GO,2019,0
MALA,Malária,520510,Catalao,GO,2020,1
MALA,Malária,520510,Catalao,GO,2021,0
MALA,Malária,520510,Catalao,GO,2022,1
MALA,Malária,520510,Catalao,GO,2023,0
MALA,Malária,520510,Catalao,GO,2024,0
MALA,Malária,520540,Ceres,GO,2007,0
MALA,Malária,520540,Ceres,GO,2008,1
MALA,Malária,520540,Ceres,GO,2009,0
MALA,Malária,520540,Ceres,GO,2010,0
MALA,Malária,520540,Ceres,GO,2011,0
MALA,Malária,520540,Ceres,GO,2012,0
MALA,Malária,520540,Ceres,GO,2013,0
MALA,Malária,520540,Ceres,GO,2014,0
MALA,Malária,520540,Ceres,GO,2015,1
MALA,Malária,520540,Ceres,GO,2016,1
MALA,Malária,520540,Ceres,GO,2017,0
MALA,Malária,520540,Ceres,GO,2018,0
MALA,Malária,520540,Ceres,GO,2019,0
MALA,Malária,520540,Ceres,GO,2020,0
MALA,Malária,520540,Ceres,GO,2021,1
MALA,Malária,520540,Ceres,GO,2022,0
MALA,Malária,520540,Ceres,GO,2023,0
MALA,Malária,520540,Ceres,GO,2024,0
MALA,Malária,520545,Cezarina,GO,2007,0
MALA,Malária,520545,Cezarina,GO,2008,0
MALA,Malária,520545,Cezarina,GO,2009,0
MALA,Malária,520545,Cezarina,GO,2010,0
MALA,Malária,520545,Cezarina,GO,2011,0
MALA,Malária,520545,Cezarina,GO,2012,1
MALA,Malária,520545,Cezarina,GO,2013,0
MALA,Malária,520545,Cezarina,GO,2014,0
MALA,Malária,520545,Cezarina,GO,2015,0
MALA,Malária,520545,Cezarina,GO,2016,1
MALA,Malária,520545,Cezarina,GO,2017,0
MALA,Malária,520545,Cezarina,GO,2018,0
MALA,Malária,520545,Cezarina,GO,2019,0
MALA,Malária,520545,Cezarina,GO,2020,0
MALA,Malária,520545,Cezarina,GO,2021,0
MALA,Malária,520545,Cezarina,GO,2022,0
MALA,Malária,520545,Cezarina,GO,2023,0
MALA,Malária,520545,Cezarina,GO,2024,0
MALA,Malária,520547,Chapadao do Ceu,GO,2007,0
MALA,Malária,520547,Chapadao do Ceu,GO,2008,0
MALA,Malária,520547,Chapadao do Ceu,GO,2009,0
MALA,Malária,520547,Chapadao do Ceu,GO,2010,0
MALA,Malária,520547,Chapadao do Ceu,GO,2011,0
MALA,Malária,520547,Chapadao do Ceu,GO,2012,0
MALA,Malária,520547,Chapadao do Ceu,GO,2013,0
MALA,Malária,520547,Chapadao do Ceu,GO,2014,0
MALA,Malária,520547,Chapadao do Ceu,GO,2015,0
MALA,Malária,520547,Chapadao do Ceu,GO,2016,0
MALA,Malária,520547,Chapadao do Ceu,GO,2017,0
MALA,Malária,520547,Chapadao do Ceu,GO,2018,0
MALA,Malária,520547,Chapadao do Ceu,GO,2019,0
MALA,Malária,520547,Chapadao do Ceu,GO,2020,0
MALA,Malária,520547,Chapadao do Ceu,GO,2021,1
MALA,Malária,520547,Chapadao do Ceu,GO,2022,0
MALA,Malária,520547,Chapadao do Ceu,GO,2023,3
MALA,Malária,520547,Chapadao do Ceu,GO,2024,0
MALA,Malária,520549,Cidade Ocidental,GO,2007,0
MALA,Malária,520549,Cidade Ocidental,GO,2008,0
MALA,Malária,520549,Cidade Ocidental,GO,2009,0
MALA,Malária,520549,Cidade Ocidental,GO,2010,0
MALA,Malária,520549,Cidade Ocidental,GO,2011,0
MALA,Malária,520549,Cidade Ocidental,GO,2012,0
MALA,Malária,520549,Cidade Ocidental,GO,2013,0
MALA,Malária,520549,Cidade Ocidental,GO,2014,0
MALA,Malária,520549,Cidade Ocidental,GO,2015,0
MALA,Malária,520549,Cidade Ocidental,GO,2016,0
MALA,Malária,520549,Cidade Ocidental,GO,2017,0
MALA,Malária,520549,Cidade Ocidental,GO,2018,0
MALA,Malária,520549,Cidade Ocidental,GO,2019,0
MALA,Malária,520549,Cidade Ocidental,GO,2020,0
MALA,Malária,520549,Cidade Ocidental,GO,2021,0
MALA,Malária,520549,Cidade Ocidental,GO,2022,1
MALA,Malária,520549,Cidade Ocidental,GO,2023,0
MALA,Malária,520549,Cidade Ocidental,GO,2024,0
MALA,Malária,520551,Cocalzinho de Goias,GO,2007,0
MALA,Malária,520551,Cocalzinho de Goias,GO,2008,0
MALA,Malária,520551,Cocalzinho de Goias,GO,2009,0
MALA,Malária,520551,Cocalzinho de Goias,GO,2010,0
MALA,Malária,520551,Cocalzinho de Goias,GO,2011,1
MALA,Malária,520551,Cocalzinho de Goias,GO,2012,0
MALA,Malária,520551,Cocalzinho de Goias,GO,2013,0
MALA,Malária,520551,Cocalzinho de Goias,GO,2014,0
MALA,Malária,520551,Cocalzinho de Goias,GO,2015,0
MALA,Malária,520551,Cocalzinho de Goias,GO,2016,0
MALA,Malária,520551,Cocalzinho de Goias,GO,2017,0
MALA,Malária,520551,Cocalzinho de Goias,GO,2018,0
MALA,Malária,520551,Cocalzinho de Goias,GO,2019,0
MALA,Malária,520551,Cocalzinho de Goias,GO,2020,0
MALA,Malária,520551,Cocalzinho de Goias,GO,2021,0
MALA,Malária,520551,Cocalzinho de Goias,GO,2022,0
MALA,Malária,520551,Cocalzinho de Goias,GO,2023,0
MALA,Malária,520551,Cocalzinho de Goias,GO,2024,0
MALA,Malária,520570,Corrego do Ouro,GO,2007,0
MALA,Malária,520570,Corrego do Ouro,GO,2008,1
MALA,Malária,520570,Corrego do Ouro,GO,2009,0
MALA,Malária,520570,Corrego do Ouro,GO,2010,0
MALA,Malária,520570,Corrego do Ouro,GO,2011,0
MALA,Malária,520570,Corrego do Ouro,GO,2012,0
MALA,Malária,520570,Corrego do Ouro,GO,2013,0
MALA,Malária,520570,Corrego do Ouro,GO,2014,0
MALA,Malária,520570,Corrego do Ouro,GO,2015,0
MALA,Malária,520570,Corrego do Ouro,GO,2016,0
MALA,Malária,520570,Corrego do Ouro,GO,2017,0
MALA,Malária,520570,Corrego do Ouro,GO,2018,0
MALA,Malária,520570,Corrego do Ouro,GO,2019,0
MALA,Malária,520570,Corrego do Ouro,GO,2020,0
MALA,Malária,520570,Corrego do Ouro,GO,2021,0
MALA,Malária,520570,Corrego do Ouro,GO,2022,0
MALA,Malária,520570,Corrego do Ouro,GO,2023,0
MALA,Malária,520570,Corrego do Ouro,GO,2024,0
MALA,Malária,520620,Cristalina,GO,2007,0
MALA,Malária,520620,Cristalina,GO,2008,0
MALA,Malária,520620,Cristalina,GO,2009,0
MALA,Malária,520620,Cristalina,GO,2010,0
MALA,Malária,520620,Cristalina,GO,2011,0
MALA,Malária,520620,Cristalina,GO,2012,1
MALA,Malária,520620,Cristalina,GO,2013,0
MALA,Malária,520620,Cristalina,GO,2014,0
MALA,Malária,520620,Cristalina,GO,2015,0
MALA,Malária,520620,Cristalina,GO,2016,0
MALA,Malária,520620,Cristalina,GO,2017,0
MALA,Malária,520620,Cristalina,GO,2018,1
MALA,Malária,520620,Cristalina,GO,2019,0
MALA,Malária,520620,Cristalina,GO,2020,0
MALA,Malária,520620,Cristalina,GO,2021,0
MALA,Malária,520620,Cristalina,GO,2022,0
MALA,Malária,520620,Cristalina,GO,2023,0
MALA,Malária,520620,Cristalina,GO,2024,0
MALA,Malária,520640,Crixas,GO,2007,0
MALA,Malária,520640,Crixas,GO,2008,0
MALA,Malária,520640,Crixas,GO,2009,0
MALA,Malária,520640,Crixas,GO,2010,0
MALA,Malária,520640,Crixas,GO,2011,0
MALA,Malária,520640,Crixas,GO,2012,0
MALA,Malária,520640,Crixas,GO,2013,0
MALA,Malária,520640,Crixas,GO,2014,0
MALA,Malária,520640,Crixas,GO,2015,0
MALA,Malária,520640,Crixas,GO,2016,0
MALA,Malária,520640,Crixas,GO,2017,0
MALA,Malária,520640,Crixas,GO,2018,0
MALA,Malária,520640,Crixas,GO,2019,1
MALA,Malária,520640,Crixas,GO,2020,0
MALA,Malária,520640,Crixas,GO,2021,0
MALA,Malária,520640,Crixas,GO,2022,1
MALA,Malária,520640,Crixas,GO,2023,0
MALA,Malária,520640,Crixas,GO,2024,0
MALA,Malária,520750,Estrela do Norte,GO,2007,0
MALA,Malária,520750,Estrela do Norte,GO,2008,0
MALA,Malária,520750,Estrela do Norte,GO,2009,0
MALA,Malária,520750,Estrela do Norte,GO,2010,0
MALA,Malária,520750,Estrela do Norte,GO,2011,0
MALA,Malária,520750,Estrela do Norte,GO,2012,0
MALA,Malária,520750,Estrela do Norte,GO,2013,0
MALA,Malária,520750,Estrela do Norte,GO,2014,0
MALA,Malária,520750,Estrela do Norte,GO,2015,0
MALA,Malária,520750,Estrela do Norte,GO,2016,0
MALA,Malária,520750,Estrela do Norte,GO,2017,0
MALA,Malária,520750,Estrela do Norte,GO,2018,0
MALA,Malária,520750,Estrela do Norte,GO,2019,0
MALA,Malária,520750,Estrela do Norte,GO,2020,0
MALA,Malária,520750,Estrela do Norte,GO,2021,0
MALA,Malária,520750,Estrela do Norte,GO,2022,1
MALA,Malária,520750,Estrela do Norte,GO,2023,0
MALA,Malária,520750,Estrela do Norte,GO,2024,0
MALA,Malária,520860,Goianesia,GO,2007,1
MALA,Malária,520860,Goianesia,GO,2008,0
MALA,Malária,520860,Goianesia,GO,2009,0
MALA,Malária,520860,Goianesia,GO,2010,0
MALA,Malária,520860,Goianesia,GO,2011,0
MALA,Malária,520860,Goianesia,GO,2012,1
MALA,Malária,520860,Goianesia,GO,2013,3
MALA,Malária,520860,Goianesia,GO,2014,0
MALA,Malária,520860,Goianesia,GO,2015,0
MALA,Malária,520860,Goianesia,GO,2016,0
MALA,Malária,520860,Goianesia,GO,2017,0
MALA,Malária,520860,Goianesia,GO,2018,0
MALA,Malária,520860,Goianesia,GO,2019,0
MALA,Malária,520860,Goianesia,GO,2020,0
MALA,Malária,520860,Goianesia,GO,2021,1
MALA,Malária,520860,Goianesia,GO,2022,0
MALA,Malária,520860,Goianesia,GO,2023,0
MALA,Malária,520860,Goianesia,GO,2024,0
MALA,Malária,520870,Goiania,GO,2007,94
MALA,Malária,520870,Goiania,GO,2008,55
MALA,Malária,520870,Goiania,GO,2009,44
MALA,Malária,520870,Goiania,GO,2010,85
MALA,Malária,520870,Goiania,GO,2011,41
MALA,Malária,520870,Goiania,GO,2012,50
MALA,Malária,520870,Goiania,GO,2013,39
MALA,Malária,520870,Goiania,GO,2014,36
MALA,Malária,520870,Goiania,GO,2015,36
MALA,Malária,520870,Goiania,GO,2016,30
MALA,Malária,520870,Goiania,GO,2017,18
MALA,Malária,520870,Goiania,GO,2018,34
MALA,Malária,520870,Goiania,GO,2019,46
MALA,Malária,520870,Goiania,GO,2020,41
MALA,Malária,520870,Goiania,GO,2021,55
MALA,Malária,520870,Goiania,GO,2022,86
MALA,Malária,520870,Goiania,GO,2023,74
MALA,Malária,520870,Goiania,GO,2024,33
MALA,Malária,520880,Goianira,GO,2007,0
MALA,Malária,520880,Goianira,GO,2008,0
MALA,Malária,520880,Goianira,GO,2009,0
MALA,Malária,520880,Goianira,GO,2010,0
MALA,Malária,520880,Goianira,GO,2011,0
MALA,Malária,520880,Goianira,GO,2012,0
MALA,Malária,520880,Goianira,GO,2013,2
MALA,Malária,520880,Goianira,GO,2014,0
MALA,Malária,520880,Goianira,GO,2015,0
MALA,Malária,520880,Goianira,GO,2016,0
MALA,Malária,520880,Goianira,GO,2017,0
MALA,Malária,520880,Goianira,GO,2018,0
MALA,Malária,520880,Goianira,GO,2019,0
MALA,Malária,520880,Goianira,GO,2020,0
MALA,Malária,520880,Goianira,GO,2021,0
MALA,Malária,520880,Goianira,GO,2022,0
MALA,Malária,520880,Goianira,GO,2023,0
MALA,Malária,520880,Goianira,GO,2024,0
MALA,Malária,520890,Goias,GO,2007,0
MALA,Malária,520890,Goias,GO,2008,0
MALA,Malária,520890,Goias,GO,2009,0
MALA,Malária,520890,Goias,GO,2010,1
MALA,Malária,520890,Goias,GO,2011,0
MALA,Malária,520890,Goias,GO,2012,0
MALA,Malária,520890,Goias,GO,2013,1
MALA,Malária,520890,Goias,GO,2014,0
MALA,Malária,520890,Goias,GO,2015,0
MALA,Malária,520890,Goias,GO,2016,0
MALA,Malária,520890,Goias,GO,2017,0
MALA,Malária,520890,Goias,GO,2018,0
MALA,Malária,520890,Goias,GO,2019,0
MALA,Malária,520890,Goias,GO,2020,0
MALA,Malária,520890,Goias,GO,2021,0
MALA,Malária,520890,Goias,GO,2022,0
MALA,Malária,520890,Goias,GO,2023,0
MALA,Malária,520890,Goias,GO,2024,0
MALA,Malária,520910,Goiatuba,GO,2007,0
MALA,Malária,520910,Goiatuba,GO,2008,0
MALA,Malária,520910,Goiatuba,GO,2009,0
MALA,Malária,520910,Goiatuba,GO,2010,0
MALA,Malária,520910,Goiatuba,GO,2011,2
MALA,Malária,520910,Goiatuba,GO,2012,0
MALA,Malária,520910,Goiatuba,GO,2013,0
MALA,Malária,520910,Goiatuba,GO,2014,0
MALA,Malária,520910,Goiatuba,GO,2015,0
MALA,Malária,520910,Goiatuba,GO,2016,0
MALA,Malária,520910,Goiatuba,GO,2017,0
MALA,Malária,520910,Goiatuba,GO,2018,0
MALA,Malária,520910,Goiatuba,GO,2019,0
MALA,Malária,520910,Goiatuba,GO,2020,0
MALA,Malária,520910,Goiatuba,GO,2021,0
MALA,Malária,520910,Goiatuba,GO,2022,0
MALA,Malária,520910,Goiatuba,GO,2023,0
MALA,Malária,520910,Goiatuba,GO,2024,0
MALA,Malária,520960,Heitorai,GO,2007,0
MALA,Malária,520960,Heitorai,GO,2008,0
MALA,Malária,520960,Heitorai,GO,2009,0
MALA,Malária,520960,Heitorai,GO,2010,1
MALA,Malária,520960,Heitorai,GO,2011,0
MALA,Malária,520960,Heitorai,GO,2012,0
MALA,Malária,520960,Heitorai,GO,2013,0
MALA,Malária,520960,Heitorai,GO,2014,0
MALA,Malária,520960,Heitorai,GO,2015,0
MALA,Malária,520960,Heitorai,GO,2016,0
MALA,Malária,520960,Heitorai,GO,2017,0
MALA,Malária,520960,Heitorai,GO,2018,0
MALA,Malária,520960,Heitorai,GO,2019,0
MALA,Malária,520960,Heitorai,GO,2020,0
MALA,Malária,520960,Heitorai,GO,2021,0
MALA,Malária,520960,Heitorai,GO,2022,0
MALA,Malária,520960,Heitorai,GO,2023,0
MALA,Malária,520960,Heitorai,GO,2024,0
MALA,Malária,520995,Indiara,GO,2007,0
MALA,Malária,520995,Indiara,GO,2008,0
MALA,Malária,520995,Indiara,GO,2009,0
MALA,Malária,520995,Indiara,GO,2010,0
MALA,Malária,520995,Indiara,GO,2011,1
MALA,Malária,520995,Indiara,GO,2012,0
MALA,Malária,520995,Indiara,GO,2013,0
MALA,Malária,520995,Indiara,GO,2014,0
MALA,Malária,520995,Indiara,GO,2015,0
MALA,Malária,520995,Indiara,GO,2016,0
MALA,Malária,520995,Indiara,GO,2017,0
MALA,Malária,520995,Indiara,GO,2018,0
MALA,Malária,520995,Indiara,GO,2019,0
MALA,Malária,520995,Indiara,GO,2020,0
MALA,Malária,520995,Indiara,GO,2021,0
MALA,Malária,520995,Indiara,GO,2022,0
MALA,Malária,520995,Indiara,GO,2023,0
MALA,Malária,520995,Indiara,GO,2024,0
MALA,Malária,521010,Ipameri,GO,2007,0
MALA,Malária,521010,Ipameri,GO,2008,0
MALA,Malária,521010,Ipameri,GO,2009,0
MALA,Malária,521010,Ipameri,GO,2010,0
MALA,Malária,521010,Ipameri,GO,2011,0
MALA,Malária,521010,Ipameri,GO,2012,0
MALA,Malária,521010,Ipameri,GO,2013,0
MALA,Malária,521010,Ipameri,GO,2014,0
MALA,Malária,521010,Ipameri,GO,2015,0
MALA,Malária,521010,Ipameri,GO,2016,0
MALA,Malária,521010,Ipameri,GO,2017,0
MALA,Malária,521010,Ipameri,GO,2018,0
MALA,Malária,521010,Ipameri,GO,2019,0
MALA,Malária,521010,Ipameri,GO,2020,0
MALA,Malária,521010,Ipameri,GO,2021,0
MALA,Malária,521010,Ipameri,GO,2022,0
MALA,Malária,521010,Ipameri,GO,2023,1
MALA,Malária,521010,Ipameri,GO,2024,0
MALA,Malária,521020,Ipora,GO,2007,1
MALA,Malária,521020,Ipora,GO,2008,1
MALA,Malária,521020,Ipora,GO,2009,1
MALA,Malária,521020,Ipora,GO,2010,1
MALA,Malária,521020,Ipora,GO,2011,0
MALA,Malária,521020,Ipora,GO,2012,0
MALA,Malária,521020,Ipora,GO,2013,0
MALA,Malária,521020,Ipora,GO,2014,1
MALA,Malária,521020,Ipora,GO,2015,0
MALA,Malária,521020,Ipora,GO,2016,0
MALA,Malária,521020,Ipora,GO,2017,0
MALA,Malária,521020,Ipora,GO,2018,0
MALA,Malária,521020,Ipora,GO,2019,0
MALA,Malária,521020,Ipora,GO,2020,0
MALA,Malária,521020,Ipora,GO,2021,0
MALA,Malária,521020,Ipora,GO,2022,0
MALA,Malária,521020,Ipora,GO,2023,0
MALA,Malária,521020,Ipora,GO,2024,0
MALA,Malária,521040,Itaberai,GO,2007,0
MALA,Malária,521040,Itaberai,GO,2008,0
MALA,Malária,521040,Itaberai,GO,2009,0
MALA,Malária,521040,Itaberai,GO,2010,0
MALA,Malária,521040,Itaberai,GO,2011,0
MALA,Malária,521040,Itaberai,GO,2012,0
MALA,Malária,521040,Itaberai,GO,2013,0
MALA,Malária,521040,Itaberai,GO,2014,0
MALA,Malária,521040,Itaberai,GO,2015,1
MALA,Malária,521040,Itaberai,GO,2016,0
MALA,Malária,521040,Itaberai,GO,2017,1
MALA,Malária,521040,Itaberai,GO,2018,0
MALA,Malária,521040,Itaberai,GO,2019,0
MALA,Malária,521040,Itaberai,GO,2020,0
MALA,Malária,521040,Itaberai,GO,2021,0
MALA,Malária,521040,Itaberai,GO,2022,0
MALA,Malária,521040,Itaberai,GO,2023,0
MALA,Malária,521040,Itaberai,GO,2024,0
MALA,Malária,521120,Itapuranga,GO,2007,1
MALA,Malária,521120,Itapuranga,GO,2008,0
MALA,Malária,521120,Itapuranga,GO,2009,0
MALA,Malária,521120,Itapuranga,GO,2010,0
MALA,Malária,521120,Itapuranga,GO,2011,0
MALA,Malária,521120,Itapuranga,GO,2012,0
MALA,Malária,521120,Itapuranga,GO,2013,0
MALA,Malária,521120,Itapuranga,GO,2014,0
MALA,Malária,521120,Itapuranga,GO,2015,0
MALA,Malária,521120,Itapuranga,GO,2016,0
MALA,Malária,521120,Itapuranga,GO,2017,0
MALA,Malária,521120,Itapuranga,GO,2018,0
MALA,Malária,521120,Itapuranga,GO,2019,0
MALA,Malária,521120,Itapuranga,GO,2020,0
MALA,Malária,521120,Itapuranga,GO,2021,0
MALA,Malária,521120,Itapuranga,GO,2022,0
MALA,Malária,521120,Itapuranga,GO,2023,0
MALA,Malária,521120,Itapuranga,GO,2024,0
MALA,Malária,521150,Itumbiara,GO,2007,1
MALA,Malária,521150,Itumbiara,GO,2008,0
MALA,Malária,521150,Itumbiara,GO,2009,0
MALA,Malária,521150,Itumbiara,GO,2010,0
MALA,Malária,521150,Itumbiara,GO,2011,0
MALA,Malária,521150,Itumbiara,GO,2012,0
MALA,Malária,521150,Itumbiara,GO,2013,0
MALA,Malária,521150,Itumbiara,GO,2014,1
MALA,Malária,521150,Itumbiara,GO,2015,0
MALA,Malária,521150,Itumbiara,GO,2016,0
MALA,Malária,521150,Itumbiara,GO,2017,0
MALA,Malária,521150,Itumbiara,GO,2018,0
MALA,Malária,521150,Itumbiara,GO,2019,0
MALA,Malária,521150,Itumbiara,GO,2020,0
MALA,Malária,521150,Itumbiara,GO,2021,0
MALA,Malária,521150,Itumbiara,GO,2022,0
MALA,Malária,521150,Itumbiara,GO,2023,0
MALA,Malária,521150,Itumbiara,GO,2024,0
MALA,Malária,521180,Jaragua,GO,2007,0
MALA,Malária,521180,Jaragua,GO,2008,0
MALA,Malária,521180,Jaragua,GO,2009,0
MALA,Malária,521180,Jaragua,GO,2010,1
MALA,Malária,521180,Jaragua,GO,2011,1
MALA,Malária,521180,Jaragua,GO,2012,0
MALA,Malária,521180,Jaragua,GO,2013,0
MALA,Malária,521180,Jaragua,GO,2014,0
MALA,Malária,521180,Jaragua,GO,2015,0
MALA,Malária,521180,Jaragua,GO,2016,0
MALA,Malária,521180,Jaragua,GO,2017,0
MALA,Malária,521180,Jaragua,GO,2018,0
MALA,Malária,521180,Jaragua,GO,2019,0
MALA,Malária,521180,Jaragua,GO,2020,0
MALA,Malária,521180,Jaragua,GO,2021,1
MALA,Malária,521180,Jaragua,GO,2022,0
MALA,Malária,521180,Jaragua,GO,2023,0
MALA,Malária,521180,Jaragua,GO,2024,0
MALA,Malária,521190,Jatai,GO,2007,1
MALA,Malária,521190,Jatai,GO,2008,1
MALA,Malária,521190,Jatai,GO,2009,3
MALA,Malária,521190,Jatai,GO,2010,5
MALA,Malária,521190,Jatai,GO,2011,0
MALA,Malária,521190,Jatai,GO,2012,0
MALA,Malária,521190,Jatai,GO,2013,2
MALA,Malária,521190,Jatai,GO,2014,1
MALA,Malária,521190,Jatai,GO,2015,3
MALA,Malária,521190,Jatai,GO,2016,1
MALA,Malária,521190,Jatai,GO,2017,1
MALA,Malária,521190,Jatai,GO,2018,3
MALA,Malária,521190,Jatai,GO,2019,2
MALA,Malária,521190,Jatai,GO,2020,2
MALA,Malária,521190,Jatai,GO,2021,2
MALA,Malária,521190,Jatai,GO,2022,2
MALA,Malária,521190,Jatai,GO,2023,3
MALA,Malária,521190,Jatai,GO,2024,2
MALA,Malária,521220,Jussara,GO,2007,0
MALA,Malária,521220,Jussara,GO,2008,0
MALA,Malária,521220,Jussara,GO,2009,2
MALA,Malária,521220,Jussara,GO,2010,0
MALA,Malária,521220,Jussara,GO,2011,0
MALA,Malária,521220,Jussara,GO,2012,1
MALA,Malária,521220,Jussara,GO,2013,0
MALA,Malária,521220,Jussara,GO,2014,0
MALA,Malária,521220,Jussara,GO,2015,0
MALA,Malária,521220,Jussara,GO,2016,0
MALA,Malária,521220,Jussara,GO,2017,0
MALA,Malária,521220,Jussara,GO,2018,0
MALA,Malária,521220,Jussara,GO,2019,0
MALA,Malária,521220,Jussara,GO,2020,0
MALA,Malária,521220,Jussara,GO,2021,0
MALA,Malária,521220,Jussara,GO,2022,0
MALA,Malária,521220,Jussara,GO,2023,0
MALA,Malária,521220,Jussara,GO,2024,0
MALA,Malária,521250,Luziania,GO,2007,1
MALA,Malária,521250,Luziania,GO,2008,0
MALA,Malária,521250,Luziania,GO,2009,1
MALA,Malária,521250,Luziania,GO,2010,7
MALA,Malária,521250,Luziania,GO,2011,0
MALA,Malária,521250,Luziania,GO,2012,1
MALA,Malária,521250,Luziania,GO,2013,0
MALA,Malária,521250,Luziania,GO,2014,0
MALA,Malária,521250,Luziania,GO,2015,0
MALA,Malária,521250,Luziania,GO,2016,0
MALA,Malária,521250,Luziania,GO,2017,0
MALA,Malária,521250,Luziania,GO,2018,0
MALA,Malária,521250,Luziania,GO,2019,0
MALA,Malária,521250,Luziania,GO,2020,0
MALA,Malária,521250,Luziania,GO,2021,0
MALA,Malária,521250,Luziania,GO,2022,1
MALA,Malária,521250,Luziania,GO,2023,0
MALA,Malária,521250,Luziania,GO,2024,0
MALA,Malária,521295,Matrincha,GO,2007,0
MALA,Malária,521295,Matrincha,GO,2008,0
MALA,Malária,521295,Matrincha,GO,2009,0
MALA,Malária,521295,Matrincha,GO,2010,0
MALA,Malária,521295,Matrincha,GO,2011,1
MALA,Malária,521295,Matrincha,GO,2012,0
MALA,Malária,521295,Matrincha,GO,2013,0
MALA,Malária,521295,Matrincha,GO,2014,0
MALA,Malária,521295,Matrincha,GO,2015,0
MALA,Malária,521295,Matrincha,GO,2016,0
MALA,Malária,521295,Matrincha,GO,2017,0
MALA,Malária,521295,Matrincha,GO,2018,0
MALA,Malária,521295,Matrincha,GO,2019,0
MALA,Malária,521295,Matrincha,GO,2020,0
MALA,Malária,521295,Matrincha,GO,2021,0
MALA,Malária,521295,Matrincha,GO,2022,0
MALA,Malária,521295,Matrincha,GO,2023,0
MALA,Malária,521295,Matrincha,GO,2024,0
MALA,Malária,521300,Maurilandia,GO,2007,0
MALA,Malária,521300,Maurilandia,GO,2008,1
MALA,Malária,521300,Maurilandia,GO,2009,0
MALA,Malária,521300,Maurilandia,GO,2010,0
MALA,Malária,521300,Maurilandia,GO,2011,0
MALA,Malária,521300,Maurilandia,GO,2012,0
MALA,Malária,521300,Maurilandia,GO,2013,0
MALA,Malária,521300,Maurilandia,GO,2014,0
MALA,Malária,521300,Maurilandia,GO,2015,0
MALA,Malária,521300,Maurilandia,GO,2016,0
MALA,Malária,521300,Maurilandia,GO,2017,0
MALA,Malária,521300,Maurilandia,GO,2018,0
MALA,Malária,521300,Maurilandia,GO,2019,0
MALA,Malária,521300,Maurilandia,GO,2020,0
MALA,Malária,521300,Maurilandia,GO,2021,0
MALA,Malária,521300,Maurilandia,GO,2022,0
MALA,Malária,521300,Maurilandia,GO,2023,0
MALA,Malária,521300,Maurilandia,GO,2024,0
MALA,Malária,521308,Minacu,GO,2007,2
MALA,Malária,521308,Minacu,GO,2008,0
MALA,Malária,521308,Minacu,GO,2009,1
MALA,Malária,521308,Minacu,GO,2010,2
MALA,Malária,521308,Minacu,GO,2011,6
MALA,Malária,521308,Minacu,GO,2012,6
MALA,Malária,521308,Minacu,GO,2013,3
MALA,Malária,521308,Minacu,GO,2014,2
MALA,Malária,521308,Minacu,GO,2015,1
MALA,Malária,521308,Minacu,GO,2016,3
MALA,Malária,521308,Minacu,GO,2017,1
MALA,Malária,521308,Minacu,GO,2018,1
MALA,Malária,521308,Minacu,GO,2019,0
MALA,Malária,521308,Minacu,GO,2020,0
MALA,Malária,521308,Minacu,GO,2021,2
MALA,Malária,521308,Minacu,GO,2022,0
MALA,Malária,521308,Minacu,GO,2023,0
MALA,Malária,521308,Minacu,GO,2024,0
MALA,Malária,521310,Mineiros,GO,2007,3
MALA,Malária,521310,Mineiros,GO,2008,3
MALA,Malária,521310,Mineiros,GO,2009,1
MALA,Malária,521310,Mineiros,GO,2010,2
MALA,Malária,521310,Mineiros,GO,2011,0
MALA,Malária,521310,Mineiros,GO,2012,0
MALA,Malária,521310,Mineiros,GO,2013,0
MALA,Malária,521310,Mineiros,GO,2014,0
MALA,Malária,521310,Mineiros,GO,2015,1
MALA,Malária,521310,Mineiros,GO,2016,0
MALA,Malária,521310,Mineiros,GO,2017,1
MALA,Malária,521310,Mineiros,GO,2018,2
MALA,Malária,521310,Mineiros,GO,2019,0
MALA,Malária,521310,Mineiros,GO,2020,0
MALA,Malária,521310,Mineiros,GO,2021,0
MALA,Malária,521310,Mineiros,GO,2022,3
MALA,Malária,521310,Mineiros,GO,2023,0
MALA,Malária,521310,Mineiros,GO,2024,0
MALA,Malária,521370,Montes Claros de Goias,GO,2007,0
MALA,Malária,521370,Montes Claros de Goias,GO,2008,0
MALA,Malária,521370,Montes Claros de Goias,GO,2009,0
MALA,Malária,521370,Montes Claros de Goias,GO,2010,0
MALA,Malária,521370,Montes Claros de Goias,GO,2011,0
MALA,Malária,521370,Montes Claros de Goias,GO,2012,0
MALA,Malária,521370,Montes Claros de Goias,GO,2013,0
MALA,Malária,521370,Montes Claros de Goias,GO,2014,0
MALA,Malária,521370,Montes Claros de Goias,GO,2015,0
MALA,Malária,521370,Montes Claros de Goias,GO,2016,1
MALA,Malária,521370,Montes Claros de Goias,GO,2017,1
MALA,Malária,521370,Montes Claros de Goias,GO,2018,0
MALA,Malária,521370,Montes Claros de Goias,GO,2019,0
MALA,Malária,521370,Montes Claros de Goias,GO,2020,0
MALA,Malária,521370,Montes Claros de Goias,GO,2021,0
MALA,Malária,521370,Montes Claros de Goias,GO,2022,0
MALA,Malária,521370,Montes Claros de Goias,GO,2023,0
MALA,Malária,521370,Montes Claros de Goias,GO,2024,0
MALA,Malária,521380,Morrinhos,GO,2007,0
MALA,Malária,521380,Morrinhos,GO,2008,1
MALA,Malária,521380,Morrinhos,GO,2009,0
MALA,Malária,521380,Morrinhos,GO,2010,0
MALA,Malária,521380,Morrinhos,GO,2011,0
MALA,Malária,521380,Morrinhos,GO,2012,0
MALA,Malária,521380,Morrinhos,GO,2013,0
MALA,Malária,521380,Morrinhos,GO,2014,0
MALA,Malária,521380,Morrinhos,GO,2015,0
MALA,Malária,521380,Morrinhos,GO,2016,0
MALA,Malária,521380,Morrinhos,GO,2017,0
MALA,Malária,521380,Morrinhos,GO,2018,0
MALA,Malária,521380,Morrinhos,GO,2019,1
MALA,Malária,521380,Morrinhos,GO,2020,1
MALA,Malária,521380,Morrinhos,GO,2021,0
MALA,Malária,521380,Morrinhos,GO,2022,0
MALA,Malária,521380,Morrinhos,GO,2023,1
MALA,Malária,521380,Morrinhos,GO,2024,0
MALA,Malária,521405,Mundo Novo,GO,2007,0
MALA,Malária,521405,Mundo Novo,GO,2008,0
MALA,Malária,521405,Mundo Novo,GO,2009,0
MALA,Malária,521405,Mundo Novo,GO,2010,0
MALA,Malária,521405,Mundo Novo,GO,2011,0
MALA,Malária,521405,Mundo Novo,GO,2012,0
MALA,Malária,521405,Mundo Novo,GO,2013,0
MALA,Malária,521405,Mundo Novo,GO,2014,0
MALA,Malária,521405,Mundo Novo,GO,2015,0
MALA,Malária,521405,Mundo Novo,GO,2016,0
MALA,Malária,521405,Mundo Novo,GO,2017,1
MALA,Malária,521405,Mundo Novo,GO,2018,0
MALA,Malária,521405,Mundo Novo,GO,2019,0
MALA,Malária,521405,Mundo Novo,GO,2020,0
MALA,Malária,521405,Mundo Novo,GO,2021,0
MALA,Malária,521405,Mundo Novo,GO,2022,0
MALA,Malária,521405,Mundo Novo,GO,2023,0
MALA,Malária,521405,Mundo Novo,GO,2024,0
MALA,Malária,521460,Niquelandia,GO,2007,0
MALA,Malária,521460,Niquelandia,GO,2008,0
MALA,Malária,521460,Niquelandia,GO,2009,0
MALA,Malária,521460,Niquelandia,GO,2010,0
MALA,Malária,521460,Niquelandia,GO,2011,0
MALA,Malária,521460,Niquelandia,GO,2012,3
MALA,Malária,521460,Niquelandia,GO,2013,1
MALA,Malária,521460,Niquelandia,GO,2014,0
MALA,Malária,521460,Niquelandia,GO,2015,0
MALA,Malária,521460,Niquelandia,GO,2016,0
MALA,Malária,521460,Niquelandia,GO,2017,0
MALA,Malária,521460,Niquelandia,GO,2018,0
MALA,Malária,521460,Niquelandia,GO,2019,0
MALA,Malária,521460,Niquelandia,GO,2020,0
MALA,Malária,521460,Niquelandia,GO,2021,0
MALA,Malária,521460,Niquelandia,GO,2022,0
MALA,Malária,521460,Niquelandia,GO,2023,0
MALA,Malária,521460,Niquelandia,GO,2024,0
MALA,Malária,521483,Nova Crixas,GO,2007,1
MALA,Malária,521483,Nova Crixas,GO,2008,0
MALA,Malária,521483,Nova Crixas,GO,2009,0
MALA,Malária,521483,Nova Crixas,GO,2010,0
MALA,Malária,521483,Nova Crixas,GO,2011,0
MALA,Malária,521483,Nova Crixas,GO,2012,0
MALA,Malária,521483,Nova Crixas,GO,2013,0
MALA,Malária,521483,Nova Crixas,GO,2014,0
MALA,Malária,521483,Nova Crixas,GO,2015,0
MALA,Malária,521483,Nova Crixas,GO,2016,0
MALA,Malária,521483,Nova Crixas,GO,2017,0
MALA,Malária,521483,Nova Crixas,GO,2018,0
MALA,Malária,521483,Nova Crixas,GO,2019,0
MALA,Malária,521483,Nova Crixas,GO,2020,0
MALA,Malária,521483,Nova Crixas,GO,2021,0
MALA,Malária,521483,Nova Crixas,GO,2022,0
MALA,Malária,521483,Nova Crixas,GO,2023,0
MALA,Malária,521483,Nova Crixas,GO,2024,0
MALA,Malária,521523,Novo Gama,GO,2007,0
MALA,Malária,521523,Novo Gama,GO,2008,0
MALA,Malária,521523,Novo Gama,GO,2009,0
MALA,Malária,521523,Novo Gama,GO,2010,0
MALA,Malária,521523,Novo Gama,GO,2011,0
MALA,Malária,521523,Novo Gama,GO,2012,1
MALA,Malária,521523,Novo Gama,GO,2013,0
MALA,Malária,521523,Novo Gama,GO,2014,0
MALA,Malária,521523,Novo Gama,GO,2015,0
MALA,Malária,521523,Novo Gama,GO,2016,0
MALA,Malária,521523,Novo Gama,GO,2017,0
MALA,Malária,521523,Novo Gama,GO,2018,0
MALA,Malária,521523,Novo Gama,GO,2019,0
MALA,Malária,521523,Novo Gama,GO,2020,0
MALA,Malária,521523,Novo Gama,GO,2021,0
MALA,Malária,521523,Novo Gama,GO,2022,0
MALA,Malária,521523,Novo Gama,GO,2023,0
MALA,Malária,521523,Novo Gama,GO,2024,0
MALA,Malária,521570,Palmeiras de Goias,GO,2007,0
MALA,Malária,521570,Palmeiras de Goias,GO,2008,0
MALA,Malária,521570,Palmeiras de Goias,GO,2009,0
MALA,Malária,521570,Palmeiras de Goias,GO,2010,0
MALA,Malária,521570,Palmeiras de Goias,GO,2011,0
MALA,Malária,521570,Palmeiras de Goias,GO,2012,2
MALA,Malária,521570,Palmeiras de Goias,GO,2013,0
MALA,Malária,521570,Palmeiras de Goias,GO,2014,2
MALA,Malária,521570,Palmeiras de Goias,GO,2015,0
MALA,Malária,521570,Palmeiras de Goias,GO,2016,0
MALA,Malária,521570,Palmeiras de Goias,GO,2017,0
MALA,Malária,521570,Palmeiras de Goias,GO,2018,0
MALA,Malária,521570,Palmeiras de Goias,GO,2019,0
MALA,Malária,521570,Palmeiras de Goias,GO,2020,0
MALA,Malária,521570,Palmeiras de Goias,GO,2021,2
MALA,Malária,521570,Palmeiras de Goias,GO,2022,0
MALA,Malária,521570,Palmeiras de Goias,GO,2023,0
MALA,Malária,521570,Palmeiras de Goias,GO,2024,0
MALA,Malária,521720,Piranhas,GO,2007,0
MALA,Malária,521720,Piranhas,GO,2008,0
MALA,Malária,521720,Piranhas,GO,2009,1
MALA,Malária,521720,Piranhas,GO,2010,0
MALA,Malária,521720,Piranhas,GO,2011,0
MALA,Malária,521720,Piranhas,GO,2012,0
MALA,Malária,521720,Piranhas,GO,2013,0
MALA,Malária,521720,Piranhas,GO,2014,0
MALA,Malária,521720,Piranhas,GO,2015,0
MALA,Malária,521720,Piranhas,GO,2016,0
MALA,Malária,521720,Piranhas,GO,2017,0
MALA,Malária,521720,Piranhas,GO,2018,0
MALA,Malária,521720,Piranhas,GO,2019,0
MALA,Malária,521720,Piranhas,GO,2020,0
MALA,Malária,521720,Piranhas,GO,2021,0
MALA,Malária,521720,Piranhas,GO,2022,0
MALA,Malária,521720,Piranhas,GO,2023,0
MALA,Malária,521720,Piranhas,GO,2024,0
MALA,Malária,521760,Planaltina,GO,2007,0
MALA,Malária,521760,Planaltina,GO,2008,0
MALA,Malária,521760,Planaltina,GO,2009,0
MALA,Malária,521760,Planaltina,GO,2010,0
MALA,Malária,521760,Planaltina,GO,2011,0
MALA,Malária,521760,Planaltina,GO,2012,0
MALA,Malária,521760,Planaltina,GO,2013,0
MALA,Malária,521760,Planaltina,GO,2014,0
MALA,Malária,521760,Planaltina,GO,2015,0
MALA,Malária,521760,Planaltina,GO,2016,0
MALA,Malária,521760,Planaltina,GO,2017,0
MALA,Malária,521760,Planaltina,GO,2018,0
MALA,Malária,521760,Planaltina,GO,2019,0
MALA,Malária,521760,Planaltina,GO,2020,0
MALA,Malária,521760,Planaltina,GO,2021,0
MALA,Malária,521760,Planaltina,GO,2022,0
MALA,Malária,521760,Planaltina,GO,2023,1
MALA,Malária,521760,Planaltina,GO,2024,0
MALA,Malária,521800,Porangatu,GO,2007,0
MALA,Malária,521800,Porangatu,GO,2008,0
MALA,Malária,521800,Porangatu,GO,2009,0
MALA,Malária,521800,Porangatu,GO,2010,3
MALA,Malária,521800,Porangatu,GO,2011,2
MALA,Malária,521800,Porangatu,GO,2012,0
MALA,Malária,521800,Porangatu,GO,2013,0
MALA,Malária,521800,Porangatu,GO,2014,0
MALA,Malária,521800,Porangatu,GO,2015,0
MALA,Malária,521800,Porangatu,GO,2016,0
MALA,Malária,521800,Porangatu,GO,2017,0
MALA,Malária,521800,Porangatu,GO,2018,0
MALA,Malária,521800,Porangatu,GO,2019,0
MALA,Malária,521800,Porangatu,GO,2020,0
MALA,Malária,521800,Porangatu,GO,2021,0
MALA,Malária,521800,Porangatu,GO,2022,0
MALA,Malária,521800,Porangatu,GO,2023,1
MALA,Malária,521800,Porangatu,GO,2024,0
MALA,Malária,521810,Portelandia,GO,2007,0
MALA,Malária,521810,Portelandia,GO,2008,0
MALA,Malária,521810,Portelandia,GO,2009,0
MALA,Malária,521810,Portelandia,GO,2010,0
MALA,Malária,521810,Portelandia,GO,2011,0
MALA,Malária,521810,Portelandia,GO,2012,0
MALA,Malária,521810,Portelandia,GO,2013,0
MALA,Malária,521810,Portelandia,GO,2014,0
MALA,Malária,521810,Portelandia,GO,2015,0
MALA,Malária,521810,Portelandia,GO,2016,0
MALA,Malária,521810,Portelandia,GO,2017,0
MALA,Malária,521810,Portelandia,GO,2018,0
MALA,Malária,521810,Portelandia,GO,2019,0
MALA,Malária,521810,Portelandia,GO,2020,0
MALA,Malária,521810,Portelandia,GO,2021,0
MALA,Malária,521810,Portelandia,GO,2022,2
MALA,Malária,521810,Portelandia,GO,2023,0
MALA,Malária,521810,Portelandia,GO,2024,0
MALA,Malária,521850,Quirinopolis,GO,2007,0
MALA,Malária,521850,Quirinopolis,GO,2008,0
MALA,Malária,521850,Quirinopolis,GO,2009,0
MALA,Malária,521850,Quirinopolis,GO,2010,0
MALA,Malária,521850,Quirinopolis,GO,2011,2
MALA,Malária,521850,Quirinopolis,GO,2012,0
MALA,Malária,521850,Quirinopolis,GO,2013,2
MALA,Malária,521850,Quirinopolis,GO,2014,1
MALA,Malária,521850,Quirinopolis,GO,2015,1
MALA,Malária,521850,Quirinopolis,GO,2016,0
MALA,Malária,521850,Quirinopolis,GO,2017,0
MALA,Malária,521850,Quirinopolis,GO,2018,0
MALA,Malária,521850,Quirinopolis,GO,2019,0
MALA,Malária,521850,Quirinopolis,GO,2020,0
MALA,Malária,521850,Quirinopolis,GO,2021,0
MALA,Malária,521850,Quirinopolis,GO,2022,0
MALA,Malária,521850,Quirinopolis,GO,2023,0
MALA,Malária,521850,Quirinopolis,GO,2024,0
MALA,Malária,521860,Rialma,GO,2007,0
MALA,Malária,521860,Rialma,GO,2008,0
MALA,Malária,521860,Rialma,GO,2009,0
MALA,Malária,521860,Rialma,GO,2010,1
MALA,Malária,521860,Rialma,GO,2011,0
MALA,Malária,521860,Rialma,GO,2012,0
MALA,Malária,521860,Rialma,GO,2013,1
MALA,Malária,521860,Rialma,GO,2014,0
MALA,Malária,521860,Rialma,GO,2015,0
MALA,Malária,521860,Rialma,GO,2016,0
MALA,Malária,521860,Rialma,GO,2017,2
MALA,Malária,521860,Rialma,GO,2018,0
MALA,Malária,521860,Rialma,GO,2019,0
MALA,Malária,521860,Rialma,GO,2020,0
MALA,Malária,521860,Rialma,GO,2021,0
MALA,Malária,521860,Rialma,GO,2022,0
MALA,Malária,521860,Rialma,GO,2023,0
MALA,Malária,521860,Rialma,GO,2024,0
MALA,Malária,521880,Rio Verde,GO,2007,0
MALA,Malária,521880,Rio Verde,GO,2008,0
MALA,Malária,521880,Rio Verde,GO,2009,0
MALA,Malária,521880,Rio Verde,GO,2010,3
MALA,Malária,521880,Rio Verde,GO,2011,3
MALA,Malária,521880,Rio Verde,GO,2012,5
MALA,Malária,521880,Rio Verde,GO,2013,2
MALA,Malária,521880,Rio Verde,GO,2014,0
MALA,Malária,521880,Rio Verde,GO,2015,0
MALA,Malária,521880,Rio Verde,GO,2016,0
MALA,Malária,521880,Rio Verde,GO,2017,1
MALA,Malária,521880,Rio Verde,GO,2018,1
MALA,Malária,521880,Rio Verde,GO,2019,0
MALA,Malária,521880,Rio Verde,GO,2020,0
MALA,Malária,521880,Rio Verde,GO,2021,2
MALA,Malária,521880,Rio Verde,GO,2022,1
MALA,Malária,521880,Rio Verde,GO,2023,0
MALA,Malária,521880,Rio Verde,GO,2024,0
MALA,Malária,521900,Sanclerlandia,GO,2007,0
MALA,Malária,521900,Sanclerlandia,GO,2008,1
MALA,Malária,521900,Sanclerlandia,GO,2009,0
MALA,Malária,521900,Sanclerlandia,GO,2010,0
MALA,Malária,521900,Sanclerlandia,GO,2011,0
MALA,Malária,521900,Sanclerlandia,GO,2012,0
MALA,Malária,521900,Sanclerlandia,GO,2013,0
MALA,Malária,521900,Sanclerlandia,GO,2014,0
MALA,Malária,521900,Sanclerlandia,GO,2015,0
MALA,Malária,521900,Sanclerlandia,GO,2016,1
MALA,Malária,521900,Sanclerlandia,GO,2017,0
MALA,Malária,521900,Sanclerlandia,GO,2018,0
MALA,Malária,521900,Sanclerlandia,GO,2019,0
MALA,Malária,521900,Sanclerlandia,GO,2020,0
MALA,Malária,521900,Sanclerlandia,GO,2021,0
MALA,Malária,521900,Sanclerlandia,GO,2022,0
MALA,Malária,521900,Sanclerlandia,GO,2023,0
MALA,Malária,521900,Sanclerlandia,GO,2024,0
MALA,Malária,521930,Santa Helena de Goias,GO,2007,0
MALA,Malária,521930,Santa Helena de Goias,GO,2008,0
MALA,Malária,521930,Santa Helena de Goias,GO,2009,0
MALA,Malária,521930,Santa Helena de Goias,GO,2010,1
MALA,Malária,521930,Santa Helena de Goias,GO,2011,1
MALA,Malária,521930,Santa Helena de Goias,GO,2012,0
MALA,Malária,521930,Santa Helena de Goias,GO,2013,0
MALA,Malária,521930,Santa Helena de Goias,GO,2014,0
MALA,Malária,521930,Santa Helena de Goias,GO,2015,1
MALA,Malária,521930,Santa Helena de Goias,GO,2016,1
MALA,Malária,521930,Santa Helena de Goias,GO,2017,0
MALA,Malária,521930,Santa Helena de Goias,GO,2018,0
MALA,Malária,521930,Santa Helena de Goias,GO,2019,0
MALA,Malária,521930,Santa Helena de Goias,GO,2020,0
MALA,Malária,521930,Santa Helena de Goias,GO,2021,0
MALA,Malária,521930,Santa Helena de Goias,GO,2022,0
MALA,Malária,521930,Santa Helena de Goias,GO,2023,0
MALA,Malária,521930,Santa Helena de Goias,GO,2024,0
MALA,Malária,522000,Sao Joao D'alianca,GO,2007,0
MALA,Malária,522000,Sao Joao D'alianca,GO,2008,0
MALA,Malária,522000,Sao Joao D'alianca,GO,2009,0
MALA,Malária,522000,Sao Joao D'alianca,GO,2010,0
MALA,Malária,522000,Sao Joao D'alianca,GO,2011,0
MALA,Malária,522000,Sao Joao D'alianca,GO,2012,0
MALA,Malária,522000,Sao Joao D'alianca,GO,2013,0
MALA,Malária,522000,Sao Joao D'alianca,GO,2014,0
MALA,Malária,522000,Sao Joao D'alianca,GO,2015,0
MALA,Malária,522000,Sao Joao D'alianca,GO,2016,0
MALA,Malária,522000,Sao Joao D'alianca,GO,2017,0
MALA,Malária,522000,Sao Joao D'alianca,GO,2018,0
MALA,Malária,522000,Sao Joao D'alianca,GO,2019,1
MALA,Malária,522000,Sao Joao D'alianca,GO,2020,0
MALA,Malária,522000,Sao Joao D'alianca,GO,2021,0
MALA,Malária,522000,Sao Joao D'alianca,GO,2022,0
MALA,Malária,522000,Sao Joao D'alianca,GO,2023,0
MALA,Malária,522000,Sao Joao D'alianca,GO,2024,0
MALA,Malária,522005,Sao Joao da Parauna,GO,2007,0
MALA,Malária,522005,Sao Joao da Parauna,GO,2008,0
MALA,Malária,522005,Sao Joao da Parauna,GO,2009,0
MALA,Malária,522005,Sao Joao da Parauna,GO,2010,0
MALA,Malária,522005,Sao Joao da Parauna,GO,2011,0
MALA,Malária,522005,Sao Joao da Parauna,GO,2012,1
MALA,Malária,522005,Sao Joao da Parauna,GO,2013,0
MALA,Malária,522005,Sao Joao da Parauna,GO,2014,0
MALA,Malária,522005,Sao Joao da Parauna,GO,2015,0
MALA,Malária,522005,Sao Joao da Parauna,GO,2016,0
MALA,Malária,522005,Sao Joao da Parauna,GO,2017,0
MALA,Malária,522005,Sao Joao da Parauna,GO,2018,0
MALA,Malária,522005,Sao Joao da Parauna,GO,2019,0
MALA,Malária,522005,Sao Joao da Parauna,GO,2020,0
MALA,Malária,522005,Sao Joao da Parauna,GO,2021,0
MALA,Malária,522005,Sao Joao da Parauna,GO,2022,0
MALA,Malária,522005,Sao Joao da Parauna,GO,2023,0
MALA,Malária,522005,Sao Joao da Parauna,GO,2024,0
MALA,Malária,522010,Sao Luis de Montes Belos,GO,2007,2
MALA,Malária,522010,Sao Luis de Montes Belos,GO,2008,0
MALA,Malária,522010,Sao Luis de Montes Belos,GO,2009,1
MALA,Malária,522010,Sao Luis de Montes Belos,GO,2010,0
MALA,Malária,522010,Sao Luis de Montes Belos,GO,2011,0
MALA,Malária,522010,Sao Luis de Montes Belos,GO,2012,0
MALA,Malária,522010,Sao Luis de Montes Belos,GO,2013,2
MALA,Malária,522010,Sao Luis de Montes Belos,GO,2014,2
MALA,Malária,522010,Sao Luis de Montes Belos,GO,2015,1
MALA,Malária,522010,Sao Luis de Montes Belos,GO,2016,0
MALA,Malária,522010,Sao Luis de Montes Belos,GO,2017,0
MALA,Malária,522010,Sao Luis de Montes Belos,GO,2018,0
MALA,Malária,522010,Sao Luis de Montes Belos,GO,2019,0
MALA,Malária,522010,Sao Luis de Montes Belos,GO,2020,0
MALA,Malária,522010,Sao Luis de Montes Belos,GO,2021,0
MALA,Malária,522010,Sao Luis de Montes Belos,GO,2022,0
MALA,Malária,522010,Sao Luis de Montes Belos,GO,2023,0
MALA,Malária,522010,Sao Luis de Montes Belos,GO,2024,0
MALA,Malária,522020,Sao Miguel do Araguaia,GO,2007,1
MALA,Malária,522020,Sao Miguel do Araguaia,GO,2008,0
MALA,Malária,522020,Sao Miguel do Araguaia,GO,2009,0
MALA,Malária,522020,Sao Miguel do Araguaia,GO,2010,0
MALA,Malária,522020,Sao Miguel do Araguaia,GO,2011,1
MALA,Malária,522020,Sao Miguel do Araguaia,GO,2012,1
MALA,Malária,522020,Sao Miguel do Araguaia,GO,2013,0
MALA,Malária,522020,Sao Miguel do Araguaia,GO,2014,1
MALA,Malária,522020,Sao Miguel do Araguaia,GO,2015,0
MALA,Malária,522020,Sao Miguel do Araguaia,GO,2016,0
MALA,Malária,522020,Sao Miguel do Araguaia,GO,2017,0
MALA,Malária,522020,Sao Miguel do Araguaia,GO,2018,0
MALA,Malária,522020,Sao Miguel do Araguaia,GO,2019,0
MALA,Malária,522020,Sao Miguel do Araguaia,GO,2020,0
MALA,Malária,522020,Sao Miguel do Araguaia,GO,2021,0
MALA,Malária,522020,Sao Miguel do Araguaia,GO,2022,0
MALA,Malária,522020,Sao Miguel do Araguaia,GO,2023,0
MALA,Malária,522020,Sao Miguel do Araguaia,GO,2024,0
MALA,Malária,522040,Sao Simao,GO,2007,0
MALA,Malária,522040,Sao Simao,GO,2008,1
MALA,Malária,522040,Sao Simao,GO,2009,0
MALA,Malária,522040,Sao Simao,GO,2010,0
MALA,Malária,522040,Sao Simao,GO,2011,1
MALA,Malária,522040,Sao Simao,GO,2012,0
MALA,Malária,522040,Sao Simao,GO,2013,0
MALA,Malária,522040,Sao Simao,GO,2014,0
MALA,Malária,522040,Sao Simao,GO,2015,0
MALA,Malária,522040,Sao Simao,GO,2016,0
MALA,Malária,522040,Sao Simao,GO,2017,0
MALA,Malária,522040,Sao Simao,GO,2018,0
MALA,Malária,522040,Sao Simao,GO,2019,0
MALA,Malária,522040,Sao Simao,GO,2020,0
MALA,Malária,522040,Sao Simao,GO,2021,0
MALA,Malária,522040,Sao Simao,GO,2022,0
MALA,Malária,522040,Sao Simao,GO,2023,0
MALA,Malária,522040,Sao Simao,GO,2024,0
MALA,Malária,522045,Senador Canedo,GO,2007,0
MALA,Malária,522045,Senador Canedo,GO,2008,0
MALA,Malária,522045,Senador Canedo,GO,2009,0
MALA,Malária,522045,Senador Canedo,GO,2010,0
MALA,Malária,522045,Senador Canedo,GO,2011,0
MALA,Malária,522045,Senador Canedo,GO,2012,0
MALA,Malária,522045,Senador Canedo,GO,2013,0
MALA,Malária,522045,Senador Canedo,GO,2014,0
MALA,Malária,522045,Senador Canedo,GO,2015,0
MALA,Malária,522045,Senador Canedo,GO,2016,0
MALA,Malária,522045,Senador Canedo,GO,2017,0
MALA,Malária,522045,Senador Canedo,GO,2018,0
MALA,Malária,522045,Senador Canedo,GO,2019,0
MALA,Malária,522045,Senador Canedo,GO,2020,1
MALA,Malária,522045,Senador Canedo,GO,2021,0
MALA,Malária,522045,Senador Canedo,GO,2022,0
MALA,Malária,522045,Senador Canedo,GO,2023,0
MALA,Malária,522045,Senador Canedo,GO,2024,0
MALA,Malária,522050,Serranopolis,GO,2007,0
MALA,Malária,522050,Serranopolis,GO,2008,0
MALA,Malária,522050,Serranopolis,GO,2009,1
MALA,Malária,522050,Serranopolis,GO,2010,0
MALA,Malária,522050,Serranopolis,GO,2011,1
MALA,Malária,522050,Serranopolis,GO,2012,0
MALA,Malária,522050,Serranopolis,GO,2013,0
MALA,Malária,522050,Serranopolis,GO,2014,0
MALA,Malária,522050,Serranopolis,GO,2015,0
MALA,Malária,522050,Serranopolis,GO,2016,0
MALA,Malária,522050,Serranopolis,GO,2017,0
MALA,Malária,522050,Serranopolis,GO,2018,0
MALA,Malária,522050,Serranopolis,GO,2019,0
MALA,Malária,522050,Serranopolis,GO,2020,0
MALA,Malária,522050,Serranopolis,GO,2021,0
MALA,Malária,522050,Serranopolis,GO,2022,0
MALA,Malária,522050,Serranopolis,GO,2023,0
MALA,Malária,522050,Serranopolis,GO,2024,0
MALA,Malária,522140,Trindade,GO,2007,0
MALA,Malária,522140,Trindade,GO,2008,0
MALA,Malária,522140,Trindade,GO,2009,0
MALA,Malária,522140,Trindade,GO,2010,0
MALA,Malária,522140,Trindade,GO,2011,0
MALA,Malária,522140,Trindade,GO,2012,0
MALA,Malária,522140,Trindade,GO,2013,1
MALA,Malária,522140,Trindade,GO,2014,0
MALA,Malária,522140,Trindade,GO,2015,0
MALA,Malária,522140,Trindade,GO,2016,0
MALA,Malária,522140,Trindade,GO,2017,0
MALA,Malária,522140,Trindade,GO,2018,0
MALA,Malária,522140,Trindade,GO,2019,0
MALA,Malária,522140,Trindade,GO,2020,0
MALA,Malária,522140,Trindade,GO,2021,0
MALA,Malária,522140,Trindade,GO,2022,0
MALA,Malária,522140,Trindade,GO,2023,1
MALA,Malária,522140,Trindade,GO,2024,0
MALA,Malária,522150,Turvania,GO,2007,0
MALA,Malária,522150,Turvania,GO,2008,0
MALA,Malária,522150,Turvania,GO,2009,0
MALA,Malária,522150,Turvania,GO,2010,0
MALA,Malária,522150,Turvania,GO,2011,0
MALA,Malária,522150,Turvania,GO,2012,1
MALA,Malária,522150,Turvania,GO,2013,0
MALA,Malária,522150,Turvania,GO,2014,0
MALA,Malária,522150,Turvania,GO,2015,0
MALA,Malária,522150,Turvania,GO,2016,0
MALA,Malária,522150,Turvania,GO,2017,0
MALA,Malária,522150,Turvania,GO,2018,0
MALA,Malária,522150,Turvania,GO,2019,0
MALA,Malária,522150,Turvania,GO,2020,0
MALA,Malária,522150,Turvania,GO,2021,0
MALA,Malária,522150,Turvania,GO,2022,0
MALA,Malária,522150,Turvania,GO,2023,0
MALA,Malária,522150,Turvania,GO,2024,0
MALA,Malária,522157,Uirapuru,GO,2007,0
MALA,Malária,522157,Uirapuru,GO,2008,1
MALA,Malária,522157,Uirapuru,GO,2009,0
MALA,Malária,522157,Uirapuru,GO,2010,0
MALA,Malária,522157,Uirapuru,GO,2011,0
MALA,Malária,522157,Uirapuru,GO,2012,0
MALA,Malária,522157,Uirapuru,GO,2013,0
MALA,Malária,522157,Uirapuru,GO,2014,0
MALA,Malária,522157,Uirapuru,GO,2015,0
MALA,Malária,522157,Uirapuru,GO,2016,0
MALA,Malária,522157,Uirapuru,GO,2017,0
MALA,Malária,522157,Uirapuru,GO,2018,0
MALA,Malária,522157,Uirapuru,GO,2019,0
MALA,Malária,522157,Uirapuru,GO,2020,0
MALA,Malária,522157,Uirapuru,GO,2021,0
MALA,Malária,522157,Uirapuru,GO,2022,0
MALA,Malária,522157,Uirapuru,GO,2023,0
MALA,Malária,522157,Uirapuru,GO,2024,0
MALA,Malária,522160,Uruacu,GO,2007,0
MALA,Malária,522160,Uruacu,GO,2008,0
MALA,Malária,522160,Uruacu,GO,2009,2
MALA,Malária,522160,Uruacu,GO,2010,0
MALA,Malária,522160,Uruacu,GO,2011,0
MALA,Malária,522160,Uruacu,GO,2012,0
MALA,Malária,522160,Uruacu,GO,2013,1
MALA,Malária,522160,Uruacu,GO,2014,0
MALA,Malária,522160,Uruacu,GO,2015,0
MALA,Malária,522160,Uruacu,GO,2016,2
MALA,Malária,522160,Uruacu,GO,2017,0
MALA,Malária,522160,Uruacu,GO,2018,0
MALA,Malária,522160,Uruacu,GO,2019,0
MALA,Malária,522160,Uruacu,GO,2020,0
MALA,Malária,522160,Uruacu,GO,2021,0
MALA,Malária,522160,Uruacu,GO,2022,0
MALA,Malária,522160,Uruacu,GO,2023,4
MALA,Malária,522160,Uruacu,GO,2024,0
MALA,Malária,522185,Valparaiso de Goias,GO,2007,0
MALA,Malária,522185,Valparaiso de Goias,GO,2008,0
MALA,Malária,522185,Valparaiso de Goias,GO,2009,0
MALA,Malária,522185,Valparaiso de Goias,GO,2010,0
MALA,Malária,522185,Valparaiso de Goias,GO,2011,1
MALA,Malária,522185,Valparaiso de Goias,GO,2012,0
MALA,Malária,522185,Valparaiso de Goias,GO,2013,0
MALA,Malária,522185,Valparaiso de Goias,GO,2014,0
MALA,Malária,522185,Valparaiso de Goias,GO,2015,1
MALA,Malária,522185,Valparaiso de Goias,GO,2016,0
MALA,Malária,522185,Valparaiso de Goias,GO,2017,0
MALA,Malária,522185,Valparaiso de Goias,GO,2018,0
MALA,Malária,522185,Valparaiso de Goias,GO,2019,0
MALA,Malária,522185,Valparaiso de Goias,GO,2020,0
MALA,Malária,522185,Valparaiso de Goias,GO,2021,0
MALA,Malária,522185,Valparaiso de Goias,GO,2022,0
MALA,Malária,522185,Valparaiso de Goias,GO,2023,0
MALA,Malária,522185,Valparaiso de Goias,GO,2024,0
MALA,Malária,522220,Vila Boa,GO,2007,0
MALA,Malária,522220,Vila Boa,GO,2008,0
MALA,Malária,522220,Vila Boa,GO,2009,0
MALA,Malária,522220,Vila Boa,GO,2010,0
MALA,Malária,522220,Vila Boa,GO,2011,0
MALA,Malária,522220,Vila Boa,GO,2012,0
MALA,Malária,522220,Vila Boa,GO,2013,0
MALA,Malária,522220,Vila Boa,GO,2014,0
MALA,Malária,522220,Vila Boa,GO,2015,0
MALA,Malária,522220,Vila Boa,GO,2016,0
MALA,Malária,522220,Vila Boa,GO,2017,0
MALA,Malária,522220,Vila Boa,GO,2018,0
MALA,Malária,522220,Vila Boa,GO,2019,0
MALA,Malária,522220,Vila Boa,GO,2020,0
MALA,Malária,522220,Vila Boa,GO,2021,0
MALA,Malária,522220,Vila Boa,GO,2022,0
MALA,Malária,522220,Vila Boa,GO,2023,1
MALA,Malária,522220,Vila Boa,GO,2024,0
MALA,Malária,310020,Abaete,MG,2007,0
MALA,Malária,310020,Abaete,MG,2008,0
MALA,Malária,310020,Abaete,MG,2009,0
MALA,Malária,310020,Abaete,MG,2010,0
MALA,Malária,310020,Abaete,MG,2011,0
MALA,Malária,310020,Abaete,MG,2012,0
MALA,Malária,310020,Abaete,MG,2013,0
MALA,Malária,310020,Abaete,MG,2014,0
MALA,Malária,310020,Abaete,MG,2015,0
MALA,Malária,310020,Abaete,MG,2016,0
MALA,Malária,310020,Abaete,MG,2017,0
MALA,Malária,310020,Abaete,MG,2018,0
MALA,Malária,310020,Abaete,MG,2019,1
MALA,Malária,310020,Abaete,MG,2020,0
MALA,Malária,310020,Abaete,MG,2021,0
MALA,Malária,310020,Abaete,MG,2022,0
MALA,Malária,310020,Abaete,MG,2023,0
MALA,Malária,310020,Abaete,MG,2024,0
MALA,Malária,310110,Aimores,MG,2007,0
MALA,Malária,310110,Aimores,MG,2008,0
MALA,Malária,310110,Aimores,MG,2009,0
MALA,Malária,310110,Aimores,MG,2010,0
MALA,Malária,310110,Aimores,MG,2011,0
MALA,Malária,310110,Aimores,MG,2012,2
MALA,Malária,310110,Aimores,MG,2013,0
MALA,Malária,310110,Aimores,MG,2014,0
MALA,Malária,310110,Aimores,MG,2015,0
MALA,Malária,310110,Aimores,MG,2016,0
MALA,Malária,310110,Aimores,MG,2017,0
MALA,Malária,310110,Aimores,MG,2018,0
MALA,Malária,310110,Aimores,MG,2019,0
MALA,Malária,310110,Aimores,MG,2020,0
MALA,Malária,310110,Aimores,MG,2021,0
MALA,Malária,310110,Aimores,MG,2022,0
MALA,Malária,310110,Aimores,MG,2023,0
MALA,Malária,310110,Aimores,MG,2024,0
MALA,Malária,310160,Alfenas,MG,2007,0
MALA,Malária,310160,Alfenas,MG,2008,0
MALA,Malária,310160,Alfenas,MG,2009,0
MALA,Malária,310160,Alfenas,MG,2010,0
MALA,Malária,310160,Alfenas,MG,2011,0
MALA,Malária,310160,Alfenas,MG,2012,1
MALA,Malária,310160,Alfenas,MG,2013,0
MALA,Malária,310160,Alfenas,MG,2014,0
MALA,Malária,310160,Alfenas,MG,2015,0
MALA,Malária,310160,Alfenas,MG,2016,0
MALA,Malária,310160,Alfenas,MG,2017,1
MALA,Malária,310160,Alfenas,MG,2018,0
MALA,Malária,310160,Alfenas,MG,2019,0
MALA,Malária,310160,Alfenas,MG,2020,0
MALA,Malária,310160,Alfenas,MG,2021,0
MALA,Malária,310160,Alfenas,MG,2022,0
MALA,Malária,310160,Alfenas,MG,2023,0
MALA,Malária,310160,Alfenas,MG,2024,0
MALA,Malária,310170,Almenara,MG,2007,0
MALA,Malária,310170,Almenara,MG,2008,0
MALA,Malária,310170,Almenara,MG,2009,0
MALA,Malária,310170,Almenara,MG,2010,0
MALA,Malária,310170,Almenara,MG,2011,0
MALA,Malária,310170,Almenara,MG,2012,0
MALA,Malária,310170,Almenara,MG,2013,1
MALA,Malária,310170,Almenara,MG,2014,0
MALA,Malária,310170,Almenara,MG,2015,0
MALA,Malária,310170,Almenara,MG,2016,0
MALA,Malária,310170,Almenara,MG,2017,0
MALA,Malária,310170,Almenara,MG,2018,0
MALA,Malária,310170,Almenara,MG,2019,0
MALA,Malária,310170,Almenara,MG,2020,0
MALA,Malária,310170,Almenara,MG,2021,0
MALA,Malária,310170,Almenara,MG,2022,0
MALA,Malária,310170,Almenara,MG,2023,0
MALA,Malária,310170,Almenara,MG,2024,0
MALA,Malária,310190,Alpinopolis,MG,2007,0
MALA,Malária,310190,Alpinopolis,MG,2008,0
MALA,Malária,310190,Alpinopolis,MG,2009,0
MALA,Malária,310190,Alpinopolis,MG,2010,0
MALA,Malária,310190,Alpinopolis,MG,2011,0
MALA,Malária,310190,Alpinopolis,MG,2012,0
MALA,Malária,310190,Alpinopolis,MG,2013,0
MALA,Malária,310190,Alpinopolis,MG,2014,0
MALA,Malária,310190,Alpinopolis,MG,2015,0
MALA,Malária,310190,Alpinopolis,MG,2016,0
MALA,Malária,310190,Alpinopolis,MG,2017,0
MALA,Malária,310190,Alpinopolis,MG,2018,0
MALA,Malária,310190,Alpinopolis,MG,2019,0
MALA,Malária,310190,Alpinopolis,MG,2020,0
MALA,Malária,310190,Alpinopolis,MG,2021,0
MALA,Malária,310190,Alpinopolis,MG,2022,0
MALA,Malária,310190,Alpinopolis,MG,2023,1
MALA,Malária,310190,Alpinopolis,MG,2024,0
MALA,Malária,310280,Andrelandia,MG,2007,0
MALA,Malária,310280,Andrelandia,MG,2008,0
MALA,Malária,310280,Andrelandia,MG,2009,0
MALA,Malária,310280,Andrelandia,MG,2010,0
MALA,Malária,310280,Andrelandia,MG,2011,0
MALA,Malária,310280,Andrelandia,MG,2012,0
MALA,Malária,310280,Andrelandia,MG,2013,0
MALA,Malária,310280,Andrelandia,MG,2014,0
MALA,Malária,310280,Andrelandia,MG,2015,0
MALA,Malária,310280,Andrelandia,MG,2016,0
MALA,Malária,310280,Andrelandia,MG,2017,0
MALA,Malária,310280,Andrelandia,MG,2018,0
MALA,Malária,310280,Andrelandia,MG,2019,0
MALA,Malária,310280,Andrelandia,MG,2020,0
MALA,Malária,310280,Andrelandia,MG,2021,0
MALA,Malária,310280,Andrelandia,MG,2022,0
MALA,Malária,310280,Andrelandia,MG,2023,1
MALA,Malária,310280,Andrelandia,MG,2024,0
MALA,Malária,310350,Araguari,MG,2007,2
MALA,Malária,310350,Araguari,MG,2008,5
MALA,Malária,310350,Araguari,MG,2009,1
MALA,Malária,310350,Araguari,MG,2010,3
MALA,Malária,310350,Araguari,MG,2011,4
MALA,Malária,310350,Araguari,MG,2012,3
MALA,Malária,310350,Araguari,MG,2013,1
MALA,Malária,310350,Araguari,MG,2014,2
MALA,Malária,310350,Araguari,MG,2015,1
MALA,Malária,310350,Araguari,MG,2016,1
MALA,Malária,310350,Araguari,MG,2017,0
MALA,Malária,310350,Araguari,MG,2018,2
MALA,Malária,310350,Araguari,MG,2019,1
MALA,Malária,310350,Araguari,MG,2020,1
MALA,Malária,310350,Araguari,MG,2021,0
MALA,Malária,310350,Araguari,MG,2022,0
MALA,Malária,310350,Araguari,MG,2023,1
MALA,Malária,310350,Araguari,MG,2024,0
MALA,Malária,310375,Arapora,MG,2007,0
MALA,Malária,310375,Arapora,MG,2008,0
MALA,Malária,310375,Arapora,MG,2009,0
MALA,Malária,310375,Arapora,MG,2010,0
MALA,Malária,310375,Arapora,MG,2011,0
MALA,Malária,310375,Arapora,MG,2012,1
MALA,Malária,310375,Arapora,MG,2013,0
MALA,Malária,310375,Arapora,MG,2014,0
MALA,Malária,310375,Arapora,MG,2015,0
MALA,Malária,310375,Arapora,MG,2016,0
MALA,Malária,310375,Arapora,MG,2017,0
MALA,Malária,310375,Arapora,MG,2018,0
MALA,Malária,310375,Arapora,MG,2019,0
MALA,Malária,310375,Arapora,MG,2020,0
MALA,Malária,310375,Arapora,MG,2021,0
MALA,Malária,310375,Arapora,MG,2022,0
MALA,Malária,310375,Arapora,MG,2023,0
MALA,Malária,310375,Arapora,MG,2024,0
MALA,Malária,310400,Araxa,MG,2007,1
MALA,Malária,310400,Araxa,MG,2008,0
MALA,Malária,310400,Araxa,MG,2009,2
MALA,Malária,310400,Araxa,MG,2010,2
MALA,Malária,310400,Araxa,MG,2011,0
MALA,Malária,310400,Araxa,MG,2012,0
MALA,Malária,310400,Araxa,MG,2013,0
MALA,Malária,310400,Araxa,MG,2014,0
MALA,Malária,310400,Araxa,MG,2015,0
MALA,Malária,310400,Araxa,MG,2016,0
MALA,Malária,310400,Araxa,MG,2017,2
MALA,Malária,310400,Araxa,MG,2018,0
MALA,Malária,310400,Araxa,MG,2019,1
MALA,Malária,310400,Araxa,MG,2020,0
MALA,Malária,310400,Araxa,MG,2021,0
MALA,Malária,310400,Araxa,MG,2022,0
MALA,Malária,310400,Araxa,MG,2023,0
MALA,Malária,310400,Araxa,MG,2024,0
MALA,Malária,310420,Arcos,MG,2007,1
MALA,Malária,310420,Arcos,MG,2008,0
MALA,Malária,310420,Arcos,MG,2009,0
MALA,Malária,310420,Arcos,MG,2010,0
MALA,Malária,310420,Arcos,MG,2011,0
MALA,Malária,310420,Arcos,MG,2012,1
MALA,Malária,310420,Arcos,MG,2013,0
MALA,Malária,310420,Arcos,MG,2014,0
MALA,Malária,310420,Arcos,MG,2015,0
MALA,Malária,310420,Arcos,MG,2016,0
MALA,Malária,310420,Arcos,MG,2017,0
MALA,Malária,310420,Arcos,MG,2018,0
MALA,Malária,310420,Arcos,MG,2019,0
MALA,Malária,310420,Arcos,MG,2020,0
MALA,Malária,310420,Arcos,MG,2021,0
MALA,Malária,310420,Arcos,MG,2022,0
MALA,Malária,310420,Arcos,MG,2023,0
MALA,Malária,310420,Arcos,MG,2024,0
MALA,Malária,310450,Arinos,MG,2007,2
MALA,Malária,310450,Arinos,MG,2008,0
MALA,Malária,310450,Arinos,MG,2009,0
MALA,Malária,310450,Arinos,MG,2010,1
MALA,Malária,310450,Arinos,MG,2011,7
MALA,Malária,310450,Arinos,MG,2012,0
MALA,Malária,310450,Arinos,MG,2013,0
MALA,Malária,310450,Arinos,MG,2014,0
MALA,Malária,310450,Arinos,MG,2015,0
MALA,Malária,310450,Arinos,MG,2016,0
MALA,Malária,310450,Arinos,MG,2017,0
MALA,Malária,310450,Arinos,MG,2018,0
MALA,Malária,310450,Arinos,MG,2019,0
MALA,Malária,310450,Arinos,MG,2020,0
MALA,Malária,310450,Arinos,MG,2021,0
MALA,Malária,310450,Arinos,MG,2022,0
MALA,Malária,310450,Arinos,MG,2023,0
MALA,Malária,310450,Arinos,MG,2024,0
MALA,Malária,310490,Baependi,MG,2007,0
MALA,Malária,310490,Baependi,MG,2008,0
MALA,Malária,310490,Baependi,MG,2009,0
MALA,Malária,310490,Baependi,MG,2010,1
MALA,Malária,310490,Baependi,MG,2011,1
MALA,Malária,310490,Baependi,MG,2012,0
MALA,Malária,310490,Baependi,MG,2013,0
MALA,Malária,310490,Baependi,MG,2014,0
MALA,Malária,310490,Baependi,MG,2015,0
MALA,Malária,310490,Baependi,MG,2016,0
MALA,Malária,310490,Baependi,MG,2017,0
MALA,Malária,310490,Baependi,MG,2018,0
MALA,Malária,310490,Baependi,MG,2019,0
MALA,Malária,310490,Baependi,MG,2020,0
MALA,Malária,310490,Baependi,MG,2021,0
MALA,Malária,310490,Baependi,MG,2022,0
MALA,Malária,310490,Baependi,MG,2023,0
MALA,Malária,310490,Baependi,MG,2024,0
MALA,Malária,310510,Bambui,MG,2007,0
MALA,Malária,310510,Bambui,MG,2008,0
MALA,Malária,310510,Bambui,MG,2009,0
MALA,Malária,310510,Bambui,MG,2010,1
MALA,Malária,310510,Bambui,MG,2011,0
MALA,Malária,310510,Bambui,MG,2012,0
MALA,Malária,310510,Bambui,MG,2013,1
MALA,Malária,310510,Bambui,MG,2014,0
MALA,Malária,310510,Bambui,MG,2015,0
MALA,Malária,310510,Bambui,MG,2016,0
MALA,Malária,310510,Bambui,MG,2017,0
MALA,Malária,310510,Bambui,MG,2018,0
MALA,Malária,310510,Bambui,MG,2019,1
MALA,Malária,310510,Bambui,MG,2020,0
MALA,Malária,310510,Bambui,MG,2021,0
MALA,Malária,310510,Bambui,MG,2022,0
MALA,Malária,310510,Bambui,MG,2023,0
MALA,Malária,310510,Bambui,MG,2024,0
MALA,Malária,310540,Barao de Cocais,MG,2007,0
MALA,Malária,310540,Barao de Cocais,MG,2008,0
MALA,Malária,310540,Barao de Cocais,MG,2009,0
MALA,Malária,310540,Barao de Cocais,MG,2010,0
MALA,Malária,310540,Barao de Cocais,MG,2011,0
MALA,Malária,310540,Barao de Cocais,MG,2012,0
MALA,Malária,310540,Barao de Cocais,MG,2013,1
MALA,Malária,310540,Barao de Cocais,MG,2014,0
MALA,Malária,310540,Barao de Cocais,MG,2015,0
MALA,Malária,310540,Barao de Cocais,MG,2016,0
MALA,Malária,310540,Barao de Cocais,MG,2017,0
MALA,Malária,310540,Barao de Cocais,MG,2018,0
MALA,Malária,310540,Barao de Cocais,MG,2019,0
MALA,Malária,310540,Barao de Cocais,MG,2020,0
MALA,Malária,310540,Barao de Cocais,MG,2021,0
MALA,Malária,310540,Barao de Cocais,MG,2022,0
MALA,Malária,310540,Barao de Cocais,MG,2023,0
MALA,Malária,310540,Barao de Cocais,MG,2024,0
MALA,Malária,310560,Barbacena,MG,2007,0
MALA,Malária,310560,Barbacena,MG,2008,0
MALA,Malária,310560,Barbacena,MG,2009,1
MALA,Malária,310560,Barbacena,MG,2010,1
MALA,Malária,310560,Barbacena,MG,2011,1
MALA,Malária,310560,Barbacena,MG,2012,0
MALA,Malária,310560,Barbacena,MG,2013,0
MALA,Malária,310560,Barbacena,MG,2014,0
MALA,Malária,310560,Barbacena,MG,2015,0
MALA,Malária,310560,Barbacena,MG,2016,0
MALA,Malária,310560,Barbacena,MG,2017,0
MALA,Malária,310560,Barbacena,MG,2018,0
MALA,Malária,310560,Barbacena,MG,2019,2
MALA,Malária,310560,Barbacena,MG,2020,0
MALA,Malária,310560,Barbacena,MG,2021,0
MALA,Malária,310560,Barbacena,MG,2022,0
MALA,Malária,310560,Barbacena,MG,2023,0
MALA,Malária,310560,Barbacena,MG,2024,0
MALA,Malária,310620,Belo Horizonte,MG,2007,31
MALA,Malária,310620,Belo Horizonte,MG,2008,47
MALA,Malária,310620,Belo Horizonte,MG,2009,33
MALA,Malária,310620,Belo Horizonte,MG,2010,50
MALA,Malária,310620,Belo Horizonte,MG,2011,55
MALA,Malária,310620,Belo Horizonte,MG,2012,47
MALA,Malária,310620,Belo Horizonte,MG,2013,42
MALA,Malária,310620,Belo Horizonte,MG,2014,12
MALA,Malária,310620,Belo Horizonte,MG,2015,15
MALA,Malária,310620,Belo Horizonte,MG,2016,21
MALA,Malária,310620,Belo Horizonte,MG,2017,12
MALA,Malária,310620,Belo Horizonte,MG,2018,14
MALA,Malária,310620,Belo Horizonte,MG,2019,14
MALA,Malária,310620,Belo Horizonte,MG,2020,12
MALA,Malária,310620,Belo Horizonte,MG,2021,6
MALA,Malária,310620,Belo Horizonte,MG,2022,13
MALA,Malária,310620,Belo Horizonte,MG,2023,17
MALA,Malária,310620,Belo Horizonte,MG,2024,15
MALA,Malária,310670,Betim,MG,2007,0
MALA,Malária,310670,Betim,MG,2008,0
MALA,Malária,310670,Betim,MG,2009,1
MALA,Malária,310670,Betim,MG,2010,0
MALA,Malária,310670,Betim,MG,2011,0
MALA,Malária,310670,Betim,MG,2012,2
MALA,Malária,310670,Betim,MG,2013,3
MALA,Malária,310670,Betim,MG,2014,0
MALA,Malária,310670,Betim,MG,2015,0
MALA,Malária,310670,Betim,MG,2016,1
MALA,Malária,310670,Betim,MG,2017,0
MALA,Malária,310670,Betim,MG,2018,0
MALA,Malária,310670,Betim,MG,2019,0
MALA,Malária,310670,Betim,MG,2020,1
MALA,Malária,310670,Betim,MG,2021,0
MALA,Malária,310670,Betim,MG,2022,0
MALA,Malária,310670,Betim,MG,2023,1
MALA,Malária,310670,Betim,MG,2024,0
MALA,Malária,310690,Bicas,MG,2007,0
MALA,Malária,310690,Bicas,MG,2008,0
MALA,Malária,310690,Bicas,MG,2009,1
MALA,Malária,310690,Bicas,MG,2010,0
MALA,Malária,310690,Bicas,MG,2011,0
MALA,Malária,310690,Bicas,MG,2012,0
MALA,Malária,310690,Bicas,MG,2013,0
MALA,Malária,310690,Bicas,MG,2014,0
MALA,Malária,310690,Bicas,MG,2015,0
MALA,Malária,310690,Bicas,MG,2016,0
MALA,Malária,310690,Bicas,MG,2017,0
MALA,Malária,310690,Bicas,MG,2018,0
MALA,Malária,310690,Bicas,MG,2019,0
MALA,Malária,310690,Bicas,MG,2020,0
MALA,Malária,310690,Bicas,MG,2021,0
MALA,Malária,310690,Bicas,MG,2022,0
MALA,Malária,310690,Bicas,MG,2023,0
MALA,Malária,310690,Bicas,MG,2024,0
MALA,Malária,310730,Bocaiuva,MG,2007,0
MALA,Malária,310730,Bocaiuva,MG,2008,0
MALA,Malária,310730,Bocaiuva,MG,2009,0
MALA,Malária,310730,Bocaiuva,MG,2010,0
MALA,Malária,310730,Bocaiuva,MG,2011,0
MALA,Malária,310730,Bocaiuva,MG,2012,0
MALA,Malária,310730,Bocaiuva,MG,2013,0
MALA,Malária,310730,Bocaiuva,MG,2014,0
MALA,Malária,310730,Bocaiuva,MG,2015,0
MALA,Malária,310730,Bocaiuva,MG,2016,0
MALA,Malária,310730,Bocaiuva,MG,2017,0
MALA,Malária,310730,Bocaiuva,MG,2018,0
MALA,Malária,310730,Bocaiuva,MG,2019,0
MALA,Malária,310730,Bocaiuva,MG,2020,0
MALA,Malária,310730,Bocaiuva,MG,2021,0
MALA,Malária,310730,Bocaiuva,MG,2022,0
MALA,Malária,310730,Bocaiuva,MG,2023,1
MALA,Malária,310730,Bocaiuva,MG,2024,0
MALA,Malária,310740,Bom Despacho,MG,2007,0
MALA,Malária,310740,Bom Despacho,MG,2008,1
MALA,Malária,310740,Bom Despacho,MG,2009,0
MALA,Malária,310740,Bom Despacho,MG,2010,0
MALA,Malária,310740,Bom Despacho,MG,2011,0
MALA,Malária,310740,Bom Despacho,MG,2012,2
MALA,Malária,310740,Bom Despacho,MG,2013,0
MALA,Malária,310740,Bom Despacho,MG,2014,0
MALA,Malária,310740,Bom Despacho,MG,2015,0
MALA,Malária,310740,Bom Despacho,MG,2016,0
MALA,Malária,310740,Bom Despacho,MG,2017,0
MALA,Malária,310740,Bom Despacho,MG,2018,0
MALA,Malária,310740,Bom Despacho,MG,2019,0
MALA,Malária,310740,Bom Despacho,MG,2020,0
MALA,Malária,310740,Bom Despacho,MG,2021,0
MALA,Malária,310740,Bom Despacho,MG,2022,0
MALA,Malária,310740,Bom Despacho,MG,2023,0
MALA,Malária,310740,Bom Despacho,MG,2024,0
MALA,Malária,310860,Brasilia de Minas,MG,2007,0
MALA,Malária,310860,Brasilia de Minas,MG,2008,0
MALA,Malária,310860,Brasilia de Minas,MG,2009,0
MALA,Malária,310860,Brasilia de Minas,MG,2010,0
MALA,Malária,310860,Brasilia de Minas,MG,2011,0
MALA,Malária,310860,Brasilia de Minas,MG,2012,0
MALA,Malária,310860,Brasilia de Minas,MG,2013,0
MALA,Malária,310860,Brasilia de Minas,MG,2014,0
MALA,Malária,310860,Brasilia de Minas,MG,2015,0
MALA,Malária,310860,Brasilia de Minas,MG,2016,1
MALA,Malária,310860,Brasilia de Minas,MG,2017,0
MALA,Malária,310860,Brasilia de Minas,MG,2018,0
MALA,Malária,310860,Brasilia de Minas,MG,2019,0
MALA,Malária,310860,Brasilia de Minas,MG,2020,0
MALA,Malária,310860,Brasilia de Minas,MG,2021,0
MALA,Malária,310860,Brasilia de Minas,MG,2022,0
MALA,Malária,310860,Brasilia de Minas,MG,2023,0
MALA,Malária,310860,Brasilia de Minas,MG,2024,0
MALA,Malária,310900,Brumadinho,MG,2007,0
MALA,Malária,310900,Brumadinho,MG,2008,0
MALA,Malária,310900,Brumadinho,MG,2009,1
MALA,Malária,310900,Brumadinho,MG,2010,0
MALA,Malária,310900,Brumadinho,MG,2011,0
MALA,Malária,310900,Brumadinho,MG,2012,0
MALA,Malária,310900,Brumadinho,MG,2013,0
MALA,Malária,310900,Brumadinho,MG,2014,0
MALA,Malária,310900,Brumadinho,MG,2015,0
MALA,Malária,310900,Brumadinho,MG,2016,0
MALA,Malária,310900,Brumadinho,MG,2017,0
MALA,Malária,310900,Brumadinho,MG,2018,0
MALA,Malária,310900,Brumadinho,MG,2019,0
MALA,Malária,310900,Brumadinho,MG,2020,0
MALA,Malária,310900,Brumadinho,MG,2021,0
MALA,Malária,310900,Brumadinho,MG,2022,0
MALA,Malária,310900,Brumadinho,MG,2023,0
MALA,Malária,310900,Brumadinho,MG,2024,0
MALA,Malária,311050,Camanducaia,MG,2007,0
MALA,Malária,311050,Camanducaia,MG,2008,0
MALA,Malária,311050,Camanducaia,MG,2009,0
MALA,Malária,311050,Camanducaia,MG,2010,0
MALA,Malária,311050,Camanducaia,MG,2011,0
MALA,Malária,311050,Camanducaia,MG,2012,1
MALA,Malária,311050,Camanducaia,MG,2013,0
MALA,Malária,311050,Camanducaia,MG,2014,0
MALA,Malária,311050,Camanducaia,MG,2015,0
MALA,Malária,311050,Camanducaia,MG,2016,0
MALA,Malária,311050,Camanducaia,MG,2017,0
MALA,Malária,311050,Camanducaia,MG,2018,0
MALA,Malária,311050,Camanducaia,MG,2019,0
MALA,Malária,311050,Camanducaia,MG,2020,0
MALA,Malária,311050,Camanducaia,MG,2021,0
MALA,Malária,311050,Camanducaia,MG,2022,0
MALA,Malária,311050,Camanducaia,MG,2023,0
MALA,Malária,311050,Camanducaia,MG,2024,0
MALA,Malária,311100,Campestre,MG,2007,0
MALA,Malária,311100,Campestre,MG,2008,0
MALA,Malária,311100,Campestre,MG,2009,0
MALA,Malária,311100,Campestre,MG,2010,0
MALA,Malária,311100,Campestre,MG,2011,0
MALA,Malária,311100,Campestre,MG,2012,0
MALA,Malária,311100,Campestre,MG,2013,0
MALA,Malária,311100,Campestre,MG,2014,0
MALA,Malária,311100,Campestre,MG,2015,1
MALA,Malária,311100,Campestre,MG,2016,0
MALA,Malária,311100,Campestre,MG,2017,0
MALA,Malária,311100,Campestre,MG,2018,0
MALA,Malária,311100,Campestre,MG,2019,0
MALA,Malária,311100,Campestre,MG,2020,0
MALA,Malária,311100,Campestre,MG,2021,0
MALA,Malária,311100,Campestre,MG,2022,0
MALA,Malária,311100,Campestre,MG,2023,0
MALA,Malária,311100,Campestre,MG,2024,0
MALA,Malária,311110,Campina Verde,MG,2007,0
MALA,Malária,311110,Campina Verde,MG,2008,0
MALA,Malária,311110,Campina Verde,MG,2009,0
MALA,Malária,311110,Campina Verde,MG,2010,0
MALA,Malária,311110,Campina Verde,MG,2011,0
MALA,Malária,311110,Campina Verde,MG,2012,0
MALA,Malária,311110,Campina Verde,MG,2013,0
MALA,Malária,311110,Campina Verde,MG,2014,0
MALA,Malária,311110,Campina Verde,MG,2015,0
MALA,Malária,311110,Campina Verde,MG,2016,0
MALA,Malária,311110,Campina Verde,MG,2017,0
MALA,Malária,311110,Campina Verde,MG,2018,0
MALA,Malária,311110,Campina Verde,MG,2019,0
MALA,Malária,311110,Campina Verde,MG,2020,0
MALA,Malária,311110,Campina Verde,MG,2021,0
MALA,Malária,311110,Campina Verde,MG,2022,1
MALA,Malária,311110,Campina Verde,MG,2023,0
MALA,Malária,311110,Campina Verde,MG,2024,0
MALA,Malária,311140,Campo Florido,MG,2007,0
MALA,Malária,311140,Campo Florido,MG,2008,2
MALA,Malária,311140,Campo Florido,MG,2009,0
MALA,Malária,311140,Campo Florido,MG,2010,0
MALA,Malária,311140,Campo Florido,MG,2011,0
MALA,Malária,311140,Campo Florido,MG,2012,0
MALA,Malária,311140,Campo Florido,MG,2013,0
MALA,Malária,311140,Campo Florido,MG,2014,0
MALA,Malária,311140,Campo Florido,MG,2015,0
MALA,Malária,311140,Campo Florido,MG,2016,0
MALA,Malária,311140,Campo Florido,MG,2017,0
MALA,Malária,311140,Campo Florido,MG,2018,0
MALA,Malária,311140,Campo Florido,MG,2019,0
MALA,Malária,311140,Campo Florido,MG,2020,0
MALA,Malária,311140,Campo Florido,MG,2021,0
MALA,Malária,311140,Campo Florido,MG,2022,0
MALA,Malária,311140,Campo Florido,MG,2023,0
MALA,Malária,311140,Campo Florido,MG,2024,0
MALA,Malária,311160,Campos Gerais,MG,2007,0
MALA,Malária,311160,Campos Gerais,MG,2008,0
MALA,Malária,311160,Campos Gerais,MG,2009,0
MALA,Malária,311160,Campos Gerais,MG,2010,0
MALA,Malária,311160,Campos Gerais,MG,2011,1
MALA,Malária,311160,Campos Gerais,MG,2012,0
MALA,Malária,311160,Campos Gerais,MG,2013,0
MALA,Malária,311160,Campos Gerais,MG,2014,0
MALA,Malária,311160,Campos Gerais,MG,2015,0
MALA,Malária,311160,Campos Gerais,MG,2016,0
MALA,Malária,311160,Campos Gerais,MG,2017,0
MALA,Malária,311160,Campos Gerais,MG,2018,0
MALA,Malária,311160,Campos Gerais,MG,2019,0
MALA,Malária,311160,Campos Gerais,MG,2020,0
MALA,Malária,311160,Campos Gerais,MG,2021,0
MALA,Malária,311160,Campos Gerais,MG,2022,0
MALA,Malária,311160,Campos Gerais,MG,2023,0
MALA,Malária,311160,Campos Gerais,MG,2024,0
MALA,Malária,311260,Capinopolis,MG,2007,1
MALA,Malária,311260,Capinopolis,MG,2008,0
MALA,Malária,311260,Capinopolis,MG,2009,0
MALA,Malária,311260,Capinopolis,MG,2010,0
MALA,Malária,311260,Capinopolis,MG,2011,0
MALA,Malária,311260,Capinopolis,MG,2012,0
MALA,Malária,311260,Capinopolis,MG,2013,0
MALA,Malária,311260,Capinopolis,MG,2014,0
MALA,Malária,311260,Capinopolis,MG,2015,0
MALA,Malária,311260,Capinopolis,MG,2016,0
MALA,Malária,311260,Capinopolis,MG,2017,0
MALA,Malária,311260,Capinopolis,MG,2018,0
MALA,Malária,311260,Capinopolis,MG,2019,0
MALA,Malária,311260,Capinopolis,MG,2020,0
MALA,Malária,311260,Capinopolis,MG,2021,0
MALA,Malária,311260,Capinopolis,MG,2022,0
MALA,Malária,311260,Capinopolis,MG,2023,0
MALA,Malária,311260,Capinopolis,MG,2024,0
MALA,Malária,311270,Capitao Eneas,MG,2007,0
MALA,Malária,311270,Capitao Eneas,MG,2008,0
MALA,Malária,311270,Capitao Eneas,MG,2009,0
MALA,Malária,311270,Capitao Eneas,MG,2010,0
MALA,Malária,311270,Capitao Eneas,MG,2011,0
MALA,Malária,311270,Capitao Eneas,MG,2012,0
MALA,Malária,311270,Capitao Eneas,MG,2013,0
MALA,Malária,311270,Capitao Eneas,MG,2014,0
MALA,Malária,311270,Capitao Eneas,MG,2015,0
MALA,Malária,311270,Capitao Eneas,MG,2016,0
MALA,Malária,311270,Capitao Eneas,MG,2017,0
MALA,Malária,311270,Capitao Eneas,MG,2018,0
MALA,Malária,311270,Capitao Eneas,MG,2019,0
MALA,Malária,311270,Capitao Eneas,MG,2020,0
MALA,Malária,311270,Capitao Eneas,MG,2021,1
MALA,Malária,311270,Capitao Eneas,MG,2022,0
MALA,Malária,311270,Capitao Eneas,MG,2023,0
MALA,Malária,311270,Capitao Eneas,MG,2024,0
MALA,Malária,311320,Carandai,MG,2007,0
MALA,Malária,311320,Carandai,MG,2008,0
MALA,Malária,311320,Carandai,MG,2009,0
MALA,Malária,311320,Carandai,MG,2010,0
MALA,Malária,311320,Carandai,MG,2011,1
MALA,Malária,311320,Carandai,MG,2012,0
MALA,Malária,311320,Carandai,MG,2013,0
MALA,Malária,311320,Carandai,MG,2014,0
MALA,Malária,311320,Carandai,MG,2015,0
MALA,Malária,311320,Carandai,MG,2016,0
MALA,Malária,311320,Carandai,MG,2017,0
MALA,Malária,311320,Carandai,MG,2018,0
MALA,Malária,311320,Carandai,MG,2019,0
MALA,Malária,311320,Carandai,MG,2020,0
MALA,Malária,311320,Carandai,MG,2021,0
MALA,Malária,311320,Carandai,MG,2022,0
MALA,Malária,311320,Carandai,MG,2023,0
MALA,Malária,311320,Carandai,MG,2024,0
MALA,Malária,311340,Caratinga,MG,2007,1
MALA,Malária,311340,Caratinga,MG,2008,1
MALA,Malária,311340,Caratinga,MG,2009,0
MALA,Malária,311340,Caratinga,MG,2010,0
MALA,Malária,311340,Caratinga,MG,2011,0
MALA,Malária,311340,Caratinga,MG,2012,0
MALA,Malária,311340,Caratinga,MG,2013,1
MALA,Malária,311340,Caratinga,MG,2014,0
MALA,Malária,311340,Caratinga,MG,2015,2
MALA,Malária,311340,Caratinga,MG,2016,0
MALA,Malária,311340,Caratinga,MG,2017,0
MALA,Malária,311340,Caratinga,MG,2018,1
MALA,Malária,311340,Caratinga,MG,2019,5
MALA,Malária,311340,Caratinga,MG,2020,0
MALA,Malária,311340,Caratinga,MG,2021,0
MALA,Malária,311340,Caratinga,MG,2022,0
MALA,Malária,311340,Caratinga,MG,2023,0
MALA,Malária,311340,Caratinga,MG,2024,0
MALA,Malária,311350,Carbonita,MG,2007,0
MALA,Malária,311350,Carbonita,MG,2008,0
MALA,Malária,311350,Carbonita,MG,2009,0
MALA,Malária,311350,Carbonita,MG,2010,0
MALA,Malária,311350,Carbonita,MG,2011,0
MALA,Malária,311350,Carbonita,MG,2012,0
MALA,Malária,311350,Carbonita,MG,2013,0
MALA,Malária,311350,Carbonita,MG,2014,0
MALA,Malária,311350,Carbonita,MG,2015,0
MALA,Malária,311350,Carbonita,MG,2016,0
MALA,Malária,311350,Carbonita,MG,2017,1
MALA,Malária,311350,Carbonita,MG,2018,0
MALA,Malária,311350,Carbonita,MG,2019,0
MALA,Malária,311350,Carbonita,MG,2020,0
MALA,Malária,311350,Carbonita,MG,2021,0
MALA,Malária,311350,Carbonita,MG,2022,0
MALA,Malária,311350,Carbonita,MG,2023,0
MALA,Malária,311350,Carbonita,MG,2024,0
MALA,Malária,311570,Central de Minas,MG,2007,0
MALA,Malária,311570,Central de Minas,MG,2008,0
MALA,Malária,311570,Central de Minas,MG,2009,0
MALA,Malária,311570,Central de Minas,MG,2010,0
MALA,Malária,311570,Central de Minas,MG,2011,0
MALA,Malária,311570,Central de Minas,MG,2012,0
MALA,Malária,311570,Central de Minas,MG,2013,1
MALA,Malária,311570,Central de Minas,MG,2014,0
MALA,Malária,311570,Central de Minas,MG,2015,0
MALA,Malária,311570,Central de Minas,MG,2016,0
MALA,Malária,311570,Central de Minas,MG,2017,0
MALA,Malária,311570,Central de Minas,MG,2018,0
MALA,Malária,311570,Central de Minas,MG,2019,0
MALA,Malária,311570,Central de Minas,MG,2020,0
MALA,Malária,311570,Central de Minas,MG,2021,0
MALA,Malária,311570,Central de Minas,MG,2022,0
MALA,Malária,311570,Central de Minas,MG,2023,0
MALA,Malária,311570,Central de Minas,MG,2024,0
MALA,Malária,311580,Centralina,MG,2007,1
MALA,Malária,311580,Centralina,MG,2008,0
MALA,Malária,311580,Centralina,MG,2009,0
MALA,Malária,311580,Centralina,MG,2010,0
MALA,Malária,311580,Centralina,MG,2011,0
MALA,Malária,311580,Centralina,MG,2012,0
MALA,Malária,311580,Centralina,MG,2013,0
MALA,Malária,311580,Centralina,MG,2014,0
MALA,Malária,311580,Centralina,MG,2015,0
MALA,Malária,311580,Centralina,MG,2016,0
MALA,Malária,311580,Centralina,MG,2017,0
MALA,Malária,311580,Centralina,MG,2018,0
MALA,Malária,311580,Centralina,MG,2019,0
MALA,Malária,311580,Centralina,MG,2020,0
MALA,Malária,311580,Centralina,MG,2021,0
MALA,Malária,311580,Centralina,MG,2022,0
MALA,Malária,311580,Centralina,MG,2023,0
MALA,Malária,311580,Centralina,MG,2024,0
MALA,Malária,311610,Chapada do Norte,MG,2007,0
MALA,Malária,311610,Chapada do Norte,MG,2008,0
MALA,Malária,311610,Chapada do Norte,MG,2009,0
MALA,Malária,311610,Chapada do Norte,MG,2010,1
MALA,Malária,311610,Chapada do Norte,MG,2011,0
MALA,Malária,311610,Chapada do Norte,MG,2012,0
MALA,Malária,311610,Chapada do Norte,MG,2013,0
MALA,Malária,311610,Chapada do Norte,MG,2014,0
MALA,Malária,311610,Chapada do Norte,MG,2015,0
MALA,Malária,311610,Chapada do Norte,MG,2016,0
MALA,Malária,311610,Chapada do Norte,MG,2017,0
MALA,Malária,311610,Chapada do Norte,MG,2018,0
MALA,Malária,311610,Chapada do Norte,MG,2019,0
MALA,Malária,311610,Chapada do Norte,MG,2020,0
MALA,Malária,311610,Chapada do Norte,MG,2021,0
MALA,Malária,311610,Chapada do Norte,MG,2022,0
MALA,Malária,311610,Chapada do Norte,MG,2023,0
MALA,Malária,311610,Chapada do Norte,MG,2024,0
MALA,Malária,311615,Chapada Gaucha,MG,2007,0
MALA,Malária,311615,Chapada Gaucha,MG,2008,0
MALA,Malária,311615,Chapada Gaucha,MG,2009,0
MALA,Malária,311615,Chapada Gaucha,MG,2010,0
MALA,Malária,311615,Chapada Gaucha,MG,2011,0
MALA,Malária,311615,Chapada Gaucha,MG,2012,0
MALA,Malária,311615,Chapada Gaucha,MG,2013,0
MALA,Malária,311615,Chapada Gaucha,MG,2014,0
MALA,Malária,311615,Chapada Gaucha,MG,2015,0
MALA,Malária,311615,Chapada Gaucha,MG,2016,1
MALA,Malária,311615,Chapada Gaucha,MG,2017,1
MALA,Malária,311615,Chapada Gaucha,MG,2018,0
MALA,Malária,311615,Chapada Gaucha,MG,2019,0
MALA,Malária,311615,Chapada Gaucha,MG,2020,0
MALA,Malária,311615,Chapada Gaucha,MG,2021,0
MALA,Malária,311615,Chapada Gaucha,MG,2022,0
MALA,Malária,311615,Chapada Gaucha,MG,2023,0
MALA,Malária,311615,Chapada Gaucha,MG,2024,0
MALA,Malária,311830,Conselheiro Lafaiete,MG,2007,0
MALA,Malária,311830,Conselheiro Lafaiete,MG,2008,0
MALA,Malária,311830,Conselheiro Lafaiete,MG,2009,0
MALA,Malária,311830,Conselheiro Lafaiete,MG,2010,0
MALA,Malária,311830,Conselheiro Lafaiete,MG,2011,0
MALA,Malária,311830,Conselheiro Lafaiete,MG,2012,0
MALA,Malária,311830,Conselheiro Lafaiete,MG,2013,0
MALA,Malária,311830,Conselheiro Lafaiete,MG,2014,0
MALA,Malária,311830,Conselheiro Lafaiete,MG,2015,0
MALA,Malária,311830,Conselheiro Lafaiete,MG,2016,0
MALA,Malária,311830,Conselheiro Lafaiete,MG,2017,0
MALA,Malária,311830,Conselheiro Lafaiete,MG,2018,0
MALA,Malária,311830,Conselheiro Lafaiete,MG,2019,0
MALA,Malária,311830,Conselheiro Lafaiete,MG,2020,0
MALA,Malária,311830,Conselheiro Lafaiete,MG,2021,2
MALA,Malária,311830,Conselheiro Lafaiete,MG,2022,0
MALA,Malária,311830,Conselheiro Lafaiete,MG,2023,0
MALA,Malária,311830,Conselheiro Lafaiete,MG,2024,0
MALA,Malária,311840,Conselheiro Pena,MG,2007,0
MALA,Malária,311840,Conselheiro Pena,MG,2008,0
MALA,Malária,311840,Conselheiro Pena,MG,2009,1
MALA,Malária,311840,Conselheiro Pena,MG,2010,0
MALA,Malária,311840,Conselheiro Pena,MG,2011,0
MALA,Malária,311840,Conselheiro Pena,MG,2012,0
MALA,Malária,311840,Conselheiro Pena,MG,2013,0
MALA,Malária,311840,Conselheiro Pena,MG,2014,0
MALA,Malária,311840,Conselheiro Pena,MG,2015,0
MALA,Malária,311840,Conselheiro Pena,MG,2016,0
MALA,Malária,311840,Conselheiro Pena,MG,2017,0
MALA,Malária,311840,Conselheiro Pena,MG,2018,0
MALA,Malária,311840,Conselheiro Pena,MG,2019,0
MALA,Malária,311840,Conselheiro Pena,MG,2020,0
MALA,Malária,311840,Conselheiro Pena,MG,2021,0
MALA,Malária,311840,Conselheiro Pena,MG,2022,0
MALA,Malária,311840,Conselheiro Pena,MG,2023,0
MALA,Malária,311840,Conselheiro Pena,MG,2024,0
MALA,Malária,311860,Contagem,MG,2007,1
MALA,Malária,311860,Contagem,MG,2008,1
MALA,Malária,311860,Contagem,MG,2009,1
MALA,Malária,311860,Contagem,MG,2010,0
MALA,Malária,311860,Contagem,MG,2011,0
MALA,Malária,311860,Contagem,MG,2012,0
MALA,Malária,311860,Contagem,MG,2013,0
MALA,Malária,311860,Contagem,MG,2014,0
MALA,Malária,311860,Contagem,MG,2015,0
MALA,Malária,311860,Contagem,MG,2016,0
MALA,Malária,311860,Contagem,MG,2017,0
MALA,Malária,311860,Contagem,MG,2018,0
MALA,Malária,311860,Contagem,MG,2019,1
MALA,Malária,311860,Contagem,MG,2020,0
MALA,Malária,311860,Contagem,MG,2021,1
MALA,Malária,311860,Contagem,MG,2022,0
MALA,Malária,311860,Contagem,MG,2023,0
MALA,Malária,311860,Contagem,MG,2024,1
MALA,Malária,311910,Corinto,MG,2007,0
MALA,Malária,311910,Corinto,MG,2008,0
MALA,Malária,311910,Corinto,MG,2009,1
MALA,Malária,311910,Corinto,MG,2010,0
MALA,Malária,311910,Corinto,MG,2011,0
MALA,Malária,311910,Corinto,MG,2012,0
MALA,Malária,311910,Corinto,MG,2013,0
MALA,Malária,311910,Corinto,MG,2014,0
MALA,Malária,311910,Corinto,MG,2015,0
MALA,Malária,311910,Corinto,MG,2016,0
MALA,Malária,311910,Corinto,MG,2017,0
MALA,Malária,311910,Corinto,MG,2018,0
MALA,Malária,311910,Corinto,MG,2019,0
MALA,Malária,311910,Corinto,MG,2020,0
MALA,Malária,311910,Corinto,MG,2021,0
MALA,Malária,311910,Corinto,MG,2022,0
MALA,Malária,311910,Corinto,MG,2023,0
MALA,Malária,311910,Corinto,MG,2024,0
MALA,Malária,311920,Coroaci,MG,2007,1
MALA,Malária,311920,Coroaci,MG,2008,0
MALA,Malária,311920,Coroaci,MG,2009,0
MALA,Malária,311920,Coroaci,MG,2010,0
MALA,Malária,311920,Coroaci,MG,2011,0
MALA,Malária,311920,Coroaci,MG,2012,0
MALA,Malária,311920,Coroaci,MG,2013,0
MALA,Malária,311920,Coroaci,MG,2014,0
MALA,Malária,311920,Coroaci,MG,2015,0
MALA,Malária,311920,Coroaci,MG,2016,0
MALA,Malária,311920,Coroaci,MG,2017,0
MALA,Malária,311920,Coroaci,MG,2018,0
MALA,Malária,311920,Coroaci,MG,2019,0
MALA,Malária,311920,Coroaci,MG,2020,0
MALA,Malária,311920,Coroaci,MG,2021,0
MALA,Malária,311920,Coroaci,MG,2022,0
MALA,Malária,311920,Coroaci,MG,2023,0
MALA,Malária,311920,Coroaci,MG,2024,0
MALA,Malária,311930,Coromandel,MG,2007,0
MALA,Malária,311930,Coromandel,MG,2008,1
MALA,Malária,311930,Coromandel,MG,2009,0
MALA,Malária,311930,Coromandel,MG,2010,1
MALA,Malária,311930,Coromandel,MG,2011,1
MALA,Malária,311930,Coromandel,MG,2012,0
MALA,Malária,311930,Coromandel,MG,2013,0
MALA,Malária,311930,Coromandel,MG,2014,0
MALA,Malária,311930,Coromandel,MG,2015,0
MALA,Malária,311930,Coromandel,MG,2016,0
MALA,Malária,311930,Coromandel,MG,2017,0
MALA,Malária,311930,Coromandel,MG,2018,0
MALA,Malária,311930,Coromandel,MG,2019,0
MALA,Malária,311930,Coromandel,MG,2020,0
MALA,Malária,311930,Coromandel,MG,2021,0
MALA,Malária,311930,Coromandel,MG,2022,0
MALA,Malária,311930,Coromandel,MG,2023,0
MALA,Malária,311930,Coromandel,MG,2024,0
MALA,Malária,311940,Coronel Fabriciano,MG,2007,0
MALA,Malária,311940,Coronel Fabriciano,MG,2008,0
MALA,Malária,311940,Coronel Fabriciano,MG,2009,1
MALA,Malária,311940,Coronel Fabriciano,MG,2010,0
MALA,Malária,311940,Coronel Fabriciano,MG,2011,0
MALA,Malária,311940,Coronel Fabriciano,MG,2012,0
MALA,Malária,311940,Coronel Fabriciano,MG,2013,0
MALA,Malária,311940,Coronel Fabriciano,MG,2014,0
MALA,Malária,311940,Coronel Fabriciano,MG,2015,0
MALA,Malária,311940,Coronel Fabriciano,MG,2016,0
MALA,Malária,311940,Coronel Fabriciano,MG,2017,0
MALA,Malária,311940,Coronel Fabriciano,MG,2018,0
MALA,Malária,311940,Coronel Fabriciano,MG,2019,0
MALA,Malária,311940,Coronel Fabriciano,MG,2020,0
MALA,Malária,311940,Coronel Fabriciano,MG,2021,0
MALA,Malária,311940,Coronel Fabriciano,MG,2022,0
MALA,Malária,311940,Coronel Fabriciano,MG,2023,0
MALA,Malária,311940,Coronel Fabriciano,MG,2024,0
MALA,Malária,312010,Couto de Magalhaes de Minas,MG,2007,0
MALA,Malária,312010,Couto de Magalhaes de Minas,MG,2008,0
MALA,Malária,312010,Couto de Magalhaes de Minas,MG,2009,0
MALA,Malária,312010,Couto de Magalhaes de Minas,MG,2010,0
MALA,Malária,312010,Couto de Magalhaes de Minas,MG,2011,0
MALA,Malária,312010,Couto de Magalhaes de Minas,MG,2012,0
MALA,Malária,312010,Couto de Magalhaes de Minas,MG,2013,0
MALA,Malária,312010,Couto de Magalhaes de Minas,MG,2014,0
MALA,Malária,312010,Couto de Magalhaes de Minas,MG,2015,0
MALA,Malária,312010,Couto de Magalhaes de Minas,MG,2016,0
MALA,Malária,312010,Couto de Magalhaes de Minas,MG,2017,3
MALA,Malária,312010,Couto de Magalhaes de Minas,MG,2018,0
MALA,Malária,312010,Couto de Magalhaes de Minas,MG,2019,0
MALA,Malária,312010,Couto de Magalhaes de Minas,MG,2020,0
MALA,Malária,312010,Couto de Magalhaes de Minas,MG,2021,0
MALA,Malária,312010,Couto de Magalhaes de Minas,MG,2022,0
MALA,Malária,312010,Couto de Magalhaes de Minas,MG,2023,0
MALA,Malária,312010,Couto de Magalhaes de Minas,MG,2024,0
MALA,Malária,312090,Curvelo,MG,2007,0
MALA,Malária,312090,Curvelo,MG,2008,0
MALA,Malária,312090,Curvelo,MG,2009,0
MALA,Malária,312090,Curvelo,MG,2010,0
MALA,Malária,312090,Curvelo,MG,2011,0
MALA,Malária,312090,Curvelo,MG,2012,0
MALA,Malária,312090,Curvelo,MG,2013,0
MALA,Malária,312090,Curvelo,MG,2014,0
MALA,Malária,312090,Curvelo,MG,2015,0
MALA,Malária,312090,Curvelo,MG,2016,0
MALA,Malária,312090,Curvelo,MG,2017,0
MALA,Malária,312090,Curvelo,MG,2018,0
MALA,Malária,312090,Curvelo,MG,2019,0
MALA,Malária,312090,Curvelo,MG,2020,0
MALA,Malária,312090,Curvelo,MG,2021,1
MALA,Malária,312090,Curvelo,MG,2022,0
MALA,Malária,312090,Curvelo,MG,2023,0
MALA,Malária,312090,Curvelo,MG,2024,0
MALA,Malária,312160,Diamantina,MG,2007,0
MALA,Malária,312160,Diamantina,MG,2008,0
MALA,Malária,312160,Diamantina,MG,2009,0
MALA,Malária,312160,Diamantina,MG,2010,0
MALA,Malária,312160,Diamantina,MG,2011,0
MALA,Malária,312160,Diamantina,MG,2012,1
MALA,Malária,312160,Diamantina,MG,2013,0
MALA,Malária,312160,Diamantina,MG,2014,0
MALA,Malária,312160,Diamantina,MG,2015,0
MALA,Malária,312160,Diamantina,MG,2016,7
MALA,Malária,312160,Diamantina,MG,2017,14
MALA,Malária,312160,Diamantina,MG,2018,0
MALA,Malária,312160,Diamantina,MG,2019,0
MALA,Malária,312160,Diamantina,MG,2020,0
MALA,Malária,312160,Diamantina,MG,2021,0
MALA,Malária,312160,Diamantina,MG,2022,0
MALA,Malária,312160,Diamantina,MG,2023,0
MALA,Malária,312160,Diamantina,MG,2024,0
MALA,Malária,312230,Divinopolis,MG,2007,2
MALA,Malária,312230,Divinopolis,MG,2008,0
MALA,Malária,312230,Divinopolis,MG,2009,5
MALA,Malária,312230,Divinopolis,MG,2010,4
MALA,Malária,312230,Divinopolis,MG,2011,1
MALA,Malária,312230,Divinopolis,MG,2012,3
MALA,Malária,312230,Divinopolis,MG,2013,1
MALA,Malária,312230,Divinopolis,MG,2014,0
MALA,Malária,312230,Divinopolis,MG,2015,0
MALA,Malária,312230,Divinopolis,MG,2016,0
MALA,Malária,312230,Divinopolis,MG,2017,0
MALA,Malária,312230,Divinopolis,MG,2018,2
MALA,Malária,312230,Divinopolis,MG,2019,1
MALA,Malária,312230,Divinopolis,MG,2020,1
MALA,Malária,312230,Divinopolis,MG,2021,1
MALA,Malária,312230,Divinopolis,MG,2022,0
MALA,Malária,312230,Divinopolis,MG,2023,1
MALA,Malária,312230,Divinopolis,MG,2024,1
MALA,Malária,312240,Divisa Nova,MG,2007,0
MALA,Malária,312240,Divisa Nova,MG,2008,1
MALA,Malária,312240,Divisa Nova,MG,2009,0
MALA,Malária,312240,Divisa Nova,MG,2010,0
MALA,Malária,312240,Divisa Nova,MG,2011,0
MALA,Malária,312240,Divisa Nova,MG,2012,0
MALA,Malária,312240,Divisa Nova,MG,2013,0
MALA,Malária,312240,Divisa Nova,MG,2014,0
MALA,Malária,312240,Divisa Nova,MG,2015,0
MALA,Malária,312240,Divisa Nova,MG,2016,0
MALA,Malária,312240,Divisa Nova,MG,2017,0
MALA,Malária,312240,Divisa Nova,MG,2018,0
MALA,Malária,312240,Divisa Nova,MG,2019,0
MALA,Malária,312240,Divisa Nova,MG,2020,0
MALA,Malária,312240,Divisa Nova,MG,2021,0
MALA,Malária,312240,Divisa Nova,MG,2022,0
MALA,Malária,312240,Divisa Nova,MG,2023,0
MALA,Malária,312240,Divisa Nova,MG,2024,0
MALA,Malária,312390,Entre Rios de Minas,MG,2007,1
MALA,Malária,312390,Entre Rios de Minas,MG,2008,0
MALA,Malária,312390,Entre Rios de Minas,MG,2009,0
MALA,Malária,312390,Entre Rios de Minas,MG,2010,1
MALA,Malária,312390,Entre Rios de Minas,MG,2011,0
MALA,Malária,312390,Entre Rios de Minas,MG,2012,0
MALA,Malária,312390,Entre Rios de Minas,MG,2013,0
MALA,Malária,312390,Entre Rios de Minas,MG,2014,0
MALA,Malária,312390,Entre Rios de Minas,MG,2015,0
MALA,Malária,312390,Entre Rios de Minas,MG,2016,0
MALA,Malária,312390,Entre Rios de Minas,MG,2017,0
MALA,Malária,312390,Entre Rios de Minas,MG,2018,0
MALA,Malária,312390,Entre Rios de Minas,MG,2019,0
MALA,Malária,312390,Entre Rios de Minas,MG,2020,0
MALA,Malária,312390,Entre Rios de Minas,MG,2021,0
MALA,Malária,312390,Entre Rios de Minas,MG,2022,0
MALA,Malária,312390,Entre Rios de Minas,MG,2023,0
MALA,Malária,312390,Entre Rios de Minas,MG,2024,0
MALA,Malária,312420,Espera Feliz,MG,2007,0
MALA,Malária,312420,Espera Feliz,MG,2008,0
MALA,Malária,312420,Espera Feliz,MG,2009,0
MALA,Malária,312420,Espera Feliz,MG,2010,0
MALA,Malária,312420,Espera Feliz,MG,2011,0
MALA,Malária,312420,Espera Feliz,MG,2012,0
MALA,Malária,312420,Espera Feliz,MG,2013,1
MALA,Malária,312420,Espera Feliz,MG,2014,0
MALA,Malária,312420,Espera Feliz,MG,2015,0
MALA,Malária,312420,Espera Feliz,MG,2016,0
MALA,Malária,312420,Espera Feliz,MG,2017,0
MALA,Malária,312420,Espera Feliz,MG,2018,0
MALA,Malária,312420,Espera Feliz,MG,2019,0
MALA,Malária,312420,Espera Feliz,MG,2020,0
MALA,Malária,312420,Espera Feliz,MG,2021,0
MALA,Malária,312420,Espera Feliz,MG,2022,0
MALA,Malária,312420,Espera Feliz,MG,2023,0
MALA,Malária,312420,Espera Feliz,MG,2024,0
MALA,Malária,312440,Espirito Santo do Dourado,MG,2007,0
MALA,Malária,312440,Espirito Santo do Dourado,MG,2008,0
MALA,Malária,312440,Espirito Santo do Dourado,MG,2009,0
MALA,Malária,312440,Espirito Santo do Dourado,MG,2010,0
MALA,Malária,312440,Espirito Santo do Dourado,MG,2011,0
MALA,Malária,312440,Espirito Santo do Dourado,MG,2012,0
MALA,Malária,312440,Espirito Santo do Dourado,MG,2013,0
MALA,Malária,312440,Espirito Santo do Dourado,MG,2014,0
MALA,Malária,312440,Espirito Santo do Dourado,MG,2015,0
MALA,Malária,312440,Espirito Santo do Dourado,MG,2016,0
MALA,Malária,312440,Espirito Santo do Dourado,MG,2017,0
MALA,Malária,312440,Espirito Santo do Dourado,MG,2018,0
MALA,Malária,312440,Espirito Santo do Dourado,MG,2019,0
MALA,Malária,312440,Espirito Santo do Dourado,MG,2020,0
MALA,Malária,312440,Espirito Santo do Dourado,MG,2021,0
MALA,Malária,312440,Espirito Santo do Dourado,MG,2022,1
MALA,Malária,312440,Espirito Santo do Dourado,MG,2023,0
MALA,Malária,312440,Espirito Santo do Dourado,MG,2024,0
MALA,Malária,312510,Extrema,MG,2007,0
MALA,Malária,312510,Extrema,MG,2008,0
MALA,Malária,312510,Extrema,MG,2009,0
MALA,Malária,312510,Extrema,MG,2010,0
MALA,Malária,312510,Extrema,MG,2011,0
MALA,Malária,312510,Extrema,MG,2012,0
MALA,Malária,312510,Extrema,MG,2013,0
MALA,Malária,312510,Extrema,MG,2014,0
MALA,Malária,312510,Extrema,MG,2015,0
MALA,Malária,312510,Extrema,MG,2016,0
MALA,Malária,312510,Extrema,MG,2017,0
MALA,Malária,312510,Extrema,MG,2018,0
MALA,Malária,312510,Extrema,MG,2019,0
MALA,Malária,312510,Extrema,MG,2020,0
MALA,Malária,312510,Extrema,MG,2021,0
MALA,Malária,312510,Extrema,MG,2022,0
MALA,Malária,312510,Extrema,MG,2023,0
MALA,Malária,312510,Extrema,MG,2024,2
MALA,Malária,312610,Formiga,MG,2007,1
MALA,Malária,312610,Formiga,MG,2008,2
MALA,Malária,312610,Formiga,MG,2009,0
MALA,Malária,312610,Formiga,MG,2010,1
MALA,Malária,312610,Formiga,MG,2011,0
MALA,Malária,312610,Formiga,MG,2012,0
MALA,Malária,312610,Formiga,MG,2013,0
MALA,Malária,312610,Formiga,MG,2014,0
MALA,Malária,312610,Formiga,MG,2015,1
MALA,Malária,312610,Formiga,MG,2016,1
MALA,Malária,312610,Formiga,MG,2017,0
MALA,Malária,312610,Formiga,MG,2018,0
MALA,Malária,312610,Formiga,MG,2019,0
MALA,Malária,312610,Formiga,MG,2020,0
MALA,Malária,312610,Formiga,MG,2021,0
MALA,Malária,312610,Formiga,MG,2022,0
MALA,Malária,312610,Formiga,MG,2023,0
MALA,Malária,312610,Formiga,MG,2024,0
MALA,Malária,312710,Frutal,MG,2007,1
MALA,Malária,312710,Frutal,MG,2008,3
MALA,Malária,312710,Frutal,MG,2009,2
MALA,Malária,312710,Frutal,MG,2010,7
MALA,Malária,312710,Frutal,MG,2011,0
MALA,Malária,312710,Frutal,MG,2012,0
MALA,Malária,312710,Frutal,MG,2013,3
MALA,Malária,312710,Frutal,MG,2014,0
MALA,Malária,312710,Frutal,MG,2015,0
MALA,Malária,312710,Frutal,MG,2016,0
MALA,Malária,312710,Frutal,MG,2017,0
MALA,Malária,312710,Frutal,MG,2018,1
MALA,Malária,312710,Frutal,MG,2019,0
MALA,Malária,312710,Frutal,MG,2020,0
MALA,Malária,312710,Frutal,MG,2021,0
MALA,Malária,312710,Frutal,MG,2022,0
MALA,Malária,312710,Frutal,MG,2023,0
MALA,Malária,312710,Frutal,MG,2024,0
MALA,Malária,312730,Galileia,MG,2007,0
MALA,Malária,312730,Galileia,MG,2008,0
MALA,Malária,312730,Galileia,MG,2009,0
MALA,Malária,312730,Galileia,MG,2010,0
MALA,Malária,312730,Galileia,MG,2011,0
MALA,Malária,312730,Galileia,MG,2012,1
MALA,Malária,312730,Galileia,MG,2013,0
MALA,Malária,312730,Galileia,MG,2014,0
MALA,Malária,312730,Galileia,MG,2015,0
MALA,Malária,312730,Galileia,MG,2016,0
MALA,Malária,312730,Galileia,MG,2017,0
MALA,Malária,312730,Galileia,MG,2018,0
MALA,Malária,312730,Galileia,MG,2019,0
MALA,Malária,312730,Galileia,MG,2020,0
MALA,Malária,312730,Galileia,MG,2021,0
MALA,Malária,312730,Galileia,MG,2022,0
MALA,Malária,312730,Galileia,MG,2023,0
MALA,Malária,312730,Galileia,MG,2024,0
MALA,Malária,312750,Gonzaga,MG,2007,0
MALA,Malária,312750,Gonzaga,MG,2008,0
MALA,Malária,312750,Gonzaga,MG,2009,1
MALA,Malária,312750,Gonzaga,MG,2010,0
MALA,Malária,312750,Gonzaga,MG,2011,0
MALA,Malária,312750,Gonzaga,MG,2012,0
MALA,Malária,312750,Gonzaga,MG,2013,0
MALA,Malária,312750,Gonzaga,MG,2014,0
MALA,Malária,312750,Gonzaga,MG,2015,0
MALA,Malária,312750,Gonzaga,MG,2016,0
MALA,Malária,312750,Gonzaga,MG,2017,0
MALA,Malária,312750,Gonzaga,MG,2018,0
MALA,Malária,312750,Gonzaga,MG,2019,0
MALA,Malária,312750,Gonzaga,MG,2020,0
MALA,Malária,312750,Gonzaga,MG,2021,0
MALA,Malária,312750,Gonzaga,MG,2022,0
MALA,Malária,312750,Gonzaga,MG,2023,0
MALA,Malária,312750,Gonzaga,MG,2024,0
MALA,Malária,312770,Governador Valadares,MG,2007,1
MALA,Malária,312770,Governador Valadares,MG,2008,5
MALA,Malária,312770,Governador Valadares,MG,2009,0
MALA,Malária,312770,Governador Valadares,MG,2010,3
MALA,Malária,312770,Governador Valadares,MG,2011,2
MALA,Malária,312770,Governador Valadares,MG,2012,3
MALA,Malária,312770,Governador Valadares,MG,2013,3
MALA,Malária,312770,Governador Valadares,MG,2014,1
MALA,Malária,312770,Governador Valadares,MG,2015,1
MALA,Malária,312770,Governador Valadares,MG,2016,1
MALA,Malária,312770,Governador Valadares,MG,2017,1
MALA,Malária,312770,Governador Valadares,MG,2018,1
MALA,Malária,312770,Governador Valadares,MG,2019,3
MALA,Malária,312770,Governador Valadares,MG,2020,0
MALA,Malária,312770,Governador Valadares,MG,2021,2
MALA,Malária,312770,Governador Valadares,MG,2022,3
MALA,Malária,312770,Governador Valadares,MG,2023,3
MALA,Malária,312770,Governador Valadares,MG,2024,1
MALA,Malária,312780,Grao Mogol,MG,2007,1
MALA,Malária,312780,Grao Mogol,MG,2008,0
MALA,Malária,312780,Grao Mogol,MG,2009,1
MALA,Malária,312780,Grao Mogol,MG,2010,0
MALA,Malária,312780,Grao Mogol,MG,2011,0
MALA,Malária,312780,Grao Mogol,MG,2012,0
MALA,Malária,312780,Grao Mogol,MG,2013,0
MALA,Malária,312780,Grao Mogol,MG,2014,0
MALA,Malária,312780,Grao Mogol,MG,2015,0
MALA,Malária,312780,Grao Mogol,MG,2016,0
MALA,Malária,312780,Grao Mogol,MG,2017,0
MALA,Malária,312780,Grao Mogol,MG,2018,0
MALA,Malária,312780,Grao Mogol,MG,2019,0
MALA,Malária,312780,Grao Mogol,MG,2020,0
MALA,Malária,312780,Grao Mogol,MG,2021,0
MALA,Malária,312780,Grao Mogol,MG,2022,1
MALA,Malária,312780,Grao Mogol,MG,2023,0
MALA,Malária,312780,Grao Mogol,MG,2024,0
MALA,Malária,312820,Guaraciaba,MG,2007,0
MALA,Malária,312820,Guaraciaba,MG,2008,0
MALA,Malária,312820,Guaraciaba,MG,2009,0
MALA,Malária,312820,Guaraciaba,MG,2010,0
MALA,Malária,312820,Guaraciaba,MG,2011,0
MALA,Malária,312820,Guaraciaba,MG,2012,1
MALA,Malária,312820,Guaraciaba,MG,2013,0
MALA,Malária,312820,Guaraciaba,MG,2014,0
MALA,Malária,312820,Guaraciaba,MG,2015,0
MALA,Malária,312820,Guaraciaba,MG,2016,0
MALA,Malária,312820,Guaraciaba,MG,2017,0
MALA,Malária,312820,Guaraciaba,MG,2018,0
MALA,Malária,312820,Guaraciaba,MG,2019,0
MALA,Malária,312820,Guaraciaba,MG,2020,0
MALA,Malária,312820,Guaraciaba,MG,2021,0
MALA,Malária,312820,Guaraciaba,MG,2022,0
MALA,Malária,312820,Guaraciaba,MG,2023,0
MALA,Malária,312820,Guaraciaba,MG,2024,0
MALA,Malária,312830,Guaranesia,MG,2007,2
MALA,Malária,312830,Guaranesia,MG,2008,0
MALA,Malária,312830,Guaranesia,MG,2009,0
MALA,Malária,312830,Guaranesia,MG,2010,0
MALA,Malária,312830,Guaranesia,MG,2011,0
MALA,Malária,312830,Guaranesia,MG,2012,0
MALA,Malária,312830,Guaranesia,MG,2013,0
MALA,Malária,312830,Guaranesia,MG,2014,0
MALA,Malária,312830,Guaranesia,MG,2015,0
MALA,Malária,312830,Guaranesia,MG,2016,0
MALA,Malária,312830,Guaranesia,MG,2017,0
MALA,Malária,312830,Guaranesia,MG,2018,0
MALA,Malária,312830,Guaranesia,MG,2019,0
MALA,Malária,312830,Guaranesia,MG,2020,0
MALA,Malária,312830,Guaranesia,MG,2021,0
MALA,Malária,312830,Guaranesia,MG,2022,0
MALA,Malária,312830,Guaranesia,MG,2023,0
MALA,Malária,312830,Guaranesia,MG,2024,0
MALA,Malária,312870,Guaxupe,MG,2007,0
MALA,Malária,312870,Guaxupe,MG,2008,0
MALA,Malária,312870,Guaxupe,MG,2009,0
MALA,Malária,312870,Guaxupe,MG,2010,1
MALA,Malária,312870,Guaxupe,MG,2011,0
MALA,Malária,312870,Guaxupe,MG,2012,0
MALA,Malária,312870,Guaxupe,MG,2013,0
MALA,Malária,312870,Guaxupe,MG,2014,0
MALA,Malária,312870,Guaxupe,MG,2015,0
MALA,Malária,312870,Guaxupe,MG,2016,0
MALA,Malária,312870,Guaxupe,MG,2017,0
MALA,Malária,312870,Guaxupe,MG,2018,0
MALA,Malária,312870,Guaxupe,MG,2019,0
MALA,Malária,312870,Guaxupe,MG,2020,0
MALA,Malária,312870,Guaxupe,MG,2021,0
MALA,Malária,312870,Guaxupe,MG,2022,0
MALA,Malária,312870,Guaxupe,MG,2023,0
MALA,Malária,312870,Guaxupe,MG,2024,0
MALA,Malária,312890,Guimarania,MG,2007,0
MALA,Malária,312890,Guimarania,MG,2008,0
MALA,Malária,312890,Guimarania,MG,2009,0
MALA,Malária,312890,Guimarania,MG,2010,0
MALA,Malária,312890,Guimarania,MG,2011,0
MALA,Malária,312890,Guimarania,MG,2012,0
MALA,Malária,312890,Guimarania,MG,2013,0
MALA,Malária,312890,Guimarania,MG,2014,0
MALA,Malária,312890,Guimarania,MG,2015,0
MALA,Malária,312890,Guimarania,MG,2016,0
MALA,Malária,312890,Guimarania,MG,2017,0
MALA,Malária,312890,Guimarania,MG,2018,0
MALA,Malária,312890,Guimarania,MG,2019,0
MALA,Malária,312890,Guimarania,MG,2020,0
MALA,Malária,312890,Guimarania,MG,2021,0
MALA,Malária,312890,Guimarania,MG,2022,0
MALA,Malária,312890,Guimarania,MG,2023,1
MALA,Malária,312890,Guimarania,MG,2024,0
MALA,Malária,312940,Ibertioga,MG,2007,0
MALA,Malária,312940,Ibertioga,MG,2008,0
MALA,Malária,312940,Ibertioga,MG,2009,0
MALA,Malária,312940,Ibertioga,MG,2010,0
MALA,Malária,312940,Ibertioga,MG,2011,0
MALA,Malária,312940,Ibertioga,MG,2012,1
MALA,Malária,312940,Ibertioga,MG,2013,0
MALA,Malária,312940,Ibertioga,MG,2014,0
MALA,Malária,312940,Ibertioga,MG,2015,0
MALA,Malária,312940,Ibertioga,MG,2016,0
MALA,Malária,312940,Ibertioga,MG,2017,0
MALA,Malária,312940,Ibertioga,MG,2018,0
MALA,Malária,312940,Ibertioga,MG,2019,0
MALA,Malária,312940,Ibertioga,MG,2020,0
MALA,Malária,312940,Ibertioga,MG,2021,0
MALA,Malária,312940,Ibertioga,MG,2022,0
MALA,Malária,312940,Ibertioga,MG,2023,0
MALA,Malária,312940,Ibertioga,MG,2024,0
MALA,Malária,313010,Igarape,MG,2007,0
MALA,Malária,313010,Igarape,MG,2008,0
MALA,Malária,313010,Igarape,MG,2009,0
MALA,Malária,313010,Igarape,MG,2010,1
MALA,Malária,313010,Igarape,MG,2011,0
MALA,Malária,313010,Igarape,MG,2012,0
MALA,Malária,313010,Igarape,MG,2013,0
MALA,Malária,313010,Igarape,MG,2014,0
MALA,Malária,313010,Igarape,MG,2015,0
MALA,Malária,313010,Igarape,MG,2016,0
MALA,Malária,313010,Igarape,MG,2017,0
MALA,Malária,313010,Igarape,MG,2018,0
MALA,Malária,313010,Igarape,MG,2019,0
MALA,Malária,313010,Igarape,MG,2020,0
MALA,Malária,313010,Igarape,MG,2021,0
MALA,Malária,313010,Igarape,MG,2022,0
MALA,Malária,313010,Igarape,MG,2023,0
MALA,Malária,313010,Igarape,MG,2024,0
MALA,Malária,313055,Imbe de Minas,MG,2007,0
MALA,Malária,313055,Imbe de Minas,MG,2008,0
MALA,Malária,313055,Imbe de Minas,MG,2009,1
MALA,Malária,313055,Imbe de Minas,MG,2010,0
MALA,Malária,313055,Imbe de Minas,MG,2011,0
MALA,Malária,313055,Imbe de Minas,MG,2012,0
MALA,Malária,313055,Imbe de Minas,MG,2013,0
MALA,Malária,313055,Imbe de Minas,MG,2014,0
MALA,Malária,313055,Imbe de Minas,MG,2015,0
MALA,Malária,313055,Imbe de Minas,MG,2016,0
MALA,Malária,313055,Imbe de Minas,MG,2017,0
MALA,Malária,313055,Imbe de Minas,MG,2018,0
MALA,Malária,313055,Imbe de Minas,MG,2019,0
MALA,Malária,313055,Imbe de Minas,MG,2020,0
MALA,Malária,313055,Imbe de Minas,MG,2021,0
MALA,Malária,313055,Imbe de Minas,MG,2022,0
MALA,Malária,313055,Imbe de Minas,MG,2023,0
MALA,Malária,313055,Imbe de Minas,MG,2024,0
MALA,Malária,313120,Ipanema,MG,2007,0
MALA,Malária,313120,Ipanema,MG,2008,0
MALA,Malária,313120,Ipanema,MG,2009,0
MALA,Malária,313120,Ipanema,MG,2010,2
MALA,Malária,313120,Ipanema,MG,2011,0
MALA,Malária,313120,Ipanema,MG,2012,0
MALA,Malária,313120,Ipanema,MG,2013,0
MALA,Malária,313120,Ipanema,MG,2014,0
MALA,Malária,313120,Ipanema,MG,2015,0
MALA,Malária,313120,Ipanema,MG,2016,0
MALA,Malária,313120,Ipanema,MG,2017,0
MALA,Malária,313120,Ipanema,MG,2018,0
MALA,Malária,313120,Ipanema,MG,2019,0
MALA,Malária,313120,Ipanema,MG,2020,0
MALA,Malária,313120,Ipanema,MG,2021,0
MALA,Malária,313120,Ipanema,MG,2022,0
MALA,Malária,313120,Ipanema,MG,2023,0
MALA,Malária,313120,Ipanema,MG,2024,0
MALA,Malária,313130,Ipatinga,MG,2007,2
MALA,Malária,313130,Ipatinga,MG,2008,2
MALA,Malária,313130,Ipatinga,MG,2009,0
MALA,Malária,313130,Ipatinga,MG,2010,4
MALA,Malária,313130,Ipatinga,MG,2011,4
MALA,Malária,313130,Ipatinga,MG,2012,3
MALA,Malária,313130,Ipatinga,MG,2013,2
MALA,Malária,313130,Ipatinga,MG,2014,1
MALA,Malária,313130,Ipatinga,MG,2015,0
MALA,Malária,313130,Ipatinga,MG,2016,0
MALA,Malária,313130,Ipatinga,MG,2017,3
MALA,Malária,313130,Ipatinga,MG,2018,0
MALA,Malária,313130,Ipatinga,MG,2019,0
MALA,Malária,313130,Ipatinga,MG,2020,0
MALA,Malária,313130,Ipatinga,MG,2021,2
MALA,Malária,313130,Ipatinga,MG,2022,0
MALA,Malária,313130,Ipatinga,MG,2023,2
MALA,Malária,313130,Ipatinga,MG,2024,4
MALA,Malária,313160,Irai de Minas,MG,2007,1
MALA,Malária,313160,Irai de Minas,MG,2008,0
MALA,Malária,313160,Irai de Minas,MG,2009,0
MALA,Malária,313160,Irai de Minas,MG,2010,0
MALA,Malária,313160,Irai de Minas,MG,2011,0
MALA,Malária,313160,Irai de Minas,MG,2012,0
MALA,Malária,313160,Irai de Minas,MG,2013,0
MALA,Malária,313160,Irai de Minas,MG,2014,0
MALA,Malária,313160,Irai de Minas,MG,2015,0
MALA,Malária,313160,Irai de Minas,MG,2016,0
MALA,Malária,313160,Irai de Minas,MG,2017,0
MALA,Malária,313160,Irai de Minas,MG,2018,0
MALA,Malária,313160,Irai de Minas,MG,2019,0
MALA,Malária,313160,Irai de Minas,MG,2020,0
MALA,Malária,313160,Irai de Minas,MG,2021,0
MALA,Malária,313160,Irai de Minas,MG,2022,0
MALA,Malária,313160,Irai de Minas,MG,2023,0
MALA,Malária,313160,Irai de Minas,MG,2024,0
MALA,Malária,313170,Itabira,MG,2007,1
MALA,Malária,313170,Itabira,MG,2008,1
MALA,Malária,313170,Itabira,MG,2009,0
MALA,Malária,313170,Itabira,MG,2010,5
MALA,Malária,313170,Itabira,MG,2011,0
MALA,Malária,313170,Itabira,MG,2012,1
MALA,Malária,313170,Itabira,MG,2013,0
MALA,Malária,313170,Itabira,MG,2014,4
MALA,Malária,313170,Itabira,MG,2015,0
MALA,Malária,313170,Itabira,MG,2016,1
MALA,Malária,313170,Itabira,MG,2017,1
MALA,Malária,313170,Itabira,MG,2018,0
MALA,Malária,313170,Itabira,MG,2019,0
MALA,Malária,313170,Itabira,MG,2020,0
MALA,Malária,313170,Itabira,MG,2021,1
MALA,Malária,313170,Itabira,MG,2022,0
MALA,Malária,313170,Itabira,MG,2023,0
MALA,Malária,313170,Itabira,MG,2024,0
MALA,Malária,313180,Itabirinha,MG,2007,0
MALA,Malária,313180,Itabirinha,MG,2008,2
MALA,Malária,313180,Itabirinha,MG,2009,0
MALA,Malária,313180,Itabirinha,MG,2010,0
MALA,Malária,313180,Itabirinha,MG,2011,0
MALA,Malária,313180,Itabirinha,MG,2012,0
MALA,Malária,313180,Itabirinha,MG,2013,1
MALA,Malária,313180,Itabirinha,MG,2014,0
MALA,Malária,313180,Itabirinha,MG,2015,0
MALA,Malária,313180,Itabirinha,MG,2016,0
MALA,Malária,313180,Itabirinha,MG,2017,0
MALA,Malária,313180,Itabirinha,MG,2018,0
MALA,Malária,313180,Itabirinha,MG,2019,0
MALA,Malária,313180,Itabirinha,MG,2020,0
MALA,Malária,313180,Itabirinha,MG,2021,0
MALA,Malária,313180,Itabirinha,MG,2022,0
MALA,Malária,313180,Itabirinha,MG,2023,0
MALA,Malária,313180,Itabirinha,MG,2024,0
MALA,Malária,313210,Itacarambi,MG,2007,0
MALA,Malária,313210,Itacarambi,MG,2008,1
MALA,Malária,313210,Itacarambi,MG,2009,0
MALA,Malária,313210,Itacarambi,MG,2010,0
MALA,Malária,313210,Itacarambi,MG,2011,0
MALA,Malária,313210,Itacarambi,MG,2012,0
MALA,Malária,313210,Itacarambi,MG,2013,0
MALA,Malária,313210,Itacarambi,MG,2014,0
MALA,Malária,313210,Itacarambi,MG,2015,0
MALA,Malária,313210,Itacarambi,MG,2016,0
MALA,Malária,313210,Itacarambi,MG,2017,0
MALA,Malária,313210,Itacarambi,MG,2018,0
MALA,Malária,313210,Itacarambi,MG,2019,0
MALA,Malária,313210,Itacarambi,MG,2020,0
MALA,Malária,313210,Itacarambi,MG,2021,0
MALA,Malária,313210,Itacarambi,MG,2022,0
MALA,Malária,313210,Itacarambi,MG,2023,0
MALA,Malária,313210,Itacarambi,MG,2024,0
MALA,Malária,313240,Itajuba,MG,2007,1
MALA,Malária,313240,Itajuba,MG,2008,1
MALA,Malária,313240,Itajuba,MG,2009,0
MALA,Malária,313240,Itajuba,MG,2010,0
MALA,Malária,313240,Itajuba,MG,2011,0
MALA,Malária,313240,Itajuba,MG,2012,0
MALA,Malária,313240,Itajuba,MG,2013,1
MALA,Malária,313240,Itajuba,MG,2014,1
MALA,Malária,313240,Itajuba,MG,2015,0
MALA,Malária,313240,Itajuba,MG,2016,0
MALA,Malária,313240,Itajuba,MG,2017,0
MALA,Malária,313240,Itajuba,MG,2018,0
MALA,Malária,313240,Itajuba,MG,2019,1
MALA,Malária,313240,Itajuba,MG,2020,0
MALA,Malária,313240,Itajuba,MG,2021,0
MALA,Malária,313240,Itajuba,MG,2022,0
MALA,Malária,313240,Itajuba,MG,2023,0
MALA,Malária,313240,Itajuba,MG,2024,0
MALA,Malária,313290,Itamogi,MG,2007,0
MALA,Malária,313290,Itamogi,MG,2008,0
MALA,Malária,313290,Itamogi,MG,2009,0
MALA,Malária,313290,Itamogi,MG,2010,1
MALA,Malária,313290,Itamogi,MG,2011,0
MALA,Malária,313290,Itamogi,MG,2012,0
MALA,Malária,313290,Itamogi,MG,2013,0
MALA,Malária,313290,Itamogi,MG,2014,0
MALA,Malária,313290,Itamogi,MG,2015,0
MALA,Malária,313290,Itamogi,MG,2016,0
MALA,Malária,313290,Itamogi,MG,2017,0
MALA,Malária,313290,Itamogi,MG,2018,0
MALA,Malária,313290,Itamogi,MG,2019,0
MALA,Malária,313290,Itamogi,MG,2020,0
MALA,Malária,313290,Itamogi,MG,2021,0
MALA,Malária,313290,Itamogi,MG,2022,0
MALA,Malária,313290,Itamogi,MG,2023,0
MALA,Malária,313290,Itamogi,MG,2024,0
MALA,Malária,313300,Itamonte,MG,2007,1
MALA,Malária,313300,Itamonte,MG,2008,0
MALA,Malária,313300,Itamonte,MG,2009,0
MALA,Malária,313300,Itamonte,MG,2010,0
MALA,Malária,313300,Itamonte,MG,2011,0
MALA,Malária,313300,Itamonte,MG,2012,2
MALA,Malária,313300,Itamonte,MG,2013,0
MALA,Malária,313300,Itamonte,MG,2014,0
MALA,Malária,313300,Itamonte,MG,2015,0
MALA,Malária,313300,Itamonte,MG,2016,0
MALA,Malária,313300,Itamonte,MG,2017,0
MALA,Malária,313300,Itamonte,MG,2018,0
MALA,Malária,313300,Itamonte,MG,2019,0
MALA,Malária,313300,Itamonte,MG,2020,0
MALA,Malária,313300,Itamonte,MG,2021,0
MALA,Malária,313300,Itamonte,MG,2022,0
MALA,Malária,313300,Itamonte,MG,2023,0
MALA,Malária,313300,Itamonte,MG,2024,0
MALA,Malária,313320,Itanhomi,MG,2007,0
MALA,Malária,313320,Itanhomi,MG,2008,0
MALA,Malária,313320,Itanhomi,MG,2009,0
MALA,Malária,313320,Itanhomi,MG,2010,0
MALA,Malária,313320,Itanhomi,MG,2011,0
MALA,Malária,313320,Itanhomi,MG,2012,0
MALA,Malária,313320,Itanhomi,MG,2013,0
MALA,Malária,313320,Itanhomi,MG,2014,2
MALA,Malária,313320,Itanhomi,MG,2015,0
MALA,Malária,313320,Itanhomi,MG,2016,0
MALA,Malária,313320,Itanhomi,MG,2017,0
MALA,Malária,313320,Itanhomi,MG,2018,0
MALA,Malária,313320,Itanhomi,MG,2019,0
MALA,Malária,313320,Itanhomi,MG,2020,0
MALA,Malária,313320,Itanhomi,MG,2021,0
MALA,Malária,313320,Itanhomi,MG,2022,0
MALA,Malária,313320,Itanhomi,MG,2023,0
MALA,Malária,313320,Itanhomi,MG,2024,0
MALA,Malária,313350,Itapecerica,MG,2007,0
MALA,Malária,313350,Itapecerica,MG,2008,0
MALA,Malária,313350,Itapecerica,MG,2009,0
MALA,Malária,313350,Itapecerica,MG,2010,0
MALA,Malária,313350,Itapecerica,MG,2011,0
MALA,Malária,313350,Itapecerica,MG,2012,0
MALA,Malária,313350,Itapecerica,MG,2013,0
MALA,Malária,313350,Itapecerica,MG,2014,0
MALA,Malária,313350,Itapecerica,MG,2015,0
MALA,Malária,313350,Itapecerica,MG,2016,0
MALA,Malária,313350,Itapecerica,MG,2017,1
MALA,Malária,313350,Itapecerica,MG,2018,0
MALA,Malária,313350,Itapecerica,MG,2019,0
MALA,Malária,313350,Itapecerica,MG,2020,0
MALA,Malária,313350,Itapecerica,MG,2021,0
MALA,Malária,313350,Itapecerica,MG,2022,0
MALA,Malária,313350,Itapecerica,MG,2023,0
MALA,Malária,313350,Itapecerica,MG,2024,0
MALA,Malária,313370,Itatiaiucu,MG,2007,0
MALA,Malária,313370,Itatiaiucu,MG,2008,0
MALA,Malária,313370,Itatiaiucu,MG,2009,0
MALA,Malária,313370,Itatiaiucu,MG,2010,0
MALA,Malária,313370,Itatiaiucu,MG,2011,0
MALA,Malária,313370,Itatiaiucu,MG,2012,0
MALA,Malária,313370,Itatiaiucu,MG,2013,0
MALA,Malária,313370,Itatiaiucu,MG,2014,0
MALA,Malária,313370,Itatiaiucu,MG,2015,0
MALA,Malária,313370,Itatiaiucu,MG,2016,0
MALA,Malária,313370,Itatiaiucu,MG,2017,0
MALA,Malária,313370,Itatiaiucu,MG,2018,0
MALA,Malária,313370,Itatiaiucu,MG,2019,0
MALA,Malária,313370,Itatiaiucu,MG,2020,1
MALA,Malária,313370,Itatiaiucu,MG,2021,0
MALA,Malária,313370,Itatiaiucu,MG,2022,0
MALA,Malária,313370,Itatiaiucu,MG,2023,0
MALA,Malária,313370,Itatiaiucu,MG,2024,0
MALA,Malária,313375,Itau de Minas,MG,2007,0
MALA,Malária,313375,Itau de Minas,MG,2008,0
MALA,Malária,313375,Itau de Minas,MG,2009,0
MALA,Malária,313375,Itau de Minas,MG,2010,0
MALA,Malária,313375,Itau de Minas,MG,2011,1
MALA,Malária,313375,Itau de Minas,MG,2012,0
MALA,Malária,313375,Itau de Minas,MG,2013,0
MALA,Malária,313375,Itau de Minas,MG,2014,0
MALA,Malária,313375,Itau de Minas,MG,2015,0
MALA,Malária,313375,Itau de Minas,MG,2016,0
MALA,Malária,313375,Itau de Minas,MG,2017,0
MALA,Malária,313375,Itau de Minas,MG,2018,0
MALA,Malária,313375,Itau de Minas,MG,2019,0
MALA,Malária,313375,Itau de Minas,MG,2020,0
MALA,Malária,313375,Itau de Minas,MG,2021,0
MALA,Malária,313375,Itau de Minas,MG,2022,0
MALA,Malária,313375,Itau de Minas,MG,2023,0
MALA,Malária,313375,Itau de Minas,MG,2024,0
MALA,Malária,313380,Itauna,MG,2007,0
MALA,Malária,313380,Itauna,MG,2008,0
MALA,Malária,313380,Itauna,MG,2009,1
MALA,Malária,313380,Itauna,MG,2010,0
MALA,Malária,313380,Itauna,MG,2011,0
MALA,Malária,313380,Itauna,MG,2012,0
MALA,Malária,313380,Itauna,MG,2013,1
MALA,Malária,313380,Itauna,MG,2014,1
MALA,Malária,313380,Itauna,MG,2015,0
MALA,Malária,313380,Itauna,MG,2016,0
MALA,Malária,313380,Itauna,MG,2017,0
MALA,Malária,313380,Itauna,MG,2018,0
MALA,Malária,313380,Itauna,MG,2019,0
MALA,Malária,313380,Itauna,MG,2020,0
MALA,Malária,313380,Itauna,MG,2021,0
MALA,Malária,313380,Itauna,MG,2022,0
MALA,Malária,313380,Itauna,MG,2023,0
MALA,Malária,313380,Itauna,MG,2024,0
MALA,Malária,313420,Ituiutaba,MG,2007,1
MALA,Malária,313420,Ituiutaba,MG,2008,2
MALA,Malária,313420,Ituiutaba,MG,2009,0
MALA,Malária,313420,Ituiutaba,MG,2010,3
MALA,Malária,313420,Ituiutaba,MG,2011,0
MALA,Malária,313420,Ituiutaba,MG,2012,0
MALA,Malária,313420,Ituiutaba,MG,2013,0
MALA,Malária,313420,Ituiutaba,MG,2014,0
MALA,Malária,313420,Ituiutaba,MG,2015,1
MALA,Malária,313420,Ituiutaba,MG,2016,0
MALA,Malária,313420,Ituiutaba,MG,2017,0
MALA,Malária,313420,Ituiutaba,MG,2018,0
MALA,Malária,313420,Ituiutaba,MG,2019,0
MALA,Malária,313420,Ituiutaba,MG,2020,0
MALA,Malária,313420,Ituiutaba,MG,2021,0
MALA,Malária,313420,Ituiutaba,MG,2022,3
MALA,Malária,313420,Ituiutaba,MG,2023,1
MALA,Malária,313420,Ituiutaba,MG,2024,0
MALA,Malária,313440,Iturama,MG,2007,0
MALA,Malária,313440,Iturama,MG,2008,0
MALA,Malária,313440,Iturama,MG,2009,1
MALA,Malária,313440,Iturama,MG,2010,1
MALA,Malária,313440,Iturama,MG,2011,0
MALA,Malária,313440,Iturama,MG,2012,0
MALA,Malária,313440,Iturama,MG,2013,0
MALA,Malária,313440,Iturama,MG,2014,0
MALA,Malária,313440,Iturama,MG,2015,0
MALA,Malária,313440,Iturama,MG,2016,0
MALA,Malária,313440,Iturama,MG,2017,1
MALA,Malária,313440,Iturama,MG,2018,0
MALA,Malária,313440,Iturama,MG,2019,0
MALA,Malária,313440,Iturama,MG,2020,0
MALA,Malária,313440,Iturama,MG,2021,0
MALA,Malária,313440,Iturama,MG,2022,0
MALA,Malária,313440,Iturama,MG,2023,0
MALA,Malária,313440,Iturama,MG,2024,0
MALA,Malária,313480,Jacui,MG,2007,0
MALA,Malária,313480,Jacui,MG,2008,1
MALA,Malária,313480,Jacui,MG,2009,0
MALA,Malária,313480,Jacui,MG,2010,0
MALA,Malária,313480,Jacui,MG,2011,0
MALA,Malária,313480,Jacui,MG,2012,0
MALA,Malária,313480,Jacui,MG,2013,0
MALA,Malária,313480,Jacui,MG,2014,0
MALA,Malária,313480,Jacui,MG,2015,0
MALA,Malária,313480,Jacui,MG,2016,0
MALA,Malária,313480,Jacui,MG,2017,0
MALA,Malária,313480,Jacui,MG,2018,0
MALA,Malária,313480,Jacui,MG,2019,0
MALA,Malária,313480,Jacui,MG,2020,0
MALA,Malária,313480,Jacui,MG,2021,0
MALA,Malária,313480,Jacui,MG,2022,0
MALA,Malária,313480,Jacui,MG,2023,0
MALA,Malária,313480,Jacui,MG,2024,0
MALA,Malária,313490,Jacutinga,MG,2007,0
MALA,Malária,313490,Jacutinga,MG,2008,0
MALA,Malária,313490,Jacutinga,MG,2009,0
MALA,Malária,313490,Jacutinga,MG,2010,0
MALA,Malária,313490,Jacutinga,MG,2011,0
MALA,Malária,313490,Jacutinga,MG,2012,0
MALA,Malária,313490,Jacutinga,MG,2013,0
MALA,Malária,313490,Jacutinga,MG,2014,0
MALA,Malária,313490,Jacutinga,MG,2015,0
MALA,Malária,313490,Jacutinga,MG,2016,0
MALA,Malária,313490,Jacutinga,MG,2017,0
MALA,Malária,313490,Jacutinga,MG,2018,0
MALA,Malária,313490,Jacutinga,MG,2019,0
MALA,Malária,313490,Jacutinga,MG,2020,0
MALA,Malária,313490,Jacutinga,MG,2021,0
MALA,Malária,313490,Jacutinga,MG,2022,0
MALA,Malária,313490,Jacutinga,MG,2023,0
MALA,Malária,313490,Jacutinga,MG,2024,1
MALA,Malária,313655,Jose Raydan,MG,2007,2
MALA,Malária,313655,Jose Raydan,MG,2008,0
MALA,Malária,313655,Jose Raydan,MG,2009,0
MALA,Malária,313655,Jose Raydan,MG,2010,0
MALA,Malária,313655,Jose Raydan,MG,2011,0
MALA,Malária,313655,Jose Raydan,MG,2012,0
MALA,Malária,313655,Jose Raydan,MG,2013,0
MALA,Malária,313655,Jose Raydan,MG,2014,0
MALA,Malária,313655,Jose Raydan,MG,2015,0
MALA,Malária,313655,Jose Raydan,MG,2016,0
MALA,Malária,313655,Jose Raydan,MG,2017,0
MALA,Malária,313655,Jose Raydan,MG,2018,0
MALA,Malária,313655,Jose Raydan,MG,2019,0
MALA,Malária,313655,Jose Raydan,MG,2020,0
MALA,Malária,313655,Jose Raydan,MG,2021,0
MALA,Malária,313655,Jose Raydan,MG,2022,0
MALA,Malária,313655,Jose Raydan,MG,2023,0
MALA,Malária,313655,Jose Raydan,MG,2024,0
MALA,Malária,313670,Juiz de Fora,MG,2007,1
MALA,Malária,313670,Juiz de Fora,MG,2008,3
MALA,Malária,313670,Juiz de Fora,MG,2009,2
MALA,Malária,313670,Juiz de Fora,MG,2010,0
MALA,Malária,313670,Juiz de Fora,MG,2011,3
MALA,Malária,313670,Juiz de Fora,MG,2012,4
MALA,Malária,313670,Juiz de Fora,MG,2013,5
MALA,Malária,313670,Juiz de Fora,MG,2014,8
MALA,Malária,313670,Juiz de Fora,MG,2015,3
MALA,Malária,313670,Juiz de Fora,MG,2016,0
MALA,Malária,313670,Juiz de Fora,MG,2017,2
MALA,Malária,313670,Juiz de Fora,MG,2018,1
MALA,Malária,313670,Juiz de Fora,MG,2019,1
MALA,Malária,313670,Juiz de Fora,MG,2020,4
MALA,Malária,313670,Juiz de Fora,MG,2021,2
MALA,Malária,313670,Juiz de Fora,MG,2022,0
MALA,Malária,313670,Juiz de Fora,MG,2023,0
MALA,Malária,313670,Juiz de Fora,MG,2024,1
MALA,Malária,313690,Juruaia,MG,2007,0
MALA,Malária,313690,Juruaia,MG,2008,0
MALA,Malária,313690,Juruaia,MG,2009,0
MALA,Malária,313690,Juruaia,MG,2010,1
MALA,Malária,313690,Juruaia,MG,2011,0
MALA,Malária,313690,Juruaia,MG,2012,0
MALA,Malária,313690,Juruaia,MG,2013,0
MALA,Malária,313690,Juruaia,MG,2014,0
MALA,Malária,313690,Juruaia,MG,2015,0
MALA,Malária,313690,Juruaia,MG,2016,0
MALA,Malária,313690,Juruaia,MG,2017,1
MALA,Malária,313690,Juruaia,MG,2018,0
MALA,Malária,313690,Juruaia,MG,2019,0
MALA,Malária,313690,Juruaia,MG,2020,0
MALA,Malária,313690,Juruaia,MG,2021,0
MALA,Malária,313690,Juruaia,MG,2022,0
MALA,Malária,313690,Juruaia,MG,2023,0
MALA,Malária,313690,Juruaia,MG,2024,0
MALA,Malária,313720,Lagoa da Prata,MG,2007,2
MALA,Malária,313720,Lagoa da Prata,MG,2008,0
MALA,Malária,313720,Lagoa da Prata,MG,2009,0
MALA,Malária,313720,Lagoa da Prata,MG,2010,1
MALA,Malária,313720,Lagoa da Prata,MG,2011,2
MALA,Malária,313720,Lagoa da Prata,MG,2012,0
MALA,Malária,313720,Lagoa da Prata,MG,2013,1
MALA,Malária,313720,Lagoa da Prata,MG,2014,0
MALA,Malária,313720,Lagoa da Prata,MG,2015,0
MALA,Malária,313720,Lagoa da Prata,MG,2016,0
MALA,Malária,313720,Lagoa da Prata,MG,2017,0
MALA,Malária,313720,Lagoa da Prata,MG,2018,1
MALA,Malária,313720,Lagoa da Prata,MG,2019,1
MALA,Malária,313720,Lagoa da Prata,MG,2020,0
MALA,Malária,313720,Lagoa da Prata,MG,2021,0
MALA,Malária,313720,Lagoa da Prata,MG,2022,0
MALA,Malária,313720,Lagoa da Prata,MG,2023,0
MALA,Malária,313720,Lagoa da Prata,MG,2024,0
MALA,Malária,313750,Lagoa Formosa,MG,2007,0
MALA,Malária,313750,Lagoa Formosa,MG,2008,0
MALA,Malária,313750,Lagoa Formosa,MG,2009,0
MALA,Malária,313750,Lagoa Formosa,MG,2010,0
MALA,Malária,313750,Lagoa Formosa,MG,2011,0
MALA,Malária,313750,Lagoa Formosa,MG,2012,0
MALA,Malária,313750,Lagoa Formosa,MG,2013,0
MALA,Malária,313750,Lagoa Formosa,MG,2014,1
MALA,Malária,313750,Lagoa Formosa,MG,2015,0
MALA,Malária,313750,Lagoa Formosa,MG,2016,0
MALA,Malária,313750,Lagoa Formosa,MG,2017,0
MALA,Malária,313750,Lagoa Formosa,MG,2018,0
MALA,Malária,313750,Lagoa Formosa,MG,2019,0
MALA,Malária,313750,Lagoa Formosa,MG,2020,0
MALA,Malária,313750,Lagoa Formosa,MG,2021,0
MALA,Malária,313750,Lagoa Formosa,MG,2022,0
MALA,Malária,313750,Lagoa Formosa,MG,2023,0
MALA,Malária,313750,Lagoa Formosa,MG,2024,0
MALA,Malária,313760,Lagoa Santa,MG,2007,0
MALA,Malária,313760,Lagoa Santa,MG,2008,0
MALA,Malária,313760,Lagoa Santa,MG,2009,0
MALA,Malária,313760,Lagoa Santa,MG,2010,0
MALA,Malária,313760,Lagoa Santa,MG,2011,0
MALA,Malária,313760,Lagoa Santa,MG,2012,0
MALA,Malária,313760,Lagoa Santa,MG,2013,0
MALA,Malária,313760,Lagoa Santa,MG,2014,1
MALA,Malária,313760,Lagoa Santa,MG,2015,0
MALA,Malária,313760,Lagoa Santa,MG,2016,0
MALA,Malária,313760,Lagoa Santa,MG,2017,0
MALA,Malária,313760,Lagoa Santa,MG,2018,0
MALA,Malária,313760,Lagoa Santa,MG,2019,0
MALA,Malária,313760,Lagoa Santa,MG,2020,0
MALA,Malária,313760,Lagoa Santa,MG,2021,0
MALA,Malária,313760,Lagoa Santa,MG,2022,1
MALA,Malária,313760,Lagoa Santa,MG,2023,0
MALA,Malária,313760,Lagoa Santa,MG,2024,0
MALA,Malária,313770,Lajinha,MG,2007,0
MALA,Malária,313770,Lajinha,MG,2008,0
MALA,Malária,313770,Lajinha,MG,2009,0
MALA,Malária,313770,Lajinha,MG,2010,0
MALA,Malária,313770,Lajinha,MG,2011,0
MALA,Malária,313770,Lajinha,MG,2012,0
MALA,Malária,313770,Lajinha,MG,2013,0
MALA,Malária,313770,Lajinha,MG,2014,1
MALA,Malária,313770,Lajinha,MG,2015,0
MALA,Malária,313770,Lajinha,MG,2016,0
MALA,Malária,313770,Lajinha,MG,2017,0
MALA,Malária,313770,Lajinha,MG,2018,0
MALA,Malária,313770,Lajinha,MG,2019,0
MALA,Malária,313770,Lajinha,MG,2020,0
MALA,Malária,313770,Lajinha,MG,2021,0
MALA,Malária,313770,Lajinha,MG,2022,0
MALA,Malária,313770,Lajinha,MG,2023,0
MALA,Malária,313770,Lajinha,MG,2024,0
MALA,Malária,313820,Lavras,MG,2007,1
MALA,Malária,313820,Lavras,MG,2008,0
MALA,Malária,313820,Lavras,MG,2009,1
MALA,Malária,313820,Lavras,MG,2010,0
MALA,Malária,313820,Lavras,MG,2011,0
MALA,Malária,313820,Lavras,MG,2012,1
MALA,Malária,313820,Lavras,MG,2013,0
MALA,Malária,313820,Lavras,MG,2014,1
MALA,Malária,313820,Lavras,MG,2015,0
MALA,Malária,313820,Lavras,MG,2016,0
MALA,Malária,313820,Lavras,MG,2017,3
MALA,Malária,313820,Lavras,MG,2018,0
MALA,Malária,313820,Lavras,MG,2019,0
MALA,Malária,313820,Lavras,MG,2020,0
MALA,Malária,313820,Lavras,MG,2021,0
MALA,Malária,313820,Lavras,MG,2022,0
MALA,Malária,313820,Lavras,MG,2023,1
MALA,Malária,313820,Lavras,MG,2024,0
MALA,Malária,313840,Leopoldina,MG,2007,1
MALA,Malária,313840,Leopoldina,MG,2008,0
MALA,Malária,313840,Leopoldina,MG,2009,0
MALA,Malária,313840,Leopoldina,MG,2010,0
MALA,Malária,313840,Leopoldina,MG,2011,0
MALA,Malária,313840,Leopoldina,MG,2012,0
MALA,Malária,313840,Leopoldina,MG,2013,0
MALA,Malária,313840,Leopoldina,MG,2014,0
MALA,Malária,313840,Leopoldina,MG,2015,0
MALA,Malária,313840,Leopoldina,MG,2016,0
MALA,Malária,313840,Leopoldina,MG,2017,0
MALA,Malária,313840,Leopoldina,MG,2018,2
MALA,Malária,313840,Leopoldina,MG,2019,0
MALA,Malária,313840,Leopoldina,MG,2020,0
MALA,Malária,313840,Leopoldina,MG,2021,0
MALA,Malária,313840,Leopoldina,MG,2022,0
MALA,Malária,313840,Leopoldina,MG,2023,0
MALA,Malária,313840,Leopoldina,MG,2024,0
MALA,Malária,313880,Luz,MG,2007,0
MALA,Malária,313880,Luz,MG,2008,2
MALA,Malária,313880,Luz,MG,2009,0
MALA,Malária,313880,Luz,MG,2010,0
MALA,Malária,313880,Luz,MG,2011,0
MALA,Malária,313880,Luz,MG,2012,0
MALA,Malária,313880,Luz,MG,2013,0
MALA,Malária,313880,Luz,MG,2014,0
MALA,Malária,313880,Luz,MG,2015,0
MALA,Malária,313880,Luz,MG,2016,0
MALA,Malária,313880,Luz,MG,2017,0
MALA,Malária,313880,Luz,MG,2018,0
MALA,Malária,313880,Luz,MG,2019,0
MALA,Malária,313880,Luz,MG,2020,0
MALA,Malária,313880,Luz,MG,2021,0
MALA,Malária,313880,Luz,MG,2022,1
MALA,Malária,313880,Luz,MG,2023,0
MALA,Malária,313880,Luz,MG,2024,0
MALA,Malária,313900,Machado,MG,2007,0
MALA,Malária,313900,Machado,MG,2008,0
MALA,Malária,313900,Machado,MG,2009,0
MALA,Malária,313900,Machado,MG,2010,0
MALA,Malária,313900,Machado,MG,2011,1
MALA,Malária,313900,Machado,MG,2012,0
MALA,Malária,313900,Machado,MG,2013,0
MALA,Malária,313900,Machado,MG,2014,0
MALA,Malária,313900,Machado,MG,2015,0
MALA,Malária,313900,Machado,MG,2016,0
MALA,Malária,313900,Machado,MG,2017,0
MALA,Malária,313900,Machado,MG,2018,1
MALA,Malária,313900,Machado,MG,2019,0
MALA,Malária,313900,Machado,MG,2020,0
MALA,Malária,313900,Machado,MG,2021,0
MALA,Malária,313900,Machado,MG,2022,0
MALA,Malária,313900,Machado,MG,2023,0
MALA,Malária,313900,Machado,MG,2024,0
MALA,Malária,313920,Malacacheta,MG,2007,0
MALA,Malária,313920,Malacacheta,MG,2008,0
MALA,Malária,313920,Malacacheta,MG,2009,0
MALA,Malária,313920,Malacacheta,MG,2010,0
MALA,Malária,313920,Malacacheta,MG,2011,0
MALA,Malária,313920,Malacacheta,MG,2012,0
MALA,Malária,313920,Malacacheta,MG,2013,0
MALA,Malária,313920,Malacacheta,MG,2014,0
MALA,Malária,313920,Malacacheta,MG,2015,0
MALA,Malária,313920,Malacacheta,MG,2016,0
MALA,Malária,313920,Malacacheta,MG,2017,0
MALA,Malária,313920,Malacacheta,MG,2018,1
MALA,Malária,313920,Malacacheta,MG,2019,0
MALA,Malária,313920,Malacacheta,MG,2020,0
MALA,Malária,313920,Malacacheta,MG,2021,0
MALA,Malária,313920,Malacacheta,MG,2022,0
MALA,Malária,313920,Malacacheta,MG,2023,0
MALA,Malária,313920,Malacacheta,MG,2024,1
MALA,Malária,313940,Manhuacu,MG,2007,0
MALA,Malária,313940,Manhuacu,MG,2008,0
MALA,Malária,313940,Manhuacu,MG,2009,0
MALA,Malária,313940,Manhuacu,MG,2010,0
MALA,Malária,313940,Manhuacu,MG,2011,0
MALA,Malária,313940,Manhuacu,MG,2012,0
MALA,Malária,313940,Manhuacu,MG,2013,0
MALA,Malária,313940,Manhuacu,MG,2014,0
MALA,Malária,313940,Manhuacu,MG,2015,0
MALA,Malária,313940,Manhuacu,MG,2016,0
MALA,Malária,313940,Manhuacu,MG,2017,2
MALA,Malária,313940,Manhuacu,MG,2018,0
MALA,Malária,313940,Manhuacu,MG,2019,0
MALA,Malária,313940,Manhuacu,MG,2020,0
MALA,Malária,313940,Manhuacu,MG,2021,0
MALA,Malária,313940,Manhuacu,MG,2022,0
MALA,Malária,313940,Manhuacu,MG,2023,0
MALA,Malária,313940,Manhuacu,MG,2024,0
MALA,Malária,313960,Mantena,MG,2007,5
MALA,Malária,313960,Mantena,MG,2008,1
MALA,Malária,313960,Mantena,MG,2009,0
MALA,Malária,313960,Mantena,MG,2010,0
MALA,Malária,313960,Mantena,MG,2011,1
MALA,Malária,313960,Mantena,MG,2012,1
MALA,Malária,313960,Mantena,MG,2013,0
MALA,Malária,313960,Mantena,MG,2014,0
MALA,Malária,313960,Mantena,MG,2015,0
MALA,Malária,313960,Mantena,MG,2016,0
MALA,Malária,313960,Mantena,MG,2017,0
MALA,Malária,313960,Mantena,MG,2018,0
MALA,Malária,313960,Mantena,MG,2019,0
MALA,Malária,313960,Mantena,MG,2020,0
MALA,Malária,313960,Mantena,MG,2021,0
MALA,Malária,313960,Mantena,MG,2022,0
MALA,Malária,313960,Mantena,MG,2023,0
MALA,Malária,313960,Mantena,MG,2024,0
MALA,Malária,314000,Mariana,MG,2007,0
MALA,Malária,314000,Mariana,MG,2008,0
MALA,Malária,314000,Mariana,MG,2009,1
MALA,Malária,314000,Mariana,MG,2010,0
MALA,Malária,314000,Mariana,MG,2011,0
MALA,Malária,314000,Mariana,MG,2012,0
MALA,Malária,314000,Mariana,MG,2013,0
MALA,Malária,314000,Mariana,MG,2014,0
MALA,Malária,314000,Mariana,MG,2015,0
MALA,Malária,314000,Mariana,MG,2016,0
MALA,Malária,314000,Mariana,MG,2017,0
MALA,Malária,314000,Mariana,MG,2018,0
MALA,Malária,314000,Mariana,MG,2019,0
MALA,Malária,314000,Mariana,MG,2020,0
MALA,Malária,314000,Mariana,MG,2021,0
MALA,Malária,314000,Mariana,MG,2022,0
MALA,Malária,314000,Mariana,MG,2023,1
MALA,Malária,314000,Mariana,MG,2024,0
MALA,Malária,314015,Mario Campos,MG,2007,0
MALA,Malária,314015,Mario Campos,MG,2008,0
MALA,Malária,314015,Mario Campos,MG,2009,0
MALA,Malária,314015,Mario Campos,MG,2010,0
MALA,Malária,314015,Mario Campos,MG,2011,0
MALA,Malária,314015,Mario Campos,MG,2012,0
MALA,Malária,314015,Mario Campos,MG,2013,0
MALA,Malária,314015,Mario Campos,MG,2014,0
MALA,Malária,314015,Mario Campos,MG,2015,1
MALA,Malária,314015,Mario Campos,MG,2016,0
MALA,Malária,314015,Mario Campos,MG,2017,0
MALA,Malária,314015,Mario Campos,MG,2018,0
MALA,Malária,314015,Mario Campos,MG,2019,0
MALA,Malária,314015,Mario Campos,MG,2020,0
MALA,Malária,314015,Mario Campos,MG,2021,0
MALA,Malária,314015,Mario Campos,MG,2022,0
MALA,Malária,314015,Mario Campos,MG,2023,0
MALA,Malária,314015,Mario Campos,MG,2024,0
MALA,Malária,314050,Martinho Campos,MG,2007,0
MALA,Malária,314050,Martinho Campos,MG,2008,0
MALA,Malária,314050,Martinho Campos,MG,2009,0
MALA,Malária,314050,Martinho Campos,MG,2010,0
MALA,Malária,314050,Martinho Campos,MG,2011,1
MALA,Malária,314050,Martinho Campos,MG,2012,0
MALA,Malária,314050,Martinho Campos,MG,2013,0
MALA,Malária,314050,Martinho Campos,MG,2014,0
MALA,Malária,314050,Martinho Campos,MG,2015,0
MALA,Malária,314050,Martinho Campos,MG,2016,0
MALA,Malária,314050,Martinho Campos,MG,2017,0
MALA,Malária,314050,Martinho Campos,MG,2018,0
MALA,Malária,314050,Martinho Campos,MG,2019,0
MALA,Malária,314050,Martinho Campos,MG,2020,0
MALA,Malária,314050,Martinho Campos,MG,2021,0
MALA,Malária,314050,Martinho Campos,MG,2022,0
MALA,Malária,314050,Martinho Campos,MG,2023,0
MALA,Malária,314050,Martinho Campos,MG,2024,0
MALA,Malária,314230,Moeda,MG,2007,0
MALA,Malária,314230,Moeda,MG,2008,0
MALA,Malária,314230,Moeda,MG,2009,0
MALA,Malária,314230,Moeda,MG,2010,0
MALA,Malária,314230,Moeda,MG,2011,0
MALA,Malária,314230,Moeda,MG,2012,0
MALA,Malária,314230,Moeda,MG,2013,0
MALA,Malária,314230,Moeda,MG,2014,0
MALA,Malária,314230,Moeda,MG,2015,0
MALA,Malária,314230,Moeda,MG,2016,0
MALA,Malária,314230,Moeda,MG,2017,0
MALA,Malária,314230,Moeda,MG,2018,0
MALA,Malária,314230,Moeda,MG,2019,0
MALA,Malária,314230,Moeda,MG,2020,0
MALA,Malária,314230,Moeda,MG,2021,0
MALA,Malária,314230,Moeda,MG,2022,1
MALA,Malária,314230,Moeda,MG,2023,0
MALA,Malária,314230,Moeda,MG,2024,0
MALA,Malária,314240,Moema,MG,2007,1
MALA,Malária,314240,Moema,MG,2008,0
MALA,Malária,314240,Moema,MG,2009,0
MALA,Malária,314240,Moema,MG,2010,0
MALA,Malária,314240,Moema,MG,2011,0
MALA,Malária,314240,Moema,MG,2012,0
MALA,Malária,314240,Moema,MG,2013,0
MALA,Malária,314240,Moema,MG,2014,0
MALA,Malária,314240,Moema,MG,2015,0
MALA,Malária,314240,Moema,MG,2016,0
MALA,Malária,314240,Moema,MG,2017,0
MALA,Malária,314240,Moema,MG,2018,0
MALA,Malária,314240,Moema,MG,2019,0
MALA,Malária,314240,Moema,MG,2020,0
MALA,Malária,314240,Moema,MG,2021,0
MALA,Malária,314240,Moema,MG,2022,0
MALA,Malária,314240,Moema,MG,2023,0
MALA,Malária,314240,Moema,MG,2024,0
MALA,Malária,314280,Monte Alegre de Minas,MG,2007,0
MALA,Malária,314280,Monte Alegre de Minas,MG,2008,0
MALA,Malária,314280,Monte Alegre de Minas,MG,2009,0
MALA,Malária,314280,Monte Alegre de Minas,MG,2010,0
MALA,Malária,314280,Monte Alegre de Minas,MG,2011,0
MALA,Malária,314280,Monte Alegre de Minas,MG,2012,0
MALA,Malária,314280,Monte Alegre de Minas,MG,2013,0
MALA,Malária,314280,Monte Alegre de Minas,MG,2014,0
MALA,Malária,314280,Monte Alegre de Minas,MG,2015,0
MALA,Malária,314280,Monte Alegre de Minas,MG,2016,0
MALA,Malária,314280,Monte Alegre de Minas,MG,2017,0
MALA,Malária,314280,Monte Alegre de Minas,MG,2018,0
MALA,Malária,314280,Monte Alegre de Minas,MG,2019,0
MALA,Malária,314280,Monte Alegre de Minas,MG,2020,0
MALA,Malária,314280,Monte Alegre de Minas,MG,2021,0
MALA,Malária,314280,Monte Alegre de Minas,MG,2022,0
MALA,Malária,314280,Monte Alegre de Minas,MG,2023,0
MALA,Malária,314280,Monte Alegre de Minas,MG,2024,1
MALA,Malária,314310,Monte Carmelo,MG,2007,2
MALA,Malária,314310,Monte Carmelo,MG,2008,0
MALA,Malária,314310,Monte Carmelo,MG,2009,2
MALA,Malária,314310,Monte Carmelo,MG,2010,0
MALA,Malária,314310,Monte Carmelo,MG,2011,0
MALA,Malária,314310,Monte Carmelo,MG,2012,0
MALA,Malária,314310,Monte Carmelo,MG,2013,1
MALA,Malária,314310,Monte Carmelo,MG,2014,0
MALA,Malária,314310,Monte Carmelo,MG,2015,0
MALA,Malária,314310,Monte Carmelo,MG,2016,0
MALA,Malária,314310,Monte Carmelo,MG,2017,0
MALA,Malária,314310,Monte Carmelo,MG,2018,0
MALA,Malária,314310,Monte Carmelo,MG,2019,0
MALA,Malária,314310,Monte Carmelo,MG,2020,0
MALA,Malária,314310,Monte Carmelo,MG,2021,0
MALA,Malária,314310,Monte Carmelo,MG,2022,0
MALA,Malária,314310,Monte Carmelo,MG,2023,0
MALA,Malária,314310,Monte Carmelo,MG,2024,0
MALA,Malária,314330,Montes Claros,MG,2007,3
MALA,Malária,314330,Montes Claros,MG,2008,1
MALA,Malária,314330,Montes Claros,MG,2009,1
MALA,Malária,314330,Montes Claros,MG,2010,0
MALA,Malária,314330,Montes Claros,MG,2011,1
MALA,Malária,314330,Montes Claros,MG,2012,1
MALA,Malária,314330,Montes Claros,MG,2013,0
MALA,Malária,314330,Montes Claros,MG,2014,1
MALA,Malária,314330,Montes Claros,MG,2015,0
MALA,Malária,314330,Montes Claros,MG,2016,2
MALA,Malária,314330,Montes Claros,MG,2017,0
MALA,Malária,314330,Montes Claros,MG,2018,0
MALA,Malária,314330,Montes Claros,MG,2019,0
MALA,Malária,314330,Montes Claros,MG,2020,0
MALA,Malária,314330,Montes Claros,MG,2021,0
MALA,Malária,314330,Montes Claros,MG,2022,0
MALA,Malária,314330,Montes Claros,MG,2023,1
MALA,Malária,314330,Montes Claros,MG,2024,1
MALA,Malária,314345,Montezuma,MG,2007,0
MALA,Malária,314345,Montezuma,MG,2008,0
MALA,Malária,314345,Montezuma,MG,2009,0
MALA,Malária,314345,Montezuma,MG,2010,0
MALA,Malária,314345,Montezuma,MG,2011,0
MALA,Malária,314345,Montezuma,MG,2012,0
MALA,Malária,314345,Montezuma,MG,2013,0
MALA,Malária,314345,Montezuma,MG,2014,0
MALA,Malária,314345,Montezuma,MG,2015,0
MALA,Malária,314345,Montezuma,MG,2016,0
MALA,Malária,314345,Montezuma,MG,2017,0
MALA,Malária,314345,Montezuma,MG,2018,0
MALA,Malária,314345,Montezuma,MG,2019,0
MALA,Malária,314345,Montezuma,MG,2020,0
MALA,Malária,314345,Montezuma,MG,2021,1
MALA,Malária,314345,Montezuma,MG,2022,0
MALA,Malária,314345,Montezuma,MG,2023,0
MALA,Malária,314345,Montezuma,MG,2024,0
MALA,Malária,314390,Muriae,MG,2007,0
MALA,Malária,314390,Muriae,MG,2008,1
MALA,Malária,314390,Muriae,MG,2009,0
MALA,Malária,314390,Muriae,MG,2010,2
MALA,Malária,314390,Muriae,MG,2011,0
MALA,Malária,314390,Muriae,MG,2012,1
MALA,Malária,314390,Muriae,MG,2013,0
MALA,Malária,314390,Muriae,MG,2014,0
MALA,Malária,314390,Muriae,MG,2015,0
MALA,Malária,314390,Muriae,MG,2016,0
MALA,Malária,314390,Muriae,MG,2017,0
MALA,Malária,314390,Muriae,MG,2018,0
MALA,Malária,314390,Muriae,MG,2019,0
MALA,Malária,314390,Muriae,MG,2020,0
MALA,Malária,314390,Muriae,MG,2021,0
MALA,Malária,314390,Muriae,MG,2022,0
MALA,Malária,314390,Muriae,MG,2023,0
MALA,Malária,314390,Muriae,MG,2024,0
MALA,Malária,314400,Mutum,MG,2007,0
MALA,Malária,314400,Mutum,MG,2008,1
MALA,Malária,314400,Mutum,MG,2009,0
MALA,Malária,314400,Mutum,MG,2010,0
MALA,Malária,314400,Mutum,MG,2011,0
MALA,Malária,314400,Mutum,MG,2012,0
MALA,Malária,314400,Mutum,MG,2013,0
MALA,Malária,314400,Mutum,MG,2014,0
MALA,Malária,314400,Mutum,MG,2015,0
MALA,Malária,314400,Mutum,MG,2016,0
MALA,Malária,314400,Mutum,MG,2017,0
MALA,Malária,314400,Mutum,MG,2018,2
MALA,Malária,314400,Mutum,MG,2019,0
MALA,Malária,314400,Mutum,MG,2020,0
MALA,Malária,314400,Mutum,MG,2021,0
MALA,Malária,314400,Mutum,MG,2022,0
MALA,Malária,314400,Mutum,MG,2023,0
MALA,Malária,314400,Mutum,MG,2024,0
MALA,Malária,314470,Nova Era,MG,2007,0
MALA,Malária,314470,Nova Era,MG,2008,0
MALA,Malária,314470,Nova Era,MG,2009,0
MALA,Malária,314470,Nova Era,MG,2010,1
MALA,Malária,314470,Nova Era,MG,2011,0
MALA,Malária,314470,Nova Era,MG,2012,0
MALA,Malária,314470,Nova Era,MG,2013,0
MALA,Malária,314470,Nova Era,MG,2014,0
MALA,Malária,314470,Nova Era,MG,2015,0
MALA,Malária,314470,Nova Era,MG,2016,0
MALA,Malária,314470,Nova Era,MG,2017,0
MALA,Malária,314470,Nova Era,MG,2018,0
MALA,Malária,314470,Nova Era,MG,2019,0
MALA,Malária,314470,Nova Era,MG,2020,0
MALA,Malária,314470,Nova Era,MG,2021,0
MALA,Malária,314470,Nova Era,MG,2022,0
MALA,Malária,314470,Nova Era,MG,2023,0
MALA,Malária,314470,Nova Era,MG,2024,0
MALA,Malária,314480,Nova Lima,MG,2007,0
MALA,Malária,314480,Nova Lima,MG,2008,0
MALA,Malária,314480,Nova Lima,MG,2009,0
MALA,Malária,314480,Nova Lima,MG,2010,0
MALA,Malária,314480,Nova Lima,MG,2011,0
MALA,Malária,314480,Nova Lima,MG,2012,0
MALA,Malária,314480,Nova Lima,MG,2013,0
MALA,Malária,314480,Nova Lima,MG,2014,0
MALA,Malária,314480,Nova Lima,MG,2015,0
MALA,Malária,314480,Nova Lima,MG,2016,0
MALA,Malária,314480,Nova Lima,MG,2017,0
MALA,Malária,314480,Nova Lima,MG,2018,0
MALA,Malária,314480,Nova Lima,MG,2019,1
MALA,Malária,314480,Nova Lima,MG,2020,0
MALA,Malária,314480,Nova Lima,MG,2021,0
MALA,Malária,314480,Nova Lima,MG,2022,0
MALA,Malária,314480,Nova Lima,MG,2023,0
MALA,Malária,314480,Nova Lima,MG,2024,0
MALA,Malária,314500,Nova Ponte,MG,2007,0
MALA,Malária,314500,Nova Ponte,MG,2008,1
MALA,Malária,314500,Nova Ponte,MG,2009,0
MALA,Malária,314500,Nova Ponte,MG,2010,0
MALA,Malária,314500,Nova Ponte,MG,2011,0
MALA,Malária,314500,Nova Ponte,MG,2012,0
MALA,Malária,314500,Nova Ponte,MG,2013,0
MALA,Malária,314500,Nova Ponte,MG,2014,0
MALA,Malária,314500,Nova Ponte,MG,2015,0
MALA,Malária,314500,Nova Ponte,MG,2016,0
MALA,Malária,314500,Nova Ponte,MG,2017,0
MALA,Malária,314500,Nova Ponte,MG,2018,0
MALA,Malária,314500,Nova Ponte,MG,2019,0
MALA,Malária,314500,Nova Ponte,MG,2020,0
MALA,Malária,314500,Nova Ponte,MG,2021,1
MALA,Malária,314500,Nova Ponte,MG,2022,0
MALA,Malária,314500,Nova Ponte,MG,2023,0
MALA,Malária,314500,Nova Ponte,MG,2024,0
MALA,Malária,314520,Nova Serrana,MG,2007,0
MALA,Malária,314520,Nova Serrana,MG,2008,0
MALA,Malária,314520,Nova Serrana,MG,2009,0
MALA,Malária,314520,Nova Serrana,MG,2010,0
MALA,Malária,314520,Nova Serrana,MG,2011,0
MALA,Malária,314520,Nova Serrana,MG,2012,0
MALA,Malária,314520,Nova Serrana,MG,2013,0
MALA,Malária,314520,Nova Serrana,MG,2014,0
MALA,Malária,314520,Nova Serrana,MG,2015,0
MALA,Malária,314520,Nova Serrana,MG,2016,0
MALA,Malária,314520,Nova Serrana,MG,2017,0
MALA,Malária,314520,Nova Serrana,MG,2018,0
MALA,Malária,314520,Nova Serrana,MG,2019,0
MALA,Malária,314520,Nova Serrana,MG,2020,0
MALA,Malária,314520,Nova Serrana,MG,2021,1
MALA,Malária,314520,Nova Serrana,MG,2022,0
MALA,Malária,314520,Nova Serrana,MG,2023,0
MALA,Malária,314520,Nova Serrana,MG,2024,0
MALA,Malária,314530,Novo Cruzeiro,MG,2007,0
MALA,Malária,314530,Novo Cruzeiro,MG,2008,0
MALA,Malária,314530,Novo Cruzeiro,MG,2009,0
MALA,Malária,314530,Novo Cruzeiro,MG,2010,0
MALA,Malária,314530,Novo Cruzeiro,MG,2011,0
MALA,Malária,314530,Novo Cruzeiro,MG,2012,0
MALA,Malária,314530,Novo Cruzeiro,MG,2013,0
MALA,Malária,314530,Novo Cruzeiro,MG,2014,0
MALA,Malária,314530,Novo Cruzeiro,MG,2015,0
MALA,Malária,314530,Novo Cruzeiro,MG,2016,0
MALA,Malária,314530,Novo Cruzeiro,MG,2017,0
MALA,Malária,314530,Novo Cruzeiro,MG,2018,0
MALA,Malária,314530,Novo Cruzeiro,MG,2019,0
MALA,Malária,314530,Novo Cruzeiro,MG,2020,1
MALA,Malária,314530,Novo Cruzeiro,MG,2021,0
MALA,Malária,314530,Novo Cruzeiro,MG,2022,0
MALA,Malária,314530,Novo Cruzeiro,MG,2023,0
MALA,Malária,314530,Novo Cruzeiro,MG,2024,0
MALA,Malária,314537,Novorizonte,MG,2007,1
MALA,Malária,314537,Novorizonte,MG,2008,0
MALA,Malária,314537,Novorizonte,MG,2009,0
MALA,Malária,314537,Novorizonte,MG,2010,0
MALA,Malária,314537,Novorizonte,MG,2011,0
MALA,Malária,314537,Novorizonte,MG,2012,0
MALA,Malária,314537,Novorizonte,MG,2013,0
MALA,Malária,314537,Novorizonte,MG,2014,0
MALA,Malária,314537,Novorizonte,MG,2015,0
MALA,Malária,314537,Novorizonte,MG,2016,0
MALA,Malária,314537,Novorizonte,MG,2017,0
MALA,Malária,314537,Novorizonte,MG,2018,0
MALA,Malária,314537,Novorizonte,MG,2019,0
MALA,Malária,314537,Novorizonte,MG,2020,0
MALA,Malária,314537,Novorizonte,MG,2021,0
MALA,Malária,314537,Novorizonte,MG,2022,0
MALA,Malária,314537,Novorizonte,MG,2023,0
MALA,Malária,314537,Novorizonte,MG,2024,0
MALA,Malária,314545,Olhos-d'agua,MG,2007,0
MALA,Malária,314545,Olhos-d'agua,MG,2008,0
MALA,Malária,314545,Olhos-d'agua,MG,2009,0
MALA,Malária,314545,Olhos-d'agua,MG,2010,0
MALA,Malária,314545,Olhos-d'agua,MG,2011,0
MALA,Malária,314545,Olhos-d'agua,MG,2012,0
MALA,Malária,314545,Olhos-d'agua,MG,2013,0
MALA,Malária,314545,Olhos-d'agua,MG,2014,0
MALA,Malária,314545,Olhos-d'agua,MG,2015,0
MALA,Malária,314545,Olhos-d'agua,MG,2016,2
MALA,Malária,314545,Olhos-d'agua,MG,2017,0
MALA,Malária,314545,Olhos-d'agua,MG,2018,0
MALA,Malária,314545,Olhos-d'agua,MG,2019,0
MALA,Malária,314545,Olhos-d'agua,MG,2020,0
MALA,Malária,314545,Olhos-d'agua,MG,2021,0
MALA,Malária,314545,Olhos-d'agua,MG,2022,0
MALA,Malária,314545,Olhos-d'agua,MG,2023,0
MALA,Malária,314545,Olhos-d'agua,MG,2024,0
MALA,Malária,314560,Oliveira,MG,2007,0
MALA,Malária,314560,Oliveira,MG,2008,0
MALA,Malária,314560,Oliveira,MG,2009,0
MALA,Malária,314560,Oliveira,MG,2010,0
MALA,Malária,314560,Oliveira,MG,2011,0
MALA,Malária,314560,Oliveira,MG,2012,0
MALA,Malária,314560,Oliveira,MG,2013,1
MALA,Malária,314560,Oliveira,MG,2014,0
MALA,Malária,314560,Oliveira,MG,2015,0
MALA,Malária,314560,Oliveira,MG,2016,0
MALA,Malária,314560,Oliveira,MG,2017,0
MALA,Malária,314560,Oliveira,MG,2018,0
MALA,Malária,314560,Oliveira,MG,2019,0
MALA,Malária,314560,Oliveira,MG,2020,0
MALA,Malária,314560,Oliveira,MG,2021,1
MALA,Malária,314560,Oliveira,MG,2022,0
MALA,Malária,314560,Oliveira,MG,2023,0
MALA,Malária,314560,Oliveira,MG,2024,0
MALA,Malária,314610,Ouro Preto,MG,2007,0
MALA,Malária,314610,Ouro Preto,MG,2008,0
MALA,Malária,314610,Ouro Preto,MG,2009,2
MALA,Malária,314610,Ouro Preto,MG,2010,0
MALA,Malária,314610,Ouro Preto,MG,2011,0
MALA,Malária,314610,Ouro Preto,MG,2012,0
MALA,Malária,314610,Ouro Preto,MG,2013,0
MALA,Malária,314610,Ouro Preto,MG,2014,0
MALA,Malária,314610,Ouro Preto,MG,2015,0
MALA,Malária,314610,Ouro Preto,MG,2016,0
MALA,Malária,314610,Ouro Preto,MG,2017,0
MALA,Malária,314610,Ouro Preto,MG,2018,0
MALA,Malária,314610,Ouro Preto,MG,2019,0
MALA,Malária,314610,Ouro Preto,MG,2020,0
MALA,Malária,314610,Ouro Preto,MG,2021,0
MALA,Malária,314610,Ouro Preto,MG,2022,0
MALA,Malária,314610,Ouro Preto,MG,2023,0
MALA,Malária,314610,Ouro Preto,MG,2024,0
MALA,Malária,314630,Padre Paraiso,MG,2007,0
MALA,Malária,314630,Padre Paraiso,MG,2008,0
MALA,Malária,314630,Padre Paraiso,MG,2009,0
MALA,Malária,314630,Padre Paraiso,MG,2010,1
MALA,Malária,314630,Padre Paraiso,MG,2011,0
MALA,Malária,314630,Padre Paraiso,MG,2012,0
MALA,Malária,314630,Padre Paraiso,MG,2013,0
MALA,Malária,314630,Padre Paraiso,MG,2014,0
MALA,Malária,314630,Padre Paraiso,MG,2015,0
MALA,Malária,314630,Padre Paraiso,MG,2016,0
MALA,Malária,314630,Padre Paraiso,MG,2017,0
MALA,Malária,314630,Padre Paraiso,MG,2018,0
MALA,Malária,314630,Padre Paraiso,MG,2019,0
MALA,Malária,314630,Padre Paraiso,MG,2020,0
MALA,Malária,314630,Padre Paraiso,MG,2021,0
MALA,Malária,314630,Padre Paraiso,MG,2022,0
MALA,Malária,314630,Padre Paraiso,MG,2023,0
MALA,Malária,314630,Padre Paraiso,MG,2024,0
MALA,Malária,314650,Pains,MG,2007,0
MALA,Malária,314650,Pains,MG,2008,1
MALA,Malária,314650,Pains,MG,2009,0
MALA,Malária,314650,Pains,MG,2010,0
MALA,Malária,314650,Pains,MG,2011,0
MALA,Malária,314650,Pains,MG,2012,1
MALA,Malária,314650,Pains,MG,2013,1
MALA,Malária,314650,Pains,MG,2014,0
MALA,Malária,314650,Pains,MG,2015,0
MALA,Malária,314650,Pains,MG,2016,0
MALA,Malária,314650,Pains,MG,2017,0
MALA,Malária,314650,Pains,MG,2018,0
MALA,Malária,314650,Pains,MG,2019,0
MALA,Malária,314650,Pains,MG,2020,0
MALA,Malária,314650,Pains,MG,2021,0
MALA,Malária,314650,Pains,MG,2022,0
MALA,Malária,314650,Pains,MG,2023,0
MALA,Malária,314650,Pains,MG,2024,0
MALA,Malária,314700,Paracatu,MG,2007,1
MALA,Malária,314700,Paracatu,MG,2008,1
MALA,Malária,314700,Paracatu,MG,2009,4
MALA,Malária,314700,Paracatu,MG,2010,2
MALA,Malária,314700,Paracatu,MG,2011,1
MALA,Malária,314700,Paracatu,MG,2012,0
MALA,Malária,314700,Paracatu,MG,2013,0
MALA,Malária,314700,Paracatu,MG,2014,0
MALA,Malária,314700,Paracatu,MG,2015,2
MALA,Malária,314700,Paracatu,MG,2016,1
MALA,Malária,314700,Paracatu,MG,2017,0
MALA,Malária,314700,Paracatu,MG,2018,1
MALA,Malária,314700,Paracatu,MG,2019,0
MALA,Malária,314700,Paracatu,MG,2020,0
MALA,Malária,314700,Paracatu,MG,2021,0
MALA,Malária,314700,Paracatu,MG,2022,0
MALA,Malária,314700,Paracatu,MG,2023,0
MALA,Malária,314700,Paracatu,MG,2024,0
MALA,Malária,314710,Para de Minas,MG,2007,0
MALA,Malária,314710,Para de Minas,MG,2008,0
MALA,Malária,314710,Para de Minas,MG,2009,1
MALA,Malária,314710,Para de Minas,MG,2010,0
MALA,Malária,314710,Para de Minas,MG,2011,1
MALA,Malária,314710,Para de Minas,MG,2012,1
MALA,Malária,314710,Para de Minas,MG,2013,0
MALA,Malária,314710,Para de Minas,MG,2014,0
MALA,Malária,314710,Para de Minas,MG,2015,0
MALA,Malária,314710,Para de Minas,MG,2016,0
MALA,Malária,314710,Para de Minas,MG,2017,0
MALA,Malária,314710,Para de Minas,MG,2018,1
MALA,Malária,314710,Para de Minas,MG,2019,2
MALA,Malária,314710,Para de Minas,MG,2020,0
MALA,Malária,314710,Para de Minas,MG,2021,0
MALA,Malária,314710,Para de Minas,MG,2022,3
MALA,Malária,314710,Para de Minas,MG,2023,1
MALA,Malária,314710,Para de Minas,MG,2024,0
MALA,Malária,314790,Passos,MG,2007,0
MALA,Malária,314790,Passos,MG,2008,1
MALA,Malária,314790,Passos,MG,2009,1
MALA,Malária,314790,Passos,MG,2010,0
MALA,Malária,314790,Passos,MG,2011,4
MALA,Malária,314790,Passos,MG,2012,0
MALA,Malária,314790,Passos,MG,2013,0
MALA,Malária,314790,Passos,MG,2014,1
MALA,Malária,314790,Passos,MG,2015,0
MALA,Malária,314790,Passos,MG,2016,0
MALA,Malária,314790,Passos,MG,2017,0
MALA,Malária,314790,Passos,MG,2018,0
MALA,Malária,314790,Passos,MG,2019,0
MALA,Malária,314790,Passos,MG,2020,0
MALA,Malária,314790,Passos,MG,2021,0
MALA,Malária,314790,Passos,MG,2022,0
MALA,Malária,314790,Passos,MG,2023,1
MALA,Malária,314790,Passos,MG,2024,0
MALA,Malária,314800,Patos de Minas,MG,2007,4
MALA,Malária,314800,Patos de Minas,MG,2008,4
MALA,Malária,314800,Patos de Minas,MG,2009,1
MALA,Malária,314800,Patos de Minas,MG,2010,1
MALA,Malária,314800,Patos de Minas,MG,2011,2
MALA,Malária,314800,Patos de Minas,MG,2012,0
MALA,Malária,314800,Patos de Minas,MG,2013,0
MALA,Malária,314800,Patos de Minas,MG,2014,2
MALA,Malária,314800,Patos de Minas,MG,2015,0
MALA,Malária,314800,Patos de Minas,MG,2016,0
MALA,Malária,314800,Patos de Minas,MG,2017,0
MALA,Malária,314800,Patos de Minas,MG,2018,1
MALA,Malária,314800,Patos de Minas,MG,2019,0
MALA,Malária,314800,Patos de Minas,MG,2020,1
MALA,Malária,314800,Patos de Minas,MG,2021,0
MALA,Malária,314800,Patos de Minas,MG,2022,0
MALA,Malária,314800,Patos de Minas,MG,2023,3
MALA,Malária,314800,Patos de Minas,MG,2024,1
MALA,Malária,314810,Patrocinio,MG,2007,2
MALA,Malária,314810,Patrocinio,MG,2008,2
MALA,Malária,314810,Patrocinio,MG,2009,1
MALA,Malária,314810,Patrocinio,MG,2010,1
MALA,Malária,314810,Patrocinio,MG,2011,4
MALA,Malária,314810,Patrocinio,MG,2012,1
MALA,Malária,314810,Patrocinio,MG,2013,0
MALA,Malária,314810,Patrocinio,MG,2014,0
MALA,Malária,314810,Patrocinio,MG,2015,0
MALA,Malária,314810,Patrocinio,MG,2016,0
MALA,Malária,314810,Patrocinio,MG,2017,0
MALA,Malária,314810,Patrocinio,MG,2018,0
MALA,Malária,314810,Patrocinio,MG,2019,0
MALA,Malária,314810,Patrocinio,MG,2020,0
MALA,Malária,314810,Patrocinio,MG,2021,0
MALA,Malária,314810,Patrocinio,MG,2022,0
MALA,Malária,314810,Patrocinio,MG,2023,0
MALA,Malária,314810,Patrocinio,MG,2024,0
MALA,Malária,315080,Piranga,MG,2007,0
MALA,Malária,315080,Piranga,MG,2008,0
MALA,Malária,315080,Piranga,MG,2009,0
MALA,Malária,315080,Piranga,MG,2010,0
MALA,Malária,315080,Piranga,MG,2011,0
MALA,Malária,315080,Piranga,MG,2012,0
MALA,Malária,315080,Piranga,MG,2013,0
MALA,Malária,315080,Piranga,MG,2014,0
MALA,Malária,315080,Piranga,MG,2015,1
MALA,Malária,315080,Piranga,MG,2016,0
MALA,Malária,315080,Piranga,MG,2017,0
MALA,Malária,315080,Piranga,MG,2018,0
MALA,Malária,315080,Piranga,MG,2019,0
MALA,Malária,315080,Piranga,MG,2020,0
MALA,Malária,315080,Piranga,MG,2021,0
MALA,Malária,315080,Piranga,MG,2022,0
MALA,Malária,315080,Piranga,MG,2023,0
MALA,Malária,315080,Piranga,MG,2024,0
MALA,Malária,315120,Pirapora,MG,2007,1
MALA,Malária,315120,Pirapora,MG,2008,0
MALA,Malária,315120,Pirapora,MG,2009,0
MALA,Malária,315120,Pirapora,MG,2010,0
MALA,Malária,315120,Pirapora,MG,2011,0
MALA,Malária,315120,Pirapora,MG,2012,1
MALA,Malária,315120,Pirapora,MG,2013,0
MALA,Malária,315120,Pirapora,MG,2014,0
MALA,Malária,315120,Pirapora,MG,2015,0
MALA,Malária,315120,Pirapora,MG,2016,0
MALA,Malária,315120,Pirapora,MG,2017,0
MALA,Malária,315120,Pirapora,MG,2018,0
MALA,Malária,315120,Pirapora,MG,2019,0
MALA,Malária,315120,Pirapora,MG,2020,0
MALA,Malária,315120,Pirapora,MG,2021,0
MALA,Malária,315120,Pirapora,MG,2022,0
MALA,Malária,315120,Pirapora,MG,2023,0
MALA,Malária,315120,Pirapora,MG,2024,0
MALA,Malária,315140,Pitangui,MG,2007,0
MALA,Malária,315140,Pitangui,MG,2008,0
MALA,Malária,315140,Pitangui,MG,2009,0
MALA,Malária,315140,Pitangui,MG,2010,0
MALA,Malária,315140,Pitangui,MG,2011,0
MALA,Malária,315140,Pitangui,MG,2012,0
MALA,Malária,315140,Pitangui,MG,2013,0
MALA,Malária,315140,Pitangui,MG,2014,0
MALA,Malária,315140,Pitangui,MG,2015,1
MALA,Malária,315140,Pitangui,MG,2016,0
MALA,Malária,315140,Pitangui,MG,2017,0
MALA,Malária,315140,Pitangui,MG,2018,0
MALA,Malária,315140,Pitangui,MG,2019,0
MALA,Malária,315140,Pitangui,MG,2020,0
MALA,Malária,315140,Pitangui,MG,2021,0
MALA,Malária,315140,Pitangui,MG,2022,0
MALA,Malária,315140,Pitangui,MG,2023,0
MALA,Malária,315140,Pitangui,MG,2024,0
MALA,Malária,315150,Piumhi,MG,2007,0
MALA,Malária,315150,Piumhi,MG,2008,0
MALA,Malária,315150,Piumhi,MG,2009,0
MALA,Malária,315150,Piumhi,MG,2010,1
MALA,Malária,315150,Piumhi,MG,2011,0
MALA,Malária,315150,Piumhi,MG,2012,0
MALA,Malária,315150,Piumhi,MG,2013,0
MALA,Malária,315150,Piumhi,MG,2014,0
MALA,Malária,315150,Piumhi,MG,2015,0
MALA,Malária,315150,Piumhi,MG,2016,0
MALA,Malária,315150,Piumhi,MG,2017,0
MALA,Malária,315150,Piumhi,MG,2018,0
MALA,Malária,315150,Piumhi,MG,2019,0
MALA,Malária,315150,Piumhi,MG,2020,0
MALA,Malária,315150,Piumhi,MG,2021,0
MALA,Malária,315150,Piumhi,MG,2022,0
MALA,Malária,315150,Piumhi,MG,2023,0
MALA,Malária,315150,Piumhi,MG,2024,0
MALA,Malária,315160,Planura,MG,2007,1
MALA,Malária,315160,Planura,MG,2008,0
MALA,Malária,315160,Planura,MG,2009,0
MALA,Malária,315160,Planura,MG,2010,0
MALA,Malária,315160,Planura,MG,2011,0
MALA,Malária,315160,Planura,MG,2012,0
MALA,Malária,315160,Planura,MG,2013,0
MALA,Malária,315160,Planura,MG,2014,0
MALA,Malária,315160,Planura,MG,2015,0
MALA,Malária,315160,Planura,MG,2016,0
MALA,Malária,315160,Planura,MG,2017,0
MALA,Malária,315160,Planura,MG,2018,0
MALA,Malária,315160,Planura,MG,2019,0
MALA,Malária,315160,Planura,MG,2020,0
MALA,Malária,315160,Planura,MG,2021,0
MALA,Malária,315160,Planura,MG,2022,0
MALA,Malária,315160,Planura,MG,2023,0
MALA,Malária,315160,Planura,MG,2024,0
MALA,Malária,315170,Poco Fundo,MG,2007,0
MALA,Malária,315170,Poco Fundo,MG,2008,0
MALA,Malária,315170,Poco Fundo,MG,2009,0
MALA,Malária,315170,Poco Fundo,MG,2010,0
MALA,Malária,315170,Poco Fundo,MG,2011,0
MALA,Malária,315170,Poco Fundo,MG,2012,0
MALA,Malária,315170,Poco Fundo,MG,2013,0
MALA,Malária,315170,Poco Fundo,MG,2014,0
MALA,Malária,315170,Poco Fundo,MG,2015,0
MALA,Malária,315170,Poco Fundo,MG,2016,0
MALA,Malária,315170,Poco Fundo,MG,2017,1
MALA,Malária,315170,Poco Fundo,MG,2018,0
MALA,Malária,315170,Poco Fundo,MG,2019,0
MALA,Malária,315170,Poco Fundo,MG,2020,0
MALA,Malária,315170,Poco Fundo,MG,2021,0
MALA,Malária,315170,Poco Fundo,MG,2022,0
MALA,Malária,315170,Poco Fundo,MG,2023,0
MALA,Malária,315170,Poco Fundo,MG,2024,0
MALA,Malária,315180,Pocos de Caldas,MG,2007,0
MALA,Malária,315180,Pocos de Caldas,MG,2008,0
MALA,Malária,315180,Pocos de Caldas,MG,2009,0
MALA,Malária,315180,Pocos de Caldas,MG,2010,0
MALA,Malária,315180,Pocos de Caldas,MG,2011,0
MALA,Malária,315180,Pocos de Caldas,MG,2012,0
MALA,Malária,315180,Pocos de Caldas,MG,2013,0
MALA,Malária,315180,Pocos de Caldas,MG,2014,0
MALA,Malária,315180,Pocos de Caldas,MG,2015,0
MALA,Malária,315180,Pocos de Caldas,MG,2016,0
MALA,Malária,315180,Pocos de Caldas,MG,2017,0
MALA,Malária,315180,Pocos de Caldas,MG,2018,2
MALA,Malária,315180,Pocos de Caldas,MG,2019,0
MALA,Malária,315180,Pocos de Caldas,MG,2020,0
MALA,Malária,315180,Pocos de Caldas,MG,2021,0
MALA,Malária,315180,Pocos de Caldas,MG,2022,0
MALA,Malária,315180,Pocos de Caldas,MG,2023,0
MALA,Malária,315180,Pocos de Caldas,MG,2024,1
MALA,Malária,315210,Ponte Nova,MG,2007,0
MALA,Malária,315210,Ponte Nova,MG,2008,1
MALA,Malária,315210,Ponte Nova,MG,2009,1
MALA,Malária,315210,Ponte Nova,MG,2010,0
MALA,Malária,315210,Ponte Nova,MG,2011,0
MALA,Malária,315210,Ponte Nova,MG,2012,0
MALA,Malária,315210,Ponte Nova,MG,2013,2
MALA,Malária,315210,Ponte Nova,MG,2014,0
MALA,Malária,315210,Ponte Nova,MG,2015,0
MALA,Malária,315210,Ponte Nova,MG,2016,0
MALA,Malária,315210,Ponte Nova,MG,2017,0
MALA,Malária,315210,Ponte Nova,MG,2018,0
MALA,Malária,315210,Ponte Nova,MG,2019,0
MALA,Malária,315210,Ponte Nova,MG,2020,0
MALA,Malária,315210,Ponte Nova,MG,2021,0
MALA,Malária,315210,Ponte Nova,MG,2022,0
MALA,Malária,315210,Ponte Nova,MG,2023,0
MALA,Malária,315210,Ponte Nova,MG,2024,0
MALA,Malária,315250,Pouso Alegre,MG,2007,0
MALA,Malária,315250,Pouso Alegre,MG,2008,1
MALA,Malária,315250,Pouso Alegre,MG,2009,0
MALA,Malária,315250,Pouso Alegre,MG,2010,1
MALA,Malária,315250,Pouso Alegre,MG,2011,1
MALA,Malária,315250,Pouso Alegre,MG,2012,2
MALA,Malária,315250,Pouso Alegre,MG,2013,1
MALA,Malária,315250,Pouso Alegre,MG,2014,0
MALA,Malária,315250,Pouso Alegre,MG,2015,0
MALA,Malária,315250,Pouso Alegre,MG,2016,1
MALA,Malária,315250,Pouso Alegre,MG,2017,0
MALA,Malária,315250,Pouso Alegre,MG,2018,1
MALA,Malária,315250,Pouso Alegre,MG,2019,1
MALA,Malária,315250,Pouso Alegre,MG,2020,0
MALA,Malária,315250,Pouso Alegre,MG,2021,0
MALA,Malária,315250,Pouso Alegre,MG,2022,0
MALA,Malária,315250,Pouso Alegre,MG,2023,0
MALA,Malária,315250,Pouso Alegre,MG,2024,0
MALA,Malária,315300,Pratinha,MG,2007,0
MALA,Malária,315300,Pratinha,MG,2008,0
MALA,Malária,315300,Pratinha,MG,2009,0
MALA,Malária,315300,Pratinha,MG,2010,0
MALA,Malária,315300,Pratinha,MG,2011,0
MALA,Malária,315300,Pratinha,MG,2012,0
MALA,Malária,315300,Pratinha,MG,2013,0
MALA,Malária,315300,Pratinha,MG,2014,0
MALA,Malária,315300,Pratinha,MG,2015,0
MALA,Malária,315300,Pratinha,MG,2016,0
MALA,Malária,315300,Pratinha,MG,2017,0
MALA,Malária,315300,Pratinha,MG,2018,0
MALA,Malária,315300,Pratinha,MG,2019,0
MALA,Malária,315300,Pratinha,MG,2020,0
MALA,Malária,315300,Pratinha,MG,2021,1
MALA,Malária,315300,Pratinha,MG,2022,0
MALA,Malária,315300,Pratinha,MG,2023,0
MALA,Malária,315300,Pratinha,MG,2024,0
MALA,Malária,315430,Resplendor,MG,2007,1
MALA,Malária,315430,Resplendor,MG,2008,0
MALA,Malária,315430,Resplendor,MG,2009,0
MALA,Malária,315430,Resplendor,MG,2010,0
MALA,Malária,315430,Resplendor,MG,2011,0
MALA,Malária,315430,Resplendor,MG,2012,0
MALA,Malária,315430,Resplendor,MG,2013,0
MALA,Malária,315430,Resplendor,MG,2014,0
MALA,Malária,315430,Resplendor,MG,2015,0
MALA,Malária,315430,Resplendor,MG,2016,0
MALA,Malária,315430,Resplendor,MG,2017,0
MALA,Malária,315430,Resplendor,MG,2018,0
MALA,Malária,315430,Resplendor,MG,2019,0
MALA,Malária,315430,Resplendor,MG,2020,0
MALA,Malária,315430,Resplendor,MG,2021,0
MALA,Malária,315430,Resplendor,MG,2022,0
MALA,Malária,315430,Resplendor,MG,2023,0
MALA,Malária,315430,Resplendor,MG,2024,0
MALA,Malária,315460,Ribeirao Das Neves,MG,2007,0
MALA,Malária,315460,Ribeirao Das Neves,MG,2008,0
MALA,Malária,315460,Ribeirao Das Neves,MG,2009,0
MALA,Malária,315460,Ribeirao Das Neves,MG,2010,0
MALA,Malária,315460,Ribeirao Das Neves,MG,2011,0
MALA,Malária,315460,Ribeirao Das Neves,MG,2012,0
MALA,Malária,315460,Ribeirao Das Neves,MG,2013,0
MALA,Malária,315460,Ribeirao Das Neves,MG,2014,0
MALA,Malária,315460,Ribeirao Das Neves,MG,2015,0
MALA,Malária,315460,Ribeirao Das Neves,MG,2016,0
MALA,Malária,315460,Ribeirao Das Neves,MG,2017,0
MALA,Malária,315460,Ribeirao Das Neves,MG,2018,0
MALA,Malária,315460,Ribeirao Das Neves,MG,2019,0
MALA,Malária,315460,Ribeirao Das Neves,MG,2020,0
MALA,Malária,315460,Ribeirao Das Neves,MG,2021,0
MALA,Malária,315460,Ribeirao Das Neves,MG,2022,0
MALA,Malária,315460,Ribeirao Das Neves,MG,2023,0
MALA,Malária,315460,Ribeirao Das Neves,MG,2024,1
MALA,Malária,315570,Rio Piracicaba,MG,2007,0
MALA,Malária,315570,Rio Piracicaba,MG,2008,0
MALA,Malária,315570,Rio Piracicaba,MG,2009,0
MALA,Malária,315570,Rio Piracicaba,MG,2010,1
MALA,Malária,315570,Rio Piracicaba,MG,2011,0
MALA,Malária,315570,Rio Piracicaba,MG,2012,0
MALA,Malária,315570,Rio Piracicaba,MG,2013,0
MALA,Malária,315570,Rio Piracicaba,MG,2014,0
MALA,Malária,315570,Rio Piracicaba,MG,2015,0
MALA,Malária,315570,Rio Piracicaba,MG,2016,0
MALA,Malária,315570,Rio Piracicaba,MG,2017,0
MALA,Malária,315570,Rio Piracicaba,MG,2018,0
MALA,Malária,315570,Rio Piracicaba,MG,2019,0
MALA,Malária,315570,Rio Piracicaba,MG,2020,0
MALA,Malária,315570,Rio Piracicaba,MG,2021,0
MALA,Malária,315570,Rio Piracicaba,MG,2022,0
MALA,Malária,315570,Rio Piracicaba,MG,2023,0
MALA,Malária,315570,Rio Piracicaba,MG,2024,0
MALA,Malária,315670,Sabara,MG,2007,0
MALA,Malária,315670,Sabara,MG,2008,0
MALA,Malária,315670,Sabara,MG,2009,0
MALA,Malária,315670,Sabara,MG,2010,0
MALA,Malária,315670,Sabara,MG,2011,0
MALA,Malária,315670,Sabara,MG,2012,0
MALA,Malária,315670,Sabara,MG,2013,0
MALA,Malária,315670,Sabara,MG,2014,0
MALA,Malária,315670,Sabara,MG,2015,0
MALA,Malária,315670,Sabara,MG,2016,0
MALA,Malária,315670,Sabara,MG,2017,1
MALA,Malária,315670,Sabara,MG,2018,0
MALA,Malária,315670,Sabara,MG,2019,0
MALA,Malária,315670,Sabara,MG,2020,0
MALA,Malária,315670,Sabara,MG,2021,0
MALA,Malária,315670,Sabara,MG,2022,0
MALA,Malária,315670,Sabara,MG,2023,0
MALA,Malária,315670,Sabara,MG,2024,0
MALA,Malária,315690,Sacramento,MG,2007,1
MALA,Malária,315690,Sacramento,MG,2008,0
MALA,Malária,315690,Sacramento,MG,2009,0
MALA,Malária,315690,Sacramento,MG,2010,0
MALA,Malária,315690,Sacramento,MG,2011,0
MALA,Malária,315690,Sacramento,MG,2012,0
MALA,Malária,315690,Sacramento,MG,2013,0
MALA,Malária,315690,Sacramento,MG,2014,0
MALA,Malária,315690,Sacramento,MG,2015,1
MALA,Malária,315690,Sacramento,MG,2016,0
MALA,Malária,315690,Sacramento,MG,2017,0
MALA,Malária,315690,Sacramento,MG,2018,0
MALA,Malária,315690,Sacramento,MG,2019,0
MALA,Malária,315690,Sacramento,MG,2020,0
MALA,Malária,315690,Sacramento,MG,2021,0
MALA,Malária,315690,Sacramento,MG,2022,0
MALA,Malária,315690,Sacramento,MG,2023,0
MALA,Malária,315690,Sacramento,MG,2024,0
MALA,Malária,315700,Salinas,MG,2007,0
MALA,Malária,315700,Salinas,MG,2008,0
MALA,Malária,315700,Salinas,MG,2009,0
MALA,Malária,315700,Salinas,MG,2010,1
MALA,Malária,315700,Salinas,MG,2011,0
MALA,Malária,315700,Salinas,MG,2012,0
MALA,Malária,315700,Salinas,MG,2013,0
MALA,Malária,315700,Salinas,MG,2014,0
MALA,Malária,315700,Salinas,MG,2015,0
MALA,Malária,315700,Salinas,MG,2016,0
MALA,Malária,315700,Salinas,MG,2017,0
MALA,Malária,315700,Salinas,MG,2018,0
MALA,Malária,315700,Salinas,MG,2019,0
MALA,Malária,315700,Salinas,MG,2020,0
MALA,Malária,315700,Salinas,MG,2021,0
MALA,Malária,315700,Salinas,MG,2022,0
MALA,Malária,315700,Salinas,MG,2023,0
MALA,Malária,315700,Salinas,MG,2024,0
MALA,Malária,315720,Santa Barbara,MG,2007,0
MALA,Malária,315720,Santa Barbara,MG,2008,1
MALA,Malária,315720,Santa Barbara,MG,2009,0
MALA,Malária,315720,Santa Barbara,MG,2010,0
MALA,Malária,315720,Santa Barbara,MG,2011,0
MALA,Malária,315720,Santa Barbara,MG,2012,0
MALA,Malária,315720,Santa Barbara,MG,2013,0
MALA,Malária,315720,Santa Barbara,MG,2014,0
MALA,Malária,315720,Santa Barbara,MG,2015,0
MALA,Malária,315720,Santa Barbara,MG,2016,0
MALA,Malária,315720,Santa Barbara,MG,2017,0
MALA,Malária,315720,Santa Barbara,MG,2018,0
MALA,Malária,315720,Santa Barbara,MG,2019,0
MALA,Malária,315720,Santa Barbara,MG,2020,0
MALA,Malária,315720,Santa Barbara,MG,2021,0
MALA,Malária,315720,Santa Barbara,MG,2022,0
MALA,Malária,315720,Santa Barbara,MG,2023,0
MALA,Malária,315720,Santa Barbara,MG,2024,0
MALA,Malária,315740,Santa Cruz do Escalvado,MG,2007,0
MALA,Malária,315740,Santa Cruz do Escalvado,MG,2008,0
MALA,Malária,315740,Santa Cruz do Escalvado,MG,2009,0
MALA,Malária,315740,Santa Cruz do Escalvado,MG,2010,0
MALA,Malária,315740,Santa Cruz do Escalvado,MG,2011,0
MALA,Malária,315740,Santa Cruz do Escalvado,MG,2012,0
MALA,Malária,315740,Santa Cruz do Escalvado,MG,2013,0
MALA,Malária,315740,Santa Cruz do Escalvado,MG,2014,0
MALA,Malária,315740,Santa Cruz do Escalvado,MG,2015,0
MALA,Malária,315740,Santa Cruz do Escalvado,MG,2016,0
MALA,Malária,315740,Santa Cruz do Escalvado,MG,2017,0
MALA,Malária,315740,Santa Cruz do Escalvado,MG,2018,0
MALA,Malária,315740,Santa Cruz do Escalvado,MG,2019,0
MALA,Malária,315740,Santa Cruz do Escalvado,MG,2020,0
MALA,Malária,315740,Santa Cruz do Escalvado,MG,2021,0
MALA,Malária,315740,Santa Cruz do Escalvado,MG,2022,0
MALA,Malária,315740,Santa Cruz do Escalvado,MG,2023,1
MALA,Malária,315740,Santa Cruz do Escalvado,MG,2024,0
MALA,Malária,315770,Santa Juliana,MG,2007,0
MALA,Malária,315770,Santa Juliana,MG,2008,0
MALA,Malária,315770,Santa Juliana,MG,2009,0
MALA,Malária,315770,Santa Juliana,MG,2010,0
MALA,Malária,315770,Santa Juliana,MG,2011,0
MALA,Malária,315770,Santa Juliana,MG,2012,0
MALA,Malária,315770,Santa Juliana,MG,2013,0
MALA,Malária,315770,Santa Juliana,MG,2014,0
MALA,Malária,315770,Santa Juliana,MG,2015,0
MALA,Malária,315770,Santa Juliana,MG,2016,2
MALA,Malária,315770,Santa Juliana,MG,2017,0
MALA,Malária,315770,Santa Juliana,MG,2018,0
MALA,Malária,315770,Santa Juliana,MG,2019,0
MALA,Malária,315770,Santa Juliana,MG,2020,1
MALA,Malária,315770,Santa Juliana,MG,2021,0
MALA,Malária,315770,Santa Juliana,MG,2022,0
MALA,Malária,315770,Santa Juliana,MG,2023,0
MALA,Malária,315770,Santa Juliana,MG,2024,0
MALA,Malária,315780,Santa Luzia,MG,2007,0
MALA,Malária,315780,Santa Luzia,MG,2008,1
MALA,Malária,315780,Santa Luzia,MG,2009,0
MALA,Malária,315780,Santa Luzia,MG,2010,0
MALA,Malária,315780,Santa Luzia,MG,2011,0
MALA,Malária,315780,Santa Luzia,MG,2012,0
MALA,Malária,315780,Santa Luzia,MG,2013,0
MALA,Malária,315780,Santa Luzia,MG,2014,0
MALA,Malária,315780,Santa Luzia,MG,2015,0
MALA,Malária,315780,Santa Luzia,MG,2016,0
MALA,Malária,315780,Santa Luzia,MG,2017,0
MALA,Malária,315780,Santa Luzia,MG,2018,0
MALA,Malária,315780,Santa Luzia,MG,2019,0
MALA,Malária,315780,Santa Luzia,MG,2020,1
MALA,Malária,315780,Santa Luzia,MG,2021,0
MALA,Malária,315780,Santa Luzia,MG,2022,0
MALA,Malária,315780,Santa Luzia,MG,2023,0
MALA,Malária,315780,Santa Luzia,MG,2024,0
MALA,Malária,315820,Santa Maria do Suacui,MG,2007,6
MALA,Malária,315820,Santa Maria do Suacui,MG,2008,0
MALA,Malária,315820,Santa Maria do Suacui,MG,2009,0
MALA,Malária,315820,Santa Maria do Suacui,MG,2010,0
MALA,Malária,315820,Santa Maria do Suacui,MG,2011,0
MALA,Malária,315820,Santa Maria do Suacui,MG,2012,0
MALA,Malária,315820,Santa Maria do Suacui,MG,2013,0
MALA,Malária,315820,Santa Maria do Suacui,MG,2014,0
MALA,Malária,315820,Santa Maria do Suacui,MG,2015,0
MALA,Malária,315820,Santa Maria do Suacui,MG,2016,0
MALA,Malária,315820,Santa Maria do Suacui,MG,2017,0
MALA,Malária,315820,Santa Maria do Suacui,MG,2018,0
MALA,Malária,315820,Santa Maria do Suacui,MG,2019,0
MALA,Malária,315820,Santa Maria do Suacui,MG,2020,0
MALA,Malária,315820,Santa Maria do Suacui,MG,2021,0
MALA,Malária,315820,Santa Maria do Suacui,MG,2022,0
MALA,Malária,315820,Santa Maria do Suacui,MG,2023,0
MALA,Malária,315820,Santa Maria do Suacui,MG,2024,0
MALA,Malária,315960,Santa Rita do Sapucai,MG,2007,0
MALA,Malária,315960,Santa Rita do Sapucai,MG,2008,0
MALA,Malária,315960,Santa Rita do Sapucai,MG,2009,0
MALA,Malária,315960,Santa Rita do Sapucai,MG,2010,0
MALA,Malária,315960,Santa Rita do Sapucai,MG,2011,0
MALA,Malária,315960,Santa Rita do Sapucai,MG,2012,0
MALA,Malária,315960,Santa Rita do Sapucai,MG,2013,0
MALA,Malária,315960,Santa Rita do Sapucai,MG,2014,0
MALA,Malária,315960,Santa Rita do Sapucai,MG,2015,0
MALA,Malária,315960,Santa Rita do Sapucai,MG,2016,2
MALA,Malária,315960,Santa Rita do Sapucai,MG,2017,0
MALA,Malária,315960,Santa Rita do Sapucai,MG,2018,0
MALA,Malária,315960,Santa Rita do Sapucai,MG,2019,0
MALA,Malária,315960,Santa Rita do Sapucai,MG,2020,0
MALA,Malária,315960,Santa Rita do Sapucai,MG,2021,0
MALA,Malária,315960,Santa Rita do Sapucai,MG,2022,0
MALA,Malária,315960,Santa Rita do Sapucai,MG,2023,0
MALA,Malária,315960,Santa Rita do Sapucai,MG,2024,0
MALA,Malária,316040,Santo Antonio do Monte,MG,2007,3
MALA,Malária,316040,Santo Antonio do Monte,MG,2008,1
MALA,Malária,316040,Santo Antonio do Monte,MG,2009,0
MALA,Malária,316040,Santo Antonio do Monte,MG,2010,0
MALA,Malária,316040,Santo Antonio do Monte,MG,2011,0
MALA,Malária,316040,Santo Antonio do Monte,MG,2012,0
MALA,Malária,316040,Santo Antonio do Monte,MG,2013,0
MALA,Malária,316040,Santo Antonio do Monte,MG,2014,0
MALA,Malária,316040,Santo Antonio do Monte,MG,2015,0
MALA,Malária,316040,Santo Antonio do Monte,MG,2016,0
MALA,Malária,316040,Santo Antonio do Monte,MG,2017,0
MALA,Malária,316040,Santo Antonio do Monte,MG,2018,0
MALA,Malária,316040,Santo Antonio do Monte,MG,2019,0
MALA,Malária,316040,Santo Antonio do Monte,MG,2020,0
MALA,Malária,316040,Santo Antonio do Monte,MG,2021,0
MALA,Malária,316040,Santo Antonio do Monte,MG,2022,0
MALA,Malária,316040,Santo Antonio do Monte,MG,2023,0
MALA,Malária,316040,Santo Antonio do Monte,MG,2024,0
MALA,Malária,316130,Sao Francisco de Sales,MG,2007,0
MALA,Malária,316130,Sao Francisco de Sales,MG,2008,0
MALA,Malária,316130,Sao Francisco de Sales,MG,2009,0
MALA,Malária,316130,Sao Francisco de Sales,MG,2010,0
MALA,Malária,316130,Sao Francisco de Sales,MG,2011,3
MALA,Malária,316130,Sao Francisco de Sales,MG,2012,0
MALA,Malária,316130,Sao Francisco de Sales,MG,2013,0
MALA,Malária,316130,Sao Francisco de Sales,MG,2014,0
MALA,Malária,316130,Sao Francisco de Sales,MG,2015,0
MALA,Malária,316130,Sao Francisco de Sales,MG,2016,0
MALA,Malária,316130,Sao Francisco de Sales,MG,2017,0
MALA,Malária,316130,Sao Francisco de Sales,MG,2018,0
MALA,Malária,316130,Sao Francisco de Sales,MG,2019,0
MALA,Malária,316130,Sao Francisco de Sales,MG,2020,0
MALA,Malária,316130,Sao Francisco de Sales,MG,2021,0
MALA,Malária,316130,Sao Francisco de Sales,MG,2022,0
MALA,Malária,316130,Sao Francisco de Sales,MG,2023,0
MALA,Malária,316130,Sao Francisco de Sales,MG,2024,0
MALA,Malária,316170,Sao Goncalo do Abaete,MG,2007,0
MALA,Malária,316170,Sao Goncalo do Abaete,MG,2008,0
MALA,Malária,316170,Sao Goncalo do Abaete,MG,2009,0
MALA,Malária,316170,Sao Goncalo do Abaete,MG,2010,0
MALA,Malária,316170,Sao Goncalo do Abaete,MG,2011,0
MALA,Malária,316170,Sao Goncalo do Abaete,MG,2012,0
MALA,Malária,316170,Sao Goncalo do Abaete,MG,2013,0
MALA,Malária,316170,Sao Goncalo do Abaete,MG,2014,0
MALA,Malária,316170,Sao Goncalo do Abaete,MG,2015,0
MALA,Malária,316170,Sao Goncalo do Abaete,MG,2016,0
MALA,Malária,316170,Sao Goncalo do Abaete,MG,2017,0
MALA,Malária,316170,Sao Goncalo do Abaete,MG,2018,0
MALA,Malária,316170,Sao Goncalo do Abaete,MG,2019,0
MALA,Malária,316170,Sao Goncalo do Abaete,MG,2020,0
MALA,Malária,316170,Sao Goncalo do Abaete,MG,2021,0
MALA,Malária,316170,Sao Goncalo do Abaete,MG,2022,0
MALA,Malária,316170,Sao Goncalo do Abaete,MG,2023,2
MALA,Malária,316170,Sao Goncalo do Abaete,MG,2024,0
MALA,Malária,316210,Sao Gotardo,MG,2007,0
MALA,Malária,316210,Sao Gotardo,MG,2008,0
MALA,Malária,316210,Sao Gotardo,MG,2009,0
MALA,Malária,316210,Sao Gotardo,MG,2010,0
MALA,Malária,316210,Sao Gotardo,MG,2011,0
MALA,Malária,316210,Sao Gotardo,MG,2012,1
MALA,Malária,316210,Sao Gotardo,MG,2013,0
MALA,Malária,316210,Sao Gotardo,MG,2014,0
MALA,Malária,316210,Sao Gotardo,MG,2015,0
MALA,Malária,316210,Sao Gotardo,MG,2016,0
MALA,Malária,316210,Sao Gotardo,MG,2017,2
MALA,Malária,316210,Sao Gotardo,MG,2018,0
MALA,Malária,316210,Sao Gotardo,MG,2019,0
MALA,Malária,316210,Sao Gotardo,MG,2020,0
MALA,Malária,316210,Sao Gotardo,MG,2021,0
MALA,Malária,316210,Sao Gotardo,MG,2022,0
MALA,Malária,316210,Sao Gotardo,MG,2023,0
MALA,Malária,316210,Sao Gotardo,MG,2024,0
MALA,Malária,316250,Sao Joao Del Rei,MG,2007,0
MALA,Malária,316250,Sao Joao Del Rei,MG,2008,0
MALA,Malária,316250,Sao Joao Del Rei,MG,2009,0
MALA,Malária,316250,Sao Joao Del Rei,MG,2010,0
MALA,Malária,316250,Sao Joao Del Rei,MG,2011,0
MALA,Malária,316250,Sao Joao Del Rei,MG,2012,0
MALA,Malária,316250,Sao Joao Del Rei,MG,2013,1
MALA,Malária,316250,Sao Joao Del Rei,MG,2014,1
MALA,Malária,316250,Sao Joao Del Rei,MG,2015,1
MALA,Malária,316250,Sao Joao Del Rei,MG,2016,0
MALA,Malária,316250,Sao Joao Del Rei,MG,2017,0
MALA,Malária,316250,Sao Joao Del Rei,MG,2018,0
MALA,Malária,316250,Sao Joao Del Rei,MG,2019,1
MALA,Malária,316250,Sao Joao Del Rei,MG,2020,0
MALA,Malária,316250,Sao Joao Del Rei,MG,2021,0
MALA,Malária,316250,Sao Joao Del Rei,MG,2022,0
MALA,Malária,316250,Sao Joao Del Rei,MG,2023,0
MALA,Malária,316250,Sao Joao Del Rei,MG,2024,0
MALA,Malária,316294,Sao Jose da Barra,MG,2007,0
MALA,Malária,316294,Sao Jose da Barra,MG,2008,1
MALA,Malária,316294,Sao Jose da Barra,MG,2009,0
MALA,Malária,316294,Sao Jose da Barra,MG,2010,0
MALA,Malária,316294,Sao Jose da Barra,MG,2011,0
MALA,Malária,316294,Sao Jose da Barra,MG,2012,0
MALA,Malária,316294,Sao Jose da Barra,MG,2013,0
MALA,Malária,316294,Sao Jose da Barra,MG,2014,0
MALA,Malária,316294,Sao Jose da Barra,MG,2015,0
MALA,Malária,316294,Sao Jose da Barra,MG,2016,0
MALA,Malária,316294,Sao Jose da Barra,MG,2017,0
MALA,Malária,316294,Sao Jose da Barra,MG,2018,0
MALA,Malária,316294,Sao Jose da Barra,MG,2019,0
MALA,Malária,316294,Sao Jose da Barra,MG,2020,0
MALA,Malária,316294,Sao Jose da Barra,MG,2021,0
MALA,Malária,316294,Sao Jose da Barra,MG,2022,0
MALA,Malária,316294,Sao Jose da Barra,MG,2023,0
MALA,Malária,316294,Sao Jose da Barra,MG,2024,0
MALA,Malária,316470,Sao Sebastiao do Paraiso,MG,2007,0
MALA,Malária,316470,Sao Sebastiao do Paraiso,MG,2008,0
MALA,Malária,316470,Sao Sebastiao do Paraiso,MG,2009,1
MALA,Malária,316470,Sao Sebastiao do Paraiso,MG,2010,0
MALA,Malária,316470,Sao Sebastiao do Paraiso,MG,2011,0
MALA,Malária,316470,Sao Sebastiao do Paraiso,MG,2012,0
MALA,Malária,316470,Sao Sebastiao do Paraiso,MG,2013,0
MALA,Malária,316470,Sao Sebastiao do Paraiso,MG,2014,0
MALA,Malária,316470,Sao Sebastiao do Paraiso,MG,2015,1
MALA,Malária,316470,Sao Sebastiao do Paraiso,MG,2016,0
MALA,Malária,316470,Sao Sebastiao do Paraiso,MG,2017,0
MALA,Malária,316470,Sao Sebastiao do Paraiso,MG,2018,0
MALA,Malária,316470,Sao Sebastiao do Paraiso,MG,2019,0
MALA,Malária,316470,Sao Sebastiao do Paraiso,MG,2020,0
MALA,Malária,316470,Sao Sebastiao do Paraiso,MG,2021,0
MALA,Malária,316470,Sao Sebastiao do Paraiso,MG,2022,0
MALA,Malária,316470,Sao Sebastiao do Paraiso,MG,2023,0
MALA,Malária,316470,Sao Sebastiao do Paraiso,MG,2024,0
MALA,Malária,316540,Sapucai-mirim,MG,2007,0
MALA,Malária,316540,Sapucai-mirim,MG,2008,0
MALA,Malária,316540,Sapucai-mirim,MG,2009,0
MALA,Malária,316540,Sapucai-mirim,MG,2010,0
MALA,Malária,316540,Sapucai-mirim,MG,2011,0
MALA,Malária,316540,Sapucai-mirim,MG,2012,0
MALA,Malária,316540,Sapucai-mirim,MG,2013,0
MALA,Malária,316540,Sapucai-mirim,MG,2014,0
MALA,Malária,316540,Sapucai-mirim,MG,2015,0
MALA,Malária,316540,Sapucai-mirim,MG,2016,0
MALA,Malária,316540,Sapucai-mirim,MG,2017,0
MALA,Malária,316540,Sapucai-mirim,MG,2018,0
MALA,Malária,316540,Sapucai-mirim,MG,2019,1
MALA,Malária,316540,Sapucai-mirim,MG,2020,0
MALA,Malária,316540,Sapucai-mirim,MG,2021,0
MALA,Malária,316540,Sapucai-mirim,MG,2022,0
MALA,Malária,316540,Sapucai-mirim,MG,2023,0
MALA,Malária,316540,Sapucai-mirim,MG,2024,0
MALA,Malária,316553,Sarzedo,MG,2007,0
MALA,Malária,316553,Sarzedo,MG,2008,0
MALA,Malária,316553,Sarzedo,MG,2009,1
MALA,Malária,316553,Sarzedo,MG,2010,0
MALA,Malária,316553,Sarzedo,MG,2011,0
MALA,Malária,316553,Sarzedo,MG,2012,0
MALA,Malária,316553,Sarzedo,MG,2013,0
MALA,Malária,316553,Sarzedo,MG,2014,0
MALA,Malária,316553,Sarzedo,MG,2015,0
MALA,Malária,316553,Sarzedo,MG,2016,0
MALA,Malária,316553,Sarzedo,MG,2017,0
MALA,Malária,316553,Sarzedo,MG,2018,0
MALA,Malária,316553,Sarzedo,MG,2019,0
MALA,Malária,316553,Sarzedo,MG,2020,0
MALA,Malária,316553,Sarzedo,MG,2021,0
MALA,Malária,316553,Sarzedo,MG,2022,0
MALA,Malária,316553,Sarzedo,MG,2023,0
MALA,Malária,316553,Sarzedo,MG,2024,0
MALA,Malária,316670,Serra Dos Aimores,MG,2007,0
MALA,Malária,316670,Serra Dos Aimores,MG,2008,1
MALA,Malária,316670,Serra Dos Aimores,MG,2009,0
MALA,Malária,316670,Serra Dos Aimores,MG,2010,0
MALA,Malária,316670,Serra Dos Aimores,MG,2011,0
MALA,Malária,316670,Serra Dos Aimores,MG,2012,0
MALA,Malária,316670,Serra Dos Aimores,MG,2013,0
MALA,Malária,316670,Serra Dos Aimores,MG,2014,0
MALA,Malária,316670,Serra Dos Aimores,MG,2015,0
MALA,Malária,316670,Serra Dos Aimores,MG,2016,0
MALA,Malária,316670,Serra Dos Aimores,MG,2017,0
MALA,Malária,316670,Serra Dos Aimores,MG,2018,0
MALA,Malária,316670,Serra Dos Aimores,MG,2019,0
MALA,Malária,316670,Serra Dos Aimores,MG,2020,0
MALA,Malária,316670,Serra Dos Aimores,MG,2021,0
MALA,Malária,316670,Serra Dos Aimores,MG,2022,0
MALA,Malária,316670,Serra Dos Aimores,MG,2023,0
MALA,Malária,316670,Serra Dos Aimores,MG,2024,0
MALA,Malária,316690,Serrania,MG,2007,0
MALA,Malária,316690,Serrania,MG,2008,0
MALA,Malária,316690,Serrania,MG,2009,0
MALA,Malária,316690,Serrania,MG,2010,0
MALA,Malária,316690,Serrania,MG,2011,0
MALA,Malária,316690,Serrania,MG,2012,0
MALA,Malária,316690,Serrania,MG,2013,0
MALA,Malária,316690,Serrania,MG,2014,0
MALA,Malária,316690,Serrania,MG,2015,0
MALA,Malária,316690,Serrania,MG,2016,0
MALA,Malária,316690,Serrania,MG,2017,0
MALA,Malária,316690,Serrania,MG,2018,1
MALA,Malária,316690,Serrania,MG,2019,0
MALA,Malária,316690,Serrania,MG,2020,0
MALA,Malária,316690,Serrania,MG,2021,0
MALA,Malária,316690,Serrania,MG,2022,0
MALA,Malária,316690,Serrania,MG,2023,0
MALA,Malária,316690,Serrania,MG,2024,0
MALA,Malária,316720,Sete Lagoas,MG,2007,2
MALA,Malária,316720,Sete Lagoas,MG,2008,0
MALA,Malária,316720,Sete Lagoas,MG,2009,0
MALA,Malária,316720,Sete Lagoas,MG,2010,0
MALA,Malária,316720,Sete Lagoas,MG,2011,0
MALA,Malária,316720,Sete Lagoas,MG,2012,0
MALA,Malária,316720,Sete Lagoas,MG,2013,0
MALA,Malária,316720,Sete Lagoas,MG,2014,0
MALA,Malária,316720,Sete Lagoas,MG,2015,0
MALA,Malária,316720,Sete Lagoas,MG,2016,1
MALA,Malária,316720,Sete Lagoas,MG,2017,0
MALA,Malária,316720,Sete Lagoas,MG,2018,1
MALA,Malária,316720,Sete Lagoas,MG,2019,1
MALA,Malária,316720,Sete Lagoas,MG,2020,0
MALA,Malária,316720,Sete Lagoas,MG,2021,0
MALA,Malária,316720,Sete Lagoas,MG,2022,0
MALA,Malária,316720,Sete Lagoas,MG,2023,0
MALA,Malária,316720,Sete Lagoas,MG,2024,0
MALA,Malária,316800,Taiobeiras,MG,2007,0
MALA,Malária,316800,Taiobeiras,MG,2008,0
MALA,Malária,316800,Taiobeiras,MG,2009,0
MALA,Malária,316800,Taiobeiras,MG,2010,1
MALA,Malária,316800,Taiobeiras,MG,2011,0
MALA,Malária,316800,Taiobeiras,MG,2012,0
MALA,Malária,316800,Taiobeiras,MG,2013,0
MALA,Malária,316800,Taiobeiras,MG,2014,0
MALA,Malária,316800,Taiobeiras,MG,2015,0
MALA,Malária,316800,Taiobeiras,MG,2016,0
MALA,Malária,316800,Taiobeiras,MG,2017,0
MALA,Malária,316800,Taiobeiras,MG,2018,1
MALA,Malária,316800,Taiobeiras,MG,2019,0
MALA,Malária,316800,Taiobeiras,MG,2020,0
MALA,Malária,316800,Taiobeiras,MG,2021,0
MALA,Malária,316800,Taiobeiras,MG,2022,0
MALA,Malária,316800,Taiobeiras,MG,2023,0
MALA,Malária,316800,Taiobeiras,MG,2024,0
MALA,Malária,316860,Teofilo Otoni,MG,2007,1
MALA,Malária,316860,Teofilo Otoni,MG,2008,0
MALA,Malária,316860,Teofilo Otoni,MG,2009,0
MALA,Malária,316860,Teofilo Otoni,MG,2010,0
MALA,Malária,316860,Teofilo Otoni,MG,2011,0
MALA,Malária,316860,Teofilo Otoni,MG,2012,1
MALA,Malária,316860,Teofilo Otoni,MG,2013,2
MALA,Malária,316860,Teofilo Otoni,MG,2014,0
MALA,Malária,316860,Teofilo Otoni,MG,2015,0
MALA,Malária,316860,Teofilo Otoni,MG,2016,1
MALA,Malária,316860,Teofilo Otoni,MG,2017,0
MALA,Malária,316860,Teofilo Otoni,MG,2018,1
MALA,Malária,316860,Teofilo Otoni,MG,2019,2
MALA,Malária,316860,Teofilo Otoni,MG,2020,0
MALA,Malária,316860,Teofilo Otoni,MG,2021,0
MALA,Malária,316860,Teofilo Otoni,MG,2022,0
MALA,Malária,316860,Teofilo Otoni,MG,2023,0
MALA,Malária,316860,Teofilo Otoni,MG,2024,2
MALA,Malária,316870,Timoteo,MG,2007,0
MALA,Malária,316870,Timoteo,MG,2008,0
MALA,Malária,316870,Timoteo,MG,2009,0
MALA,Malária,316870,Timoteo,MG,2010,1
MALA,Malária,316870,Timoteo,MG,2011,0
MALA,Malária,316870,Timoteo,MG,2012,2
MALA,Malária,316870,Timoteo,MG,2013,0
MALA,Malária,316870,Timoteo,MG,2014,0
MALA,Malária,316870,Timoteo,MG,2015,0
MALA,Malária,316870,Timoteo,MG,2016,0
MALA,Malária,316870,Timoteo,MG,2017,1
MALA,Malária,316870,Timoteo,MG,2018,0
MALA,Malária,316870,Timoteo,MG,2019,0
MALA,Malária,316870,Timoteo,MG,2020,0
MALA,Malária,316870,Timoteo,MG,2021,0
MALA,Malária,316870,Timoteo,MG,2022,0
MALA,Malária,316870,Timoteo,MG,2023,0
MALA,Malária,316870,Timoteo,MG,2024,0
MALA,Malária,316930,Tres Coracoes,MG,2007,0
MALA,Malária,316930,Tres Coracoes,MG,2008,0
MALA,Malária,316930,Tres Coracoes,MG,2009,0
MALA,Malária,316930,Tres Coracoes,MG,2010,2
MALA,Malária,316930,Tres Coracoes,MG,2011,0
MALA,Malária,316930,Tres Coracoes,MG,2012,0
MALA,Malária,316930,Tres Coracoes,MG,2013,1
MALA,Malária,316930,Tres Coracoes,MG,2014,0
MALA,Malária,316930,Tres Coracoes,MG,2015,0
MALA,Malária,316930,Tres Coracoes,MG,2016,1
MALA,Malária,316930,Tres Coracoes,MG,2017,0
MALA,Malária,316930,Tres Coracoes,MG,2018,0
MALA,Malária,316930,Tres Coracoes,MG,2019,0
MALA,Malária,316930,Tres Coracoes,MG,2020,0
MALA,Malária,316930,Tres Coracoes,MG,2021,0
MALA,Malária,316930,Tres Coracoes,MG,2022,0
MALA,Malária,316930,Tres Coracoes,MG,2023,0
MALA,Malária,316930,Tres Coracoes,MG,2024,0
MALA,Malária,316935,Tres Marias,MG,2007,0
MALA,Malária,316935,Tres Marias,MG,2008,0
MALA,Malária,316935,Tres Marias,MG,2009,0
MALA,Malária,316935,Tres Marias,MG,2010,1
MALA,Malária,316935,Tres Marias,MG,2011,0
MALA,Malária,316935,Tres Marias,MG,2012,0
MALA,Malária,316935,Tres Marias,MG,2013,1
MALA,Malária,316935,Tres Marias,MG,2014,0
MALA,Malária,316935,Tres Marias,MG,2015,0
MALA,Malária,316935,Tres Marias,MG,2016,0
MALA,Malária,316935,Tres Marias,MG,2017,1
MALA,Malária,316935,Tres Marias,MG,2018,0
MALA,Malária,316935,Tres Marias,MG,2019,0
MALA,Malária,316935,Tres Marias,MG,2020,0
MALA,Malária,316935,Tres Marias,MG,2021,0
MALA,Malária,316935,Tres Marias,MG,2022,1
MALA,Malária,316935,Tres Marias,MG,2023,1
MALA,Malária,316935,Tres Marias,MG,2024,0
MALA,Malária,316940,Tres Pontas,MG,2007,0
MALA,Malária,316940,Tres Pontas,MG,2008,0
MALA,Malária,316940,Tres Pontas,MG,2009,0
MALA,Malária,316940,Tres Pontas,MG,2010,0
MALA,Malária,316940,Tres Pontas,MG,2011,0
MALA,Malária,316940,Tres Pontas,MG,2012,0
MALA,Malária,316940,Tres Pontas,MG,2013,0
MALA,Malária,316940,Tres Pontas,MG,2014,0
MALA,Malária,316940,Tres Pontas,MG,2015,0
MALA,Malária,316940,Tres Pontas,MG,2016,0
MALA,Malária,316940,Tres Pontas,MG,2017,0
MALA,Malária,316940,Tres Pontas,MG,2018,0
MALA,Malária,316940,Tres Pontas,MG,2019,0
MALA,Malária,316940,Tres Pontas,MG,2020,0
MALA,Malária,316940,Tres Pontas,MG,2021,0
MALA,Malária,316940,Tres Pontas,MG,2022,0
MALA,Malária,316940,Tres Pontas,MG,2023,0
MALA,Malária,316940,Tres Pontas,MG,2024,1
MALA,Malária,316970,Turmalina,MG,2007,0
MALA,Malária,316970,Turmalina,MG,2008,0
MALA,Malária,316970,Turmalina,MG,2009,0
MALA,Malária,316970,Turmalina,MG,2010,1
MALA,Malária,316970,Turmalina,MG,2011,0
MALA,Malária,316970,Turmalina,MG,2012,0
MALA,Malária,316970,Turmalina,MG,2013,0
MALA,Malária,316970,Turmalina,MG,2014,0
MALA,Malária,316970,Turmalina,MG,2015,0
MALA,Malária,316970,Turmalina,MG,2016,0
MALA,Malária,316970,Turmalina,MG,2017,0
MALA,Malária,316970,Turmalina,MG,2018,0
MALA,Malária,316970,Turmalina,MG,2019,0
MALA,Malária,316970,Turmalina,MG,2020,0
MALA,Malária,316970,Turmalina,MG,2021,0
MALA,Malária,316970,Turmalina,MG,2022,0
MALA,Malária,316970,Turmalina,MG,2023,0
MALA,Malária,316970,Turmalina,MG,2024,0
MALA,Malária,316990,Uba,MG,2007,0
MALA,Malária,316990,Uba,MG,2008,0
MALA,Malária,316990,Uba,MG,2009,0
MALA,Malária,316990,Uba,MG,2010,1
MALA,Malária,316990,Uba,MG,2011,0
MALA,Malária,316990,Uba,MG,2012,0
MALA,Malária,316990,Uba,MG,2013,0
MALA,Malária,316990,Uba,MG,2014,0
MALA,Malária,316990,Uba,MG,2015,0
MALA,Malária,316990,Uba,MG,2016,0
MALA,Malária,316990,Uba,MG,2017,0
MALA,Malária,316990,Uba,MG,2018,0
MALA,Malária,316990,Uba,MG,2019,0
MALA,Malária,316990,Uba,MG,2020,0
MALA,Malária,316990,Uba,MG,2021,0
MALA,Malária,316990,Uba,MG,2022,0
MALA,Malária,316990,Uba,MG,2023,0
MALA,Malária,316990,Uba,MG,2024,0
MALA,Malária,317010,Uberaba,MG,2007,6
MALA,Malária,317010,Uberaba,MG,2008,1
MALA,Malária,317010,Uberaba,MG,2009,5
MALA,Malária,317010,Uberaba,MG,2010,2
MALA,Malária,317010,Uberaba,MG,2011,3
MALA,Malária,317010,Uberaba,MG,2012,1
MALA,Malária,317010,Uberaba,MG,2013,3
MALA,Malária,317010,Uberaba,MG,2014,1
MALA,Malária,317010,Uberaba,MG,2015,2
MALA,Malária,317010,Uberaba,MG,2016,5
MALA,Malária,317010,Uberaba,MG,2017,6
MALA,Malária,317010,Uberaba,MG,2018,2
MALA,Malária,317010,Uberaba,MG,2019,2
MALA,Malária,317010,Uberaba,MG,2020,0
MALA,Malária,317010,Uberaba,MG,2021,1
MALA,Malária,317010,Uberaba,MG,2022,4
MALA,Malária,317010,Uberaba,MG,2023,1
MALA,Malária,317010,Uberaba,MG,2024,3
MALA,Malária,317020,Uberlandia,MG,2007,15
MALA,Malária,317020,Uberlandia,MG,2008,6
MALA,Malária,317020,Uberlandia,MG,2009,4
MALA,Malária,317020,Uberlandia,MG,2010,10
MALA,Malária,317020,Uberlandia,MG,2011,4
MALA,Malária,317020,Uberlandia,MG,2012,11
MALA,Malária,317020,Uberlandia,MG,2013,6
MALA,Malária,317020,Uberlandia,MG,2014,3
MALA,Malária,317020,Uberlandia,MG,2015,1
MALA,Malária,317020,Uberlandia,MG,2016,2
MALA,Malária,317020,Uberlandia,MG,2017,7
MALA,Malária,317020,Uberlandia,MG,2018,3
MALA,Malária,317020,Uberlandia,MG,2019,5
MALA,Malária,317020,Uberlandia,MG,2020,2
MALA,Malária,317020,Uberlandia,MG,2021,2
MALA,Malária,317020,Uberlandia,MG,2022,2
MALA,Malária,317020,Uberlandia,MG,2023,7
MALA,Malária,317020,Uberlandia,MG,2024,0
MALA,Malária,317040,Unai,MG,2007,7
MALA,Malária,317040,Unai,MG,2008,2
MALA,Malária,317040,Unai,MG,2009,0
MALA,Malária,317040,Unai,MG,2010,1
MALA,Malária,317040,Unai,MG,2011,0
MALA,Malária,317040,Unai,MG,2012,0
MALA,Malária,317040,Unai,MG,2013,0
MALA,Malária,317040,Unai,MG,2014,0
MALA,Malária,317040,Unai,MG,2015,0
MALA,Malária,317040,Unai,MG,2016,0
MALA,Malária,317040,Unai,MG,2017,0
MALA,Malária,317040,Unai,MG,2018,1
MALA,Malária,317040,Unai,MG,2019,0
MALA,Malária,317040,Unai,MG,2020,0
MALA,Malária,317040,Unai,MG,2021,0
MALA,Malária,317040,Unai,MG,2022,0
MALA,Malária,317040,Unai,MG,2023,0
MALA,Malária,317040,Unai,MG,2024,0
MALA,Malária,317070,Varginha,MG,2007,0
MALA,Malária,317070,Varginha,MG,2008,0
MALA,Malária,317070,Varginha,MG,2009,1
MALA,Malária,317070,Varginha,MG,2010,1
MALA,Malária,317070,Varginha,MG,2011,1
MALA,Malária,317070,Varginha,MG,2012,0
MALA,Malária,317070,Varginha,MG,2013,0
MALA,Malária,317070,Varginha,MG,2014,0
MALA,Malária,317070,Varginha,MG,2015,1
MALA,Malária,317070,Varginha,MG,2016,0
MALA,Malária,317070,Varginha,MG,2017,1
MALA,Malária,317070,Varginha,MG,2018,0
MALA,Malária,317070,Varginha,MG,2019,0
MALA,Malária,317070,Varginha,MG,2020,0
MALA,Malária,317070,Varginha,MG,2021,0
MALA,Malária,317070,Varginha,MG,2022,0
MALA,Malária,317070,Varginha,MG,2023,0
MALA,Malária,317070,Varginha,MG,2024,0
MALA,Malária,317120,Vespasiano,MG,2007,0
MALA,Malária,317120,Vespasiano,MG,2008,0
MALA,Malária,317120,Vespasiano,MG,2009,0
MALA,Malária,317120,Vespasiano,MG,2010,0
MALA,Malária,317120,Vespasiano,MG,2011,0
MALA,Malária,317120,Vespasiano,MG,2012,0
MALA,Malária,317120,Vespasiano,MG,2013,0
MALA,Malária,317120,Vespasiano,MG,2014,0
MALA,Malária,317120,Vespasiano,MG,2015,0
MALA,Malária,317120,Vespasiano,MG,2016,1
MALA,Malária,317120,Vespasiano,MG,2017,0
MALA,Malária,317120,Vespasiano,MG,2018,0
MALA,Malária,317120,Vespasiano,MG,2019,0
MALA,Malária,317120,Vespasiano,MG,2020,0
MALA,Malária,317120,Vespasiano,MG,2021,0
MALA,Malária,317120,Vespasiano,MG,2022,0
MALA,Malária,317120,Vespasiano,MG,2023,0
MALA,Malária,317120,Vespasiano,MG,2024,0
MALA,Malária,317130,Vicosa,MG,2007,0
MALA,Malária,317130,Vicosa,MG,2008,1
MALA,Malária,317130,Vicosa,MG,2009,0
MALA,Malária,317130,Vicosa,MG,2010,0
MALA,Malária,317130,Vicosa,MG,2011,0
MALA,Malária,317130,Vicosa,MG,2012,0
MALA,Malária,317130,Vicosa,MG,2013,0
MALA,Malária,317130,Vicosa,MG,2014,0
MALA,Malária,317130,Vicosa,MG,2015,0
MALA,Malária,317130,Vicosa,MG,2016,0
MALA,Malária,317130,Vicosa,MG,2017,0
MALA,Malária,317130,Vicosa,MG,2018,1
MALA,Malária,317130,Vicosa,MG,2019,0
MALA,Malária,317130,Vicosa,MG,2020,1
MALA,Malária,317130,Vicosa,MG,2021,0
MALA,Malária,317130,Vicosa,MG,2022,1
MALA,Malária,317130,Vicosa,MG,2023,0
MALA,Malária,317130,Vicosa,MG,2024,0
MALA,Malária,500060,Amambai,MS,2007,0
MALA,Malária,500060,Amambai,MS,2008,0
MALA,Malária,500060,Amambai,MS,2009,0
MALA,Malária,500060,Amambai,MS,2010,0
MALA,Malária,500060,Amambai,MS,2011,0
MALA,Malária,500060,Amambai,MS,2012,3
MALA,Malária,500060,Amambai,MS,2013,0
MALA,Malária,500060,Amambai,MS,2014,0
MALA,Malária,500060,Amambai,MS,2015,0
MALA,Malária,500060,Amambai,MS,2016,0
MALA,Malária,500060,Amambai,MS,2017,1
MALA,Malária,500060,Amambai,MS,2018,0
MALA,Malária,500060,Amambai,MS,2019,0
MALA,Malária,500060,Amambai,MS,2020,0
MALA,Malária,500060,Amambai,MS,2021,0
MALA,Malária,500060,Amambai,MS,2022,0
MALA,Malária,500060,Amambai,MS,2023,0
MALA,Malária,500060,Amambai,MS,2024,0
MALA,Malária,500070,Anastacio,MS,2007,1
MALA,Malária,500070,Anastacio,MS,2008,0
MALA,Malária,500070,Anastacio,MS,2009,0
MALA,Malária,500070,Anastacio,MS,2010,0
MALA,Malária,500070,Anastacio,MS,2011,0
MALA,Malária,500070,Anastacio,MS,2012,0
MALA,Malária,500070,Anastacio,MS,2013,0
MALA,Malária,500070,Anastacio,MS,2014,0
MALA,Malária,500070,Anastacio,MS,2015,0
MALA,Malária,500070,Anastacio,MS,2016,0
MALA,Malária,500070,Anastacio,MS,2017,0
MALA,Malária,500070,Anastacio,MS,2018,0
MALA,Malária,500070,Anastacio,MS,2019,0
MALA,Malária,500070,Anastacio,MS,2020,0
MALA,Malária,500070,Anastacio,MS,2021,0
MALA,Malária,500070,Anastacio,MS,2022,0
MALA,Malária,500070,Anastacio,MS,2023,0
MALA,Malária,500070,Anastacio,MS,2024,0
MALA,Malária,500100,Aparecida do Taboado,MS,2007,1
MALA,Malária,500100,Aparecida do Taboado,MS,2008,1
MALA,Malária,500100,Aparecida do Taboado,MS,2009,0
MALA,Malária,500100,Aparecida do Taboado,MS,2010,0
MALA,Malária,500100,Aparecida do Taboado,MS,2011,0
MALA,Malária,500100,Aparecida do Taboado,MS,2012,0
MALA,Malária,500100,Aparecida do Taboado,MS,2013,0
MALA,Malária,500100,Aparecida do Taboado,MS,2014,1
MALA,Malária,500100,Aparecida do Taboado,MS,2015,0
MALA,Malária,500100,Aparecida do Taboado,MS,2016,0
MALA,Malária,500100,Aparecida do Taboado,MS,2017,0
MALA,Malária,500100,Aparecida do Taboado,MS,2018,0
MALA,Malária,500100,Aparecida do Taboado,MS,2019,0
MALA,Malária,500100,Aparecida do Taboado,MS,2020,1
MALA,Malária,500100,Aparecida do Taboado,MS,2021,1
MALA,Malária,500100,Aparecida do Taboado,MS,2022,0
MALA,Malária,500100,Aparecida do Taboado,MS,2023,0
MALA,Malária,500100,Aparecida do Taboado,MS,2024,0
MALA,Malária,500190,Bataguassu,MS,2007,0
MALA,Malária,500190,Bataguassu,MS,2008,0
MALA,Malária,500190,Bataguassu,MS,2009,0
MALA,Malária,500190,Bataguassu,MS,2010,0
MALA,Malária,500190,Bataguassu,MS,2011,0
MALA,Malária,500190,Bataguassu,MS,2012,0
MALA,Malária,500190,Bataguassu,MS,2013,0
MALA,Malária,500190,Bataguassu,MS,2014,0
MALA,Malária,500190,Bataguassu,MS,2015,0
MALA,Malária,500190,Bataguassu,MS,2016,0
MALA,Malária,500190,Bataguassu,MS,2017,1
MALA,Malária,500190,Bataguassu,MS,2018,0
MALA,Malária,500190,Bataguassu,MS,2019,1
MALA,Malária,500190,Bataguassu,MS,2020,0
MALA,Malária,500190,Bataguassu,MS,2021,0
MALA,Malária,500190,Bataguassu,MS,2022,0
MALA,Malária,500190,Bataguassu,MS,2023,0
MALA,Malária,500190,Bataguassu,MS,2024,0
MALA,Malária,500240,Caarapo,MS,2007,1
MALA,Malária,500240,Caarapo,MS,2008,0
MALA,Malária,500240,Caarapo,MS,2009,0
MALA,Malária,500240,Caarapo,MS,2010,0
MALA,Malária,500240,Caarapo,MS,2011,0
MALA,Malária,500240,Caarapo,MS,2012,0
MALA,Malária,500240,Caarapo,MS,2013,0
MALA,Malária,500240,Caarapo,MS,2014,0
MALA,Malária,500240,Caarapo,MS,2015,0
MALA,Malária,500240,Caarapo,MS,2016,0
MALA,Malária,500240,Caarapo,MS,2017,0
MALA,Malária,500240,Caarapo,MS,2018,0
MALA,Malária,500240,Caarapo,MS,2019,0
MALA,Malária,500240,Caarapo,MS,2020,0
MALA,Malária,500240,Caarapo,MS,2021,0
MALA,Malária,500240,Caarapo,MS,2022,0
MALA,Malária,500240,Caarapo,MS,2023,0
MALA,Malária,500240,Caarapo,MS,2024,0
MALA,Malária,500260,Camapua,MS,2007,0
MALA,Malária,500260,Camapua,MS,2008,0
MALA,Malária,500260,Camapua,MS,2009,0
MALA,Malária,500260,Camapua,MS,2010,0
MALA,Malária,500260,Camapua,MS,2011,2
MALA,Malária,500260,Camapua,MS,2012,0
MALA,Malária,500260,Camapua,MS,2013,0
MALA,Malária,500260,Camapua,MS,2014,0
MALA,Malária,500260,Camapua,MS,2015,0
MALA,Malária,500260,Camapua,MS,2016,0
MALA,Malária,500260,Camapua,MS,2017,0
MALA,Malária,500260,Camapua,MS,2018,0
MALA,Malária,500260,Camapua,MS,2019,0
MALA,Malária,500260,Camapua,MS,2020,0
MALA,Malária,500260,Camapua,MS,2021,0
MALA,Malária,500260,Camapua,MS,2022,0
MALA,Malária,500260,Camapua,MS,2023,0
MALA,Malária,500260,Camapua,MS,2024,0
MALA,Malária,500270,Campo Grande,MS,2007,24
MALA,Malária,500270,Campo Grande,MS,2008,27
MALA,Malária,500270,Campo Grande,MS,2009,25
MALA,Malária,500270,Campo Grande,MS,2010,16
MALA,Malária,500270,Campo Grande,MS,2011,16
MALA,Malária,500270,Campo Grande,MS,2012,13
MALA,Malária,500270,Campo Grande,MS,2013,9
MALA,Malária,500270,Campo Grande,MS,2014,3
MALA,Malária,500270,Campo Grande,MS,2015,3
MALA,Malária,500270,Campo Grande,MS,2016,4
MALA,Malária,500270,Campo Grande,MS,2017,6
MALA,Malária,500270,Campo Grande,MS,2018,6
MALA,Malária,500270,Campo Grande,MS,2019,4
MALA,Malária,500270,Campo Grande,MS,2020,2
MALA,Malária,500270,Campo Grande,MS,2021,11
MALA,Malária,500270,Campo Grande,MS,2022,4
MALA,Malária,500270,Campo Grande,MS,2023,5
MALA,Malária,500270,Campo Grande,MS,2024,6
MALA,Malária,500295,Chapadao do Sul,MS,2007,0
MALA,Malária,500295,Chapadao do Sul,MS,2008,0
MALA,Malária,500295,Chapadao do Sul,MS,2009,0
MALA,Malária,500295,Chapadao do Sul,MS,2010,0
MALA,Malária,500295,Chapadao do Sul,MS,2011,0
MALA,Malária,500295,Chapadao do Sul,MS,2012,1
MALA,Malária,500295,Chapadao do Sul,MS,2013,0
MALA,Malária,500295,Chapadao do Sul,MS,2014,0
MALA,Malária,500295,Chapadao do Sul,MS,2015,0
MALA,Malária,500295,Chapadao do Sul,MS,2016,0
MALA,Malária,500295,Chapadao do Sul,MS,2017,0
MALA,Malária,500295,Chapadao do Sul,MS,2018,0
MALA,Malária,500295,Chapadao do Sul,MS,2019,0
MALA,Malária,500295,Chapadao do Sul,MS,2020,0
MALA,Malária,500295,Chapadao do Sul,MS,2021,0
MALA,Malária,500295,Chapadao do Sul,MS,2022,0
MALA,Malária,500295,Chapadao do Sul,MS,2023,2
MALA,Malária,500295,Chapadao do Sul,MS,2024,0
MALA,Malária,500320,Corumba,MS,2007,0
MALA,Malária,500320,Corumba,MS,2008,0
MALA,Malária,500320,Corumba,MS,2009,0
MALA,Malária,500320,Corumba,MS,2010,0
MALA,Malária,500320,Corumba,MS,2011,0
MALA,Malária,500320,Corumba,MS,2012,0
MALA,Malária,500320,Corumba,MS,2013,0
MALA,Malária,500320,Corumba,MS,2014,0
MALA,Malária,500320,Corumba,MS,2015,1
MALA,Malária,500320,Corumba,MS,2016,0
MALA,Malária,500320,Corumba,MS,2017,1
MALA,Malária,500320,Corumba,MS,2018,0
MALA,Malária,500320,Corumba,MS,2019,0
MALA,Malária,500320,Corumba,MS,2020,0
MALA,Malária,500320,Corumba,MS,2021,0
MALA,Malária,500320,Corumba,MS,2022,0
MALA,Malária,500320,Corumba,MS,2023,3
MALA,Malária,500320,Corumba,MS,2024,0
MALA,Malária,500325,Costa Rica,MS,2007,0
MALA,Malária,500325,Costa Rica,MS,2008,1
MALA,Malária,500325,Costa Rica,MS,2009,1
MALA,Malária,500325,Costa Rica,MS,2010,0
MALA,Malária,500325,Costa Rica,MS,2011,1
MALA,Malária,500325,Costa Rica,MS,2012,1
MALA,Malária,500325,Costa Rica,MS,2013,0
MALA,Malária,500325,Costa Rica,MS,2014,0
MALA,Malária,500325,Costa Rica,MS,2015,0
MALA,Malária,500325,Costa Rica,MS,2016,0
MALA,Malária,500325,Costa Rica,MS,2017,0
MALA,Malária,500325,Costa Rica,MS,2018,0
MALA,Malária,500325,Costa Rica,MS,2019,0
MALA,Malária,500325,Costa Rica,MS,2020,0
MALA,Malária,500325,Costa Rica,MS,2021,0
MALA,Malária,500325,Costa Rica,MS,2022,0
MALA,Malária,500325,Costa Rica,MS,2023,0
MALA,Malária,500325,Costa Rica,MS,2024,0
MALA,Malária,500330,Coxim,MS,2007,0
MALA,Malária,500330,Coxim,MS,2008,0
MALA,Malária,500330,Coxim,MS,2009,0
MALA,Malária,500330,Coxim,MS,2010,0
MALA,Malária,500330,Coxim,MS,2011,2
MALA,Malária,500330,Coxim,MS,2012,1
MALA,Malária,500330,Coxim,MS,2013,0
MALA,Malária,500330,Coxim,MS,2014,0
MALA,Malária,500330,Coxim,MS,2015,0
MALA,Malária,500330,Coxim,MS,2016,0
MALA,Malária,500330,Coxim,MS,2017,0
MALA,Malária,500330,Coxim,MS,2018,1
MALA,Malária,500330,Coxim,MS,2019,0
MALA,Malária,500330,Coxim,MS,2020,0
MALA,Malária,500330,Coxim,MS,2021,0
MALA,Malária,500330,Coxim,MS,2022,0
MALA,Malária,500330,Coxim,MS,2023,0
MALA,Malária,500330,Coxim,MS,2024,0
MALA,Malária,500350,Douradina,MS,2007,1
MALA,Malária,500350,Douradina,MS,2008,0
MALA,Malária,500350,Douradina,MS,2009,0
MALA,Malária,500350,Douradina,MS,2010,0
MALA,Malária,500350,Douradina,MS,2011,0
MALA,Malária,500350,Douradina,MS,2012,0
MALA,Malária,500350,Douradina,MS,2013,0
MALA,Malária,500350,Douradina,MS,2014,0
MALA,Malária,500350,Douradina,MS,2015,0
MALA,Malária,500350,Douradina,MS,2016,0
MALA,Malária,500350,Douradina,MS,2017,0
MALA,Malária,500350,Douradina,MS,2018,0
MALA,Malária,500350,Douradina,MS,2019,0
MALA,Malária,500350,Douradina,MS,2020,0
MALA,Malária,500350,Douradina,MS,2021,0
MALA,Malária,500350,Douradina,MS,2022,0
MALA,Malária,500350,Douradina,MS,2023,0
MALA,Malária,500350,Douradina,MS,2024,0
MALA,Malária,500370,Dourados,MS,2007,7
MALA,Malária,500370,Dourados,MS,2008,2
MALA,Malária,500370,Dourados,MS,2009,3
MALA,Malária,500370,Dourados,MS,2010,4
MALA,Malária,500370,Dourados,MS,2011,4
MALA,Malária,500370,Dourados,MS,2012,1
MALA,Malária,500370,Dourados,MS,2013,2
MALA,Malária,500370,Dourados,MS,2014,0
MALA,Malária,500370,Dourados,MS,2015,2
MALA,Malária,500370,Dourados,MS,2016,0
MALA,Malária,500370,Dourados,MS,2017,0
MALA,Malária,500370,Dourados,MS,2018,1
MALA,Malária,500370,Dourados,MS,2019,6
MALA,Malária,500370,Dourados,MS,2020,0
MALA,Malária,500370,Dourados,MS,2021,1
MALA,Malária,500370,Dourados,MS,2022,7
MALA,Malária,500370,Dourados,MS,2023,3
MALA,Malária,500370,Dourados,MS,2024,1
MALA,Malária,500375,Eldorado,MS,2007,0
MALA,Malária,500375,Eldorado,MS,2008,0
MALA,Malária,500375,Eldorado,MS,2009,1
MALA,Malária,500375,Eldorado,MS,2010,0
MALA,Malária,500375,Eldorado,MS,2011,0
MALA,Malária,500375,Eldorado,MS,2012,0
MALA,Malária,500375,Eldorado,MS,2013,0
MALA,Malária,500375,Eldorado,MS,2014,0
MALA,Malária,500375,Eldorado,MS,2015,0
MALA,Malária,500375,Eldorado,MS,2016,0
MALA,Malária,500375,Eldorado,MS,2017,0
MALA,Malária,500375,Eldorado,MS,2018,1
MALA,Malária,500375,Eldorado,MS,2019,0
MALA,Malária,500375,Eldorado,MS,2020,0
MALA,Malária,500375,Eldorado,MS,2021,0
MALA,Malária,500375,Eldorado,MS,2022,0
MALA,Malária,500375,Eldorado,MS,2023,0
MALA,Malária,500375,Eldorado,MS,2024,0
MALA,Malária,500460,Itaquirai,MS,2007,1
MALA,Malária,500460,Itaquirai,MS,2008,2
MALA,Malária,500460,Itaquirai,MS,2009,1
MALA,Malária,500460,Itaquirai,MS,2010,0
MALA,Malária,500460,Itaquirai,MS,2011,0
MALA,Malária,500460,Itaquirai,MS,2012,1
MALA,Malária,500460,Itaquirai,MS,2013,2
MALA,Malária,500460,Itaquirai,MS,2014,0
MALA,Malária,500460,Itaquirai,MS,2015,0
MALA,Malária,500460,Itaquirai,MS,2016,0
MALA,Malária,500460,Itaquirai,MS,2017,0
MALA,Malária,500460,Itaquirai,MS,2018,0
MALA,Malária,500460,Itaquirai,MS,2019,0
MALA,Malária,500460,Itaquirai,MS,2020,0
MALA,Malária,500460,Itaquirai,MS,2021,0
MALA,Malária,500460,Itaquirai,MS,2022,0
MALA,Malária,500460,Itaquirai,MS,2023,0
MALA,Malária,500460,Itaquirai,MS,2024,0
MALA,Malária,500500,Jardim,MS,2007,0
MALA,Malária,500500,Jardim,MS,2008,0
MALA,Malária,500500,Jardim,MS,2009,1
MALA,Malária,500500,Jardim,MS,2010,0
MALA,Malária,500500,Jardim,MS,2011,0
MALA,Malária,500500,Jardim,MS,2012,0
MALA,Malária,500500,Jardim,MS,2013,0
MALA,Malária,500500,Jardim,MS,2014,0
MALA,Malária,500500,Jardim,MS,2015,0
MALA,Malária,500500,Jardim,MS,2016,0
MALA,Malária,500500,Jardim,MS,2017,0
MALA,Malária,500500,Jardim,MS,2018,0
MALA,Malária,500500,Jardim,MS,2019,0
MALA,Malária,500500,Jardim,MS,2020,0
MALA,Malária,500500,Jardim,MS,2021,0
MALA,Malária,500500,Jardim,MS,2022,0
MALA,Malária,500500,Jardim,MS,2023,0
MALA,Malária,500500,Jardim,MS,2024,0
MALA,Malária,500540,Maracaju,MS,2007,0
MALA,Malária,500540,Maracaju,MS,2008,0
MALA,Malária,500540,Maracaju,MS,2009,0
MALA,Malária,500540,Maracaju,MS,2010,1
MALA,Malária,500540,Maracaju,MS,2011,0
MALA,Malária,500540,Maracaju,MS,2012,0
MALA,Malária,500540,Maracaju,MS,2013,0
MALA,Malária,500540,Maracaju,MS,2014,0
MALA,Malária,500540,Maracaju,MS,2015,0
MALA,Malária,500540,Maracaju,MS,2016,0
MALA,Malária,500540,Maracaju,MS,2017,0
MALA,Malária,500540,Maracaju,MS,2018,0
MALA,Malária,500540,Maracaju,MS,2019,0
MALA,Malária,500540,Maracaju,MS,2020,0
MALA,Malária,500540,Maracaju,MS,2021,0
MALA,Malária,500540,Maracaju,MS,2022,0
MALA,Malária,500540,Maracaju,MS,2023,0
MALA,Malária,500540,Maracaju,MS,2024,0
MALA,Malária,500570,Navirai,MS,2007,0
MALA,Malária,500570,Navirai,MS,2008,0
MALA,Malária,500570,Navirai,MS,2009,0
MALA,Malária,500570,Navirai,MS,2010,1
MALA,Malária,500570,Navirai,MS,2011,0
MALA,Malária,500570,Navirai,MS,2012,2
MALA,Malária,500570,Navirai,MS,2013,0
MALA,Malária,500570,Navirai,MS,2014,0
MALA,Malária,500570,Navirai,MS,2015,0
MALA,Malária,500570,Navirai,MS,2016,1
MALA,Malária,500570,Navirai,MS,2017,0
MALA,Malária,500570,Navirai,MS,2018,0
MALA,Malária,500570,Navirai,MS,2019,0
MALA,Malária,500570,Navirai,MS,2020,0
MALA,Malária,500570,Navirai,MS,2021,0
MALA,Malária,500570,Navirai,MS,2022,0
MALA,Malária,500570,Navirai,MS,2023,0
MALA,Malária,500570,Navirai,MS,2024,0
MALA,Malária,500600,Nova Alvorada do Sul,MS,2007,1
MALA,Malária,500600,Nova Alvorada do Sul,MS,2008,0
MALA,Malária,500600,Nova Alvorada do Sul,MS,2009,0
MALA,Malária,500600,Nova Alvorada do Sul,MS,2010,0
MALA,Malária,500600,Nova Alvorada do Sul,MS,2011,1
MALA,Malária,500600,Nova Alvorada do Sul,MS,2012,0
MALA,Malária,500600,Nova Alvorada do Sul,MS,2013,0
MALA,Malária,500600,Nova Alvorada do Sul,MS,2014,0
MALA,Malária,500600,Nova Alvorada do Sul,MS,2015,0
MALA,Malária,500600,Nova Alvorada do Sul,MS,2016,0
MALA,Malária,500600,Nova Alvorada do Sul,MS,2017,0
MALA,Malária,500600,Nova Alvorada do Sul,MS,2018,0
MALA,Malária,500600,Nova Alvorada do Sul,MS,2019,0
MALA,Malária,500600,Nova Alvorada do Sul,MS,2020,0
MALA,Malária,500600,Nova Alvorada do Sul,MS,2021,0
MALA,Malária,500600,Nova Alvorada do Sul,MS,2022,0
MALA,Malária,500600,Nova Alvorada do Sul,MS,2023,0
MALA,Malária,500600,Nova Alvorada do Sul,MS,2024,0
MALA,Malária,500620,Nova Andradina,MS,2007,0
MALA,Malária,500620,Nova Andradina,MS,2008,0
MALA,Malária,500620,Nova Andradina,MS,2009,1
MALA,Malária,500620,Nova Andradina,MS,2010,0
MALA,Malária,500620,Nova Andradina,MS,2011,0
MALA,Malária,500620,Nova Andradina,MS,2012,0
MALA,Malária,500620,Nova Andradina,MS,2013,0
MALA,Malária,500620,Nova Andradina,MS,2014,0
MALA,Malária,500620,Nova Andradina,MS,2015,0
MALA,Malária,500620,Nova Andradina,MS,2016,0
MALA,Malária,500620,Nova Andradina,MS,2017,0
MALA,Malária,500620,Nova Andradina,MS,2018,0
MALA,Malária,500620,Nova Andradina,MS,2019,0
MALA,Malária,500620,Nova Andradina,MS,2020,0
MALA,Malária,500620,Nova Andradina,MS,2021,0
MALA,Malária,500620,Nova Andradina,MS,2022,0
MALA,Malária,500620,Nova Andradina,MS,2023,0
MALA,Malária,500620,Nova Andradina,MS,2024,0
MALA,Malária,500630,Paranaiba,MS,2007,0
MALA,Malária,500630,Paranaiba,MS,2008,0
MALA,Malária,500630,Paranaiba,MS,2009,0
MALA,Malária,500630,Paranaiba,MS,2010,0
MALA,Malária,500630,Paranaiba,MS,2011,0
MALA,Malária,500630,Paranaiba,MS,2012,0
MALA,Malária,500630,Paranaiba,MS,2013,0
MALA,Malária,500630,Paranaiba,MS,2014,0
MALA,Malária,500630,Paranaiba,MS,2015,0
MALA,Malária,500630,Paranaiba,MS,2016,0
MALA,Malária,500630,Paranaiba,MS,2017,0
MALA,Malária,500630,Paranaiba,MS,2018,0
MALA,Malária,500630,Paranaiba,MS,2019,0
MALA,Malária,500630,Paranaiba,MS,2020,0
MALA,Malária,500630,Paranaiba,MS,2021,0
MALA,Malária,500630,Paranaiba,MS,2022,0
MALA,Malária,500630,Paranaiba,MS,2023,2
MALA,Malária,500630,Paranaiba,MS,2024,0
MALA,Malária,500660,Ponta Pora,MS,2007,0
MALA,Malária,500660,Ponta Pora,MS,2008,0
MALA,Malária,500660,Ponta Pora,MS,2009,0
MALA,Malária,500660,Ponta Pora,MS,2010,0
MALA,Malária,500660,Ponta Pora,MS,2011,0
MALA,Malária,500660,Ponta Pora,MS,2012,0
MALA,Malária,500660,Ponta Pora,MS,2013,2
MALA,Malária,500660,Ponta Pora,MS,2014,0
MALA,Malária,500660,Ponta Pora,MS,2015,0
MALA,Malária,500660,Ponta Pora,MS,2016,0
MALA,Malária,500660,Ponta Pora,MS,2017,2
MALA,Malária,500660,Ponta Pora,MS,2018,0
MALA,Malária,500660,Ponta Pora,MS,2019,0
MALA,Malária,500660,Ponta Pora,MS,2020,0
MALA,Malária,500660,Ponta Pora,MS,2021,0
MALA,Malária,500660,Ponta Pora,MS,2022,1
MALA,Malária,500660,Ponta Pora,MS,2023,0
MALA,Malária,500660,Ponta Pora,MS,2024,0
MALA,Malária,500710,Ribas do Rio Pardo,MS,2007,0
MALA,Malária,500710,Ribas do Rio Pardo,MS,2008,0
MALA,Malária,500710,Ribas do Rio Pardo,MS,2009,0
MALA,Malária,500710,Ribas do Rio Pardo,MS,2010,0
MALA,Malária,500710,Ribas do Rio Pardo,MS,2011,0
MALA,Malária,500710,Ribas do Rio Pardo,MS,2012,0
MALA,Malária,500710,Ribas do Rio Pardo,MS,2013,0
MALA,Malária,500710,Ribas do Rio Pardo,MS,2014,0
MALA,Malária,500710,Ribas do Rio Pardo,MS,2015,0
MALA,Malária,500710,Ribas do Rio Pardo,MS,2016,0
MALA,Malária,500710,Ribas do Rio Pardo,MS,2017,0
MALA,Malária,500710,Ribas do Rio Pardo,MS,2018,0
MALA,Malária,500710,Ribas do Rio Pardo,MS,2019,0
MALA,Malária,500710,Ribas do Rio Pardo,MS,2020,0
MALA,Malária,500710,Ribas do Rio Pardo,MS,2021,0
MALA,Malária,500710,Ribas do Rio Pardo,MS,2022,0
MALA,Malária,500710,Ribas do Rio Pardo,MS,2023,2
MALA,Malária,500710,Ribas do Rio Pardo,MS,2024,0
MALA,Malária,500720,Rio Brilhante,MS,2007,1
MALA,Malária,500720,Rio Brilhante,MS,2008,1
MALA,Malária,500720,Rio Brilhante,MS,2009,0
MALA,Malária,500720,Rio Brilhante,MS,2010,0
MALA,Malária,500720,Rio Brilhante,MS,2011,1
MALA,Malária,500720,Rio Brilhante,MS,2012,0
MALA,Malária,500720,Rio Brilhante,MS,2013,0
MALA,Malária,500720,Rio Brilhante,MS,2014,0
MALA,Malária,500720,Rio Brilhante,MS,2015,0
MALA,Malária,500720,Rio Brilhante,MS,2016,0
MALA,Malária,500720,Rio Brilhante,MS,2017,0
MALA,Malária,500720,Rio Brilhante,MS,2018,0
MALA,Malária,500720,Rio Brilhante,MS,2019,0
MALA,Malária,500720,Rio Brilhante,MS,2020,0
MALA,Malária,500720,Rio Brilhante,MS,2021,0
MALA,Malária,500720,Rio Brilhante,MS,2022,0
MALA,Malária,500720,Rio Brilhante,MS,2023,0
MALA,Malária,500720,Rio Brilhante,MS,2024,0
MALA,Malária,500740,Rio Verde de Mato Grosso,MS,2007,0
MALA,Malária,500740,Rio Verde de Mato Grosso,MS,2008,0
MALA,Malária,500740,Rio Verde de Mato Grosso,MS,2009,0
MALA,Malária,500740,Rio Verde de Mato Grosso,MS,2010,0
MALA,Malária,500740,Rio Verde de Mato Grosso,MS,2011,0
MALA,Malária,500740,Rio Verde de Mato Grosso,MS,2012,0
MALA,Malária,500740,Rio Verde de Mato Grosso,MS,2013,0
MALA,Malária,500740,Rio Verde de Mato Grosso,MS,2014,0
MALA,Malária,500740,Rio Verde de Mato Grosso,MS,2015,0
MALA,Malária,500740,Rio Verde de Mato Grosso,MS,2016,0
MALA,Malária,500740,Rio Verde de Mato Grosso,MS,2017,0
MALA,Malária,500740,Rio Verde de Mato Grosso,MS,2018,1
MALA,Malária,500740,Rio Verde de Mato Grosso,MS,2019,0
MALA,Malária,500740,Rio Verde de Mato Grosso,MS,2020,0
MALA,Malária,500740,Rio Verde de Mato Grosso,MS,2021,0
MALA,Malária,500740,Rio Verde de Mato Grosso,MS,2022,0
MALA,Malária,500740,Rio Verde de Mato Grosso,MS,2023,0
MALA,Malária,500740,Rio Verde de Mato Grosso,MS,2024,0
MALA,Malária,500750,Rochedo,MS,2007,0
MALA,Malária,500750,Rochedo,MS,2008,0
MALA,Malária,500750,Rochedo,MS,2009,0
MALA,Malária,500750,Rochedo,MS,2010,0
MALA,Malária,500750,Rochedo,MS,2011,0
MALA,Malária,500750,Rochedo,MS,2012,0
MALA,Malária,500750,Rochedo,MS,2013,0
MALA,Malária,500750,Rochedo,MS,2014,0
MALA,Malária,500750,Rochedo,MS,2015,0
MALA,Malária,500750,Rochedo,MS,2016,0
MALA,Malária,500750,Rochedo,MS,2017,0
MALA,Malária,500750,Rochedo,MS,2018,0
MALA,Malária,500750,Rochedo,MS,2019,0
MALA,Malária,500750,Rochedo,MS,2020,1
MALA,Malária,500750,Rochedo,MS,2021,0
MALA,Malária,500750,Rochedo,MS,2022,0
MALA,Malária,500750,Rochedo,MS,2023,0
MALA,Malária,500750,Rochedo,MS,2024,0
MALA,Malária,500769,Sao Gabriel do Oeste,MS,2007,0
MALA,Malária,500769,Sao Gabriel do Oeste,MS,2008,0
MALA,Malária,500769,Sao Gabriel do Oeste,MS,2009,0
MALA,Malária,500769,Sao Gabriel do Oeste,MS,2010,2
MALA,Malária,500769,Sao Gabriel do Oeste,MS,2011,0
MALA,Malária,500769,Sao Gabriel do Oeste,MS,2012,1
MALA,Malária,500769,Sao Gabriel do Oeste,MS,2013,4
MALA,Malária,500769,Sao Gabriel do Oeste,MS,2014,2
MALA,Malária,500769,Sao Gabriel do Oeste,MS,2015,0
MALA,Malária,500769,Sao Gabriel do Oeste,MS,2016,0
MALA,Malária,500769,Sao Gabriel do Oeste,MS,2017,2
MALA,Malária,500769,Sao Gabriel do Oeste,MS,2018,0
MALA,Malária,500769,Sao Gabriel do Oeste,MS,2019,2
MALA,Malária,500769,Sao Gabriel do Oeste,MS,2020,1
MALA,Malária,500769,Sao Gabriel do Oeste,MS,2021,1
MALA,Malária,500769,Sao Gabriel do Oeste,MS,2022,0
MALA,Malária,500769,Sao Gabriel do Oeste,MS,2023,0
MALA,Malária,500769,Sao Gabriel do Oeste,MS,2024,0
MALA,Malária,500793,Sonora,MS,2007,1
MALA,Malária,500793,Sonora,MS,2008,0
MALA,Malária,500793,Sonora,MS,2009,0
MALA,Malária,500793,Sonora,MS,2010,1
MALA,Malária,500793,Sonora,MS,2011,3
MALA,Malária,500793,Sonora,MS,2012,1
MALA,Malária,500793,Sonora,MS,2013,0
MALA,Malária,500793,Sonora,MS,2014,0
MALA,Malária,500793,Sonora,MS,2015,0
MALA,Malária,500793,Sonora,MS,2016,0
MALA,Malária,500793,Sonora,MS,2017,0
MALA,Malária,500793,Sonora,MS,2018,0
MALA,Malária,500793,Sonora,MS,2019,0
MALA,Malária,500793,Sonora,MS,2020,0
MALA,Malária,500793,Sonora,MS,2021,0
MALA,Malária,500793,Sonora,MS,2022,0
MALA,Malária,500793,Sonora,MS,2023,0
MALA,Malária,500793,Sonora,MS,2024,0
MALA,Malária,500795,Tacuru,MS,2007,1
MALA,Malária,500795,Tacuru,MS,2008,0
MALA,Malária,500795,Tacuru,MS,2009,0
MALA,Malária,500795,Tacuru,MS,2010,0
MALA,Malária,500795,Tacuru,MS,2011,0
MALA,Malária,500795,Tacuru,MS,2012,1
MALA,Malária,500795,Tacuru,MS,2013,0
MALA,Malária,500795,Tacuru,MS,2014,0
MALA,Malária,500795,Tacuru,MS,2015,0
MALA,Malária,500795,Tacuru,MS,2016,0
MALA,Malária,500795,Tacuru,MS,2017,0
MALA,Malária,500795,Tacuru,MS,2018,0
MALA,Malária,500795,Tacuru,MS,2019,0
MALA,Malária,500795,Tacuru,MS,2020,0
MALA,Malária,500795,Tacuru,MS,2021,0
MALA,Malária,500795,Tacuru,MS,2022,0
MALA,Malária,500795,Tacuru,MS,2023,0
MALA,Malária,500795,Tacuru,MS,2024,0
MALA,Malária,500797,Taquarussu,MS,2007,0
MALA,Malária,500797,Taquarussu,MS,2008,0
MALA,Malária,500797,Taquarussu,MS,2009,1
MALA,Malária,500797,Taquarussu,MS,2010,0
MALA,Malária,500797,Taquarussu,MS,2011,0
MALA,Malária,500797,Taquarussu,MS,2012,0
MALA,Malária,500797,Taquarussu,MS,2013,0
MALA,Malária,500797,Taquarussu,MS,2014,0
MALA,Malária,500797,Taquarussu,MS,2015,0
MALA,Malária,500797,Taquarussu,MS,2016,0
MALA,Malária,500797,Taquarussu,MS,2017,0
MALA,Malária,500797,Taquarussu,MS,2018,0
MALA,Malária,500797,Taquarussu,MS,2019,0
MALA,Malária,500797,Taquarussu,MS,2020,0
MALA,Malária,500797,Taquarussu,MS,2021,0
MALA,Malária,500797,Taquarussu,MS,2022,0
MALA,Malária,500797,Taquarussu,MS,2023,0
MALA,Malária,500797,Taquarussu,MS,2024,0
MALA,Malária,500830,Tres Lagoas,MS,2007,0
MALA,Malária,500830,Tres Lagoas,MS,2008,0
MALA,Malária,500830,Tres Lagoas,MS,2009,0
MALA,Malária,500830,Tres Lagoas,MS,2010,4
MALA,Malária,500830,Tres Lagoas,MS,2011,1
MALA,Malária,500830,Tres Lagoas,MS,2012,0
MALA,Malária,500830,Tres Lagoas,MS,2013,0
MALA,Malária,500830,Tres Lagoas,MS,2014,2
MALA,Malária,500830,Tres Lagoas,MS,2015,0
MALA,Malária,500830,Tres Lagoas,MS,2016,0
MALA,Malária,500830,Tres Lagoas,MS,2017,0
MALA,Malária,500830,Tres Lagoas,MS,2018,0
MALA,Malária,500830,Tres Lagoas,MS,2019,1
MALA,Malária,500830,Tres Lagoas,MS,2020,2
MALA,Malária,500830,Tres Lagoas,MS,2021,1
MALA,Malária,500830,Tres Lagoas,MS,2022,0
MALA,Malária,500830,Tres Lagoas,MS,2023,0
MALA,Malária,500830,Tres Lagoas,MS,2024,1
MALA,Malária,250030,Alagoa Grande,PB,2007,1
MALA,Malária,250030,Alagoa Grande,PB,2008,0
MALA,Malária,250030,Alagoa Grande,PB,2009,0
MALA,Malária,250030,Alagoa Grande,PB,2010,0
MALA,Malária,250030,Alagoa Grande,PB,2011,0
MALA,Malária,250030,Alagoa Grande,PB,2012,0
MALA,Malária,250030,Alagoa Grande,PB,2013,0
MALA,Malária,250030,Alagoa Grande,PB,2014,0
MALA,Malária,250030,Alagoa Grande,PB,2015,0
MALA,Malária,250030,Alagoa Grande,PB,2016,0
MALA,Malária,250030,Alagoa Grande,PB,2017,0
MALA,Malária,250030,Alagoa Grande,PB,2018,0
MALA,Malária,250030,Alagoa Grande,PB,2019,0
MALA,Malária,250030,Alagoa Grande,PB,2020,0
MALA,Malária,250030,Alagoa Grande,PB,2021,0
MALA,Malária,250030,Alagoa Grande,PB,2022,0
MALA,Malária,250030,Alagoa Grande,PB,2023,0
MALA,Malária,250030,Alagoa Grande,PB,2024,0
MALA,Malária,250370,Cajazeiras,PB,2007,0
MALA,Malária,250370,Cajazeiras,PB,2008,0
MALA,Malária,250370,Cajazeiras,PB,2009,0
MALA,Malária,250370,Cajazeiras,PB,2010,0
MALA,Malária,250370,Cajazeiras,PB,2011,0
MALA,Malária,250370,Cajazeiras,PB,2012,1
MALA,Malária,250370,Cajazeiras,PB,2013,0
MALA,Malária,250370,Cajazeiras,PB,2014,0
MALA,Malária,250370,Cajazeiras,PB,2015,0
MALA,Malária,250370,Cajazeiras,PB,2016,0
MALA,Malária,250370,Cajazeiras,PB,2017,0
MALA,Malária,250370,Cajazeiras,PB,2018,0
MALA,Malária,250370,Cajazeiras,PB,2019,0
MALA,Malária,250370,Cajazeiras,PB,2020,0
MALA,Malária,250370,Cajazeiras,PB,2021,0
MALA,Malária,250370,Cajazeiras,PB,2022,0
MALA,Malária,250370,Cajazeiras,PB,2023,0
MALA,Malária,250370,Cajazeiras,PB,2024,1
MALA,Malária,250375,Cajazeirinhas,PB,2007,0
MALA,Malária,250375,Cajazeirinhas,PB,2008,0
MALA,Malária,250375,Cajazeirinhas,PB,2009,0
MALA,Malária,250375,Cajazeirinhas,PB,2010,0
MALA,Malária,250375,Cajazeirinhas,PB,2011,0
MALA,Malária,250375,Cajazeirinhas,PB,2012,1
MALA,Malária,250375,Cajazeirinhas,PB,2013,0
MALA,Malária,250375,Cajazeirinhas,PB,2014,0
MALA,Malária,250375,Cajazeirinhas,PB,2015,0
MALA,Malária,250375,Cajazeirinhas,PB,2016,0
MALA,Malária,250375,Cajazeirinhas,PB,2017,0
MALA,Malária,250375,Cajazeirinhas,PB,2018,0
MALA,Malária,250375,Cajazeirinhas,PB,2019,0
MALA,Malária,250375,Cajazeirinhas,PB,2020,0
MALA,Malária,250375,Cajazeirinhas,PB,2021,0
MALA,Malária,250375,Cajazeirinhas,PB,2022,0
MALA,Malária,250375,Cajazeirinhas,PB,2023,0
MALA,Malária,250375,Cajazeirinhas,PB,2024,0
MALA,Malária,250400,Campina Grande,PB,2007,0
MALA,Malária,250400,Campina Grande,PB,2008,0
MALA,Malária,250400,Campina Grande,PB,2009,7
MALA,Malária,250400,Campina Grande,PB,2010,8
MALA,Malária,250400,Campina Grande,PB,2011,2
MALA,Malária,250400,Campina Grande,PB,2012,1
MALA,Malária,250400,Campina Grande,PB,2013,2
MALA,Malária,250400,Campina Grande,PB,2014,0
MALA,Malária,250400,Campina Grande,PB,2015,1
MALA,Malária,250400,Campina Grande,PB,2016,3
MALA,Malária,250400,Campina Grande,PB,2017,0
MALA,Malária,250400,Campina Grande,PB,2018,0
MALA,Malária,250400,Campina Grande,PB,2019,1
MALA,Malária,250400,Campina Grande,PB,2020,0
MALA,Malária,250400,Campina Grande,PB,2021,2
MALA,Malária,250400,Campina Grande,PB,2022,0
MALA,Malária,250400,Campina Grande,PB,2023,0
MALA,Malária,250400,Campina Grande,PB,2024,1
MALA,Malária,250430,Catole do Rocha,PB,2007,0
MALA,Malária,250430,Catole do Rocha,PB,2008,0
MALA,Malária,250430,Catole do Rocha,PB,2009,2
MALA,Malária,250430,Catole do Rocha,PB,2010,1
MALA,Malária,250430,Catole do Rocha,PB,2011,0
MALA,Malária,250430,Catole do Rocha,PB,2012,0
MALA,Malária,250430,Catole do Rocha,PB,2013,0
MALA,Malária,250430,Catole do Rocha,PB,2014,0
MALA,Malária,250430,Catole do Rocha,PB,2015,0
MALA,Malária,250430,Catole do Rocha,PB,2016,0
MALA,Malária,250430,Catole do Rocha,PB,2017,0
MALA,Malária,250430,Catole do Rocha,PB,2018,0
MALA,Malária,250430,Catole do Rocha,PB,2019,0
MALA,Malária,250430,Catole do Rocha,PB,2020,0
MALA,Malária,250430,Catole do Rocha,PB,2021,0
MALA,Malária,250430,Catole do Rocha,PB,2022,0
MALA,Malária,250430,Catole do Rocha,PB,2023,2
MALA,Malária,250430,Catole do Rocha,PB,2024,0
MALA,Malária,250460,Conde,PB,2007,0
MALA,Malária,250460,Conde,PB,2008,0
MALA,Malária,250460,Conde,PB,2009,0
MALA,Malária,250460,Conde,PB,2010,0
MALA,Malária,250460,Conde,PB,2011,0
MALA,Malária,250460,Conde,PB,2012,0
MALA,Malária,250460,Conde,PB,2013,0
MALA,Malária,250460,Conde,PB,2014,0
MALA,Malária,250460,Conde,PB,2015,0
MALA,Malária,250460,Conde,PB,2016,0
MALA,Malária,250460,Conde,PB,2017,0
MALA,Malária,250460,Conde,PB,2018,0
MALA,Malária,250460,Conde,PB,2019,3
MALA,Malária,250460,Conde,PB,2020,1
MALA,Malária,250460,Conde,PB,2021,0
MALA,Malária,250460,Conde,PB,2022,0
MALA,Malária,250460,Conde,PB,2023,0
MALA,Malária,250460,Conde,PB,2024,0
MALA,Malária,250750,Joao Pessoa,PB,2007,1
MALA,Malária,250750,Joao Pessoa,PB,2008,0
MALA,Malária,250750,Joao Pessoa,PB,2009,0
MALA,Malária,250750,Joao Pessoa,PB,2010,9
MALA,Malária,250750,Joao Pessoa,PB,2011,3
MALA,Malária,250750,Joao Pessoa,PB,2012,3
MALA,Malária,250750,Joao Pessoa,PB,2013,5
MALA,Malária,250750,Joao Pessoa,PB,2014,1
MALA,Malária,250750,Joao Pessoa,PB,2015,7
MALA,Malária,250750,Joao Pessoa,PB,2016,0
MALA,Malária,250750,Joao Pessoa,PB,2017,2
MALA,Malária,250750,Joao Pessoa,PB,2018,4
MALA,Malária,250750,Joao Pessoa,PB,2019,24
MALA,Malária,250750,Joao Pessoa,PB,2020,1
MALA,Malária,250750,Joao Pessoa,PB,2021,4
MALA,Malária,250750,Joao Pessoa,PB,2022,2
MALA,Malária,250750,Joao Pessoa,PB,2023,4
MALA,Malária,250750,Joao Pessoa,PB,2024,5
MALA,Malária,251080,Patos,PB,2007,0
MALA,Malária,251080,Patos,PB,2008,0
MALA,Malária,251080,Patos,PB,2009,0
MALA,Malária,251080,Patos,PB,2010,0
MALA,Malária,251080,Patos,PB,2011,2
MALA,Malária,251080,Patos,PB,2012,2
MALA,Malária,251080,Patos,PB,2013,0
MALA,Malária,251080,Patos,PB,2014,0
MALA,Malária,251080,Patos,PB,2015,2
MALA,Malária,251080,Patos,PB,2016,0
MALA,Malária,251080,Patos,PB,2017,0
MALA,Malária,251080,Patos,PB,2018,0
MALA,Malária,251080,Patos,PB,2019,0
MALA,Malária,251080,Patos,PB,2020,0
MALA,Malária,251080,Patos,PB,2021,0
MALA,Malária,251080,Patos,PB,2022,0
MALA,Malária,251080,Patos,PB,2023,1
MALA,Malária,251080,Patos,PB,2024,0
MALA,Malária,251230,Princesa Isabel,PB,2007,0
MALA,Malária,251230,Princesa Isabel,PB,2008,0
MALA,Malária,251230,Princesa Isabel,PB,2009,0
MALA,Malária,251230,Princesa Isabel,PB,2010,1
MALA,Malária,251230,Princesa Isabel,PB,2011,0
MALA,Malária,251230,Princesa Isabel,PB,2012,0
MALA,Malária,251230,Princesa Isabel,PB,2013,0
MALA,Malária,251230,Princesa Isabel,PB,2014,0
MALA,Malária,251230,Princesa Isabel,PB,2015,0
MALA,Malária,251230,Princesa Isabel,PB,2016,0
MALA,Malária,251230,Princesa Isabel,PB,2017,0
MALA,Malária,251230,Princesa Isabel,PB,2018,0
MALA,Malária,251230,Princesa Isabel,PB,2019,0
MALA,Malária,251230,Princesa Isabel,PB,2020,0
MALA,Malária,251230,Princesa Isabel,PB,2021,0
MALA,Malária,251230,Princesa Isabel,PB,2022,0
MALA,Malária,251230,Princesa Isabel,PB,2023,0
MALA,Malária,251230,Princesa Isabel,PB,2024,0
MALA,Malária,251390,Sao Bento,PB,2007,0
MALA,Malária,251390,Sao Bento,PB,2008,0
MALA,Malária,251390,Sao Bento,PB,2009,0
MALA,Malária,251390,Sao Bento,PB,2010,0
MALA,Malária,251390,Sao Bento,PB,2011,0
MALA,Malária,251390,Sao Bento,PB,2012,1
MALA,Malária,251390,Sao Bento,PB,2013,0
MALA,Malária,251390,Sao Bento,PB,2014,0
MALA,Malária,251390,Sao Bento,PB,2015,0
MALA,Malária,251390,Sao Bento,PB,2016,0
MALA,Malária,251390,Sao Bento,PB,2017,0
MALA,Malária,251390,Sao Bento,PB,2018,0
MALA,Malária,251390,Sao Bento,PB,2019,0
MALA,Malária,251390,Sao Bento,PB,2020,0
MALA,Malária,251390,Sao Bento,PB,2021,0
MALA,Malária,251390,Sao Bento,PB,2022,0
MALA,Malária,251390,Sao Bento,PB,2023,0
MALA,Malária,251390,Sao Bento,PB,2024,0
MALA,Malária,260005,Abreu e Lima,PE,2007,0
MALA,Malária,260005,Abreu e Lima,PE,2008,0
MALA,Malária,260005,Abreu e Lima,PE,2009,1
MALA,Malária,260005,Abreu e Lima,PE,2010,0
MALA,Malária,260005,Abreu e Lima,PE,2011,0
MALA,Malária,260005,Abreu e Lima,PE,2012,0
MALA,Malária,260005,Abreu e Lima,PE,2013,0
MALA,Malária,260005,Abreu e Lima,PE,2014,0
MALA,Malária,260005,Abreu e Lima,PE,2015,0
MALA,Malária,260005,Abreu e Lima,PE,2016,0
MALA,Malária,260005,Abreu e Lima,PE,2017,0
MALA,Malária,260005,Abreu e Lima,PE,2018,0
MALA,Malária,260005,Abreu e Lima,PE,2019,0
MALA,Malária,260005,Abreu e Lima,PE,2020,0
MALA,Malária,260005,Abreu e Lima,PE,2021,0
MALA,Malária,260005,Abreu e Lima,PE,2022,0
MALA,Malária,260005,Abreu e Lima,PE,2023,0
MALA,Malária,260005,Abreu e Lima,PE,2024,0
MALA,Malária,260020,Afranio,PE,2007,0
MALA,Malária,260020,Afranio,PE,2008,0
MALA,Malária,260020,Afranio,PE,2009,0
MALA,Malária,260020,Afranio,PE,2010,0
MALA,Malária,260020,Afranio,PE,2011,0
MALA,Malária,260020,Afranio,PE,2012,0
MALA,Malária,260020,Afranio,PE,2013,0
MALA,Malária,260020,Afranio,PE,2014,0
MALA,Malária,260020,Afranio,PE,2015,0
MALA,Malária,260020,Afranio,PE,2016,0
MALA,Malária,260020,Afranio,PE,2017,0
MALA,Malária,260020,Afranio,PE,2018,0
MALA,Malária,260020,Afranio,PE,2019,0
MALA,Malária,260020,Afranio,PE,2020,0
MALA,Malária,260020,Afranio,PE,2021,0
MALA,Malária,260020,Afranio,PE,2022,0
MALA,Malária,260020,Afranio,PE,2023,1
MALA,Malária,260020,Afranio,PE,2024,0
MALA,Malária,260110,Araripina,PE,2007,0
MALA,Malária,260110,Araripina,PE,2008,0
MALA,Malária,260110,Araripina,PE,2009,0
MALA,Malária,260110,Araripina,PE,2010,0
MALA,Malária,260110,Araripina,PE,2011,2
MALA,Malária,260110,Araripina,PE,2012,0
MALA,Malária,260110,Araripina,PE,2013,0
MALA,Malária,260110,Araripina,PE,2014,0
MALA,Malária,260110,Araripina,PE,2015,0
MALA,Malária,260110,Araripina,PE,2016,0
MALA,Malária,260110,Araripina,PE,2017,0
MALA,Malária,260110,Araripina,PE,2018,0
MALA,Malária,260110,Araripina,PE,2019,0
MALA,Malária,260110,Araripina,PE,2020,0
MALA,Malária,260110,Araripina,PE,2021,0
MALA,Malária,260110,Araripina,PE,2022,0
MALA,Malária,260110,Araripina,PE,2023,0
MALA,Malária,260110,Araripina,PE,2024,0
MALA,Malária,260290,Cabo de Santo Agostinho,PE,2007,0
MALA,Malária,260290,Cabo de Santo Agostinho,PE,2008,0
MALA,Malária,260290,Cabo de Santo Agostinho,PE,2009,0
MALA,Malária,260290,Cabo de Santo Agostinho,PE,2010,0
MALA,Malária,260290,Cabo de Santo Agostinho,PE,2011,0
MALA,Malária,260290,Cabo de Santo Agostinho,PE,2012,0
MALA,Malária,260290,Cabo de Santo Agostinho,PE,2013,0
MALA,Malária,260290,Cabo de Santo Agostinho,PE,2014,0
MALA,Malária,260290,Cabo de Santo Agostinho,PE,2015,0
MALA,Malária,260290,Cabo de Santo Agostinho,PE,2016,0
MALA,Malária,260290,Cabo de Santo Agostinho,PE,2017,0
MALA,Malária,260290,Cabo de Santo Agostinho,PE,2018,0
MALA,Malária,260290,Cabo de Santo Agostinho,PE,2019,0
MALA,Malária,260290,Cabo de Santo Agostinho,PE,2020,0
MALA,Malária,260290,Cabo de Santo Agostinho,PE,2021,0
MALA,Malária,260290,Cabo de Santo Agostinho,PE,2022,0
MALA,Malária,260290,Cabo de Santo Agostinho,PE,2023,1
MALA,Malária,260290,Cabo de Santo Agostinho,PE,2024,0
MALA,Malária,260300,Cabrobo,PE,2007,0
MALA,Malária,260300,Cabrobo,PE,2008,0
MALA,Malária,260300,Cabrobo,PE,2009,0
MALA,Malária,260300,Cabrobo,PE,2010,1
MALA,Malária,260300,Cabrobo,PE,2011,1
MALA,Malária,260300,Cabrobo,PE,2012,0
MALA,Malária,260300,Cabrobo,PE,2013,2
MALA,Malária,260300,Cabrobo,PE,2014,0
MALA,Malária,260300,Cabrobo,PE,2015,0
MALA,Malária,260300,Cabrobo,PE,2016,0
MALA,Malária,260300,Cabrobo,PE,2017,0
MALA,Malária,260300,Cabrobo,PE,2018,0
MALA,Malária,260300,Cabrobo,PE,2019,0
MALA,Malária,260300,Cabrobo,PE,2020,0
MALA,Malária,260300,Cabrobo,PE,2021,0
MALA,Malária,260300,Cabrobo,PE,2022,0
MALA,Malária,260300,Cabrobo,PE,2023,0
MALA,Malária,260300,Cabrobo,PE,2024,0
MALA,Malária,260400,Carpina,PE,2007,1
MALA,Malária,260400,Carpina,PE,2008,1
MALA,Malária,260400,Carpina,PE,2009,0
MALA,Malária,260400,Carpina,PE,2010,0
MALA,Malária,260400,Carpina,PE,2011,0
MALA,Malária,260400,Carpina,PE,2012,0
MALA,Malária,260400,Carpina,PE,2013,0
MALA,Malária,260400,Carpina,PE,2014,0
MALA,Malária,260400,Carpina,PE,2015,0
MALA,Malária,260400,Carpina,PE,2016,0
MALA,Malária,260400,Carpina,PE,2017,0
MALA,Malária,260400,Carpina,PE,2018,0
MALA,Malária,260400,Carpina,PE,2019,0
MALA,Malária,260400,Carpina,PE,2020,0
MALA,Malária,260400,Carpina,PE,2021,0
MALA,Malária,260400,Carpina,PE,2022,0
MALA,Malária,260400,Carpina,PE,2023,0
MALA,Malária,260400,Carpina,PE,2024,0
MALA,Malária,260410,Caruaru,PE,2007,0
MALA,Malária,260410,Caruaru,PE,2008,0
MALA,Malária,260410,Caruaru,PE,2009,2
MALA,Malária,260410,Caruaru,PE,2010,0
MALA,Malária,260410,Caruaru,PE,2011,0
MALA,Malária,260410,Caruaru,PE,2012,0
MALA,Malária,260410,Caruaru,PE,2013,0
MALA,Malária,260410,Caruaru,PE,2014,0
MALA,Malária,260410,Caruaru,PE,2015,0
MALA,Malária,260410,Caruaru,PE,2016,0
MALA,Malária,260410,Caruaru,PE,2017,0
MALA,Malária,260410,Caruaru,PE,2018,1
MALA,Malária,260410,Caruaru,PE,2019,0
MALA,Malária,260410,Caruaru,PE,2020,0
MALA,Malária,260410,Caruaru,PE,2021,1
MALA,Malária,260410,Caruaru,PE,2022,1
MALA,Malária,260410,Caruaru,PE,2023,1
MALA,Malária,260410,Caruaru,PE,2024,0
MALA,Malária,260430,Cedro,PE,2007,2
MALA,Malária,260430,Cedro,PE,2008,0
MALA,Malária,260430,Cedro,PE,2009,0
MALA,Malária,260430,Cedro,PE,2010,0
MALA,Malária,260430,Cedro,PE,2011,0
MALA,Malária,260430,Cedro,PE,2012,0
MALA,Malária,260430,Cedro,PE,2013,0
MALA,Malária,260430,Cedro,PE,2014,0
MALA,Malária,260430,Cedro,PE,2015,0
MALA,Malária,260430,Cedro,PE,2016,1
MALA,Malária,260430,Cedro,PE,2017,0
MALA,Malária,260430,Cedro,PE,2018,0
MALA,Malária,260430,Cedro,PE,2019,0
MALA,Malária,260430,Cedro,PE,2020,0
MALA,Malária,260430,Cedro,PE,2021,0
MALA,Malária,260430,Cedro,PE,2022,0
MALA,Malária,260430,Cedro,PE,2023,0
MALA,Malária,260430,Cedro,PE,2024,0
MALA,Malária,260460,Condado,PE,2007,0
MALA,Malária,260460,Condado,PE,2008,0
MALA,Malária,260460,Condado,PE,2009,1
MALA,Malária,260460,Condado,PE,2010,0
MALA,Malária,260460,Condado,PE,2011,0
MALA,Malária,260460,Condado,PE,2012,0
MALA,Malária,260460,Condado,PE,2013,0
MALA,Malária,260460,Condado,PE,2014,0
MALA,Malária,260460,Condado,PE,2015,0
MALA,Malária,260460,Condado,PE,2016,0
MALA,Malária,260460,Condado,PE,2017,0
MALA,Malária,260460,Condado,PE,2018,0
MALA,Malária,260460,Condado,PE,2019,0
MALA,Malária,260460,Condado,PE,2020,0
MALA,Malária,260460,Condado,PE,2021,0
MALA,Malária,260460,Condado,PE,2022,0
MALA,Malária,260460,Condado,PE,2023,0
MALA,Malária,260460,Condado,PE,2024,0
MALA,Malária,260545,Fernando de Noronha,PE,2007,0
MALA,Malária,260545,Fernando de Noronha,PE,2008,0
MALA,Malária,260545,Fernando de Noronha,PE,2009,0
MALA,Malária,260545,Fernando de Noronha,PE,2010,0
MALA,Malária,260545,Fernando de Noronha,PE,2011,0
MALA,Malária,260545,Fernando de Noronha,PE,2012,0
MALA,Malária,260545,Fernando de Noronha,PE,2013,0
MALA,Malária,260545,Fernando de Noronha,PE,2014,0
MALA,Malária,260545,Fernando de Noronha,PE,2015,0
MALA,Malária,260545,Fernando de Noronha,PE,2016,0
MALA,Malária,260545,Fernando de Noronha,PE,2017,0
MALA,Malária,260545,Fernando de Noronha,PE,2018,1
MALA,Malária,260545,Fernando de Noronha,PE,2019,0
MALA,Malária,260545,Fernando de Noronha,PE,2020,0
MALA,Malária,260545,Fernando de Noronha,PE,2021,0
MALA,Malária,260545,Fernando de Noronha,PE,2022,0
MALA,Malária,260545,Fernando de Noronha,PE,2023,0
MALA,Malária,260545,Fernando de Noronha,PE,2024,0
MALA,Malária,260600,Garanhuns,PE,2007,0
MALA,Malária,260600,Garanhuns,PE,2008,0
MALA,Malária,260600,Garanhuns,PE,2009,0
MALA,Malária,260600,Garanhuns,PE,2010,0
MALA,Malária,260600,Garanhuns,PE,2011,0
MALA,Malária,260600,Garanhuns,PE,2012,0
MALA,Malária,260600,Garanhuns,PE,2013,0
MALA,Malária,260600,Garanhuns,PE,2014,0
MALA,Malária,260600,Garanhuns,PE,2015,0
MALA,Malária,260600,Garanhuns,PE,2016,0
MALA,Malária,260600,Garanhuns,PE,2017,1
MALA,Malária,260600,Garanhuns,PE,2018,0
MALA,Malária,260600,Garanhuns,PE,2019,0
MALA,Malária,260600,Garanhuns,PE,2020,0
MALA,Malária,260600,Garanhuns,PE,2021,0
MALA,Malária,260600,Garanhuns,PE,2022,0
MALA,Malária,260600,Garanhuns,PE,2023,0
MALA,Malária,260600,Garanhuns,PE,2024,1
MALA,Malária,260610,Gloria do Goita,PE,2007,1
MALA,Malária,260610,Gloria do Goita,PE,2008,0
MALA,Malária,260610,Gloria do Goita,PE,2009,0
MALA,Malária,260610,Gloria do Goita,PE,2010,0
MALA,Malária,260610,Gloria do Goita,PE,2011,0
MALA,Malária,260610,Gloria do Goita,PE,2012,0
MALA,Malária,260610,Gloria do Goita,PE,2013,0
MALA,Malária,260610,Gloria do Goita,PE,2014,0
MALA,Malária,260610,Gloria do Goita,PE,2015,0
MALA,Malária,260610,Gloria do Goita,PE,2016,0
MALA,Malária,260610,Gloria do Goita,PE,2017,0
MALA,Malária,260610,Gloria do Goita,PE,2018,0
MALA,Malária,260610,Gloria do Goita,PE,2019,0
MALA,Malária,260610,Gloria do Goita,PE,2020,0
MALA,Malária,260610,Gloria do Goita,PE,2021,0
MALA,Malária,260610,Gloria do Goita,PE,2022,0
MALA,Malária,260610,Gloria do Goita,PE,2023,0
MALA,Malária,260610,Gloria do Goita,PE,2024,0
MALA,Malária,260640,Gravata,PE,2007,2
MALA,Malária,260640,Gravata,PE,2008,0
MALA,Malária,260640,Gravata,PE,2009,0
MALA,Malária,260640,Gravata,PE,2010,0
MALA,Malária,260640,Gravata,PE,2011,0
MALA,Malária,260640,Gravata,PE,2012,0
MALA,Malária,260640,Gravata,PE,2013,0
MALA,Malária,260640,Gravata,PE,2014,0
MALA,Malária,260640,Gravata,PE,2015,0
MALA,Malária,260640,Gravata,PE,2016,0
MALA,Malária,260640,Gravata,PE,2017,0
MALA,Malária,260640,Gravata,PE,2018,0
MALA,Malária,260640,Gravata,PE,2019,0
MALA,Malária,260640,Gravata,PE,2020,0
MALA,Malária,260640,Gravata,PE,2021,0
MALA,Malária,260640,Gravata,PE,2022,0
MALA,Malária,260640,Gravata,PE,2023,0
MALA,Malária,260640,Gravata,PE,2024,0
MALA,Malária,260720,Ipojuca,PE,2007,1
MALA,Malária,260720,Ipojuca,PE,2008,9
MALA,Malária,260720,Ipojuca,PE,2009,0
MALA,Malária,260720,Ipojuca,PE,2010,0
MALA,Malária,260720,Ipojuca,PE,2011,0
MALA,Malária,260720,Ipojuca,PE,2012,0
MALA,Malária,260720,Ipojuca,PE,2013,0
MALA,Malária,260720,Ipojuca,PE,2014,0
MALA,Malária,260720,Ipojuca,PE,2015,0
MALA,Malária,260720,Ipojuca,PE,2016,0
MALA,Malária,260720,Ipojuca,PE,2017,0
MALA,Malária,260720,Ipojuca,PE,2018,0
MALA,Malária,260720,Ipojuca,PE,2019,0
MALA,Malária,260720,Ipojuca,PE,2020,0
MALA,Malária,260720,Ipojuca,PE,2021,0
MALA,Malária,260720,Ipojuca,PE,2022,0
MALA,Malária,260720,Ipojuca,PE,2023,0
MALA,Malária,260720,Ipojuca,PE,2024,0
MALA,Malária,260790,Jaboatao Dos Guararapes,PE,2007,0
MALA,Malária,260790,Jaboatao Dos Guararapes,PE,2008,0
MALA,Malária,260790,Jaboatao Dos Guararapes,PE,2009,0
MALA,Malária,260790,Jaboatao Dos Guararapes,PE,2010,0
MALA,Malária,260790,Jaboatao Dos Guararapes,PE,2011,1
MALA,Malária,260790,Jaboatao Dos Guararapes,PE,2012,1
MALA,Malária,260790,Jaboatao Dos Guararapes,PE,2013,0
MALA,Malária,260790,Jaboatao Dos Guararapes,PE,2014,0
MALA,Malária,260790,Jaboatao Dos Guararapes,PE,2015,0
MALA,Malária,260790,Jaboatao Dos Guararapes,PE,2016,0
MALA,Malária,260790,Jaboatao Dos Guararapes,PE,2017,0
MALA,Malária,260790,Jaboatao Dos Guararapes,PE,2018,0
MALA,Malária,260790,Jaboatao Dos Guararapes,PE,2019,0
MALA,Malária,260790,Jaboatao Dos Guararapes,PE,2020,0
MALA,Malária,260790,Jaboatao Dos Guararapes,PE,2021,0
MALA,Malária,260790,Jaboatao Dos Guararapes,PE,2022,0
MALA,Malária,260790,Jaboatao Dos Guararapes,PE,2023,0
MALA,Malária,260790,Jaboatao Dos Guararapes,PE,2024,0
MALA,Malária,260840,Jurema,PE,2007,0
MALA,Malária,260840,Jurema,PE,2008,0
MALA,Malária,260840,Jurema,PE,2009,0
MALA,Malária,260840,Jurema,PE,2010,1
MALA,Malária,260840,Jurema,PE,2011,0
MALA,Malária,260840,Jurema,PE,2012,0
MALA,Malária,260840,Jurema,PE,2013,0
MALA,Malária,260840,Jurema,PE,2014,0
MALA,Malária,260840,Jurema,PE,2015,0
MALA,Malária,260840,Jurema,PE,2016,0
MALA,Malária,260840,Jurema,PE,2017,0
MALA,Malária,260840,Jurema,PE,2018,0
MALA,Malária,260840,Jurema,PE,2019,0
MALA,Malária,260840,Jurema,PE,2020,0
MALA,Malária,260840,Jurema,PE,2021,0
MALA,Malária,260840,Jurema,PE,2022,0
MALA,Malária,260840,Jurema,PE,2023,0
MALA,Malária,260840,Jurema,PE,2024,0
MALA,Malária,260890,Limoeiro,PE,2007,0
MALA,Malária,260890,Limoeiro,PE,2008,0
MALA,Malária,260890,Limoeiro,PE,2009,0
MALA,Malária,260890,Limoeiro,PE,2010,0
MALA,Malária,260890,Limoeiro,PE,2011,0
MALA,Malária,260890,Limoeiro,PE,2012,0
MALA,Malária,260890,Limoeiro,PE,2013,0
MALA,Malária,260890,Limoeiro,PE,2014,0
MALA,Malária,260890,Limoeiro,PE,2015,0
MALA,Malária,260890,Limoeiro,PE,2016,0
MALA,Malária,260890,Limoeiro,PE,2017,0
MALA,Malária,260890,Limoeiro,PE,2018,0
MALA,Malária,260890,Limoeiro,PE,2019,0
MALA,Malária,260890,Limoeiro,PE,2020,1
MALA,Malária,260890,Limoeiro,PE,2021,0
MALA,Malária,260890,Limoeiro,PE,2022,0
MALA,Malária,260890,Limoeiro,PE,2023,0
MALA,Malária,260890,Limoeiro,PE,2024,0
MALA,Malária,260910,Machados,PE,2007,0
MALA,Malária,260910,Machados,PE,2008,0
MALA,Malária,260910,Machados,PE,2009,0
MALA,Malária,260910,Machados,PE,2010,0
MALA,Malária,260910,Machados,PE,2011,0
MALA,Malária,260910,Machados,PE,2012,0
MALA,Malária,260910,Machados,PE,2013,0
MALA,Malária,260910,Machados,PE,2014,0
MALA,Malária,260910,Machados,PE,2015,0
MALA,Malária,260910,Machados,PE,2016,0
MALA,Malária,260910,Machados,PE,2017,0
MALA,Malária,260910,Machados,PE,2018,0
MALA,Malária,260910,Machados,PE,2019,0
MALA,Malária,260910,Machados,PE,2020,0
MALA,Malária,260910,Machados,PE,2021,0
MALA,Malária,260910,Machados,PE,2022,0
MALA,Malária,260910,Machados,PE,2023,0
MALA,Malária,260910,Machados,PE,2024,1
MALA,Malária,260980,Oroco,PE,2007,0
MALA,Malária,260980,Oroco,PE,2008,0
MALA,Malária,260980,Oroco,PE,2009,1
MALA,Malária,260980,Oroco,PE,2010,0
MALA,Malária,260980,Oroco,PE,2011,0
MALA,Malária,260980,Oroco,PE,2012,0
MALA,Malária,260980,Oroco,PE,2013,0
MALA,Malária,260980,Oroco,PE,2014,0
MALA,Malária,260980,Oroco,PE,2015,0
MALA,Malária,260980,Oroco,PE,2016,0
MALA,Malária,260980,Oroco,PE,2017,0
MALA,Malária,260980,Oroco,PE,2018,0
MALA,Malária,260980,Oroco,PE,2019,0
MALA,Malária,260980,Oroco,PE,2020,0
MALA,Malária,260980,Oroco,PE,2021,0
MALA,Malária,260980,Oroco,PE,2022,0
MALA,Malária,260980,Oroco,PE,2023,0
MALA,Malária,260980,Oroco,PE,2024,0
MALA,Malária,260990,Ouricuri,PE,2007,0
MALA,Malária,260990,Ouricuri,PE,2008,0
MALA,Malária,260990,Ouricuri,PE,2009,0
MALA,Malária,260990,Ouricuri,PE,2010,2
MALA,Malária,260990,Ouricuri,PE,2011,1
MALA,Malária,260990,Ouricuri,PE,2012,0
MALA,Malária,260990,Ouricuri,PE,2013,0
MALA,Malária,260990,Ouricuri,PE,2014,0
MALA,Malária,260990,Ouricuri,PE,2015,0
MALA,Malária,260990,Ouricuri,PE,2016,0
MALA,Malária,260990,Ouricuri,PE,2017,0
MALA,Malária,260990,Ouricuri,PE,2018,0
MALA,Malária,260990,Ouricuri,PE,2019,0
MALA,Malária,260990,Ouricuri,PE,2020,0
MALA,Malária,260990,Ouricuri,PE,2021,0
MALA,Malária,260990,Ouricuri,PE,2022,0
MALA,Malária,260990,Ouricuri,PE,2023,0
MALA,Malária,260990,Ouricuri,PE,2024,0
MALA,Malária,261070,Paulista,PE,2007,0
MALA,Malária,261070,Paulista,PE,2008,0
MALA,Malária,261070,Paulista,PE,2009,0
MALA,Malária,261070,Paulista,PE,2010,0
MALA,Malária,261070,Paulista,PE,2011,0
MALA,Malária,261070,Paulista,PE,2012,1
MALA,Malária,261070,Paulista,PE,2013,1
MALA,Malária,261070,Paulista,PE,2014,0
MALA,Malária,261070,Paulista,PE,2015,0
MALA,Malária,261070,Paulista,PE,2016,0
MALA,Malária,261070,Paulista,PE,2017,0
MALA,Malária,261070,Paulista,PE,2018,0
MALA,Malária,261070,Paulista,PE,2019,0
MALA,Malária,261070,Paulista,PE,2020,0
MALA,Malária,261070,Paulista,PE,2021,0
MALA,Malária,261070,Paulista,PE,2022,0
MALA,Malária,261070,Paulista,PE,2023,0
MALA,Malária,261070,Paulista,PE,2024,0
MALA,Malária,261110,Petrolina,PE,2007,0
MALA,Malária,261110,Petrolina,PE,2008,0
MALA,Malária,261110,Petrolina,PE,2009,1
MALA,Malária,261110,Petrolina,PE,2010,0
MALA,Malária,261110,Petrolina,PE,2011,1
MALA,Malária,261110,Petrolina,PE,2012,3
MALA,Malária,261110,Petrolina,PE,2013,0
MALA,Malária,261110,Petrolina,PE,2014,1
MALA,Malária,261110,Petrolina,PE,2015,0
MALA,Malária,261110,Petrolina,PE,2016,0
MALA,Malária,261110,Petrolina,PE,2017,1
MALA,Malária,261110,Petrolina,PE,2018,2
MALA,Malária,261110,Petrolina,PE,2019,0
MALA,Malária,261110,Petrolina,PE,2020,0
MALA,Malária,261110,Petrolina,PE,2021,0
MALA,Malária,261110,Petrolina,PE,2022,0
MALA,Malária,261110,Petrolina,PE,2023,0
MALA,Malária,261110,Petrolina,PE,2024,1
MALA,Malária,261160,Recife,PE,2007,21
MALA,Malária,261160,Recife,PE,2008,27
MALA,Malária,261160,Recife,PE,2009,28
MALA,Malária,261160,Recife,PE,2010,21
MALA,Malária,261160,Recife,PE,2011,23
MALA,Malária,261160,Recife,PE,2012,14
MALA,Malária,261160,Recife,PE,2013,19
MALA,Malária,261160,Recife,PE,2014,11
MALA,Malária,261160,Recife,PE,2015,11
MALA,Malária,261160,Recife,PE,2016,13
MALA,Malária,261160,Recife,PE,2017,5
MALA,Malária,261160,Recife,PE,2018,5
MALA,Malária,261160,Recife,PE,2019,10
MALA,Malária,261160,Recife,PE,2020,7
MALA,Malária,261160,Recife,PE,2021,4
MALA,Malária,261160,Recife,PE,2022,7
MALA,Malária,261160,Recife,PE,2023,9
MALA,Malária,261160,Recife,PE,2024,7
MALA,Malária,261220,Salgueiro,PE,2007,0
MALA,Malária,261220,Salgueiro,PE,2008,1
MALA,Malária,261220,Salgueiro,PE,2009,0
MALA,Malária,261220,Salgueiro,PE,2010,0
MALA,Malária,261220,Salgueiro,PE,2011,0
MALA,Malária,261220,Salgueiro,PE,2012,0
MALA,Malária,261220,Salgueiro,PE,2013,0
MALA,Malária,261220,Salgueiro,PE,2014,0
MALA,Malária,261220,Salgueiro,PE,2015,0
MALA,Malária,261220,Salgueiro,PE,2016,0
MALA,Malária,261220,Salgueiro,PE,2017,0
MALA,Malária,261220,Salgueiro,PE,2018,0
MALA,Malária,261220,Salgueiro,PE,2019,0
MALA,Malária,261220,Salgueiro,PE,2020,0
MALA,Malária,261220,Salgueiro,PE,2021,0
MALA,Malária,261220,Salgueiro,PE,2022,0
MALA,Malária,261220,Salgueiro,PE,2023,0
MALA,Malária,261220,Salgueiro,PE,2024,0
MALA,Malária,261250,Santa Cruz do Capibaribe,PE,2007,0
MALA,Malária,261250,Santa Cruz do Capibaribe,PE,2008,0
MALA,Malária,261250,Santa Cruz do Capibaribe,PE,2009,0
MALA,Malária,261250,Santa Cruz do Capibaribe,PE,2010,0
MALA,Malária,261250,Santa Cruz do Capibaribe,PE,2011,0
MALA,Malária,261250,Santa Cruz do Capibaribe,PE,2012,0
MALA,Malária,261250,Santa Cruz do Capibaribe,PE,2013,1
MALA,Malária,261250,Santa Cruz do Capibaribe,PE,2014,0
MALA,Malária,261250,Santa Cruz do Capibaribe,PE,2015,0
MALA,Malária,261250,Santa Cruz do Capibaribe,PE,2016,0
MALA,Malária,261250,Santa Cruz do Capibaribe,PE,2017,0
MALA,Malária,261250,Santa Cruz do Capibaribe,PE,2018,0
MALA,Malária,261250,Santa Cruz do Capibaribe,PE,2019,0
MALA,Malária,261250,Santa Cruz do Capibaribe,PE,2020,0
MALA,Malária,261250,Santa Cruz do Capibaribe,PE,2021,0
MALA,Malária,261250,Santa Cruz do Capibaribe,PE,2022,0
MALA,Malária,261250,Santa Cruz do Capibaribe,PE,2023,0
MALA,Malária,261250,Santa Cruz do Capibaribe,PE,2024,0
MALA,Malária,261350,Sao Jose do Belmonte,PE,2007,0
MALA,Malária,261350,Sao Jose do Belmonte,PE,2008,0
MALA,Malária,261350,Sao Jose do Belmonte,PE,2009,0
MALA,Malária,261350,Sao Jose do Belmonte,PE,2010,1
MALA,Malária,261350,Sao Jose do Belmonte,PE,2011,0
MALA,Malária,261350,Sao Jose do Belmonte,PE,2012,0
MALA,Malária,261350,Sao Jose do Belmonte,PE,2013,0
MALA,Malária,261350,Sao Jose do Belmonte,PE,2014,0
MALA,Malária,261350,Sao Jose do Belmonte,PE,2015,0
MALA,Malária,261350,Sao Jose do Belmonte,PE,2016,0
MALA,Malária,261350,Sao Jose do Belmonte,PE,2017,0
MALA,Malária,261350,Sao Jose do Belmonte,PE,2018,0
MALA,Malária,261350,Sao Jose do Belmonte,PE,2019,0
MALA,Malária,261350,Sao Jose do Belmonte,PE,2020,0
MALA,Malária,261350,Sao Jose do Belmonte,PE,2021,0
MALA,Malária,261350,Sao Jose do Belmonte,PE,2022,0
MALA,Malária,261350,Sao Jose do Belmonte,PE,2023,0
MALA,Malária,261350,Sao Jose do Belmonte,PE,2024,0
MALA,Malária,261390,Serra Talhada,PE,2007,0
MALA,Malária,261390,Serra Talhada,PE,2008,0
MALA,Malária,261390,Serra Talhada,PE,2009,0
MALA,Malária,261390,Serra Talhada,PE,2010,0
MALA,Malária,261390,Serra Talhada,PE,2011,0
MALA,Malária,261390,Serra Talhada,PE,2012,0
MALA,Malária,261390,Serra Talhada,PE,2013,0
MALA,Malária,261390,Serra Talhada,PE,2014,2
MALA,Malária,261390,Serra Talhada,PE,2015,0
MALA,Malária,261390,Serra Talhada,PE,2016,0
MALA,Malária,261390,Serra Talhada,PE,2017,0
MALA,Malária,261390,Serra Talhada,PE,2018,0
MALA,Malária,261390,Serra Talhada,PE,2019,0
MALA,Malária,261390,Serra Talhada,PE,2020,0
MALA,Malária,261390,Serra Talhada,PE,2021,0
MALA,Malária,261390,Serra Talhada,PE,2022,0
MALA,Malária,261390,Serra Talhada,PE,2023,0
MALA,Malária,261390,Serra Talhada,PE,2024,0
MALA,Malária,261560,Trindade,PE,2007,0
MALA,Malária,261560,Trindade,PE,2008,0
MALA,Malária,261560,Trindade,PE,2009,0
MALA,Malária,261560,Trindade,PE,2010,0
MALA,Malária,261560,Trindade,PE,2011,0
MALA,Malária,261560,Trindade,PE,2012,0
MALA,Malária,261560,Trindade,PE,2013,0
MALA,Malária,261560,Trindade,PE,2014,0
MALA,Malária,261560,Trindade,PE,2015,0
MALA,Malária,261560,Trindade,PE,2016,0
MALA,Malária,261560,Trindade,PE,2017,0
MALA,Malária,261560,Trindade,PE,2018,0
MALA,Malária,261560,Trindade,PE,2019,0
MALA,Malária,261560,Trindade,PE,2020,0
MALA,Malária,261560,Trindade,PE,2021,1
MALA,Malária,261560,Trindade,PE,2022,0
MALA,Malária,261560,Trindade,PE,2023,0
MALA,Malária,261560,Trindade,PE,2024,0
MALA,Malária,261570,Triunfo,PE,2007,0
MALA,Malária,261570,Triunfo,PE,2008,0
MALA,Malária,261570,Triunfo,PE,2009,0
MALA,Malária,261570,Triunfo,PE,2010,0
MALA,Malária,261570,Triunfo,PE,2011,0
MALA,Malária,261570,Triunfo,PE,2012,0
MALA,Malária,261570,Triunfo,PE,2013,0
MALA,Malária,261570,Triunfo,PE,2014,0
MALA,Malária,261570,Triunfo,PE,2015,0
MALA,Malária,261570,Triunfo,PE,2016,0
MALA,Malária,261570,Triunfo,PE,2017,0
MALA,Malária,261570,Triunfo,PE,2018,0
MALA,Malária,261570,Triunfo,PE,2019,0
MALA,Malária,261570,Triunfo,PE,2020,0
MALA,Malária,261570,Triunfo,PE,2021,0
MALA,Malária,261570,Triunfo,PE,2022,1
MALA,Malária,261570,Triunfo,PE,2023,0
MALA,Malária,261570,Triunfo,PE,2024,0
MALA,Malária,261630,Vicencia,PE,2007,0
MALA,Malária,261630,Vicencia,PE,2008,0
MALA,Malária,261630,Vicencia,PE,2009,0
MALA,Malária,261630,Vicencia,PE,2010,0
MALA,Malária,261630,Vicencia,PE,2011,0
MALA,Malária,261630,Vicencia,PE,2012,0
MALA,Malária,261630,Vicencia,PE,2013,0
MALA,Malária,261630,Vicencia,PE,2014,0
MALA,Malária,261630,Vicencia,PE,2015,0
MALA,Malária,261630,Vicencia,PE,2016,0
MALA,Malária,261630,Vicencia,PE,2017,0
MALA,Malária,261630,Vicencia,PE,2018,0
MALA,Malária,261630,Vicencia,PE,2019,0
MALA,Malária,261630,Vicencia,PE,2020,0
MALA,Malária,261630,Vicencia,PE,2021,0
MALA,Malária,261630,Vicencia,PE,2022,0
MALA,Malária,261630,Vicencia,PE,2023,1
MALA,Malária,261630,Vicencia,PE,2024,0
MALA,Malária,261640,Vitoria de Santo Antao,PE,2007,0
MALA,Malária,261640,Vitoria de Santo Antao,PE,2008,0
MALA,Malária,261640,Vitoria de Santo Antao,PE,2009,0
MALA,Malária,261640,Vitoria de Santo Antao,PE,2010,0
MALA,Malária,261640,Vitoria de Santo Antao,PE,2011,0
MALA,Malária,261640,Vitoria de Santo Antao,PE,2012,0
MALA,Malária,261640,Vitoria de Santo Antao,PE,2013,0
MALA,Malária,261640,Vitoria de Santo Antao,PE,2014,1
MALA,Malária,261640,Vitoria de Santo Antao,PE,2015,0
MALA,Malária,261640,Vitoria de Santo Antao,PE,2016,0
MALA,Malária,261640,Vitoria de Santo Antao,PE,2017,0
MALA,Malária,261640,Vitoria de Santo Antao,PE,2018,0
MALA,Malária,261640,Vitoria de Santo Antao,PE,2019,0
MALA,Malária,261640,Vitoria de Santo Antao,PE,2020,0
MALA,Malária,261640,Vitoria de Santo Antao,PE,2021,0
MALA,Malária,261640,Vitoria de Santo Antao,PE,2022,0
MALA,Malária,261640,Vitoria de Santo Antao,PE,2023,0
MALA,Malária,261640,Vitoria de Santo Antao,PE,2024,0
MALA,Malária,220020,Agua Branca,PI,2007,0
MALA,Malária,220020,Agua Branca,PI,2008,0
MALA,Malária,220020,Agua Branca,PI,2009,0
MALA,Malária,220020,Agua Branca,PI,2010,1
MALA,Malária,220020,Agua Branca,PI,2011,0
MALA,Malária,220020,Agua Branca,PI,2012,0
MALA,Malária,220020,Agua Branca,PI,2013,0
MALA,Malária,220020,Agua Branca,PI,2014,0
MALA,Malária,220020,Agua Branca,PI,2015,0
MALA,Malária,220020,Agua Branca,PI,2016,0
MALA,Malária,220020,Agua Branca,PI,2017,0
MALA,Malária,220020,Agua Branca,PI,2018,0
MALA,Malária,220020,Agua Branca,PI,2019,0
MALA,Malária,220020,Agua Branca,PI,2020,0
MALA,Malária,220020,Agua Branca,PI,2021,0
MALA,Malária,220020,Agua Branca,PI,2022,0
MALA,Malária,220020,Agua Branca,PI,2023,0
MALA,Malária,220020,Agua Branca,PI,2024,0
MALA,Malária,220025,Alagoinha do Piaui,PI,2007,0
MALA,Malária,220025,Alagoinha do Piaui,PI,2008,0
MALA,Malária,220025,Alagoinha do Piaui,PI,2009,0
MALA,Malária,220025,Alagoinha do Piaui,PI,2010,0
MALA,Malária,220025,Alagoinha do Piaui,PI,2011,1
MALA,Malária,220025,Alagoinha do Piaui,PI,2012,0
MALA,Malária,220025,Alagoinha do Piaui,PI,2013,0
MALA,Malária,220025,Alagoinha do Piaui,PI,2014,0
MALA,Malária,220025,Alagoinha do Piaui,PI,2015,0
MALA,Malária,220025,Alagoinha do Piaui,PI,2016,0
MALA,Malária,220025,Alagoinha do Piaui,PI,2017,0
MALA,Malária,220025,Alagoinha do Piaui,PI,2018,0
MALA,Malária,220025,Alagoinha do Piaui,PI,2019,0
MALA,Malária,220025,Alagoinha do Piaui,PI,2020,0
MALA,Malária,220025,Alagoinha do Piaui,PI,2021,0
MALA,Malária,220025,Alagoinha do Piaui,PI,2022,0
MALA,Malária,220025,Alagoinha do Piaui,PI,2023,0
MALA,Malária,220025,Alagoinha do Piaui,PI,2024,0
MALA,Malária,220040,Altos,PI,2007,0
MALA,Malária,220040,Altos,PI,2008,0
MALA,Malária,220040,Altos,PI,2009,0
MALA,Malária,220040,Altos,PI,2010,0
MALA,Malária,220040,Altos,PI,2011,0
MALA,Malária,220040,Altos,PI,2012,0
MALA,Malária,220040,Altos,PI,2013,0
MALA,Malária,220040,Altos,PI,2014,0
MALA,Malária,220040,Altos,PI,2015,1
MALA,Malária,220040,Altos,PI,2016,0
MALA,Malária,220040,Altos,PI,2017,0
MALA,Malária,220040,Altos,PI,2018,0
MALA,Malária,220040,Altos,PI,2019,0
MALA,Malária,220040,Altos,PI,2020,0
MALA,Malária,220040,Altos,PI,2021,0
MALA,Malária,220040,Altos,PI,2022,0
MALA,Malária,220040,Altos,PI,2023,0
MALA,Malária,220040,Altos,PI,2024,0
MALA,Malária,220050,Amarante,PI,2007,0
MALA,Malária,220050,Amarante,PI,2008,0
MALA,Malária,220050,Amarante,PI,2009,0
MALA,Malária,220050,Amarante,PI,2010,0
MALA,Malária,220050,Amarante,PI,2011,0
MALA,Malária,220050,Amarante,PI,2012,1
MALA,Malária,220050,Amarante,PI,2013,0
MALA,Malária,220050,Amarante,PI,2014,1
MALA,Malária,220050,Amarante,PI,2015,0
MALA,Malária,220050,Amarante,PI,2016,0
MALA,Malária,220050,Amarante,PI,2017,0
MALA,Malária,220050,Amarante,PI,2018,0
MALA,Malária,220050,Amarante,PI,2019,0
MALA,Malária,220050,Amarante,PI,2020,0
MALA,Malária,220050,Amarante,PI,2021,0
MALA,Malária,220050,Amarante,PI,2022,0
MALA,Malária,220050,Amarante,PI,2023,0
MALA,Malária,220050,Amarante,PI,2024,0
MALA,Malária,220120,Barras,PI,2007,2
MALA,Malária,220120,Barras,PI,2008,4
MALA,Malária,220120,Barras,PI,2009,2
MALA,Malária,220120,Barras,PI,2010,5
MALA,Malária,220120,Barras,PI,2011,4
MALA,Malária,220120,Barras,PI,2012,5
MALA,Malária,220120,Barras,PI,2013,0
MALA,Malária,220120,Barras,PI,2014,0
MALA,Malária,220120,Barras,PI,2015,0
MALA,Malária,220120,Barras,PI,2016,1
MALA,Malária,220120,Barras,PI,2017,1
MALA,Malária,220120,Barras,PI,2018,2
MALA,Malária,220120,Barras,PI,2019,0
MALA,Malária,220120,Barras,PI,2020,1
MALA,Malária,220120,Barras,PI,2021,0
MALA,Malária,220120,Barras,PI,2022,1
MALA,Malária,220120,Barras,PI,2023,0
MALA,Malária,220120,Barras,PI,2024,0
MALA,Malária,220150,Batalha,PI,2007,0
MALA,Malária,220150,Batalha,PI,2008,0
MALA,Malária,220150,Batalha,PI,2009,1
MALA,Malária,220150,Batalha,PI,2010,0
MALA,Malária,220150,Batalha,PI,2011,0
MALA,Malária,220150,Batalha,PI,2012,0
MALA,Malária,220150,Batalha,PI,2013,0
MALA,Malária,220150,Batalha,PI,2014,0
MALA,Malária,220150,Batalha,PI,2015,0
MALA,Malária,220150,Batalha,PI,2016,0
MALA,Malária,220150,Batalha,PI,2017,0
MALA,Malária,220150,Batalha,PI,2018,0
MALA,Malária,220150,Batalha,PI,2019,0
MALA,Malária,220150,Batalha,PI,2020,0
MALA,Malária,220150,Batalha,PI,2021,0
MALA,Malária,220150,Batalha,PI,2022,0
MALA,Malária,220150,Batalha,PI,2023,0
MALA,Malária,220150,Batalha,PI,2024,0
MALA,Malária,220173,Betania do Piaui,PI,2007,1
MALA,Malária,220173,Betania do Piaui,PI,2008,0
MALA,Malária,220173,Betania do Piaui,PI,2009,0
MALA,Malária,220173,Betania do Piaui,PI,2010,0
MALA,Malária,220173,Betania do Piaui,PI,2011,0
MALA,Malária,220173,Betania do Piaui,PI,2012,0
MALA,Malária,220173,Betania do Piaui,PI,2013,0
MALA,Malária,220173,Betania do Piaui,PI,2014,0
MALA,Malária,220173,Betania do Piaui,PI,2015,0
MALA,Malária,220173,Betania do Piaui,PI,2016,0
MALA,Malária,220173,Betania do Piaui,PI,2017,0
MALA,Malária,220173,Betania do Piaui,PI,2018,0
MALA,Malária,220173,Betania do Piaui,PI,2019,0
MALA,Malária,220173,Betania do Piaui,PI,2020,0
MALA,Malária,220173,Betania do Piaui,PI,2021,0
MALA,Malária,220173,Betania do Piaui,PI,2022,0
MALA,Malária,220173,Betania do Piaui,PI,2023,0
MALA,Malária,220173,Betania do Piaui,PI,2024,0
MALA,Malária,220196,Brasileira,PI,2007,0
MALA,Malária,220196,Brasileira,PI,2008,0
MALA,Malária,220196,Brasileira,PI,2009,0
MALA,Malária,220196,Brasileira,PI,2010,0
MALA,Malária,220196,Brasileira,PI,2011,0
MALA,Malária,220196,Brasileira,PI,2012,1
MALA,Malária,220196,Brasileira,PI,2013,1
MALA,Malária,220196,Brasileira,PI,2014,0
MALA,Malária,220196,Brasileira,PI,2015,0
MALA,Malária,220196,Brasileira,PI,2016,0
MALA,Malária,220196,Brasileira,PI,2017,0
MALA,Malária,220196,Brasileira,PI,2018,0
MALA,Malária,220196,Brasileira,PI,2019,0
MALA,Malária,220196,Brasileira,PI,2020,0
MALA,Malária,220196,Brasileira,PI,2021,0
MALA,Malária,220196,Brasileira,PI,2022,0
MALA,Malária,220196,Brasileira,PI,2023,0
MALA,Malária,220196,Brasileira,PI,2024,0
MALA,Malária,220200,Buriti Dos Lopes,PI,2007,0
MALA,Malária,220200,Buriti Dos Lopes,PI,2008,1
MALA,Malária,220200,Buriti Dos Lopes,PI,2009,0
MALA,Malária,220200,Buriti Dos Lopes,PI,2010,19
MALA,Malária,220200,Buriti Dos Lopes,PI,2011,1
MALA,Malária,220200,Buriti Dos Lopes,PI,2012,0
MALA,Malária,220200,Buriti Dos Lopes,PI,2013,0
MALA,Malária,220200,Buriti Dos Lopes,PI,2014,0
MALA,Malária,220200,Buriti Dos Lopes,PI,2015,0
MALA,Malária,220200,Buriti Dos Lopes,PI,2016,0
MALA,Malária,220200,Buriti Dos Lopes,PI,2017,0
MALA,Malária,220200,Buriti Dos Lopes,PI,2018,0
MALA,Malária,220200,Buriti Dos Lopes,PI,2019,0
MALA,Malária,220200,Buriti Dos Lopes,PI,2020,0
MALA,Malária,220200,Buriti Dos Lopes,PI,2021,0
MALA,Malária,220200,Buriti Dos Lopes,PI,2022,0
MALA,Malária,220200,Buriti Dos Lopes,PI,2023,0
MALA,Malária,220200,Buriti Dos Lopes,PI,2024,0
MALA,Malária,220213,Campo Grande do Piaui,PI,2007,0
MALA,Malária,220213,Campo Grande do Piaui,PI,2008,0
MALA,Malária,220213,Campo Grande do Piaui,PI,2009,0
MALA,Malária,220213,Campo Grande do Piaui,PI,2010,2
MALA,Malária,220213,Campo Grande do Piaui,PI,2011,0
MALA,Malária,220213,Campo Grande do Piaui,PI,2012,0
MALA,Malária,220213,Campo Grande do Piaui,PI,2013,0
MALA,Malária,220213,Campo Grande do Piaui,PI,2014,1
MALA,Malária,220213,Campo Grande do Piaui,PI,2015,0
MALA,Malária,220213,Campo Grande do Piaui,PI,2016,0
MALA,Malária,220213,Campo Grande do Piaui,PI,2017,0
MALA,Malária,220213,Campo Grande do Piaui,PI,2018,0
MALA,Malária,220213,Campo Grande do Piaui,PI,2019,0
MALA,Malária,220213,Campo Grande do Piaui,PI,2020,0
MALA,Malária,220213,Campo Grande do Piaui,PI,2021,0
MALA,Malária,220213,Campo Grande do Piaui,PI,2022,0
MALA,Malária,220213,Campo Grande do Piaui,PI,2023,0
MALA,Malária,220213,Campo Grande do Piaui,PI,2024,0
MALA,Malária,220217,Campo Largo do Piaui,PI,2007,3
MALA,Malária,220217,Campo Largo do Piaui,PI,2008,0
MALA,Malária,220217,Campo Largo do Piaui,PI,2009,0
MALA,Malária,220217,Campo Largo do Piaui,PI,2010,0
MALA,Malária,220217,Campo Largo do Piaui,PI,2011,1
MALA,Malária,220217,Campo Largo do Piaui,PI,2012,1
MALA,Malária,220217,Campo Largo do Piaui,PI,2013,12
MALA,Malária,220217,Campo Largo do Piaui,PI,2014,0
MALA,Malária,220217,Campo Largo do Piaui,PI,2015,3
MALA,Malária,220217,Campo Largo do Piaui,PI,2016,0
MALA,Malária,220217,Campo Largo do Piaui,PI,2017,0
MALA,Malária,220217,Campo Largo do Piaui,PI,2018,0
MALA,Malária,220217,Campo Largo do Piaui,PI,2019,0
MALA,Malária,220217,Campo Largo do Piaui,PI,2020,0
MALA,Malária,220217,Campo Largo do Piaui,PI,2021,0
MALA,Malária,220217,Campo Largo do Piaui,PI,2022,2
MALA,Malária,220217,Campo Largo do Piaui,PI,2023,0
MALA,Malária,220217,Campo Largo do Piaui,PI,2024,0
MALA,Malária,220220,Campo Maior,PI,2007,0
MALA,Malária,220220,Campo Maior,PI,2008,0
MALA,Malária,220220,Campo Maior,PI,2009,0
MALA,Malária,220220,Campo Maior,PI,2010,0
MALA,Malária,220220,Campo Maior,PI,2011,0
MALA,Malária,220220,Campo Maior,PI,2012,1
MALA,Malária,220220,Campo Maior,PI,2013,0
MALA,Malária,220220,Campo Maior,PI,2014,1
MALA,Malária,220220,Campo Maior,PI,2015,0
MALA,Malária,220220,Campo Maior,PI,2016,0
MALA,Malária,220220,Campo Maior,PI,2017,0
MALA,Malária,220220,Campo Maior,PI,2018,0
MALA,Malária,220220,Campo Maior,PI,2019,0
MALA,Malária,220220,Campo Maior,PI,2020,0
MALA,Malária,220220,Campo Maior,PI,2021,0
MALA,Malária,220220,Campo Maior,PI,2022,0
MALA,Malária,220220,Campo Maior,PI,2023,0
MALA,Malária,220220,Campo Maior,PI,2024,0
MALA,Malária,220253,Caraubas do Piaui,PI,2007,0
MALA,Malária,220253,Caraubas do Piaui,PI,2008,0
MALA,Malária,220253,Caraubas do Piaui,PI,2009,2
MALA,Malária,220253,Caraubas do Piaui,PI,2010,0
MALA,Malária,220253,Caraubas do Piaui,PI,2011,0
MALA,Malária,220253,Caraubas do Piaui,PI,2012,0
MALA,Malária,220253,Caraubas do Piaui,PI,2013,0
MALA,Malária,220253,Caraubas do Piaui,PI,2014,0
MALA,Malária,220253,Caraubas do Piaui,PI,2015,0
MALA,Malária,220253,Caraubas do Piaui,PI,2016,0
MALA,Malária,220253,Caraubas do Piaui,PI,2017,0
MALA,Malária,220253,Caraubas do Piaui,PI,2018,0
MALA,Malária,220253,Caraubas do Piaui,PI,2019,0
MALA,Malária,220253,Caraubas do Piaui,PI,2020,0
MALA,Malária,220253,Caraubas do Piaui,PI,2021,0
MALA,Malária,220253,Caraubas do Piaui,PI,2022,0
MALA,Malária,220253,Caraubas do Piaui,PI,2023,0
MALA,Malária,220253,Caraubas do Piaui,PI,2024,0
MALA,Malária,220260,Castelo do Piaui,PI,2007,0
MALA,Malária,220260,Castelo do Piaui,PI,2008,0
MALA,Malária,220260,Castelo do Piaui,PI,2009,1
MALA,Malária,220260,Castelo do Piaui,PI,2010,0
MALA,Malária,220260,Castelo do Piaui,PI,2011,0
MALA,Malária,220260,Castelo do Piaui,PI,2012,0
MALA,Malária,220260,Castelo do Piaui,PI,2013,0
MALA,Malária,220260,Castelo do Piaui,PI,2014,0
MALA,Malária,220260,Castelo do Piaui,PI,2015,0
MALA,Malária,220260,Castelo do Piaui,PI,2016,0
MALA,Malária,220260,Castelo do Piaui,PI,2017,0
MALA,Malária,220260,Castelo do Piaui,PI,2018,0
MALA,Malária,220260,Castelo do Piaui,PI,2019,0
MALA,Malária,220260,Castelo do Piaui,PI,2020,0
MALA,Malária,220260,Castelo do Piaui,PI,2021,0
MALA,Malária,220260,Castelo do Piaui,PI,2022,0
MALA,Malária,220260,Castelo do Piaui,PI,2023,0
MALA,Malária,220260,Castelo do Piaui,PI,2024,0
MALA,Malária,220275,Colonia do Gurgueia,PI,2007,0
MALA,Malária,220275,Colonia do Gurgueia,PI,2008,0
MALA,Malária,220275,Colonia do Gurgueia,PI,2009,0
MALA,Malária,220275,Colonia do Gurgueia,PI,2010,0
MALA,Malária,220275,Colonia do Gurgueia,PI,2011,0
MALA,Malária,220275,Colonia do Gurgueia,PI,2012,0
MALA,Malária,220275,Colonia do Gurgueia,PI,2013,0
MALA,Malária,220275,Colonia do Gurgueia,PI,2014,0
MALA,Malária,220275,Colonia do Gurgueia,PI,2015,0
MALA,Malária,220275,Colonia do Gurgueia,PI,2016,0
MALA,Malária,220275,Colonia do Gurgueia,PI,2017,0
MALA,Malária,220275,Colonia do Gurgueia,PI,2018,0
MALA,Malária,220275,Colonia do Gurgueia,PI,2019,0
MALA,Malária,220275,Colonia do Gurgueia,PI,2020,0
MALA,Malária,220275,Colonia do Gurgueia,PI,2021,2
MALA,Malária,220275,Colonia do Gurgueia,PI,2022,0
MALA,Malária,220275,Colonia do Gurgueia,PI,2023,0
MALA,Malária,220275,Colonia do Gurgueia,PI,2024,0
MALA,Malária,220370,Esperantina,PI,2007,3
MALA,Malária,220370,Esperantina,PI,2008,1
MALA,Malária,220370,Esperantina,PI,2009,0
MALA,Malária,220370,Esperantina,PI,2010,2
MALA,Malária,220370,Esperantina,PI,2011,1
MALA,Malária,220370,Esperantina,PI,2012,1
MALA,Malária,220370,Esperantina,PI,2013,0
MALA,Malária,220370,Esperantina,PI,2014,0
MALA,Malária,220370,Esperantina,PI,2015,0
MALA,Malária,220370,Esperantina,PI,2016,0
MALA,Malária,220370,Esperantina,PI,2017,0
MALA,Malária,220370,Esperantina,PI,2018,0
MALA,Malária,220370,Esperantina,PI,2019,0
MALA,Malária,220370,Esperantina,PI,2020,0
MALA,Malária,220370,Esperantina,PI,2021,0
MALA,Malária,220370,Esperantina,PI,2022,0
MALA,Malária,220370,Esperantina,PI,2023,0
MALA,Malária,220370,Esperantina,PI,2024,0
MALA,Malária,220380,Flores do Piaui,PI,2007,0
MALA,Malária,220380,Flores do Piaui,PI,2008,1
MALA,Malária,220380,Flores do Piaui,PI,2009,0
MALA,Malária,220380,Flores do Piaui,PI,2010,0
MALA,Malária,220380,Flores do Piaui,PI,2011,0
MALA,Malária,220380,Flores do Piaui,PI,2012,0
MALA,Malária,220380,Flores do Piaui,PI,2013,0
MALA,Malária,220380,Flores do Piaui,PI,2014,0
MALA,Malária,220380,Flores do Piaui,PI,2015,0
MALA,Malária,220380,Flores do Piaui,PI,2016,0
MALA,Malária,220380,Flores do Piaui,PI,2017,0
MALA,Malária,220380,Flores do Piaui,PI,2018,0
MALA,Malária,220380,Flores do Piaui,PI,2019,0
MALA,Malária,220380,Flores do Piaui,PI,2020,0
MALA,Malária,220380,Flores do Piaui,PI,2021,0
MALA,Malária,220380,Flores do Piaui,PI,2022,0
MALA,Malária,220380,Flores do Piaui,PI,2023,0
MALA,Malária,220380,Flores do Piaui,PI,2024,0
MALA,Malária,220390,Floriano,PI,2007,0
MALA,Malária,220390,Floriano,PI,2008,0
MALA,Malária,220390,Floriano,PI,2009,1
MALA,Malária,220390,Floriano,PI,2010,0
MALA,Malária,220390,Floriano,PI,2011,1
MALA,Malária,220390,Floriano,PI,2012,2
MALA,Malária,220390,Floriano,PI,2013,0
MALA,Malária,220390,Floriano,PI,2014,0
MALA,Malária,220390,Floriano,PI,2015,0
MALA,Malária,220390,Floriano,PI,2016,0
MALA,Malária,220390,Floriano,PI,2017,0
MALA,Malária,220390,Floriano,PI,2018,0
MALA,Malária,220390,Floriano,PI,2019,0
MALA,Malária,220390,Floriano,PI,2020,0
MALA,Malária,220390,Floriano,PI,2021,0
MALA,Malária,220390,Floriano,PI,2022,1
MALA,Malária,220390,Floriano,PI,2023,0
MALA,Malária,220390,Floriano,PI,2024,0
MALA,Malária,220420,Francisco Santos,PI,2007,0
MALA,Malária,220420,Francisco Santos,PI,2008,0
MALA,Malária,220420,Francisco Santos,PI,2009,0
MALA,Malária,220420,Francisco Santos,PI,2010,0
MALA,Malária,220420,Francisco Santos,PI,2011,1
MALA,Malária,220420,Francisco Santos,PI,2012,0
MALA,Malária,220420,Francisco Santos,PI,2013,0
MALA,Malária,220420,Francisco Santos,PI,2014,1
MALA,Malária,220420,Francisco Santos,PI,2015,0
MALA,Malária,220420,Francisco Santos,PI,2016,0
MALA,Malária,220420,Francisco Santos,PI,2017,0
MALA,Malária,220420,Francisco Santos,PI,2018,0
MALA,Malária,220420,Francisco Santos,PI,2019,0
MALA,Malária,220420,Francisco Santos,PI,2020,0
MALA,Malária,220420,Francisco Santos,PI,2021,0
MALA,Malária,220420,Francisco Santos,PI,2022,0
MALA,Malária,220420,Francisco Santos,PI,2023,0
MALA,Malária,220420,Francisco Santos,PI,2024,0
MALA,Malária,220430,Fronteiras,PI,2007,0
MALA,Malária,220430,Fronteiras,PI,2008,0
MALA,Malária,220430,Fronteiras,PI,2009,0
MALA,Malária,220430,Fronteiras,PI,2010,0
MALA,Malária,220430,Fronteiras,PI,2011,0
MALA,Malária,220430,Fronteiras,PI,2012,1
MALA,Malária,220430,Fronteiras,PI,2013,0
MALA,Malária,220430,Fronteiras,PI,2014,0
MALA,Malária,220430,Fronteiras,PI,2015,0
MALA,Malária,220430,Fronteiras,PI,2016,0
MALA,Malária,220430,Fronteiras,PI,2017,0
MALA,Malária,220430,Fronteiras,PI,2018,0
MALA,Malária,220430,Fronteiras,PI,2019,0
MALA,Malária,220430,Fronteiras,PI,2020,0
MALA,Malária,220430,Fronteiras,PI,2021,0
MALA,Malária,220430,Fronteiras,PI,2022,0
MALA,Malária,220430,Fronteiras,PI,2023,0
MALA,Malária,220430,Fronteiras,PI,2024,0
MALA,Malária,220435,Geminiano,PI,2007,0
MALA,Malária,220435,Geminiano,PI,2008,0
MALA,Malária,220435,Geminiano,PI,2009,0
MALA,Malária,220435,Geminiano,PI,2010,0
MALA,Malária,220435,Geminiano,PI,2011,0
MALA,Malária,220435,Geminiano,PI,2012,1
MALA,Malária,220435,Geminiano,PI,2013,0
MALA,Malária,220435,Geminiano,PI,2014,0
MALA,Malária,220435,Geminiano,PI,2015,0
MALA,Malária,220435,Geminiano,PI,2016,0
MALA,Malária,220435,Geminiano,PI,2017,0
MALA,Malária,220435,Geminiano,PI,2018,0
MALA,Malária,220435,Geminiano,PI,2019,0
MALA,Malária,220435,Geminiano,PI,2020,0
MALA,Malária,220435,Geminiano,PI,2021,0
MALA,Malária,220435,Geminiano,PI,2022,0
MALA,Malária,220435,Geminiano,PI,2023,0
MALA,Malária,220435,Geminiano,PI,2024,0
MALA,Malária,220450,Guadalupe,PI,2007,0
MALA,Malária,220450,Guadalupe,PI,2008,0
MALA,Malária,220450,Guadalupe,PI,2009,0
MALA,Malária,220450,Guadalupe,PI,2010,0
MALA,Malária,220450,Guadalupe,PI,2011,0
MALA,Malária,220450,Guadalupe,PI,2012,0
MALA,Malária,220450,Guadalupe,PI,2013,1
MALA,Malária,220450,Guadalupe,PI,2014,0
MALA,Malária,220450,Guadalupe,PI,2015,0
MALA,Malária,220450,Guadalupe,PI,2016,0
MALA,Malária,220450,Guadalupe,PI,2017,0
MALA,Malária,220450,Guadalupe,PI,2018,0
MALA,Malária,220450,Guadalupe,PI,2019,0
MALA,Malária,220450,Guadalupe,PI,2020,0
MALA,Malária,220450,Guadalupe,PI,2021,0
MALA,Malária,220450,Guadalupe,PI,2022,0
MALA,Malária,220450,Guadalupe,PI,2023,0
MALA,Malária,220450,Guadalupe,PI,2024,0
MALA,Malária,220500,Itainopolis,PI,2007,0
MALA,Malária,220500,Itainopolis,PI,2008,0
MALA,Malária,220500,Itainopolis,PI,2009,0
MALA,Malária,220500,Itainopolis,PI,2010,0
MALA,Malária,220500,Itainopolis,PI,2011,0
MALA,Malária,220500,Itainopolis,PI,2012,0
MALA,Malária,220500,Itainopolis,PI,2013,0
MALA,Malária,220500,Itainopolis,PI,2014,0
MALA,Malária,220500,Itainopolis,PI,2015,0
MALA,Malária,220500,Itainopolis,PI,2016,1
MALA,Malária,220500,Itainopolis,PI,2017,0
MALA,Malária,220500,Itainopolis,PI,2018,0
MALA,Malária,220500,Itainopolis,PI,2019,0
MALA,Malária,220500,Itainopolis,PI,2020,0
MALA,Malária,220500,Itainopolis,PI,2021,0
MALA,Malária,220500,Itainopolis,PI,2022,0
MALA,Malária,220500,Itainopolis,PI,2023,0
MALA,Malária,220500,Itainopolis,PI,2024,0
MALA,Malária,220510,Itaueira,PI,2007,1
MALA,Malária,220510,Itaueira,PI,2008,0
MALA,Malária,220510,Itaueira,PI,2009,0
MALA,Malária,220510,Itaueira,PI,2010,0
MALA,Malária,220510,Itaueira,PI,2011,0
MALA,Malária,220510,Itaueira,PI,2012,0
MALA,Malária,220510,Itaueira,PI,2013,0
MALA,Malária,220510,Itaueira,PI,2014,0
MALA,Malária,220510,Itaueira,PI,2015,0
MALA,Malária,220510,Itaueira,PI,2016,0
MALA,Malária,220510,Itaueira,PI,2017,0
MALA,Malária,220510,Itaueira,PI,2018,0
MALA,Malária,220510,Itaueira,PI,2019,0
MALA,Malária,220510,Itaueira,PI,2020,0
MALA,Malária,220510,Itaueira,PI,2021,0
MALA,Malária,220510,Itaueira,PI,2022,0
MALA,Malária,220510,Itaueira,PI,2023,0
MALA,Malária,220510,Itaueira,PI,2024,0
MALA,Malária,220520,Jaicos,PI,2007,0
MALA,Malária,220520,Jaicos,PI,2008,0
MALA,Malária,220520,Jaicos,PI,2009,0
MALA,Malária,220520,Jaicos,PI,2010,1
MALA,Malária,220520,Jaicos,PI,2011,0
MALA,Malária,220520,Jaicos,PI,2012,0
MALA,Malária,220520,Jaicos,PI,2013,0
MALA,Malária,220520,Jaicos,PI,2014,0
MALA,Malária,220520,Jaicos,PI,2015,0
MALA,Malária,220520,Jaicos,PI,2016,0
MALA,Malária,220520,Jaicos,PI,2017,0
MALA,Malária,220520,Jaicos,PI,2018,0
MALA,Malária,220520,Jaicos,PI,2019,0
MALA,Malária,220520,Jaicos,PI,2020,0
MALA,Malária,220520,Jaicos,PI,2021,0
MALA,Malária,220520,Jaicos,PI,2022,0
MALA,Malária,220520,Jaicos,PI,2023,0
MALA,Malária,220520,Jaicos,PI,2024,0
MALA,Malária,220530,Jerumenha,PI,2007,0
MALA,Malária,220530,Jerumenha,PI,2008,0
MALA,Malária,220530,Jerumenha,PI,2009,0
MALA,Malária,220530,Jerumenha,PI,2010,0
MALA,Malária,220530,Jerumenha,PI,2011,0
MALA,Malária,220530,Jerumenha,PI,2012,0
MALA,Malária,220530,Jerumenha,PI,2013,0
MALA,Malária,220530,Jerumenha,PI,2014,0
MALA,Malária,220530,Jerumenha,PI,2015,0
MALA,Malária,220530,Jerumenha,PI,2016,0
MALA,Malária,220530,Jerumenha,PI,2017,0
MALA,Malária,220530,Jerumenha,PI,2018,1
MALA,Malária,220530,Jerumenha,PI,2019,1
MALA,Malária,220530,Jerumenha,PI,2020,0
MALA,Malária,220530,Jerumenha,PI,2021,0
MALA,Malária,220530,Jerumenha,PI,2022,0
MALA,Malária,220530,Jerumenha,PI,2023,0
MALA,Malária,220530,Jerumenha,PI,2024,0
MALA,Malária,220540,Joaquim Pires,PI,2007,0
MALA,Malária,220540,Joaquim Pires,PI,2008,2
MALA,Malária,220540,Joaquim Pires,PI,2009,1
MALA,Malária,220540,Joaquim Pires,PI,2010,2
MALA,Malária,220540,Joaquim Pires,PI,2011,1
MALA,Malária,220540,Joaquim Pires,PI,2012,0
MALA,Malária,220540,Joaquim Pires,PI,2013,1
MALA,Malária,220540,Joaquim Pires,PI,2014,0
MALA,Malária,220540,Joaquim Pires,PI,2015,0
MALA,Malária,220540,Joaquim Pires,PI,2016,0
MALA,Malária,220540,Joaquim Pires,PI,2017,0
MALA,Malária,220540,Joaquim Pires,PI,2018,0
MALA,Malária,220540,Joaquim Pires,PI,2019,0
MALA,Malária,220540,Joaquim Pires,PI,2020,0
MALA,Malária,220540,Joaquim Pires,PI,2021,0
MALA,Malária,220540,Joaquim Pires,PI,2022,0
MALA,Malária,220540,Joaquim Pires,PI,2023,0
MALA,Malária,220540,Joaquim Pires,PI,2024,0
MALA,Malária,220545,Joca Marques,PI,2007,1
MALA,Malária,220545,Joca Marques,PI,2008,0
MALA,Malária,220545,Joca Marques,PI,2009,1
MALA,Malária,220545,Joca Marques,PI,2010,0
MALA,Malária,220545,Joca Marques,PI,2011,4
MALA,Malária,220545,Joca Marques,PI,2012,0
MALA,Malária,220545,Joca Marques,PI,2013,2
MALA,Malária,220545,Joca Marques,PI,2014,0
MALA,Malária,220545,Joca Marques,PI,2015,0
MALA,Malária,220545,Joca Marques,PI,2016,0
MALA,Malária,220545,Joca Marques,PI,2017,0
MALA,Malária,220545,Joca Marques,PI,2018,0
MALA,Malária,220545,Joca Marques,PI,2019,3
MALA,Malária,220545,Joca Marques,PI,2020,0
MALA,Malária,220545,Joca Marques,PI,2021,0
MALA,Malária,220545,Joca Marques,PI,2022,2
MALA,Malária,220545,Joca Marques,PI,2023,0
MALA,Malária,220545,Joca Marques,PI,2024,0
MALA,Malária,220558,Lagoa do Piaui,PI,2007,0
MALA,Malária,220558,Lagoa do Piaui,PI,2008,0
MALA,Malária,220558,Lagoa do Piaui,PI,2009,0
MALA,Malária,220558,Lagoa do Piaui,PI,2010,1
MALA,Malária,220558,Lagoa do Piaui,PI,2011,0
MALA,Malária,220558,Lagoa do Piaui,PI,2012,0
MALA,Malária,220558,Lagoa do Piaui,PI,2013,0
MALA,Malária,220558,Lagoa do Piaui,PI,2014,0
MALA,Malária,220558,Lagoa do Piaui,PI,2015,0
MALA,Malária,220558,Lagoa do Piaui,PI,2016,0
MALA,Malária,220558,Lagoa do Piaui,PI,2017,0
MALA,Malária,220558,Lagoa do Piaui,PI,2018,0
MALA,Malária,220558,Lagoa do Piaui,PI,2019,0
MALA,Malária,220558,Lagoa do Piaui,PI,2020,0
MALA,Malária,220558,Lagoa do Piaui,PI,2021,0
MALA,Malária,220558,Lagoa do Piaui,PI,2022,0
MALA,Malária,220558,Lagoa do Piaui,PI,2023,0
MALA,Malária,220558,Lagoa do Piaui,PI,2024,0
MALA,Malária,220560,Landri Sales,PI,2007,1
MALA,Malária,220560,Landri Sales,PI,2008,0
MALA,Malária,220560,Landri Sales,PI,2009,0
MALA,Malária,220560,Landri Sales,PI,2010,0
MALA,Malária,220560,Landri Sales,PI,2011,0
MALA,Malária,220560,Landri Sales,PI,2012,0
MALA,Malária,220560,Landri Sales,PI,2013,0
MALA,Malária,220560,Landri Sales,PI,2014,0
MALA,Malária,220560,Landri Sales,PI,2015,0
MALA,Malária,220560,Landri Sales,PI,2016,0
MALA,Malária,220560,Landri Sales,PI,2017,0
MALA,Malária,220560,Landri Sales,PI,2018,0
MALA,Malária,220560,Landri Sales,PI,2019,0
MALA,Malária,220560,Landri Sales,PI,2020,0
MALA,Malária,220560,Landri Sales,PI,2021,0
MALA,Malária,220560,Landri Sales,PI,2022,0
MALA,Malária,220560,Landri Sales,PI,2023,0
MALA,Malária,220560,Landri Sales,PI,2024,0
MALA,Malária,220580,Luzilandia,PI,2007,10
MALA,Malária,220580,Luzilandia,PI,2008,19
MALA,Malária,220580,Luzilandia,PI,2009,13
MALA,Malária,220580,Luzilandia,PI,2010,17
MALA,Malária,220580,Luzilandia,PI,2011,15
MALA,Malária,220580,Luzilandia,PI,2012,6
MALA,Malária,220580,Luzilandia,PI,2013,6
MALA,Malária,220580,Luzilandia,PI,2014,1
MALA,Malária,220580,Luzilandia,PI,2015,1
MALA,Malária,220580,Luzilandia,PI,2016,3
MALA,Malária,220580,Luzilandia,PI,2017,5
MALA,Malária,220580,Luzilandia,PI,2018,7
MALA,Malária,220580,Luzilandia,PI,2019,6
MALA,Malária,220580,Luzilandia,PI,2020,1
MALA,Malária,220580,Luzilandia,PI,2021,2
MALA,Malária,220580,Luzilandia,PI,2022,5
MALA,Malária,220580,Luzilandia,PI,2023,5
MALA,Malária,220580,Luzilandia,PI,2024,1
MALA,Malária,220585,Madeiro,PI,2007,1
MALA,Malária,220585,Madeiro,PI,2008,0
MALA,Malária,220585,Madeiro,PI,2009,1
MALA,Malária,220585,Madeiro,PI,2010,1
MALA,Malária,220585,Madeiro,PI,2011,1
MALA,Malária,220585,Madeiro,PI,2012,0
MALA,Malária,220585,Madeiro,PI,2013,0
MALA,Malária,220585,Madeiro,PI,2014,1
MALA,Malária,220585,Madeiro,PI,2015,0
MALA,Malária,220585,Madeiro,PI,2016,0
MALA,Malária,220585,Madeiro,PI,2017,0
MALA,Malária,220585,Madeiro,PI,2018,0
MALA,Malária,220585,Madeiro,PI,2019,0
MALA,Malária,220585,Madeiro,PI,2020,0
MALA,Malária,220585,Madeiro,PI,2021,0
MALA,Malária,220585,Madeiro,PI,2022,0
MALA,Malária,220585,Madeiro,PI,2023,1
MALA,Malária,220585,Madeiro,PI,2024,0
MALA,Malária,220610,Matias Olimpio,PI,2007,0
MALA,Malária,220610,Matias Olimpio,PI,2008,0
MALA,Malária,220610,Matias Olimpio,PI,2009,0
MALA,Malária,220610,Matias Olimpio,PI,2010,1
MALA,Malária,220610,Matias Olimpio,PI,2011,1
MALA,Malária,220610,Matias Olimpio,PI,2012,4
MALA,Malária,220610,Matias Olimpio,PI,2013,3
MALA,Malária,220610,Matias Olimpio,PI,2014,0
MALA,Malária,220610,Matias Olimpio,PI,2015,0
MALA,Malária,220610,Matias Olimpio,PI,2016,0
MALA,Malária,220610,Matias Olimpio,PI,2017,1
MALA,Malária,220610,Matias Olimpio,PI,2018,4
MALA,Malária,220610,Matias Olimpio,PI,2019,4
MALA,Malária,220610,Matias Olimpio,PI,2020,0
MALA,Malária,220610,Matias Olimpio,PI,2021,2
MALA,Malária,220610,Matias Olimpio,PI,2022,4
MALA,Malária,220610,Matias Olimpio,PI,2023,8
MALA,Malária,220610,Matias Olimpio,PI,2024,1
MALA,Malária,220620,Miguel Alves,PI,2007,0
MALA,Malária,220620,Miguel Alves,PI,2008,0
MALA,Malária,220620,Miguel Alves,PI,2009,0
MALA,Malária,220620,Miguel Alves,PI,2010,0
MALA,Malária,220620,Miguel Alves,PI,2011,0
MALA,Malária,220620,Miguel Alves,PI,2012,0
MALA,Malária,220620,Miguel Alves,PI,2013,0
MALA,Malária,220620,Miguel Alves,PI,2014,0
MALA,Malária,220620,Miguel Alves,PI,2015,0
MALA,Malária,220620,Miguel Alves,PI,2016,0
MALA,Malária,220620,Miguel Alves,PI,2017,0
MALA,Malária,220620,Miguel Alves,PI,2018,0
MALA,Malária,220620,Miguel Alves,PI,2019,0
MALA,Malária,220620,Miguel Alves,PI,2020,0
MALA,Malária,220620,Miguel Alves,PI,2021,8
MALA,Malária,220620,Miguel Alves,PI,2022,0
MALA,Malária,220620,Miguel Alves,PI,2023,0
MALA,Malária,220620,Miguel Alves,PI,2024,0
MALA,Malária,220650,Monsenhor Hipolito,PI,2007,0
MALA,Malária,220650,Monsenhor Hipolito,PI,2008,0
MALA,Malária,220650,Monsenhor Hipolito,PI,2009,0
MALA,Malária,220650,Monsenhor Hipolito,PI,2010,0
MALA,Malária,220650,Monsenhor Hipolito,PI,2011,0
MALA,Malária,220650,Monsenhor Hipolito,PI,2012,0
MALA,Malária,220650,Monsenhor Hipolito,PI,2013,1
MALA,Malária,220650,Monsenhor Hipolito,PI,2014,3
MALA,Malária,220650,Monsenhor Hipolito,PI,2015,0
MALA,Malária,220650,Monsenhor Hipolito,PI,2016,0
MALA,Malária,220650,Monsenhor Hipolito,PI,2017,0
MALA,Malária,220650,Monsenhor Hipolito,PI,2018,0
MALA,Malária,220650,Monsenhor Hipolito,PI,2019,0
MALA,Malária,220650,Monsenhor Hipolito,PI,2020,0
MALA,Malária,220650,Monsenhor Hipolito,PI,2021,0
MALA,Malária,220650,Monsenhor Hipolito,PI,2022,0
MALA,Malária,220650,Monsenhor Hipolito,PI,2023,0
MALA,Malária,220650,Monsenhor Hipolito,PI,2024,0
MALA,Malária,220680,Nossa Senhora Dos Remedios,PI,2007,2
MALA,Malária,220680,Nossa Senhora Dos Remedios,PI,2008,1
MALA,Malária,220680,Nossa Senhora Dos Remedios,PI,2009,0
MALA,Malária,220680,Nossa Senhora Dos Remedios,PI,2010,0
MALA,Malária,220680,Nossa Senhora Dos Remedios,PI,2011,0
MALA,Malária,220680,Nossa Senhora Dos Remedios,PI,2012,0
MALA,Malária,220680,Nossa Senhora Dos Remedios,PI,2013,0
MALA,Malária,220680,Nossa Senhora Dos Remedios,PI,2014,0
MALA,Malária,220680,Nossa Senhora Dos Remedios,PI,2015,0
MALA,Malária,220680,Nossa Senhora Dos Remedios,PI,2016,0
MALA,Malária,220680,Nossa Senhora Dos Remedios,PI,2017,0
MALA,Malária,220680,Nossa Senhora Dos Remedios,PI,2018,0
MALA,Malária,220680,Nossa Senhora Dos Remedios,PI,2019,0
MALA,Malária,220680,Nossa Senhora Dos Remedios,PI,2020,0
MALA,Malária,220680,Nossa Senhora Dos Remedios,PI,2021,0
MALA,Malária,220680,Nossa Senhora Dos Remedios,PI,2022,0
MALA,Malária,220680,Nossa Senhora Dos Remedios,PI,2023,0
MALA,Malária,220680,Nossa Senhora Dos Remedios,PI,2024,0
MALA,Malária,220700,Oeiras,PI,2007,0
MALA,Malária,220700,Oeiras,PI,2008,0
MALA,Malária,220700,Oeiras,PI,2009,0
MALA,Malária,220700,Oeiras,PI,2010,0
MALA,Malária,220700,Oeiras,PI,2011,0
MALA,Malária,220700,Oeiras,PI,2012,0
MALA,Malária,220700,Oeiras,PI,2013,0
MALA,Malária,220700,Oeiras,PI,2014,0
MALA,Malária,220700,Oeiras,PI,2015,0
MALA,Malária,220700,Oeiras,PI,2016,1
MALA,Malária,220700,Oeiras,PI,2017,0
MALA,Malária,220700,Oeiras,PI,2018,0
MALA,Malária,220700,Oeiras,PI,2019,0
MALA,Malária,220700,Oeiras,PI,2020,0
MALA,Malária,220700,Oeiras,PI,2021,0
MALA,Malária,220700,Oeiras,PI,2022,0
MALA,Malária,220700,Oeiras,PI,2023,0
MALA,Malária,220700,Oeiras,PI,2024,0
MALA,Malária,220770,Parnaiba,PI,2007,0
MALA,Malária,220770,Parnaiba,PI,2008,0
MALA,Malária,220770,Parnaiba,PI,2009,0
MALA,Malária,220770,Parnaiba,PI,2010,1
MALA,Malária,220770,Parnaiba,PI,2011,0
MALA,Malária,220770,Parnaiba,PI,2012,0
MALA,Malária,220770,Parnaiba,PI,2013,1
MALA,Malária,220770,Parnaiba,PI,2014,1
MALA,Malária,220770,Parnaiba,PI,2015,0
MALA,Malária,220770,Parnaiba,PI,2016,0
MALA,Malária,220770,Parnaiba,PI,2017,0
MALA,Malária,220770,Parnaiba,PI,2018,0
MALA,Malária,220770,Parnaiba,PI,2019,1
MALA,Malária,220770,Parnaiba,PI,2020,0
MALA,Malária,220770,Parnaiba,PI,2021,1
MALA,Malária,220770,Parnaiba,PI,2022,2
MALA,Malária,220770,Parnaiba,PI,2023,1
MALA,Malária,220770,Parnaiba,PI,2024,0
MALA,Malária,220790,Pedro ii,PI,2007,0
MALA,Malária,220790,Pedro ii,PI,2008,1
MALA,Malária,220790,Pedro ii,PI,2009,0
MALA,Malária,220790,Pedro ii,PI,2010,0
MALA,Malária,220790,Pedro ii,PI,2011,0
MALA,Malária,220790,Pedro ii,PI,2012,0
MALA,Malária,220790,Pedro ii,PI,2013,0
MALA,Malária,220790,Pedro ii,PI,2014,0
MALA,Malária,220790,Pedro ii,PI,2015,0
MALA,Malária,220790,Pedro ii,PI,2016,0
MALA,Malária,220790,Pedro ii,PI,2017,0
MALA,Malária,220790,Pedro ii,PI,2018,0
MALA,Malária,220790,Pedro ii,PI,2019,1
MALA,Malária,220790,Pedro ii,PI,2020,0
MALA,Malária,220790,Pedro ii,PI,2021,0
MALA,Malária,220790,Pedro ii,PI,2022,0
MALA,Malária,220790,Pedro ii,PI,2023,0
MALA,Malária,220790,Pedro ii,PI,2024,0
MALA,Malária,220800,Picos,PI,2007,0
MALA,Malária,220800,Picos,PI,2008,0
MALA,Malária,220800,Picos,PI,2009,0
MALA,Malária,220800,Picos,PI,2010,0
MALA,Malária,220800,Picos,PI,2011,0
MALA,Malária,220800,Picos,PI,2012,0
MALA,Malária,220800,Picos,PI,2013,0
MALA,Malária,220800,Picos,PI,2014,2
MALA,Malária,220800,Picos,PI,2015,0
MALA,Malária,220800,Picos,PI,2016,0
MALA,Malária,220800,Picos,PI,2017,0
MALA,Malária,220800,Picos,PI,2018,1
MALA,Malária,220800,Picos,PI,2019,0
MALA,Malária,220800,Picos,PI,2020,0
MALA,Malária,220800,Picos,PI,2021,0
MALA,Malária,220800,Picos,PI,2022,0
MALA,Malária,220800,Picos,PI,2023,0
MALA,Malária,220800,Picos,PI,2024,0
MALA,Malária,220830,Piracuruca,PI,2007,1
MALA,Malária,220830,Piracuruca,PI,2008,0
MALA,Malária,220830,Piracuruca,PI,2009,0
MALA,Malária,220830,Piracuruca,PI,2010,0
MALA,Malária,220830,Piracuruca,PI,2011,0
MALA,Malária,220830,Piracuruca,PI,2012,0
MALA,Malária,220830,Piracuruca,PI,2013,0
MALA,Malária,220830,Piracuruca,PI,2014,0
MALA,Malária,220830,Piracuruca,PI,2015,0
MALA,Malária,220830,Piracuruca,PI,2016,0
MALA,Malária,220830,Piracuruca,PI,2017,0
MALA,Malária,220830,Piracuruca,PI,2018,0
MALA,Malária,220830,Piracuruca,PI,2019,0
MALA,Malária,220830,Piracuruca,PI,2020,0
MALA,Malária,220830,Piracuruca,PI,2021,0
MALA,Malária,220830,Piracuruca,PI,2022,0
MALA,Malária,220830,Piracuruca,PI,2023,0
MALA,Malária,220830,Piracuruca,PI,2024,0
MALA,Malária,220840,Piripiri,PI,2007,1
MALA,Malária,220840,Piripiri,PI,2008,0
MALA,Malária,220840,Piripiri,PI,2009,0
MALA,Malária,220840,Piripiri,PI,2010,5
MALA,Malária,220840,Piripiri,PI,2011,6
MALA,Malária,220840,Piripiri,PI,2012,4
MALA,Malária,220840,Piripiri,PI,2013,1
MALA,Malária,220840,Piripiri,PI,2014,0
MALA,Malária,220840,Piripiri,PI,2015,0
MALA,Malária,220840,Piripiri,PI,2016,0
MALA,Malária,220840,Piripiri,PI,2017,0
MALA,Malária,220840,Piripiri,PI,2018,0
MALA,Malária,220840,Piripiri,PI,2019,0
MALA,Malária,220840,Piripiri,PI,2020,0
MALA,Malária,220840,Piripiri,PI,2021,0
MALA,Malária,220840,Piripiri,PI,2022,0
MALA,Malária,220840,Piripiri,PI,2023,0
MALA,Malária,220840,Piripiri,PI,2024,0
MALA,Malária,220850,Porto,PI,2007,0
MALA,Malária,220850,Porto,PI,2008,2
MALA,Malária,220850,Porto,PI,2009,1
MALA,Malária,220850,Porto,PI,2010,0
MALA,Malária,220850,Porto,PI,2011,2
MALA,Malária,220850,Porto,PI,2012,0
MALA,Malária,220850,Porto,PI,2013,3
MALA,Malária,220850,Porto,PI,2014,0
MALA,Malária,220850,Porto,PI,2015,0
MALA,Malária,220850,Porto,PI,2016,0
MALA,Malária,220850,Porto,PI,2017,1
MALA,Malária,220850,Porto,PI,2018,0
MALA,Malária,220850,Porto,PI,2019,0
MALA,Malária,220850,Porto,PI,2020,0
MALA,Malária,220850,Porto,PI,2021,0
MALA,Malária,220850,Porto,PI,2022,0
MALA,Malária,220850,Porto,PI,2023,0
MALA,Malária,220850,Porto,PI,2024,0
MALA,Malária,220880,Regeneracao,PI,2007,1
MALA,Malária,220880,Regeneracao,PI,2008,0
MALA,Malária,220880,Regeneracao,PI,2009,0
MALA,Malária,220880,Regeneracao,PI,2010,0
MALA,Malária,220880,Regeneracao,PI,2011,0
MALA,Malária,220880,Regeneracao,PI,2012,0
MALA,Malária,220880,Regeneracao,PI,2013,0
MALA,Malária,220880,Regeneracao,PI,2014,0
MALA,Malária,220880,Regeneracao,PI,2015,0
MALA,Malária,220880,Regeneracao,PI,2016,0
MALA,Malária,220880,Regeneracao,PI,2017,0
MALA,Malária,220880,Regeneracao,PI,2018,0
MALA,Malária,220880,Regeneracao,PI,2019,0
MALA,Malária,220880,Regeneracao,PI,2020,0
MALA,Malária,220880,Regeneracao,PI,2021,0
MALA,Malária,220880,Regeneracao,PI,2022,0
MALA,Malária,220880,Regeneracao,PI,2023,0
MALA,Malária,220880,Regeneracao,PI,2024,0
MALA,Malária,220920,Santa Filomena,PI,2007,0
MALA,Malária,220920,Santa Filomena,PI,2008,0
MALA,Malária,220920,Santa Filomena,PI,2009,0
MALA,Malária,220920,Santa Filomena,PI,2010,0
MALA,Malária,220920,Santa Filomena,PI,2011,0
MALA,Malária,220920,Santa Filomena,PI,2012,0
MALA,Malária,220920,Santa Filomena,PI,2013,0
MALA,Malária,220920,Santa Filomena,PI,2014,1
MALA,Malária,220920,Santa Filomena,PI,2015,0
MALA,Malária,220920,Santa Filomena,PI,2016,0
MALA,Malária,220920,Santa Filomena,PI,2017,0
MALA,Malária,220920,Santa Filomena,PI,2018,0
MALA,Malária,220920,Santa Filomena,PI,2019,0
MALA,Malária,220920,Santa Filomena,PI,2020,0
MALA,Malária,220920,Santa Filomena,PI,2021,0
MALA,Malária,220920,Santa Filomena,PI,2022,0
MALA,Malária,220920,Santa Filomena,PI,2023,0
MALA,Malária,220920,Santa Filomena,PI,2024,0
MALA,Malária,220980,Sao Goncalo do Piaui,PI,2007,0
MALA,Malária,220980,Sao Goncalo do Piaui,PI,2008,0
MALA,Malária,220980,Sao Goncalo do Piaui,PI,2009,0
MALA,Malária,220980,Sao Goncalo do Piaui,PI,2010,0
MALA,Malária,220980,Sao Goncalo do Piaui,PI,2011,0
MALA,Malária,220980,Sao Goncalo do Piaui,PI,2012,0
MALA,Malária,220980,Sao Goncalo do Piaui,PI,2013,0
MALA,Malária,220980,Sao Goncalo do Piaui,PI,2014,0
MALA,Malária,220980,Sao Goncalo do Piaui,PI,2015,0
MALA,Malária,220980,Sao Goncalo do Piaui,PI,2016,0
MALA,Malária,220980,Sao Goncalo do Piaui,PI,2017,0
MALA,Malária,220980,Sao Goncalo do Piaui,PI,2018,0
MALA,Malária,220980,Sao Goncalo do Piaui,PI,2019,0
MALA,Malária,220980,Sao Goncalo do Piaui,PI,2020,0
MALA,Malária,220980,Sao Goncalo do Piaui,PI,2021,0
MALA,Malária,220980,Sao Goncalo do Piaui,PI,2022,1
MALA,Malária,220980,Sao Goncalo do Piaui,PI,2023,0
MALA,Malária,220980,Sao Goncalo do Piaui,PI,2024,0
MALA,Malária,221100,Teresina,PI,2007,26
MALA,Malária,221100,Teresina,PI,2008,25
MALA,Malária,221100,Teresina,PI,2009,36
MALA,Malária,221100,Teresina,PI,2010,60
MALA,Malária,221100,Teresina,PI,2011,54
MALA,Malária,221100,Teresina,PI,2012,41
MALA,Malária,221100,Teresina,PI,2013,51
MALA,Malária,221100,Teresina,PI,2014,28
MALA,Malária,221100,Teresina,PI,2015,8
MALA,Malária,221100,Teresina,PI,2016,17
MALA,Malária,221100,Teresina,PI,2017,11
MALA,Malária,221100,Teresina,PI,2018,6
MALA,Malária,221100,Teresina,PI,2019,10
MALA,Malária,221100,Teresina,PI,2020,7
MALA,Malária,221100,Teresina,PI,2021,27
MALA,Malária,221100,Teresina,PI,2022,16
MALA,Malária,221100,Teresina,PI,2023,17
MALA,Malária,221100,Teresina,PI,2024,8
MALA,Malária,221120,Urucui,PI,2007,0
MALA,Malária,221120,Urucui,PI,2008,0
MALA,Malária,221120,Urucui,PI,2009,0
MALA,Malária,221120,Urucui,PI,2010,0
MALA,Malária,221120,Urucui,PI,2011,14
MALA,Malária,221120,Urucui,PI,2012,0
MALA,Malária,221120,Urucui,PI,2013,0
MALA,Malária,221120,Urucui,PI,2014,0
MALA,Malária,221120,Urucui,PI,2015,0
MALA,Malária,221120,Urucui,PI,2016,0
MALA,Malária,221120,Urucui,PI,2017,0
MALA,Malária,221120,Urucui,PI,2018,0
MALA,Malária,221120,Urucui,PI,2019,0
MALA,Malária,221120,Urucui,PI,2020,0
MALA,Malária,221120,Urucui,PI,2021,0
MALA,Malária,221120,Urucui,PI,2022,0
MALA,Malária,221120,Urucui,PI,2023,0
MALA,Malária,221120,Urucui,PI,2024,0
MALA,Malária,221130,Valenca do Piaui,PI,2007,0
MALA,Malária,221130,Valenca do Piaui,PI,2008,0
MALA,Malária,221130,Valenca do Piaui,PI,2009,0
MALA,Malária,221130,Valenca do Piaui,PI,2010,0
MALA,Malária,221130,Valenca do Piaui,PI,2011,0
MALA,Malária,221130,Valenca do Piaui,PI,2012,1
MALA,Malária,221130,Valenca do Piaui,PI,2013,0
MALA,Malária,221130,Valenca do Piaui,PI,2014,0
MALA,Malária,221130,Valenca do Piaui,PI,2015,0
MALA,Malária,221130,Valenca do Piaui,PI,2016,0
MALA,Malária,221130,Valenca do Piaui,PI,2017,0
MALA,Malária,221130,Valenca do Piaui,PI,2018,0
MALA,Malária,221130,Valenca do Piaui,PI,2019,0
MALA,Malária,221130,Valenca do Piaui,PI,2020,0
MALA,Malária,221130,Valenca do Piaui,PI,2021,0
MALA,Malária,221130,Valenca do Piaui,PI,2022,0
MALA,Malária,221130,Valenca do Piaui,PI,2023,0
MALA,Malária,221130,Valenca do Piaui,PI,2024,0
MALA,Malária,221160,Vila Nova do Piaui,PI,2007,0
MALA,Malária,221160,Vila Nova do Piaui,PI,2008,0
MALA,Malária,221160,Vila Nova do Piaui,PI,2009,0
MALA,Malária,221160,Vila Nova do Piaui,PI,2010,0
MALA,Malária,221160,Vila Nova do Piaui,PI,2011,0
MALA,Malária,221160,Vila Nova do Piaui,PI,2012,1
MALA,Malária,221160,Vila Nova do Piaui,PI,2013,0
MALA,Malária,221160,Vila Nova do Piaui,PI,2014,0
MALA,Malária,221160,Vila Nova do Piaui,PI,2015,0
MALA,Malária,221160,Vila Nova do Piaui,PI,2016,0
MALA,Malária,221160,Vila Nova do Piaui,PI,2017,0
MALA,Malária,221160,Vila Nova do Piaui,PI,2018,0
MALA,Malária,221160,Vila Nova do Piaui,PI,2019,0
MALA,Malária,221160,Vila Nova do Piaui,PI,2020,0
MALA,Malária,221160,Vila Nova do Piaui,PI,2021,0
MALA,Malária,221160,Vila Nova do Piaui,PI,2022,0
MALA,Malária,221160,Vila Nova do Piaui,PI,2023,0
MALA,Malária,221160,Vila Nova do Piaui,PI,2024,0
MALA,Malária,410040,Almirante Tamandare,PR,2007,0
MALA,Malária,410040,Almirante Tamandare,PR,2008,0
MALA,Malária,410040,Almirante Tamandare,PR,2009,0
MALA,Malária,410040,Almirante Tamandare,PR,2010,0
MALA,Malária,410040,Almirante Tamandare,PR,2011,0
MALA,Malária,410040,Almirante Tamandare,PR,2012,0
MALA,Malária,410040,Almirante Tamandare,PR,2013,0
MALA,Malária,410040,Almirante Tamandare,PR,2014,0
MALA,Malária,410040,Almirante Tamandare,PR,2015,0
MALA,Malária,410040,Almirante Tamandare,PR,2016,0
MALA,Malária,410040,Almirante Tamandare,PR,2017,0
MALA,Malária,410040,Almirante Tamandare,PR,2018,0
MALA,Malária,410040,Almirante Tamandare,PR,2019,0
MALA,Malária,410040,Almirante Tamandare,PR,2020,1
MALA,Malária,410040,Almirante Tamandare,PR,2021,0
MALA,Malária,410040,Almirante Tamandare,PR,2022,0
MALA,Malária,410040,Almirante Tamandare,PR,2023,0
MALA,Malária,410040,Almirante Tamandare,PR,2024,0
MALA,Malária,410045,Altamira do Parana,PR,2007,0
MALA,Malária,410045,Altamira do Parana,PR,2008,0
MALA,Malária,410045,Altamira do Parana,PR,2009,0
MALA,Malária,410045,Altamira do Parana,PR,2010,0
MALA,Malária,410045,Altamira do Parana,PR,2011,0
MALA,Malária,410045,Altamira do Parana,PR,2012,0
MALA,Malária,410045,Altamira do Parana,PR,2013,0
MALA,Malária,410045,Altamira do Parana,PR,2014,0
MALA,Malária,410045,Altamira do Parana,PR,2015,0
MALA,Malária,410045,Altamira do Parana,PR,2016,0
MALA,Malária,410045,Altamira do Parana,PR,2017,0
MALA,Malária,410045,Altamira do Parana,PR,2018,0
MALA,Malária,410045,Altamira do Parana,PR,2019,0
MALA,Malária,410045,Altamira do Parana,PR,2020,0
MALA,Malária,410045,Altamira do Parana,PR,2021,0
MALA,Malária,410045,Altamira do Parana,PR,2022,0
MALA,Malária,410045,Altamira do Parana,PR,2023,1
MALA,Malária,410045,Altamira do Parana,PR,2024,0
MALA,Malária,410050,Altonia,PR,2007,1
MALA,Malária,410050,Altonia,PR,2008,0
MALA,Malária,410050,Altonia,PR,2009,0
MALA,Malária,410050,Altonia,PR,2010,0
MALA,Malária,410050,Altonia,PR,2011,0
MALA,Malária,410050,Altonia,PR,2012,0
MALA,Malária,410050,Altonia,PR,2013,0
MALA,Malária,410050,Altonia,PR,2014,0
MALA,Malária,410050,Altonia,PR,2015,0
MALA,Malária,410050,Altonia,PR,2016,0
MALA,Malária,410050,Altonia,PR,2017,0
MALA,Malária,410050,Altonia,PR,2018,0
MALA,Malária,410050,Altonia,PR,2019,0
MALA,Malária,410050,Altonia,PR,2020,0
MALA,Malária,410050,Altonia,PR,2021,0
MALA,Malária,410050,Altonia,PR,2022,0
MALA,Malária,410050,Altonia,PR,2023,0
MALA,Malária,410050,Altonia,PR,2024,0
MALA,Malária,410100,Ampere,PR,2007,0
MALA,Malária,410100,Ampere,PR,2008,1
MALA,Malária,410100,Ampere,PR,2009,1
MALA,Malária,410100,Ampere,PR,2010,1
MALA,Malária,410100,Ampere,PR,2011,0
MALA,Malária,410100,Ampere,PR,2012,0
MALA,Malária,410100,Ampere,PR,2013,0
MALA,Malária,410100,Ampere,PR,2014,0
MALA,Malária,410100,Ampere,PR,2015,0
MALA,Malária,410100,Ampere,PR,2016,0
MALA,Malária,410100,Ampere,PR,2017,0
MALA,Malária,410100,Ampere,PR,2018,0
MALA,Malária,410100,Ampere,PR,2019,0
MALA,Malária,410100,Ampere,PR,2020,0
MALA,Malária,410100,Ampere,PR,2021,1
MALA,Malária,410100,Ampere,PR,2022,0
MALA,Malária,410100,Ampere,PR,2023,0
MALA,Malária,410100,Ampere,PR,2024,0
MALA,Malária,410110,Andira,PR,2007,0
MALA,Malária,410110,Andira,PR,2008,0
MALA,Malária,410110,Andira,PR,2009,0
MALA,Malária,410110,Andira,PR,2010,0
MALA,Malária,410110,Andira,PR,2011,0
MALA,Malária,410110,Andira,PR,2012,0
MALA,Malária,410110,Andira,PR,2013,1
MALA,Malária,410110,Andira,PR,2014,0
MALA,Malária,410110,Andira,PR,2015,0
MALA,Malária,410110,Andira,PR,2016,0
MALA,Malária,410110,Andira,PR,2017,0
MALA,Malária,410110,Andira,PR,2018,0
MALA,Malária,410110,Andira,PR,2019,0
MALA,Malária,410110,Andira,PR,2020,0
MALA,Malária,410110,Andira,PR,2021,0
MALA,Malária,410110,Andira,PR,2022,0
MALA,Malária,410110,Andira,PR,2023,0
MALA,Malária,410110,Andira,PR,2024,0
MALA,Malária,410140,Apucarana,PR,2007,2
MALA,Malária,410140,Apucarana,PR,2008,0
MALA,Malária,410140,Apucarana,PR,2009,4
MALA,Malária,410140,Apucarana,PR,2010,0
MALA,Malária,410140,Apucarana,PR,2011,0
MALA,Malária,410140,Apucarana,PR,2012,0
MALA,Malária,410140,Apucarana,PR,2013,0
MALA,Malária,410140,Apucarana,PR,2014,0
MALA,Malária,410140,Apucarana,PR,2015,0
MALA,Malária,410140,Apucarana,PR,2016,0
MALA,Malária,410140,Apucarana,PR,2017,1
MALA,Malária,410140,Apucarana,PR,2018,0
MALA,Malária,410140,Apucarana,PR,2019,0
MALA,Malária,410140,Apucarana,PR,2020,1
MALA,Malária,410140,Apucarana,PR,2021,0
MALA,Malária,410140,Apucarana,PR,2022,0
MALA,Malária,410140,Apucarana,PR,2023,1
MALA,Malária,410140,Apucarana,PR,2024,0
MALA,Malária,410150,Arapongas,PR,2007,1
MALA,Malária,410150,Arapongas,PR,2008,1
MALA,Malária,410150,Arapongas,PR,2009,0
MALA,Malária,410150,Arapongas,PR,2010,1
MALA,Malária,410150,Arapongas,PR,2011,0
MALA,Malária,410150,Arapongas,PR,2012,1
MALA,Malária,410150,Arapongas,PR,2013,0
MALA,Malária,410150,Arapongas,PR,2014,0
MALA,Malária,410150,Arapongas,PR,2015,0
MALA,Malária,410150,Arapongas,PR,2016,0
MALA,Malária,410150,Arapongas,PR,2017,1
MALA,Malária,410150,Arapongas,PR,2018,1
MALA,Malária,410150,Arapongas,PR,2019,0
MALA,Malária,410150,Arapongas,PR,2020,0
MALA,Malária,410150,Arapongas,PR,2021,0
MALA,Malária,410150,Arapongas,PR,2022,0
MALA,Malária,410150,Arapongas,PR,2023,0
MALA,Malária,410150,Arapongas,PR,2024,0
MALA,Malária,410180,Araucaria,PR,2007,0
MALA,Malária,410180,Araucaria,PR,2008,0
MALA,Malária,410180,Araucaria,PR,2009,0
MALA,Malária,410180,Araucaria,PR,2010,1
MALA,Malária,410180,Araucaria,PR,2011,1
MALA,Malária,410180,Araucaria,PR,2012,0
MALA,Malária,410180,Araucaria,PR,2013,0
MALA,Malária,410180,Araucaria,PR,2014,0
MALA,Malária,410180,Araucaria,PR,2015,0
MALA,Malária,410180,Araucaria,PR,2016,0
MALA,Malária,410180,Araucaria,PR,2017,0
MALA,Malária,410180,Araucaria,PR,2018,0
MALA,Malária,410180,Araucaria,PR,2019,0
MALA,Malária,410180,Araucaria,PR,2020,0
MALA,Malária,410180,Araucaria,PR,2021,0
MALA,Malária,410180,Araucaria,PR,2022,0
MALA,Malária,410180,Araucaria,PR,2023,0
MALA,Malária,410180,Araucaria,PR,2024,2
MALA,Malária,410200,Assis Chateaubriand,PR,2007,6
MALA,Malária,410200,Assis Chateaubriand,PR,2008,1
MALA,Malária,410200,Assis Chateaubriand,PR,2009,0
MALA,Malária,410200,Assis Chateaubriand,PR,2010,0
MALA,Malária,410200,Assis Chateaubriand,PR,2011,0
MALA,Malária,410200,Assis Chateaubriand,PR,2012,0
MALA,Malária,410200,Assis Chateaubriand,PR,2013,0
MALA,Malária,410200,Assis Chateaubriand,PR,2014,0
MALA,Malária,410200,Assis Chateaubriand,PR,2015,0
MALA,Malária,410200,Assis Chateaubriand,PR,2016,0
MALA,Malária,410200,Assis Chateaubriand,PR,2017,0
MALA,Malária,410200,Assis Chateaubriand,PR,2018,0
MALA,Malária,410200,Assis Chateaubriand,PR,2019,1
MALA,Malária,410200,Assis Chateaubriand,PR,2020,0
MALA,Malária,410200,Assis Chateaubriand,PR,2021,0
MALA,Malária,410200,Assis Chateaubriand,PR,2022,1
MALA,Malária,410200,Assis Chateaubriand,PR,2023,0
MALA,Malária,410200,Assis Chateaubriand,PR,2024,0
MALA,Malária,410300,Boa Esperanca,PR,2007,0
MALA,Malária,410300,Boa Esperanca,PR,2008,0
MALA,Malária,410300,Boa Esperanca,PR,2009,0
MALA,Malária,410300,Boa Esperanca,PR,2010,0
MALA,Malária,410300,Boa Esperanca,PR,2011,0
MALA,Malária,410300,Boa Esperanca,PR,2012,1
MALA,Malária,410300,Boa Esperanca,PR,2013,0
MALA,Malária,410300,Boa Esperanca,PR,2014,0
MALA,Malária,410300,Boa Esperanca,PR,2015,0
MALA,Malária,410300,Boa Esperanca,PR,2016,0
MALA,Malária,410300,Boa Esperanca,PR,2017,0
MALA,Malária,410300,Boa Esperanca,PR,2018,0
MALA,Malária,410300,Boa Esperanca,PR,2019,0
MALA,Malária,410300,Boa Esperanca,PR,2020,0
MALA,Malária,410300,Boa Esperanca,PR,2021,0
MALA,Malária,410300,Boa Esperanca,PR,2022,0
MALA,Malária,410300,Boa Esperanca,PR,2023,0
MALA,Malária,410300,Boa Esperanca,PR,2024,0
MALA,Malária,410305,Boa Vista da Aparecida,PR,2007,0
MALA,Malária,410305,Boa Vista da Aparecida,PR,2008,0
MALA,Malária,410305,Boa Vista da Aparecida,PR,2009,0
MALA,Malária,410305,Boa Vista da Aparecida,PR,2010,1
MALA,Malária,410305,Boa Vista da Aparecida,PR,2011,1
MALA,Malária,410305,Boa Vista da Aparecida,PR,2012,0
MALA,Malária,410305,Boa Vista da Aparecida,PR,2013,0
MALA,Malária,410305,Boa Vista da Aparecida,PR,2014,0
MALA,Malária,410305,Boa Vista da Aparecida,PR,2015,0
MALA,Malária,410305,Boa Vista da Aparecida,PR,2016,0
MALA,Malária,410305,Boa Vista da Aparecida,PR,2017,0
MALA,Malária,410305,Boa Vista da Aparecida,PR,2018,0
MALA,Malária,410305,Boa Vista da Aparecida,PR,2019,0
MALA,Malária,410305,Boa Vista da Aparecida,PR,2020,0
MALA,Malária,410305,Boa Vista da Aparecida,PR,2021,0
MALA,Malária,410305,Boa Vista da Aparecida,PR,2022,0
MALA,Malária,410305,Boa Vista da Aparecida,PR,2023,0
MALA,Malária,410305,Boa Vista da Aparecida,PR,2024,0
MALA,Malária,410345,Cafelandia,PR,2007,1
MALA,Malária,410345,Cafelandia,PR,2008,0
MALA,Malária,410345,Cafelandia,PR,2009,0
MALA,Malária,410345,Cafelandia,PR,2010,0
MALA,Malária,410345,Cafelandia,PR,2011,0
MALA,Malária,410345,Cafelandia,PR,2012,0
MALA,Malária,410345,Cafelandia,PR,2013,1
MALA,Malária,410345,Cafelandia,PR,2014,0
MALA,Malária,410345,Cafelandia,PR,2015,0
MALA,Malária,410345,Cafelandia,PR,2016,0
MALA,Malária,410345,Cafelandia,PR,2017,0
MALA,Malária,410345,Cafelandia,PR,2018,0
MALA,Malária,410345,Cafelandia,PR,2019,0
MALA,Malária,410345,Cafelandia,PR,2020,0
MALA,Malária,410345,Cafelandia,PR,2021,0
MALA,Malária,410345,Cafelandia,PR,2022,0
MALA,Malária,410345,Cafelandia,PR,2023,0
MALA,Malária,410345,Cafelandia,PR,2024,1
MALA,Malária,410370,Cambe,PR,2007,0
MALA,Malária,410370,Cambe,PR,2008,0
MALA,Malária,410370,Cambe,PR,2009,0
MALA,Malária,410370,Cambe,PR,2010,0
MALA,Malária,410370,Cambe,PR,2011,1
MALA,Malária,410370,Cambe,PR,2012,0
MALA,Malária,410370,Cambe,PR,2013,0
MALA,Malária,410370,Cambe,PR,2014,0
MALA,Malária,410370,Cambe,PR,2015,0
MALA,Malária,410370,Cambe,PR,2016,0
MALA,Malária,410370,Cambe,PR,2017,0
MALA,Malária,410370,Cambe,PR,2018,0
MALA,Malária,410370,Cambe,PR,2019,0
MALA,Malária,410370,Cambe,PR,2020,0
MALA,Malária,410370,Cambe,PR,2021,0
MALA,Malária,410370,Cambe,PR,2022,0
MALA,Malária,410370,Cambe,PR,2023,0
MALA,Malária,410370,Cambe,PR,2024,0
MALA,Malária,410390,Campina da Lagoa,PR,2007,0
MALA,Malária,410390,Campina da Lagoa,PR,2008,0
MALA,Malária,410390,Campina da Lagoa,PR,2009,0
MALA,Malária,410390,Campina da Lagoa,PR,2010,0
MALA,Malária,410390,Campina da Lagoa,PR,2011,0
MALA,Malária,410390,Campina da Lagoa,PR,2012,0
MALA,Malária,410390,Campina da Lagoa,PR,2013,0
MALA,Malária,410390,Campina da Lagoa,PR,2014,0
MALA,Malária,410390,Campina da Lagoa,PR,2015,0
MALA,Malária,410390,Campina da Lagoa,PR,2016,0
MALA,Malária,410390,Campina da Lagoa,PR,2017,0
MALA,Malária,410390,Campina da Lagoa,PR,2018,0
MALA,Malária,410390,Campina da Lagoa,PR,2019,1
MALA,Malária,410390,Campina da Lagoa,PR,2020,0
MALA,Malária,410390,Campina da Lagoa,PR,2021,0
MALA,Malária,410390,Campina da Lagoa,PR,2022,0
MALA,Malária,410390,Campina da Lagoa,PR,2023,0
MALA,Malária,410390,Campina da Lagoa,PR,2024,0
MALA,Malária,410400,Campina Grande do Sul,PR,2007,0
MALA,Malária,410400,Campina Grande do Sul,PR,2008,0
MALA,Malária,410400,Campina Grande do Sul,PR,2009,0
MALA,Malária,410400,Campina Grande do Sul,PR,2010,0
MALA,Malária,410400,Campina Grande do Sul,PR,2011,3
MALA,Malária,410400,Campina Grande do Sul,PR,2012,2
MALA,Malária,410400,Campina Grande do Sul,PR,2013,3
MALA,Malária,410400,Campina Grande do Sul,PR,2014,0
MALA,Malária,410400,Campina Grande do Sul,PR,2015,0
MALA,Malária,410400,Campina Grande do Sul,PR,2016,0
MALA,Malária,410400,Campina Grande do Sul,PR,2017,0
MALA,Malária,410400,Campina Grande do Sul,PR,2018,0
MALA,Malária,410400,Campina Grande do Sul,PR,2019,0
MALA,Malária,410400,Campina Grande do Sul,PR,2020,0
MALA,Malária,410400,Campina Grande do Sul,PR,2021,0
MALA,Malária,410400,Campina Grande do Sul,PR,2022,0
MALA,Malária,410400,Campina Grande do Sul,PR,2023,0
MALA,Malária,410400,Campina Grande do Sul,PR,2024,1
MALA,Malária,410410,Campo do Tenente,PR,2007,1
MALA,Malária,410410,Campo do Tenente,PR,2008,0
MALA,Malária,410410,Campo do Tenente,PR,2009,0
MALA,Malária,410410,Campo do Tenente,PR,2010,0
MALA,Malária,410410,Campo do Tenente,PR,2011,0
MALA,Malária,410410,Campo do Tenente,PR,2012,0
MALA,Malária,410410,Campo do Tenente,PR,2013,0
MALA,Malária,410410,Campo do Tenente,PR,2014,0
MALA,Malária,410410,Campo do Tenente,PR,2015,0
MALA,Malária,410410,Campo do Tenente,PR,2016,0
MALA,Malária,410410,Campo do Tenente,PR,2017,0
MALA,Malária,410410,Campo do Tenente,PR,2018,0
MALA,Malária,410410,Campo do Tenente,PR,2019,0
MALA,Malária,410410,Campo do Tenente,PR,2020,0
MALA,Malária,410410,Campo do Tenente,PR,2021,0
MALA,Malária,410410,Campo do Tenente,PR,2022,0
MALA,Malária,410410,Campo do Tenente,PR,2023,0
MALA,Malária,410410,Campo do Tenente,PR,2024,0
MALA,Malária,410420,Campo Largo,PR,2007,0
MALA,Malária,410420,Campo Largo,PR,2008,0
MALA,Malária,410420,Campo Largo,PR,2009,0
MALA,Malária,410420,Campo Largo,PR,2010,1
MALA,Malária,410420,Campo Largo,PR,2011,2
MALA,Malária,410420,Campo Largo,PR,2012,0
MALA,Malária,410420,Campo Largo,PR,2013,1
MALA,Malária,410420,Campo Largo,PR,2014,2
MALA,Malária,410420,Campo Largo,PR,2015,3
MALA,Malária,410420,Campo Largo,PR,2016,1
MALA,Malária,410420,Campo Largo,PR,2017,2
MALA,Malária,410420,Campo Largo,PR,2018,1
MALA,Malária,410420,Campo Largo,PR,2019,1
MALA,Malária,410420,Campo Largo,PR,2020,0
MALA,Malária,410420,Campo Largo,PR,2021,0
MALA,Malária,410420,Campo Largo,PR,2022,1
MALA,Malária,410420,Campo Largo,PR,2023,1
MALA,Malária,410420,Campo Largo,PR,2024,0
MALA,Malária,410425,Campo Magro,PR,2007,0
MALA,Malária,410425,Campo Magro,PR,2008,0
MALA,Malária,410425,Campo Magro,PR,2009,0
MALA,Malária,410425,Campo Magro,PR,2010,0
MALA,Malária,410425,Campo Magro,PR,2011,0
MALA,Malária,410425,Campo Magro,PR,2012,0
MALA,Malária,410425,Campo Magro,PR,2013,0
MALA,Malária,410425,Campo Magro,PR,2014,0
MALA,Malária,410425,Campo Magro,PR,2015,0
MALA,Malária,410425,Campo Magro,PR,2016,0
MALA,Malária,410425,Campo Magro,PR,2017,0
MALA,Malária,410425,Campo Magro,PR,2018,0
MALA,Malária,410425,Campo Magro,PR,2019,0
MALA,Malária,410425,Campo Magro,PR,2020,0
MALA,Malária,410425,Campo Magro,PR,2021,0
MALA,Malária,410425,Campo Magro,PR,2022,1
MALA,Malária,410425,Campo Magro,PR,2023,0
MALA,Malária,410425,Campo Magro,PR,2024,0
MALA,Malária,410430,Campo Mourao,PR,2007,0
MALA,Malária,410430,Campo Mourao,PR,2008,0
MALA,Malária,410430,Campo Mourao,PR,2009,0
MALA,Malária,410430,Campo Mourao,PR,2010,0
MALA,Malária,410430,Campo Mourao,PR,2011,1
MALA,Malária,410430,Campo Mourao,PR,2012,0
MALA,Malária,410430,Campo Mourao,PR,2013,0
MALA,Malária,410430,Campo Mourao,PR,2014,0
MALA,Malária,410430,Campo Mourao,PR,2015,0
MALA,Malária,410430,Campo Mourao,PR,2016,0
MALA,Malária,410430,Campo Mourao,PR,2017,0
MALA,Malária,410430,Campo Mourao,PR,2018,0
MALA,Malária,410430,Campo Mourao,PR,2019,1
MALA,Malária,410430,Campo Mourao,PR,2020,1
MALA,Malária,410430,Campo Mourao,PR,2021,0
MALA,Malária,410430,Campo Mourao,PR,2022,0
MALA,Malária,410430,Campo Mourao,PR,2023,0
MALA,Malária,410430,Campo Mourao,PR,2024,0
MALA,Malária,410440,Candido de Abreu,PR,2007,0
MALA,Malária,410440,Candido de Abreu,PR,2008,0
MALA,Malária,410440,Candido de Abreu,PR,2009,0
MALA,Malária,410440,Candido de Abreu,PR,2010,0
MALA,Malária,410440,Candido de Abreu,PR,2011,0
MALA,Malária,410440,Candido de Abreu,PR,2012,0
MALA,Malária,410440,Candido de Abreu,PR,2013,1
MALA,Malária,410440,Candido de Abreu,PR,2014,0
MALA,Malária,410440,Candido de Abreu,PR,2015,0
MALA,Malária,410440,Candido de Abreu,PR,2016,0
MALA,Malária,410440,Candido de Abreu,PR,2017,0
MALA,Malária,410440,Candido de Abreu,PR,2018,0
MALA,Malária,410440,Candido de Abreu,PR,2019,0
MALA,Malária,410440,Candido de Abreu,PR,2020,0
MALA,Malária,410440,Candido de Abreu,PR,2021,0
MALA,Malária,410440,Candido de Abreu,PR,2022,0
MALA,Malária,410440,Candido de Abreu,PR,2023,0
MALA,Malária,410440,Candido de Abreu,PR,2024,0
MALA,Malária,410450,Capanema,PR,2007,1
MALA,Malária,410450,Capanema,PR,2008,0
MALA,Malária,410450,Capanema,PR,2009,0
MALA,Malária,410450,Capanema,PR,2010,0
MALA,Malária,410450,Capanema,PR,2011,0
MALA,Malária,410450,Capanema,PR,2012,0
MALA,Malária,410450,Capanema,PR,2013,0
MALA,Malária,410450,Capanema,PR,2014,0
MALA,Malária,410450,Capanema,PR,2015,0
MALA,Malária,410450,Capanema,PR,2016,0
MALA,Malária,410450,Capanema,PR,2017,0
MALA,Malária,410450,Capanema,PR,2018,0
MALA,Malária,410450,Capanema,PR,2019,0
MALA,Malária,410450,Capanema,PR,2020,1
MALA,Malária,410450,Capanema,PR,2021,0
MALA,Malária,410450,Capanema,PR,2022,0
MALA,Malária,410450,Capanema,PR,2023,0
MALA,Malária,410450,Capanema,PR,2024,0
MALA,Malária,410460,Capitao Leonidas Marques,PR,2007,0
MALA,Malária,410460,Capitao Leonidas Marques,PR,2008,0
MALA,Malária,410460,Capitao Leonidas Marques,PR,2009,0
MALA,Malária,410460,Capitao Leonidas Marques,PR,2010,0
MALA,Malária,410460,Capitao Leonidas Marques,PR,2011,0
MALA,Malária,410460,Capitao Leonidas Marques,PR,2012,0
MALA,Malária,410460,Capitao Leonidas Marques,PR,2013,0
MALA,Malária,410460,Capitao Leonidas Marques,PR,2014,0
MALA,Malária,410460,Capitao Leonidas Marques,PR,2015,1
MALA,Malária,410460,Capitao Leonidas Marques,PR,2016,0
MALA,Malária,410460,Capitao Leonidas Marques,PR,2017,0
MALA,Malária,410460,Capitao Leonidas Marques,PR,2018,0
MALA,Malária,410460,Capitao Leonidas Marques,PR,2019,0
MALA,Malária,410460,Capitao Leonidas Marques,PR,2020,0
MALA,Malária,410460,Capitao Leonidas Marques,PR,2021,0
MALA,Malária,410460,Capitao Leonidas Marques,PR,2022,0
MALA,Malária,410460,Capitao Leonidas Marques,PR,2023,0
MALA,Malária,410460,Capitao Leonidas Marques,PR,2024,0
MALA,Malária,410480,Cascavel,PR,2007,28
MALA,Malária,410480,Cascavel,PR,2008,18
MALA,Malária,410480,Cascavel,PR,2009,8
MALA,Malária,410480,Cascavel,PR,2010,13
MALA,Malária,410480,Cascavel,PR,2011,12
MALA,Malária,410480,Cascavel,PR,2012,8
MALA,Malária,410480,Cascavel,PR,2013,9
MALA,Malária,410480,Cascavel,PR,2014,1
MALA,Malária,410480,Cascavel,PR,2015,3
MALA,Malária,410480,Cascavel,PR,2016,2
MALA,Malária,410480,Cascavel,PR,2017,2
MALA,Malária,410480,Cascavel,PR,2018,4
MALA,Malária,410480,Cascavel,PR,2019,8
MALA,Malária,410480,Cascavel,PR,2020,3
MALA,Malária,410480,Cascavel,PR,2021,3
MALA,Malária,410480,Cascavel,PR,2022,1
MALA,Malária,410480,Cascavel,PR,2023,5
MALA,Malária,410480,Cascavel,PR,2024,5
MALA,Malária,410490,Castro,PR,2007,0
MALA,Malária,410490,Castro,PR,2008,0
MALA,Malária,410490,Castro,PR,2009,0
MALA,Malária,410490,Castro,PR,2010,0
MALA,Malária,410490,Castro,PR,2011,0
MALA,Malária,410490,Castro,PR,2012,0
MALA,Malária,410490,Castro,PR,2013,0
MALA,Malária,410490,Castro,PR,2014,0
MALA,Malária,410490,Castro,PR,2015,0
MALA,Malária,410490,Castro,PR,2016,0
MALA,Malária,410490,Castro,PR,2017,0
MALA,Malária,410490,Castro,PR,2018,0
MALA,Malária,410490,Castro,PR,2019,0
MALA,Malária,410490,Castro,PR,2020,0
MALA,Malária,410490,Castro,PR,2021,0
MALA,Malária,410490,Castro,PR,2022,0
MALA,Malária,410490,Castro,PR,2023,1
MALA,Malária,410490,Castro,PR,2024,0
MALA,Malária,410510,Centenario do Sul,PR,2007,0
MALA,Malária,410510,Centenario do Sul,PR,2008,0
MALA,Malária,410510,Centenario do Sul,PR,2009,0
MALA,Malária,410510,Centenario do Sul,PR,2010,0
MALA,Malária,410510,Centenario do Sul,PR,2011,0
MALA,Malária,410510,Centenario do Sul,PR,2012,1
MALA,Malária,410510,Centenario do Sul,PR,2013,0
MALA,Malária,410510,Centenario do Sul,PR,2014,0
MALA,Malária,410510,Centenario do Sul,PR,2015,0
MALA,Malária,410510,Centenario do Sul,PR,2016,0
MALA,Malária,410510,Centenario do Sul,PR,2017,0
MALA,Malária,410510,Centenario do Sul,PR,2018,0
MALA,Malária,410510,Centenario do Sul,PR,2019,0
MALA,Malária,410510,Centenario do Sul,PR,2020,0
MALA,Malária,410510,Centenario do Sul,PR,2021,0
MALA,Malária,410510,Centenario do Sul,PR,2022,0
MALA,Malária,410510,Centenario do Sul,PR,2023,0
MALA,Malária,410510,Centenario do Sul,PR,2024,0
MALA,Malária,410540,Chopinzinho,PR,2007,0
MALA,Malária,410540,Chopinzinho,PR,2008,0
MALA,Malária,410540,Chopinzinho,PR,2009,0
MALA,Malária,410540,Chopinzinho,PR,2010,1
MALA,Malária,410540,Chopinzinho,PR,2011,0
MALA,Malária,410540,Chopinzinho,PR,2012,2
MALA,Malária,410540,Chopinzinho,PR,2013,0
MALA,Malária,410540,Chopinzinho,PR,2014,0
MALA,Malária,410540,Chopinzinho,PR,2015,0
MALA,Malária,410540,Chopinzinho,PR,2016,0
MALA,Malária,410540,Chopinzinho,PR,2017,0
MALA,Malária,410540,Chopinzinho,PR,2018,0
MALA,Malária,410540,Chopinzinho,PR,2019,0
MALA,Malária,410540,Chopinzinho,PR,2020,0
MALA,Malária,410540,Chopinzinho,PR,2021,0
MALA,Malária,410540,Chopinzinho,PR,2022,0
MALA,Malária,410540,Chopinzinho,PR,2023,0
MALA,Malária,410540,Chopinzinho,PR,2024,0
MALA,Malária,410550,Cianorte,PR,2007,0
MALA,Malária,410550,Cianorte,PR,2008,1
MALA,Malária,410550,Cianorte,PR,2009,0
MALA,Malária,410550,Cianorte,PR,2010,0
MALA,Malária,410550,Cianorte,PR,2011,0
MALA,Malária,410550,Cianorte,PR,2012,0
MALA,Malária,410550,Cianorte,PR,2013,0
MALA,Malária,410550,Cianorte,PR,2014,0
MALA,Malária,410550,Cianorte,PR,2015,0
MALA,Malária,410550,Cianorte,PR,2016,0
MALA,Malária,410550,Cianorte,PR,2017,1
MALA,Malária,410550,Cianorte,PR,2018,1
MALA,Malária,410550,Cianorte,PR,2019,0
MALA,Malária,410550,Cianorte,PR,2020,0
MALA,Malária,410550,Cianorte,PR,2021,0
MALA,Malária,410550,Cianorte,PR,2022,0
MALA,Malária,410550,Cianorte,PR,2023,1
MALA,Malária,410550,Cianorte,PR,2024,0
MALA,Malária,410570,Clevelandia,PR,2007,0
MALA,Malária,410570,Clevelandia,PR,2008,0
MALA,Malária,410570,Clevelandia,PR,2009,0
MALA,Malária,410570,Clevelandia,PR,2010,0
MALA,Malária,410570,Clevelandia,PR,2011,0
MALA,Malária,410570,Clevelandia,PR,2012,0
MALA,Malária,410570,Clevelandia,PR,2013,0
MALA,Malária,410570,Clevelandia,PR,2014,0
MALA,Malária,410570,Clevelandia,PR,2015,0
MALA,Malária,410570,Clevelandia,PR,2016,0
MALA,Malária,410570,Clevelandia,PR,2017,0
MALA,Malária,410570,Clevelandia,PR,2018,0
MALA,Malária,410570,Clevelandia,PR,2019,0
MALA,Malária,410570,Clevelandia,PR,2020,0
MALA,Malária,410570,Clevelandia,PR,2021,0
MALA,Malária,410570,Clevelandia,PR,2022,0
MALA,Malária,410570,Clevelandia,PR,2023,1
MALA,Malária,410570,Clevelandia,PR,2024,0
MALA,Malária,410580,Colombo,PR,2007,0
MALA,Malária,410580,Colombo,PR,2008,0
MALA,Malária,410580,Colombo,PR,2009,0
MALA,Malária,410580,Colombo,PR,2010,0
MALA,Malária,410580,Colombo,PR,2011,0
MALA,Malária,410580,Colombo,PR,2012,0
MALA,Malária,410580,Colombo,PR,2013,0
MALA,Malária,410580,Colombo,PR,2014,0
MALA,Malária,410580,Colombo,PR,2015,0
MALA,Malária,410580,Colombo,PR,2016,0
MALA,Malária,410580,Colombo,PR,2017,0
MALA,Malária,410580,Colombo,PR,2018,0
MALA,Malária,410580,Colombo,PR,2019,0
MALA,Malária,410580,Colombo,PR,2020,0
MALA,Malária,410580,Colombo,PR,2021,0
MALA,Malária,410580,Colombo,PR,2022,1
MALA,Malária,410580,Colombo,PR,2023,0
MALA,Malária,410580,Colombo,PR,2024,0
MALA,Malária,410630,Corbelia,PR,2007,0
MALA,Malária,410630,Corbelia,PR,2008,0
MALA,Malária,410630,Corbelia,PR,2009,0
MALA,Malária,410630,Corbelia,PR,2010,0
MALA,Malária,410630,Corbelia,PR,2011,1
MALA,Malária,410630,Corbelia,PR,2012,0
MALA,Malária,410630,Corbelia,PR,2013,0
MALA,Malária,410630,Corbelia,PR,2014,0
MALA,Malária,410630,Corbelia,PR,2015,0
MALA,Malária,410630,Corbelia,PR,2016,0
MALA,Malária,410630,Corbelia,PR,2017,0
MALA,Malária,410630,Corbelia,PR,2018,0
MALA,Malária,410630,Corbelia,PR,2019,0
MALA,Malária,410630,Corbelia,PR,2020,0
MALA,Malária,410630,Corbelia,PR,2021,0
MALA,Malária,410630,Corbelia,PR,2022,0
MALA,Malária,410630,Corbelia,PR,2023,0
MALA,Malária,410630,Corbelia,PR,2024,0
MALA,Malária,410640,Cornelio Procopio,PR,2007,1
MALA,Malária,410640,Cornelio Procopio,PR,2008,0
MALA,Malária,410640,Cornelio Procopio,PR,2009,0
MALA,Malária,410640,Cornelio Procopio,PR,2010,1
MALA,Malária,410640,Cornelio Procopio,PR,2011,0
MALA,Malária,410640,Cornelio Procopio,PR,2012,1
MALA,Malária,410640,Cornelio Procopio,PR,2013,0
MALA,Malária,410640,Cornelio Procopio,PR,2014,0
MALA,Malária,410640,Cornelio Procopio,PR,2015,0
MALA,Malária,410640,Cornelio Procopio,PR,2016,0
MALA,Malária,410640,Cornelio Procopio,PR,2017,0
MALA,Malária,410640,Cornelio Procopio,PR,2018,1
MALA,Malária,410640,Cornelio Procopio,PR,2019,0
MALA,Malária,410640,Cornelio Procopio,PR,2020,0
MALA,Malária,410640,Cornelio Procopio,PR,2021,0
MALA,Malária,410640,Cornelio Procopio,PR,2022,0
MALA,Malária,410640,Cornelio Procopio,PR,2023,0
MALA,Malária,410640,Cornelio Procopio,PR,2024,0
MALA,Malária,410650,Coronel Vivida,PR,2007,1
MALA,Malária,410650,Coronel Vivida,PR,2008,0
MALA,Malária,410650,Coronel Vivida,PR,2009,0
MALA,Malária,410650,Coronel Vivida,PR,2010,0
MALA,Malária,410650,Coronel Vivida,PR,2011,0
MALA,Malária,410650,Coronel Vivida,PR,2012,0
MALA,Malária,410650,Coronel Vivida,PR,2013,0
MALA,Malária,410650,Coronel Vivida,PR,2014,0
MALA,Malária,410650,Coronel Vivida,PR,2015,0
MALA,Malária,410650,Coronel Vivida,PR,2016,0
MALA,Malária,410650,Coronel Vivida,PR,2017,0
MALA,Malária,410650,Coronel Vivida,PR,2018,0
MALA,Malária,410650,Coronel Vivida,PR,2019,0
MALA,Malária,410650,Coronel Vivida,PR,2020,0
MALA,Malária,410650,Coronel Vivida,PR,2021,0
MALA,Malária,410650,Coronel Vivida,PR,2022,0
MALA,Malária,410650,Coronel Vivida,PR,2023,0
MALA,Malária,410650,Coronel Vivida,PR,2024,0
MALA,Malária,410690,Curitiba,PR,2007,23
MALA,Malária,410690,Curitiba,PR,2008,29
MALA,Malária,410690,Curitiba,PR,2009,19
MALA,Malária,410690,Curitiba,PR,2010,10
MALA,Malária,410690,Curitiba,PR,2011,19
MALA,Malária,410690,Curitiba,PR,2012,11
MALA,Malária,410690,Curitiba,PR,2013,12
MALA,Malária,410690,Curitiba,PR,2014,10
MALA,Malária,410690,Curitiba,PR,2015,6
MALA,Malária,410690,Curitiba,PR,2016,3
MALA,Malária,410690,Curitiba,PR,2017,5
MALA,Malária,410690,Curitiba,PR,2018,18
MALA,Malária,410690,Curitiba,PR,2019,8
MALA,Malária,410690,Curitiba,PR,2020,7
MALA,Malária,410690,Curitiba,PR,2021,6
MALA,Malária,410690,Curitiba,PR,2022,11
MALA,Malária,410690,Curitiba,PR,2023,16
MALA,Malária,410690,Curitiba,PR,2024,14
MALA,Malária,410700,Curiuva,PR,2007,1
MALA,Malária,410700,Curiuva,PR,2008,0
MALA,Malária,410700,Curiuva,PR,2009,0
MALA,Malária,410700,Curiuva,PR,2010,0
MALA,Malária,410700,Curiuva,PR,2011,0
MALA,Malária,410700,Curiuva,PR,2012,0
MALA,Malária,410700,Curiuva,PR,2013,0
MALA,Malária,410700,Curiuva,PR,2014,0
MALA,Malária,410700,Curiuva,PR,2015,0
MALA,Malária,410700,Curiuva,PR,2016,0
MALA,Malária,410700,Curiuva,PR,2017,0
MALA,Malária,410700,Curiuva,PR,2018,0
MALA,Malária,410700,Curiuva,PR,2019,0
MALA,Malária,410700,Curiuva,PR,2020,0
MALA,Malária,410700,Curiuva,PR,2021,0
MALA,Malária,410700,Curiuva,PR,2022,0
MALA,Malária,410700,Curiuva,PR,2023,0
MALA,Malária,410700,Curiuva,PR,2024,0
MALA,Malária,410710,Diamante do Norte,PR,2007,0
MALA,Malária,410710,Diamante do Norte,PR,2008,0
MALA,Malária,410710,Diamante do Norte,PR,2009,0
MALA,Malária,410710,Diamante do Norte,PR,2010,0
MALA,Malária,410710,Diamante do Norte,PR,2011,1
MALA,Malária,410710,Diamante do Norte,PR,2012,0
MALA,Malária,410710,Diamante do Norte,PR,2013,0
MALA,Malária,410710,Diamante do Norte,PR,2014,0
MALA,Malária,410710,Diamante do Norte,PR,2015,0
MALA,Malária,410710,Diamante do Norte,PR,2016,0
MALA,Malária,410710,Diamante do Norte,PR,2017,0
MALA,Malária,410710,Diamante do Norte,PR,2018,0
MALA,Malária,410710,Diamante do Norte,PR,2019,0
MALA,Malária,410710,Diamante do Norte,PR,2020,0
MALA,Malária,410710,Diamante do Norte,PR,2021,0
MALA,Malária,410710,Diamante do Norte,PR,2022,0
MALA,Malária,410710,Diamante do Norte,PR,2023,0
MALA,Malária,410710,Diamante do Norte,PR,2024,0
MALA,Malária,410715,Diamante D'oeste,PR,2007,1
MALA,Malária,410715,Diamante D'oeste,PR,2008,0
MALA,Malária,410715,Diamante D'oeste,PR,2009,0
MALA,Malária,410715,Diamante D'oeste,PR,2010,0
MALA,Malária,410715,Diamante D'oeste,PR,2011,0
MALA,Malária,410715,Diamante D'oeste,PR,2012,0
MALA,Malária,410715,Diamante D'oeste,PR,2013,0
MALA,Malária,410715,Diamante D'oeste,PR,2014,0
MALA,Malária,410715,Diamante D'oeste,PR,2015,0
MALA,Malária,410715,Diamante D'oeste,PR,2016,0
MALA,Malária,410715,Diamante D'oeste,PR,2017,0
MALA,Malária,410715,Diamante D'oeste,PR,2018,0
MALA,Malária,410715,Diamante D'oeste,PR,2019,0
MALA,Malária,410715,Diamante D'oeste,PR,2020,0
MALA,Malária,410715,Diamante D'oeste,PR,2021,0
MALA,Malária,410715,Diamante D'oeste,PR,2022,0
MALA,Malária,410715,Diamante D'oeste,PR,2023,0
MALA,Malária,410715,Diamante D'oeste,PR,2024,0
MALA,Malária,410720,Dois Vizinhos,PR,2007,0
MALA,Malária,410720,Dois Vizinhos,PR,2008,0
MALA,Malária,410720,Dois Vizinhos,PR,2009,0
MALA,Malária,410720,Dois Vizinhos,PR,2010,0
MALA,Malária,410720,Dois Vizinhos,PR,2011,0
MALA,Malária,410720,Dois Vizinhos,PR,2012,0
MALA,Malária,410720,Dois Vizinhos,PR,2013,0
MALA,Malária,410720,Dois Vizinhos,PR,2014,0
MALA,Malária,410720,Dois Vizinhos,PR,2015,2
MALA,Malária,410720,Dois Vizinhos,PR,2016,0
MALA,Malária,410720,Dois Vizinhos,PR,2017,0
MALA,Malária,410720,Dois Vizinhos,PR,2018,0
MALA,Malária,410720,Dois Vizinhos,PR,2019,0
MALA,Malária,410720,Dois Vizinhos,PR,2020,0
MALA,Malária,410720,Dois Vizinhos,PR,2021,1
MALA,Malária,410720,Dois Vizinhos,PR,2022,0
MALA,Malária,410720,Dois Vizinhos,PR,2023,0
MALA,Malária,410720,Dois Vizinhos,PR,2024,0
MALA,Malária,410725,Douradina,PR,2007,0
MALA,Malária,410725,Douradina,PR,2008,0
MALA,Malária,410725,Douradina,PR,2009,0
MALA,Malária,410725,Douradina,PR,2010,1
MALA,Malária,410725,Douradina,PR,2011,0
MALA,Malária,410725,Douradina,PR,2012,0
MALA,Malária,410725,Douradina,PR,2013,0
MALA,Malária,410725,Douradina,PR,2014,0
MALA,Malária,410725,Douradina,PR,2015,0
MALA,Malária,410725,Douradina,PR,2016,0
MALA,Malária,410725,Douradina,PR,2017,0
MALA,Malária,410725,Douradina,PR,2018,0
MALA,Malária,410725,Douradina,PR,2019,0
MALA,Malária,410725,Douradina,PR,2020,0
MALA,Malária,410725,Douradina,PR,2021,0
MALA,Malária,410725,Douradina,PR,2022,0
MALA,Malária,410725,Douradina,PR,2023,0
MALA,Malária,410725,Douradina,PR,2024,0
MALA,Malária,410750,Engenheiro Beltrao,PR,2007,0
MALA,Malária,410750,Engenheiro Beltrao,PR,2008,0
MALA,Malária,410750,Engenheiro Beltrao,PR,2009,0
MALA,Malária,410750,Engenheiro Beltrao,PR,2010,0
MALA,Malária,410750,Engenheiro Beltrao,PR,2011,0
MALA,Malária,410750,Engenheiro Beltrao,PR,2012,0
MALA,Malária,410750,Engenheiro Beltrao,PR,2013,0
MALA,Malária,410750,Engenheiro Beltrao,PR,2014,0
MALA,Malária,410750,Engenheiro Beltrao,PR,2015,0
MALA,Malária,410750,Engenheiro Beltrao,PR,2016,0
MALA,Malária,410750,Engenheiro Beltrao,PR,2017,0
MALA,Malária,410750,Engenheiro Beltrao,PR,2018,0
MALA,Malária,410750,Engenheiro Beltrao,PR,2019,0
MALA,Malária,410750,Engenheiro Beltrao,PR,2020,0
MALA,Malária,410750,Engenheiro Beltrao,PR,2021,0
MALA,Malária,410750,Engenheiro Beltrao,PR,2022,1
MALA,Malária,410750,Engenheiro Beltrao,PR,2023,0
MALA,Malária,410750,Engenheiro Beltrao,PR,2024,0
MALA,Malária,410753,Entre Rios do Oeste,PR,2007,1
MALA,Malária,410753,Entre Rios do Oeste,PR,2008,0
MALA,Malária,410753,Entre Rios do Oeste,PR,2009,0
MALA,Malária,410753,Entre Rios do Oeste,PR,2010,0
MALA,Malária,410753,Entre Rios do Oeste,PR,2011,0
MALA,Malária,410753,Entre Rios do Oeste,PR,2012,0
MALA,Malária,410753,Entre Rios do Oeste,PR,2013,0
MALA,Malária,410753,Entre Rios do Oeste,PR,2014,0
MALA,Malária,410753,Entre Rios do Oeste,PR,2015,0
MALA,Malária,410753,Entre Rios do Oeste,PR,2016,0
MALA,Malária,410753,Entre Rios do Oeste,PR,2017,0
MALA,Malária,410753,Entre Rios do Oeste,PR,2018,0
MALA,Malária,410753,Entre Rios do Oeste,PR,2019,0
MALA,Malária,410753,Entre Rios do Oeste,PR,2020,0
MALA,Malária,410753,Entre Rios do Oeste,PR,2021,0
MALA,Malária,410753,Entre Rios do Oeste,PR,2022,0
MALA,Malária,410753,Entre Rios do Oeste,PR,2023,0
MALA,Malária,410753,Entre Rios do Oeste,PR,2024,0
MALA,Malária,410765,Fazenda Rio Grande,PR,2007,0
MALA,Malária,410765,Fazenda Rio Grande,PR,2008,0
MALA,Malária,410765,Fazenda Rio Grande,PR,2009,0
MALA,Malária,410765,Fazenda Rio Grande,PR,2010,0
MALA,Malária,410765,Fazenda Rio Grande,PR,2011,0
MALA,Malária,410765,Fazenda Rio Grande,PR,2012,0
MALA,Malária,410765,Fazenda Rio Grande,PR,2013,0
MALA,Malária,410765,Fazenda Rio Grande,PR,2014,0
MALA,Malária,410765,Fazenda Rio Grande,PR,2015,0
MALA,Malária,410765,Fazenda Rio Grande,PR,2016,0
MALA,Malária,410765,Fazenda Rio Grande,PR,2017,0
MALA,Malária,410765,Fazenda Rio Grande,PR,2018,1
MALA,Malária,410765,Fazenda Rio Grande,PR,2019,0
MALA,Malária,410765,Fazenda Rio Grande,PR,2020,0
MALA,Malária,410765,Fazenda Rio Grande,PR,2021,0
MALA,Malária,410765,Fazenda Rio Grande,PR,2022,0
MALA,Malária,410765,Fazenda Rio Grande,PR,2023,1
MALA,Malária,410765,Fazenda Rio Grande,PR,2024,0
MALA,Malária,410830,Foz do Iguacu,PR,2007,74
MALA,Malária,410830,Foz do Iguacu,PR,2008,14
MALA,Malária,410830,Foz do Iguacu,PR,2009,9
MALA,Malária,410830,Foz do Iguacu,PR,2010,8
MALA,Malária,410830,Foz do Iguacu,PR,2011,15
MALA,Malária,410830,Foz do Iguacu,PR,2012,3
MALA,Malária,410830,Foz do Iguacu,PR,2013,7
MALA,Malária,410830,Foz do Iguacu,PR,2014,4
MALA,Malária,410830,Foz do Iguacu,PR,2015,3
MALA,Malária,410830,Foz do Iguacu,PR,2016,0
MALA,Malária,410830,Foz do Iguacu,PR,2017,3
MALA,Malária,410830,Foz do Iguacu,PR,2018,4
MALA,Malária,410830,Foz do Iguacu,PR,2019,4
MALA,Malária,410830,Foz do Iguacu,PR,2020,1
MALA,Malária,410830,Foz do Iguacu,PR,2021,4
MALA,Malária,410830,Foz do Iguacu,PR,2022,3
MALA,Malária,410830,Foz do Iguacu,PR,2023,5
MALA,Malária,410830,Foz do Iguacu,PR,2024,5
MALA,Malária,410832,Francisco Alves,PR,2007,0
MALA,Malária,410832,Francisco Alves,PR,2008,0
MALA,Malária,410832,Francisco Alves,PR,2009,0
MALA,Malária,410832,Francisco Alves,PR,2010,0
MALA,Malária,410832,Francisco Alves,PR,2011,0
MALA,Malária,410832,Francisco Alves,PR,2012,0
MALA,Malária,410832,Francisco Alves,PR,2013,1
MALA,Malária,410832,Francisco Alves,PR,2014,0
MALA,Malária,410832,Francisco Alves,PR,2015,0
MALA,Malária,410832,Francisco Alves,PR,2016,0
MALA,Malária,410832,Francisco Alves,PR,2017,0
MALA,Malária,410832,Francisco Alves,PR,2018,0
MALA,Malária,410832,Francisco Alves,PR,2019,0
MALA,Malária,410832,Francisco Alves,PR,2020,0
MALA,Malária,410832,Francisco Alves,PR,2021,0
MALA,Malária,410832,Francisco Alves,PR,2022,0
MALA,Malária,410832,Francisco Alves,PR,2023,0
MALA,Malária,410832,Francisco Alves,PR,2024,0
MALA,Malária,410840,Francisco Beltrao,PR,2007,1
MALA,Malária,410840,Francisco Beltrao,PR,2008,2
MALA,Malária,410840,Francisco Beltrao,PR,2009,0
MALA,Malária,410840,Francisco Beltrao,PR,2010,0
MALA,Malária,410840,Francisco Beltrao,PR,2011,0
MALA,Malária,410840,Francisco Beltrao,PR,2012,0
MALA,Malária,410840,Francisco Beltrao,PR,2013,1
MALA,Malária,410840,Francisco Beltrao,PR,2014,1
MALA,Malária,410840,Francisco Beltrao,PR,2015,0
MALA,Malária,410840,Francisco Beltrao,PR,2016,0
MALA,Malária,410840,Francisco Beltrao,PR,2017,0
MALA,Malária,410840,Francisco Beltrao,PR,2018,1
MALA,Malária,410840,Francisco Beltrao,PR,2019,0
MALA,Malária,410840,Francisco Beltrao,PR,2020,0
MALA,Malária,410840,Francisco Beltrao,PR,2021,2
MALA,Malária,410840,Francisco Beltrao,PR,2022,0
MALA,Malária,410840,Francisco Beltrao,PR,2023,0
MALA,Malária,410840,Francisco Beltrao,PR,2024,0
MALA,Malária,410860,Goioere,PR,2007,1
MALA,Malária,410860,Goioere,PR,2008,0
MALA,Malária,410860,Goioere,PR,2009,0
MALA,Malária,410860,Goioere,PR,2010,0
MALA,Malária,410860,Goioere,PR,2011,0
MALA,Malária,410860,Goioere,PR,2012,0
MALA,Malária,410860,Goioere,PR,2013,0
MALA,Malária,410860,Goioere,PR,2014,0
MALA,Malária,410860,Goioere,PR,2015,0
MALA,Malária,410860,Goioere,PR,2016,0
MALA,Malária,410860,Goioere,PR,2017,0
MALA,Malária,410860,Goioere,PR,2018,0
MALA,Malária,410860,Goioere,PR,2019,0
MALA,Malária,410860,Goioere,PR,2020,0
MALA,Malária,410860,Goioere,PR,2021,1
MALA,Malária,410860,Goioere,PR,2022,0
MALA,Malária,410860,Goioere,PR,2023,0
MALA,Malária,410860,Goioere,PR,2024,0
MALA,Malária,410880,Guaira,PR,2007,0
MALA,Malária,410880,Guaira,PR,2008,0
MALA,Malária,410880,Guaira,PR,2009,0
MALA,Malária,410880,Guaira,PR,2010,2
MALA,Malária,410880,Guaira,PR,2011,5
MALA,Malária,410880,Guaira,PR,2012,1
MALA,Malária,410880,Guaira,PR,2013,1
MALA,Malária,410880,Guaira,PR,2014,0
MALA,Malária,410880,Guaira,PR,2015,0
MALA,Malária,410880,Guaira,PR,2016,0
MALA,Malária,410880,Guaira,PR,2017,0
MALA,Malária,410880,Guaira,PR,2018,0
MALA,Malária,410880,Guaira,PR,2019,0
MALA,Malária,410880,Guaira,PR,2020,0
MALA,Malária,410880,Guaira,PR,2021,0
MALA,Malária,410880,Guaira,PR,2022,0
MALA,Malária,410880,Guaira,PR,2023,0
MALA,Malária,410880,Guaira,PR,2024,0
MALA,Malária,410890,Guairaca,PR,2007,0
MALA,Malária,410890,Guairaca,PR,2008,0
MALA,Malária,410890,Guairaca,PR,2009,1
MALA,Malária,410890,Guairaca,PR,2010,0
MALA,Malária,410890,Guairaca,PR,2011,0
MALA,Malária,410890,Guairaca,PR,2012,0
MALA,Malária,410890,Guairaca,PR,2013,0
MALA,Malária,410890,Guairaca,PR,2014,0
MALA,Malária,410890,Guairaca,PR,2015,0
MALA,Malária,410890,Guairaca,PR,2016,0
MALA,Malária,410890,Guairaca,PR,2017,0
MALA,Malária,410890,Guairaca,PR,2018,0
MALA,Malária,410890,Guairaca,PR,2019,0
MALA,Malária,410890,Guairaca,PR,2020,0
MALA,Malária,410890,Guairaca,PR,2021,0
MALA,Malária,410890,Guairaca,PR,2022,0
MALA,Malária,410890,Guairaca,PR,2023,0
MALA,Malária,410890,Guairaca,PR,2024,0
MALA,Malária,410940,Guarapuava,PR,2007,0
MALA,Malária,410940,Guarapuava,PR,2008,2
MALA,Malária,410940,Guarapuava,PR,2009,0
MALA,Malária,410940,Guarapuava,PR,2010,0
MALA,Malária,410940,Guarapuava,PR,2011,0
MALA,Malária,410940,Guarapuava,PR,2012,0
MALA,Malária,410940,Guarapuava,PR,2013,1
MALA,Malária,410940,Guarapuava,PR,2014,0
MALA,Malária,410940,Guarapuava,PR,2015,1
MALA,Malária,410940,Guarapuava,PR,2016,0
MALA,Malária,410940,Guarapuava,PR,2017,0
MALA,Malária,410940,Guarapuava,PR,2018,0
MALA,Malária,410940,Guarapuava,PR,2019,0
MALA,Malária,410940,Guarapuava,PR,2020,0
MALA,Malária,410940,Guarapuava,PR,2021,0
MALA,Malária,410940,Guarapuava,PR,2022,0
MALA,Malária,410940,Guarapuava,PR,2023,0
MALA,Malária,410940,Guarapuava,PR,2024,0
MALA,Malária,410960,Guaratuba,PR,2007,0
MALA,Malária,410960,Guaratuba,PR,2008,0
MALA,Malária,410960,Guaratuba,PR,2009,0
MALA,Malária,410960,Guaratuba,PR,2010,0
MALA,Malária,410960,Guaratuba,PR,2011,0
MALA,Malária,410960,Guaratuba,PR,2012,0
MALA,Malária,410960,Guaratuba,PR,2013,0
MALA,Malária,410960,Guaratuba,PR,2014,0
MALA,Malária,410960,Guaratuba,PR,2015,0
MALA,Malária,410960,Guaratuba,PR,2016,0
MALA,Malária,410960,Guaratuba,PR,2017,0
MALA,Malária,410960,Guaratuba,PR,2018,0
MALA,Malária,410960,Guaratuba,PR,2019,0
MALA,Malária,410960,Guaratuba,PR,2020,0
MALA,Malária,410960,Guaratuba,PR,2021,0
MALA,Malária,410960,Guaratuba,PR,2022,1
MALA,Malária,410960,Guaratuba,PR,2023,0
MALA,Malária,410960,Guaratuba,PR,2024,0
MALA,Malária,410965,Honorio Serpa,PR,2007,0
MALA,Malária,410965,Honorio Serpa,PR,2008,0
MALA,Malária,410965,Honorio Serpa,PR,2009,0
MALA,Malária,410965,Honorio Serpa,PR,2010,1
MALA,Malária,410965,Honorio Serpa,PR,2011,0
MALA,Malária,410965,Honorio Serpa,PR,2012,0
MALA,Malária,410965,Honorio Serpa,PR,2013,0
MALA,Malária,410965,Honorio Serpa,PR,2014,0
MALA,Malária,410965,Honorio Serpa,PR,2015,0
MALA,Malária,410965,Honorio Serpa,PR,2016,0
MALA,Malária,410965,Honorio Serpa,PR,2017,0
MALA,Malária,410965,Honorio Serpa,PR,2018,0
MALA,Malária,410965,Honorio Serpa,PR,2019,0
MALA,Malária,410965,Honorio Serpa,PR,2020,0
MALA,Malária,410965,Honorio Serpa,PR,2021,0
MALA,Malária,410965,Honorio Serpa,PR,2022,0
MALA,Malária,410965,Honorio Serpa,PR,2023,0
MALA,Malária,410965,Honorio Serpa,PR,2024,0
MALA,Malária,410970,Ibaiti,PR,2007,1
MALA,Malária,410970,Ibaiti,PR,2008,0
MALA,Malária,410970,Ibaiti,PR,2009,0
MALA,Malária,410970,Ibaiti,PR,2010,0
MALA,Malária,410970,Ibaiti,PR,2011,0
MALA,Malária,410970,Ibaiti,PR,2012,0
MALA,Malária,410970,Ibaiti,PR,2013,0
MALA,Malária,410970,Ibaiti,PR,2014,0
MALA,Malária,410970,Ibaiti,PR,2015,0
MALA,Malária,410970,Ibaiti,PR,2016,0
MALA,Malária,410970,Ibaiti,PR,2017,0
MALA,Malária,410970,Ibaiti,PR,2018,0
MALA,Malária,410970,Ibaiti,PR,2019,0
MALA,Malária,410970,Ibaiti,PR,2020,0
MALA,Malária,410970,Ibaiti,PR,2021,0
MALA,Malária,410970,Ibaiti,PR,2022,0
MALA,Malária,410970,Ibaiti,PR,2023,0
MALA,Malária,410970,Ibaiti,PR,2024,0
MALA,Malária,410980,Ibipora,PR,2007,0
MALA,Malária,410980,Ibipora,PR,2008,0
MALA,Malária,410980,Ibipora,PR,2009,0
MALA,Malária,410980,Ibipora,PR,2010,1
MALA,Malária,410980,Ibipora,PR,2011,0
MALA,Malária,410980,Ibipora,PR,2012,0
MALA,Malária,410980,Ibipora,PR,2013,0
MALA,Malária,410980,Ibipora,PR,2014,0
MALA,Malária,410980,Ibipora,PR,2015,1
MALA,Malária,410980,Ibipora,PR,2016,0
MALA,Malária,410980,Ibipora,PR,2017,0
MALA,Malária,410980,Ibipora,PR,2018,0
MALA,Malária,410980,Ibipora,PR,2019,0
MALA,Malária,410980,Ibipora,PR,2020,0
MALA,Malária,410980,Ibipora,PR,2021,0
MALA,Malária,410980,Ibipora,PR,2022,0
MALA,Malária,410980,Ibipora,PR,2023,0
MALA,Malária,410980,Ibipora,PR,2024,0
MALA,Malária,410990,Icaraima,PR,2007,0
MALA,Malária,410990,Icaraima,PR,2008,0
MALA,Malária,410990,Icaraima,PR,2009,0
MALA,Malária,410990,Icaraima,PR,2010,0
MALA,Malária,410990,Icaraima,PR,2011,0
MALA,Malária,410990,Icaraima,PR,2012,0
MALA,Malária,410990,Icaraima,PR,2013,1
MALA,Malária,410990,Icaraima,PR,2014,0
MALA,Malária,410990,Icaraima,PR,2015,0
MALA,Malária,410990,Icaraima,PR,2016,0
MALA,Malária,410990,Icaraima,PR,2017,0
MALA,Malária,410990,Icaraima,PR,2018,0
MALA,Malária,410990,Icaraima,PR,2019,0
MALA,Malária,410990,Icaraima,PR,2020,0
MALA,Malária,410990,Icaraima,PR,2021,0
MALA,Malária,410990,Icaraima,PR,2022,0
MALA,Malária,410990,Icaraima,PR,2023,0
MALA,Malária,410990,Icaraima,PR,2024,0
MALA,Malária,411010,Imbituva,PR,2007,0
MALA,Malária,411010,Imbituva,PR,2008,0
MALA,Malária,411010,Imbituva,PR,2009,0
MALA,Malária,411010,Imbituva,PR,2010,0
MALA,Malária,411010,Imbituva,PR,2011,1
MALA,Malária,411010,Imbituva,PR,2012,0
MALA,Malária,411010,Imbituva,PR,2013,0
MALA,Malária,411010,Imbituva,PR,2014,0
MALA,Malária,411010,Imbituva,PR,2015,0
MALA,Malária,411010,Imbituva,PR,2016,0
MALA,Malária,411010,Imbituva,PR,2017,0
MALA,Malária,411010,Imbituva,PR,2018,0
MALA,Malária,411010,Imbituva,PR,2019,0
MALA,Malária,411010,Imbituva,PR,2020,0
MALA,Malária,411010,Imbituva,PR,2021,0
MALA,Malária,411010,Imbituva,PR,2022,0
MALA,Malária,411010,Imbituva,PR,2023,0
MALA,Malária,411010,Imbituva,PR,2024,0
MALA,Malária,411070,Irati,PR,2007,0
MALA,Malária,411070,Irati,PR,2008,0
MALA,Malária,411070,Irati,PR,2009,1
MALA,Malária,411070,Irati,PR,2010,0
MALA,Malária,411070,Irati,PR,2011,0
MALA,Malária,411070,Irati,PR,2012,0
MALA,Malária,411070,Irati,PR,2013,0
MALA,Malária,411070,Irati,PR,2014,1
MALA,Malária,411070,Irati,PR,2015,0
MALA,Malária,411070,Irati,PR,2016,0
MALA,Malária,411070,Irati,PR,2017,0
MALA,Malária,411070,Irati,PR,2018,0
MALA,Malária,411070,Irati,PR,2019,0
MALA,Malária,411070,Irati,PR,2020,0
MALA,Malária,411070,Irati,PR,2021,0
MALA,Malária,411070,Irati,PR,2022,0
MALA,Malária,411070,Irati,PR,2023,1
MALA,Malária,411070,Irati,PR,2024,0
MALA,Malária,411080,Iretama,PR,2007,0
MALA,Malária,411080,Iretama,PR,2008,0
MALA,Malária,411080,Iretama,PR,2009,0
MALA,Malária,411080,Iretama,PR,2010,0
MALA,Malária,411080,Iretama,PR,2011,0
MALA,Malária,411080,Iretama,PR,2012,0
MALA,Malária,411080,Iretama,PR,2013,0
MALA,Malária,411080,Iretama,PR,2014,0
MALA,Malária,411080,Iretama,PR,2015,2
MALA,Malária,411080,Iretama,PR,2016,0
MALA,Malária,411080,Iretama,PR,2017,0
MALA,Malária,411080,Iretama,PR,2018,0
MALA,Malária,411080,Iretama,PR,2019,0
MALA,Malária,411080,Iretama,PR,2020,0
MALA,Malária,411080,Iretama,PR,2021,0
MALA,Malária,411080,Iretama,PR,2022,0
MALA,Malária,411080,Iretama,PR,2023,0
MALA,Malária,411080,Iretama,PR,2024,0
MALA,Malária,411095,Itaipulandia,PR,2007,0
MALA,Malária,411095,Itaipulandia,PR,2008,0
MALA,Malária,411095,Itaipulandia,PR,2009,0
MALA,Malária,411095,Itaipulandia,PR,2010,0
MALA,Malária,411095,Itaipulandia,PR,2011,0
MALA,Malária,411095,Itaipulandia,PR,2012,0
MALA,Malária,411095,Itaipulandia,PR,2013,0
MALA,Malária,411095,Itaipulandia,PR,2014,0
MALA,Malária,411095,Itaipulandia,PR,2015,0
MALA,Malária,411095,Itaipulandia,PR,2016,0
MALA,Malária,411095,Itaipulandia,PR,2017,0
MALA,Malária,411095,Itaipulandia,PR,2018,0
MALA,Malária,411095,Itaipulandia,PR,2019,0
MALA,Malária,411095,Itaipulandia,PR,2020,0
MALA,Malária,411095,Itaipulandia,PR,2021,0
MALA,Malária,411095,Itaipulandia,PR,2022,1
MALA,Malária,411095,Itaipulandia,PR,2023,0
MALA,Malária,411095,Itaipulandia,PR,2024,0
MALA,Malária,411100,Itambaraca,PR,2007,0
MALA,Malária,411100,Itambaraca,PR,2008,0
MALA,Malária,411100,Itambaraca,PR,2009,0
MALA,Malária,411100,Itambaraca,PR,2010,0
MALA,Malária,411100,Itambaraca,PR,2011,1
MALA,Malária,411100,Itambaraca,PR,2012,0
MALA,Malária,411100,Itambaraca,PR,2013,0
MALA,Malária,411100,Itambaraca,PR,2014,0
MALA,Malária,411100,Itambaraca,PR,2015,0
MALA,Malária,411100,Itambaraca,PR,2016,0
MALA,Malária,411100,Itambaraca,PR,2017,0
MALA,Malária,411100,Itambaraca,PR,2018,0
MALA,Malária,411100,Itambaraca,PR,2019,0
MALA,Malária,411100,Itambaraca,PR,2020,0
MALA,Malária,411100,Itambaraca,PR,2021,0
MALA,Malária,411100,Itambaraca,PR,2022,0
MALA,Malária,411100,Itambaraca,PR,2023,0
MALA,Malária,411100,Itambaraca,PR,2024,0
MALA,Malária,411150,Ivaipora,PR,2007,0
MALA,Malária,411150,Ivaipora,PR,2008,0
MALA,Malária,411150,Ivaipora,PR,2009,0
MALA,Malária,411150,Ivaipora,PR,2010,0
MALA,Malária,411150,Ivaipora,PR,2011,0
MALA,Malária,411150,Ivaipora,PR,2012,0
MALA,Malária,411150,Ivaipora,PR,2013,1
MALA,Malária,411150,Ivaipora,PR,2014,0
MALA,Malária,411150,Ivaipora,PR,2015,0
MALA,Malária,411150,Ivaipora,PR,2016,0
MALA,Malária,411150,Ivaipora,PR,2017,0
MALA,Malária,411150,Ivaipora,PR,2018,0
MALA,Malária,411150,Ivaipora,PR,2019,0
MALA,Malária,411150,Ivaipora,PR,2020,1
MALA,Malária,411150,Ivaipora,PR,2021,0
MALA,Malária,411150,Ivaipora,PR,2022,0
MALA,Malária,411150,Ivaipora,PR,2023,0
MALA,Malária,411150,Ivaipora,PR,2024,1
MALA,Malária,411180,Jacarezinho,PR,2007,0
MALA,Malária,411180,Jacarezinho,PR,2008,0
MALA,Malária,411180,Jacarezinho,PR,2009,0
MALA,Malária,411180,Jacarezinho,PR,2010,1
MALA,Malária,411180,Jacarezinho,PR,2011,0
MALA,Malária,411180,Jacarezinho,PR,2012,0
MALA,Malária,411180,Jacarezinho,PR,2013,0
MALA,Malária,411180,Jacarezinho,PR,2014,0
MALA,Malária,411180,Jacarezinho,PR,2015,0
MALA,Malária,411180,Jacarezinho,PR,2016,0
MALA,Malária,411180,Jacarezinho,PR,2017,0
MALA,Malária,411180,Jacarezinho,PR,2018,0
MALA,Malária,411180,Jacarezinho,PR,2019,0
MALA,Malária,411180,Jacarezinho,PR,2020,0
MALA,Malária,411180,Jacarezinho,PR,2021,0
MALA,Malária,411180,Jacarezinho,PR,2022,0
MALA,Malária,411180,Jacarezinho,PR,2023,0
MALA,Malária,411180,Jacarezinho,PR,2024,0
MALA,Malária,411240,Japura,PR,2007,1
MALA,Malária,411240,Japura,PR,2008,0
MALA,Malária,411240,Japura,PR,2009,0
MALA,Malária,411240,Japura,PR,2010,0
MALA,Malária,411240,Japura,PR,2011,0
MALA,Malária,411240,Japura,PR,2012,0
MALA,Malária,411240,Japura,PR,2013,0
MALA,Malária,411240,Japura,PR,2014,0
MALA,Malária,411240,Japura,PR,2015,0
MALA,Malária,411240,Japura,PR,2016,0
MALA,Malária,411240,Japura,PR,2017,0
MALA,Malária,411240,Japura,PR,2018,0
MALA,Malária,411240,Japura,PR,2019,0
MALA,Malária,411240,Japura,PR,2020,0
MALA,Malária,411240,Japura,PR,2021,0
MALA,Malária,411240,Japura,PR,2022,0
MALA,Malária,411240,Japura,PR,2023,0
MALA,Malária,411240,Japura,PR,2024,0
MALA,Malária,411250,Jardim Alegre,PR,2007,0
MALA,Malária,411250,Jardim Alegre,PR,2008,0
MALA,Malária,411250,Jardim Alegre,PR,2009,0
MALA,Malária,411250,Jardim Alegre,PR,2010,0
MALA,Malária,411250,Jardim Alegre,PR,2011,0
MALA,Malária,411250,Jardim Alegre,PR,2012,0
MALA,Malária,411250,Jardim Alegre,PR,2013,0
MALA,Malária,411250,Jardim Alegre,PR,2014,0
MALA,Malária,411250,Jardim Alegre,PR,2015,0
MALA,Malária,411250,Jardim Alegre,PR,2016,2
MALA,Malária,411250,Jardim Alegre,PR,2017,0
MALA,Malária,411250,Jardim Alegre,PR,2018,0
MALA,Malária,411250,Jardim Alegre,PR,2019,0
MALA,Malária,411250,Jardim Alegre,PR,2020,0
MALA,Malária,411250,Jardim Alegre,PR,2021,0
MALA,Malária,411250,Jardim Alegre,PR,2022,0
MALA,Malária,411250,Jardim Alegre,PR,2023,0
MALA,Malária,411250,Jardim Alegre,PR,2024,0
MALA,Malária,411260,Jardim Olinda,PR,2007,0
MALA,Malária,411260,Jardim Olinda,PR,2008,0
MALA,Malária,411260,Jardim Olinda,PR,2009,0
MALA,Malária,411260,Jardim Olinda,PR,2010,0
MALA,Malária,411260,Jardim Olinda,PR,2011,1
MALA,Malária,411260,Jardim Olinda,PR,2012,0
MALA,Malária,411260,Jardim Olinda,PR,2013,0
MALA,Malária,411260,Jardim Olinda,PR,2014,0
MALA,Malária,411260,Jardim Olinda,PR,2015,0
MALA,Malária,411260,Jardim Olinda,PR,2016,0
MALA,Malária,411260,Jardim Olinda,PR,2017,0
MALA,Malária,411260,Jardim Olinda,PR,2018,0
MALA,Malária,411260,Jardim Olinda,PR,2019,0
MALA,Malária,411260,Jardim Olinda,PR,2020,0
MALA,Malária,411260,Jardim Olinda,PR,2021,0
MALA,Malária,411260,Jardim Olinda,PR,2022,0
MALA,Malária,411260,Jardim Olinda,PR,2023,0
MALA,Malária,411260,Jardim Olinda,PR,2024,0
MALA,Malária,411280,Joaquim Tavora,PR,2007,1
MALA,Malária,411280,Joaquim Tavora,PR,2008,0
MALA,Malária,411280,Joaquim Tavora,PR,2009,0
MALA,Malária,411280,Joaquim Tavora,PR,2010,0
MALA,Malária,411280,Joaquim Tavora,PR,2011,0
MALA,Malária,411280,Joaquim Tavora,PR,2012,0
MALA,Malária,411280,Joaquim Tavora,PR,2013,0
MALA,Malária,411280,Joaquim Tavora,PR,2014,0
MALA,Malária,411280,Joaquim Tavora,PR,2015,0
MALA,Malária,411280,Joaquim Tavora,PR,2016,0
MALA,Malária,411280,Joaquim Tavora,PR,2017,0
MALA,Malária,411280,Joaquim Tavora,PR,2018,0
MALA,Malária,411280,Joaquim Tavora,PR,2019,0
MALA,Malária,411280,Joaquim Tavora,PR,2020,0
MALA,Malária,411280,Joaquim Tavora,PR,2021,0
MALA,Malária,411280,Joaquim Tavora,PR,2022,0
MALA,Malária,411280,Joaquim Tavora,PR,2023,0
MALA,Malária,411280,Joaquim Tavora,PR,2024,0
MALA,Malária,411300,Jussara,PR,2007,0
MALA,Malária,411300,Jussara,PR,2008,0
MALA,Malária,411300,Jussara,PR,2009,0
MALA,Malária,411300,Jussara,PR,2010,0
MALA,Malária,411300,Jussara,PR,2011,0
MALA,Malária,411300,Jussara,PR,2012,0
MALA,Malária,411300,Jussara,PR,2013,0
MALA,Malária,411300,Jussara,PR,2014,0
MALA,Malária,411300,Jussara,PR,2015,0
MALA,Malária,411300,Jussara,PR,2016,0
MALA,Malária,411300,Jussara,PR,2017,0
MALA,Malária,411300,Jussara,PR,2018,0
MALA,Malária,411300,Jussara,PR,2019,0
MALA,Malária,411300,Jussara,PR,2020,0
MALA,Malária,411300,Jussara,PR,2021,1
MALA,Malária,411300,Jussara,PR,2022,0
MALA,Malária,411300,Jussara,PR,2023,0
MALA,Malária,411300,Jussara,PR,2024,0
MALA,Malária,411330,Laranjeiras do Sul,PR,2007,1
MALA,Malária,411330,Laranjeiras do Sul,PR,2008,0
MALA,Malária,411330,Laranjeiras do Sul,PR,2009,1
MALA,Malária,411330,Laranjeiras do Sul,PR,2010,0
MALA,Malária,411330,Laranjeiras do Sul,PR,2011,1
MALA,Malária,411330,Laranjeiras do Sul,PR,2012,1
MALA,Malária,411330,Laranjeiras do Sul,PR,2013,0
MALA,Malária,411330,Laranjeiras do Sul,PR,2014,0
MALA,Malária,411330,Laranjeiras do Sul,PR,2015,0
MALA,Malária,411330,Laranjeiras do Sul,PR,2016,0
MALA,Malária,411330,Laranjeiras do Sul,PR,2017,0
MALA,Malária,411330,Laranjeiras do Sul,PR,2018,0
MALA,Malária,411330,Laranjeiras do Sul,PR,2019,0
MALA,Malária,411330,Laranjeiras do Sul,PR,2020,0
MALA,Malária,411330,Laranjeiras do Sul,PR,2021,0
MALA,Malária,411330,Laranjeiras do Sul,PR,2022,0
MALA,Malária,411330,Laranjeiras do Sul,PR,2023,0
MALA,Malária,411330,Laranjeiras do Sul,PR,2024,0
MALA,Malária,411370,Londrina,PR,2007,6
MALA,Malária,411370,Londrina,PR,2008,0
MALA,Malária,411370,Londrina,PR,2009,3
MALA,Malária,411370,Londrina,PR,2010,4
MALA,Malária,411370,Londrina,PR,2011,8
MALA,Malária,411370,Londrina,PR,2012,5
MALA,Malária,411370,Londrina,PR,2013,2
MALA,Malária,411370,Londrina,PR,2014,3
MALA,Malária,411370,Londrina,PR,2015,1
MALA,Malária,411370,Londrina,PR,2016,3
MALA,Malária,411370,Londrina,PR,2017,2
MALA,Malária,411370,Londrina,PR,2018,3
MALA,Malária,411370,Londrina,PR,2019,1
MALA,Malária,411370,Londrina,PR,2020,0
MALA,Malária,411370,Londrina,PR,2021,3
MALA,Malária,411370,Londrina,PR,2022,1
MALA,Malária,411370,Londrina,PR,2023,2
MALA,Malária,411370,Londrina,PR,2024,2
MALA,Malária,411400,Mambore,PR,2007,1
MALA,Malária,411400,Mambore,PR,2008,0
MALA,Malária,411400,Mambore,PR,2009,0
MALA,Malária,411400,Mambore,PR,2010,0
MALA,Malária,411400,Mambore,PR,2011,0
MALA,Malária,411400,Mambore,PR,2012,0
MALA,Malária,411400,Mambore,PR,2013,0
MALA,Malária,411400,Mambore,PR,2014,0
MALA,Malária,411400,Mambore,PR,2015,0
MALA,Malária,411400,Mambore,PR,2016,0
MALA,Malária,411400,Mambore,PR,2017,0
MALA,Malária,411400,Mambore,PR,2018,0
MALA,Malária,411400,Mambore,PR,2019,0
MALA,Malária,411400,Mambore,PR,2020,0
MALA,Malária,411400,Mambore,PR,2021,1
MALA,Malária,411400,Mambore,PR,2022,0
MALA,Malária,411400,Mambore,PR,2023,0
MALA,Malária,411400,Mambore,PR,2024,0
MALA,Malária,411420,Mandaguari,PR,2007,0
MALA,Malária,411420,Mandaguari,PR,2008,0
MALA,Malária,411420,Mandaguari,PR,2009,0
MALA,Malária,411420,Mandaguari,PR,2010,0
MALA,Malária,411420,Mandaguari,PR,2011,0
MALA,Malária,411420,Mandaguari,PR,2012,0
MALA,Malária,411420,Mandaguari,PR,2013,0
MALA,Malária,411420,Mandaguari,PR,2014,0
MALA,Malária,411420,Mandaguari,PR,2015,0
MALA,Malária,411420,Mandaguari,PR,2016,0
MALA,Malária,411420,Mandaguari,PR,2017,0
MALA,Malária,411420,Mandaguari,PR,2018,0
MALA,Malária,411420,Mandaguari,PR,2019,0
MALA,Malária,411420,Mandaguari,PR,2020,0
MALA,Malária,411420,Mandaguari,PR,2021,1
MALA,Malária,411420,Mandaguari,PR,2022,0
MALA,Malária,411420,Mandaguari,PR,2023,0
MALA,Malária,411420,Mandaguari,PR,2024,0
MALA,Malária,411460,Marechal Candido Rondon,PR,2007,4
MALA,Malária,411460,Marechal Candido Rondon,PR,2008,2
MALA,Malária,411460,Marechal Candido Rondon,PR,2009,0
MALA,Malária,411460,Marechal Candido Rondon,PR,2010,0
MALA,Malária,411460,Marechal Candido Rondon,PR,2011,0
MALA,Malária,411460,Marechal Candido Rondon,PR,2012,1
MALA,Malária,411460,Marechal Candido Rondon,PR,2013,1
MALA,Malária,411460,Marechal Candido Rondon,PR,2014,0
MALA,Malária,411460,Marechal Candido Rondon,PR,2015,0
MALA,Malária,411460,Marechal Candido Rondon,PR,2016,0
MALA,Malária,411460,Marechal Candido Rondon,PR,2017,1
MALA,Malária,411460,Marechal Candido Rondon,PR,2018,0
MALA,Malária,411460,Marechal Candido Rondon,PR,2019,0
MALA,Malária,411460,Marechal Candido Rondon,PR,2020,0
MALA,Malária,411460,Marechal Candido Rondon,PR,2021,1
MALA,Malária,411460,Marechal Candido Rondon,PR,2022,0
MALA,Malária,411460,Marechal Candido Rondon,PR,2023,0
MALA,Malária,411460,Marechal Candido Rondon,PR,2024,0
MALA,Malária,411480,Marialva,PR,2007,2
MALA,Malária,411480,Marialva,PR,2008,0
MALA,Malária,411480,Marialva,PR,2009,1
MALA,Malária,411480,Marialva,PR,2010,1
MALA,Malária,411480,Marialva,PR,2011,0
MALA,Malária,411480,Marialva,PR,2012,1
MALA,Malária,411480,Marialva,PR,2013,0
MALA,Malária,411480,Marialva,PR,2014,0
MALA,Malária,411480,Marialva,PR,2015,0
MALA,Malária,411480,Marialva,PR,2016,0
MALA,Malária,411480,Marialva,PR,2017,0
MALA,Malária,411480,Marialva,PR,2018,0
MALA,Malária,411480,Marialva,PR,2019,0
MALA,Malária,411480,Marialva,PR,2020,0
MALA,Malária,411480,Marialva,PR,2021,0
MALA,Malária,411480,Marialva,PR,2022,0
MALA,Malária,411480,Marialva,PR,2023,0
MALA,Malária,411480,Marialva,PR,2024,0
MALA,Malária,411490,Marilandia do Sul,PR,2007,0
MALA,Malária,411490,Marilandia do Sul,PR,2008,0
MALA,Malária,411490,Marilandia do Sul,PR,2009,0
MALA,Malária,411490,Marilandia do Sul,PR,2010,0
MALA,Malária,411490,Marilandia do Sul,PR,2011,0
MALA,Malária,411490,Marilandia do Sul,PR,2012,0
MALA,Malária,411490,Marilandia do Sul,PR,2013,1
MALA,Malária,411490,Marilandia do Sul,PR,2014,0
MALA,Malária,411490,Marilandia do Sul,PR,2015,0
MALA,Malária,411490,Marilandia do Sul,PR,2016,0
MALA,Malária,411490,Marilandia do Sul,PR,2017,0
MALA,Malária,411490,Marilandia do Sul,PR,2018,0
MALA,Malária,411490,Marilandia do Sul,PR,2019,0
MALA,Malária,411490,Marilandia do Sul,PR,2020,0
MALA,Malária,411490,Marilandia do Sul,PR,2021,0
MALA,Malária,411490,Marilandia do Sul,PR,2022,0
MALA,Malária,411490,Marilandia do Sul,PR,2023,0
MALA,Malária,411490,Marilandia do Sul,PR,2024,0
MALA,Malária,411520,Maringa,PR,2007,4
MALA,Malária,411520,Maringa,PR,2008,7
MALA,Malária,411520,Maringa,PR,2009,8
MALA,Malária,411520,Maringa,PR,2010,8
MALA,Malária,411520,Maringa,PR,2011,8
MALA,Malária,411520,Maringa,PR,2012,3
MALA,Malária,411520,Maringa,PR,2013,4
MALA,Malária,411520,Maringa,PR,2014,5
MALA,Malária,411520,Maringa,PR,2015,0
MALA,Malária,411520,Maringa,PR,2016,3
MALA,Malária,411520,Maringa,PR,2017,3
MALA,Malária,411520,Maringa,PR,2018,3
MALA,Malária,411520,Maringa,PR,2019,1
MALA,Malária,411520,Maringa,PR,2020,2
MALA,Malária,411520,Maringa,PR,2021,4
MALA,Malária,411520,Maringa,PR,2022,1
MALA,Malária,411520,Maringa,PR,2023,2
MALA,Malária,411520,Maringa,PR,2024,4
MALA,Malária,411540,Marmeleiro,PR,2007,0
MALA,Malária,411540,Marmeleiro,PR,2008,0
MALA,Malária,411540,Marmeleiro,PR,2009,0
MALA,Malária,411540,Marmeleiro,PR,2010,0
MALA,Malária,411540,Marmeleiro,PR,2011,0
MALA,Malária,411540,Marmeleiro,PR,2012,0
MALA,Malária,411540,Marmeleiro,PR,2013,0
MALA,Malária,411540,Marmeleiro,PR,2014,0
MALA,Malária,411540,Marmeleiro,PR,2015,0
MALA,Malária,411540,Marmeleiro,PR,2016,0
MALA,Malária,411540,Marmeleiro,PR,2017,0
MALA,Malária,411540,Marmeleiro,PR,2018,0
MALA,Malária,411540,Marmeleiro,PR,2019,0
MALA,Malária,411540,Marmeleiro,PR,2020,0
MALA,Malária,411540,Marmeleiro,PR,2021,0
MALA,Malária,411540,Marmeleiro,PR,2022,0
MALA,Malária,411540,Marmeleiro,PR,2023,0
MALA,Malária,411540,Marmeleiro,PR,2024,1
MALA,Malária,411545,Marquinho,PR,2007,0
MALA,Malária,411545,Marquinho,PR,2008,0
MALA,Malária,411545,Marquinho,PR,2009,0
MALA,Malária,411545,Marquinho,PR,2010,0
MALA,Malária,411545,Marquinho,PR,2011,0
MALA,Malária,411545,Marquinho,PR,2012,0
MALA,Malária,411545,Marquinho,PR,2013,0
MALA,Malária,411545,Marquinho,PR,2014,0
MALA,Malária,411545,Marquinho,PR,2015,0
MALA,Malária,411545,Marquinho,PR,2016,0
MALA,Malária,411545,Marquinho,PR,2017,0
MALA,Malária,411545,Marquinho,PR,2018,0
MALA,Malária,411545,Marquinho,PR,2019,0
MALA,Malária,411545,Marquinho,PR,2020,0
MALA,Malária,411545,Marquinho,PR,2021,2
MALA,Malária,411545,Marquinho,PR,2022,0
MALA,Malária,411545,Marquinho,PR,2023,0
MALA,Malária,411545,Marquinho,PR,2024,0
MALA,Malária,411560,Matelandia,PR,2007,0
MALA,Malária,411560,Matelandia,PR,2008,0
MALA,Malária,411560,Matelandia,PR,2009,0
MALA,Malária,411560,Matelandia,PR,2010,0
MALA,Malária,411560,Matelandia,PR,2011,0
MALA,Malária,411560,Matelandia,PR,2012,0
MALA,Malária,411560,Matelandia,PR,2013,0
MALA,Malária,411560,Matelandia,PR,2014,0
MALA,Malária,411560,Matelandia,PR,2015,0
MALA,Malária,411560,Matelandia,PR,2016,0
MALA,Malária,411560,Matelandia,PR,2017,0
MALA,Malária,411560,Matelandia,PR,2018,0
MALA,Malária,411560,Matelandia,PR,2019,2
MALA,Malária,411560,Matelandia,PR,2020,0
MALA,Malária,411560,Matelandia,PR,2021,0
MALA,Malária,411560,Matelandia,PR,2022,0
MALA,Malária,411560,Matelandia,PR,2023,0
MALA,Malária,411560,Matelandia,PR,2024,0
MALA,Malária,411580,Medianeira,PR,2007,0
MALA,Malária,411580,Medianeira,PR,2008,1
MALA,Malária,411580,Medianeira,PR,2009,0
MALA,Malária,411580,Medianeira,PR,2010,0
MALA,Malária,411580,Medianeira,PR,2011,1
MALA,Malária,411580,Medianeira,PR,2012,1
MALA,Malária,411580,Medianeira,PR,2013,1
MALA,Malária,411580,Medianeira,PR,2014,1
MALA,Malária,411580,Medianeira,PR,2015,0
MALA,Malária,411580,Medianeira,PR,2016,0
MALA,Malária,411580,Medianeira,PR,2017,1
MALA,Malária,411580,Medianeira,PR,2018,0
MALA,Malária,411580,Medianeira,PR,2019,1
MALA,Malária,411580,Medianeira,PR,2020,0
MALA,Malária,411580,Medianeira,PR,2021,0
MALA,Malária,411580,Medianeira,PR,2022,1
MALA,Malária,411580,Medianeira,PR,2023,0
MALA,Malária,411580,Medianeira,PR,2024,1
MALA,Malária,411585,Mercedes,PR,2007,0
MALA,Malária,411585,Mercedes,PR,2008,0
MALA,Malária,411585,Mercedes,PR,2009,0
MALA,Malária,411585,Mercedes,PR,2010,0
MALA,Malária,411585,Mercedes,PR,2011,0
MALA,Malária,411585,Mercedes,PR,2012,1
MALA,Malária,411585,Mercedes,PR,2013,1
MALA,Malária,411585,Mercedes,PR,2014,0
MALA,Malária,411585,Mercedes,PR,2015,0
MALA,Malária,411585,Mercedes,PR,2016,0
MALA,Malária,411585,Mercedes,PR,2017,0
MALA,Malária,411585,Mercedes,PR,2018,0
MALA,Malária,411585,Mercedes,PR,2019,0
MALA,Malária,411585,Mercedes,PR,2020,0
MALA,Malária,411585,Mercedes,PR,2021,0
MALA,Malária,411585,Mercedes,PR,2022,1
MALA,Malária,411585,Mercedes,PR,2023,0
MALA,Malária,411585,Mercedes,PR,2024,0
MALA,Malária,411590,Mirador,PR,2007,1
MALA,Malária,411590,Mirador,PR,2008,0
MALA,Malária,411590,Mirador,PR,2009,0
MALA,Malária,411590,Mirador,PR,2010,0
MALA,Malária,411590,Mirador,PR,2011,0
MALA,Malária,411590,Mirador,PR,2012,0
MALA,Malária,411590,Mirador,PR,2013,0
MALA,Malária,411590,Mirador,PR,2014,0
MALA,Malária,411590,Mirador,PR,2015,0
MALA,Malária,411590,Mirador,PR,2016,0
MALA,Malária,411590,Mirador,PR,2017,0
MALA,Malária,411590,Mirador,PR,2018,0
MALA,Malária,411590,Mirador,PR,2019,0
MALA,Malária,411590,Mirador,PR,2020,0
MALA,Malária,411590,Mirador,PR,2021,0
MALA,Malária,411590,Mirador,PR,2022,0
MALA,Malária,411590,Mirador,PR,2023,0
MALA,Malária,411590,Mirador,PR,2024,0
MALA,Malária,411605,Missal,PR,2007,0
MALA,Malária,411605,Missal,PR,2008,0
MALA,Malária,411605,Missal,PR,2009,0
MALA,Malária,411605,Missal,PR,2010,0
MALA,Malária,411605,Missal,PR,2011,0
MALA,Malária,411605,Missal,PR,2012,1
MALA,Malária,411605,Missal,PR,2013,0
MALA,Malária,411605,Missal,PR,2014,0
MALA,Malária,411605,Missal,PR,2015,0
MALA,Malária,411605,Missal,PR,2016,0
MALA,Malária,411605,Missal,PR,2017,0
MALA,Malária,411605,Missal,PR,2018,0
MALA,Malária,411605,Missal,PR,2019,0
MALA,Malária,411605,Missal,PR,2020,0
MALA,Malária,411605,Missal,PR,2021,0
MALA,Malária,411605,Missal,PR,2022,0
MALA,Malária,411605,Missal,PR,2023,1
MALA,Malária,411605,Missal,PR,2024,0
MALA,Malária,411610,Moreira Sales,PR,2007,0
MALA,Malária,411610,Moreira Sales,PR,2008,0
MALA,Malária,411610,Moreira Sales,PR,2009,0
MALA,Malária,411610,Moreira Sales,PR,2010,0
MALA,Malária,411610,Moreira Sales,PR,2011,0
MALA,Malária,411610,Moreira Sales,PR,2012,0
MALA,Malária,411610,Moreira Sales,PR,2013,0
MALA,Malária,411610,Moreira Sales,PR,2014,0
MALA,Malária,411610,Moreira Sales,PR,2015,1
MALA,Malária,411610,Moreira Sales,PR,2016,0
MALA,Malária,411610,Moreira Sales,PR,2017,0
MALA,Malária,411610,Moreira Sales,PR,2018,0
MALA,Malária,411610,Moreira Sales,PR,2019,0
MALA,Malária,411610,Moreira Sales,PR,2020,0
MALA,Malária,411610,Moreira Sales,PR,2021,0
MALA,Malária,411610,Moreira Sales,PR,2022,0
MALA,Malária,411610,Moreira Sales,PR,2023,0
MALA,Malária,411610,Moreira Sales,PR,2024,0
MALA,Malária,411710,Nova Londrina,PR,2007,0
MALA,Malária,411710,Nova Londrina,PR,2008,0
MALA,Malária,411710,Nova Londrina,PR,2009,0
MALA,Malária,411710,Nova Londrina,PR,2010,1
MALA,Malária,411710,Nova Londrina,PR,2011,1
MALA,Malária,411710,Nova Londrina,PR,2012,0
MALA,Malária,411710,Nova Londrina,PR,2013,0
MALA,Malária,411710,Nova Londrina,PR,2014,0
MALA,Malária,411710,Nova Londrina,PR,2015,0
MALA,Malária,411710,Nova Londrina,PR,2016,0
MALA,Malária,411710,Nova Londrina,PR,2017,0
MALA,Malária,411710,Nova Londrina,PR,2018,0
MALA,Malária,411710,Nova Londrina,PR,2019,0
MALA,Malária,411710,Nova Londrina,PR,2020,0
MALA,Malária,411710,Nova Londrina,PR,2021,0
MALA,Malária,411710,Nova Londrina,PR,2022,0
MALA,Malária,411710,Nova Londrina,PR,2023,0
MALA,Malária,411710,Nova Londrina,PR,2024,0
MALA,Malária,411722,Nova Santa Rosa,PR,2007,0
MALA,Malária,411722,Nova Santa Rosa,PR,2008,0
MALA,Malária,411722,Nova Santa Rosa,PR,2009,0
MALA,Malária,411722,Nova Santa Rosa,PR,2010,0
MALA,Malária,411722,Nova Santa Rosa,PR,2011,0
MALA,Malária,411722,Nova Santa Rosa,PR,2012,2
MALA,Malária,411722,Nova Santa Rosa,PR,2013,0
MALA,Malária,411722,Nova Santa Rosa,PR,2014,0
MALA,Malária,411722,Nova Santa Rosa,PR,2015,0
MALA,Malária,411722,Nova Santa Rosa,PR,2016,0
MALA,Malária,411722,Nova Santa Rosa,PR,2017,0
MALA,Malária,411722,Nova Santa Rosa,PR,2018,0
MALA,Malária,411722,Nova Santa Rosa,PR,2019,0
MALA,Malária,411722,Nova Santa Rosa,PR,2020,0
MALA,Malária,411722,Nova Santa Rosa,PR,2021,0
MALA,Malária,411722,Nova Santa Rosa,PR,2022,0
MALA,Malária,411722,Nova Santa Rosa,PR,2023,0
MALA,Malária,411722,Nova Santa Rosa,PR,2024,0
MALA,Malária,411725,Nova Prata do Iguacu,PR,2007,0
MALA,Malária,411725,Nova Prata do Iguacu,PR,2008,0
MALA,Malária,411725,Nova Prata do Iguacu,PR,2009,0
MALA,Malária,411725,Nova Prata do Iguacu,PR,2010,0
MALA,Malária,411725,Nova Prata do Iguacu,PR,2011,0
MALA,Malária,411725,Nova Prata do Iguacu,PR,2012,0
MALA,Malária,411725,Nova Prata do Iguacu,PR,2013,2
MALA,Malária,411725,Nova Prata do Iguacu,PR,2014,0
MALA,Malária,411725,Nova Prata do Iguacu,PR,2015,0
MALA,Malária,411725,Nova Prata do Iguacu,PR,2016,0
MALA,Malária,411725,Nova Prata do Iguacu,PR,2017,0
MALA,Malária,411725,Nova Prata do Iguacu,PR,2018,0
MALA,Malária,411725,Nova Prata do Iguacu,PR,2019,0
MALA,Malária,411725,Nova Prata do Iguacu,PR,2020,0
MALA,Malária,411725,Nova Prata do Iguacu,PR,2021,0
MALA,Malária,411725,Nova Prata do Iguacu,PR,2022,0
MALA,Malária,411725,Nova Prata do Iguacu,PR,2023,0
MALA,Malária,411725,Nova Prata do Iguacu,PR,2024,0
MALA,Malária,411750,Paicandu,PR,2007,0
MALA,Malária,411750,Paicandu,PR,2008,0
MALA,Malária,411750,Paicandu,PR,2009,0
MALA,Malária,411750,Paicandu,PR,2010,1
MALA,Malária,411750,Paicandu,PR,2011,0
MALA,Malária,411750,Paicandu,PR,2012,0
MALA,Malária,411750,Paicandu,PR,2013,0
MALA,Malária,411750,Paicandu,PR,2014,0
MALA,Malária,411750,Paicandu,PR,2015,0
MALA,Malária,411750,Paicandu,PR,2016,0
MALA,Malária,411750,Paicandu,PR,2017,0
MALA,Malária,411750,Paicandu,PR,2018,0
MALA,Malária,411750,Paicandu,PR,2019,0
MALA,Malária,411750,Paicandu,PR,2020,0
MALA,Malária,411750,Paicandu,PR,2021,0
MALA,Malária,411750,Paicandu,PR,2022,0
MALA,Malária,411750,Paicandu,PR,2023,0
MALA,Malária,411750,Paicandu,PR,2024,0
MALA,Malária,411760,Palmas,PR,2007,1
MALA,Malária,411760,Palmas,PR,2008,0
MALA,Malária,411760,Palmas,PR,2009,0
MALA,Malária,411760,Palmas,PR,2010,0
MALA,Malária,411760,Palmas,PR,2011,0
MALA,Malária,411760,Palmas,PR,2012,0
MALA,Malária,411760,Palmas,PR,2013,0
MALA,Malária,411760,Palmas,PR,2014,0
MALA,Malária,411760,Palmas,PR,2015,0
MALA,Malária,411760,Palmas,PR,2016,0
MALA,Malária,411760,Palmas,PR,2017,1
MALA,Malária,411760,Palmas,PR,2018,0
MALA,Malária,411760,Palmas,PR,2019,0
MALA,Malária,411760,Palmas,PR,2020,0
MALA,Malária,411760,Palmas,PR,2021,0
MALA,Malária,411760,Palmas,PR,2022,0
MALA,Malária,411760,Palmas,PR,2023,0
MALA,Malária,411760,Palmas,PR,2024,0
MALA,Malária,411810,Paranacity,PR,2007,0
MALA,Malária,411810,Paranacity,PR,2008,1
MALA,Malária,411810,Paranacity,PR,2009,0
MALA,Malária,411810,Paranacity,PR,2010,0
MALA,Malária,411810,Paranacity,PR,2011,0
MALA,Malária,411810,Paranacity,PR,2012,0
MALA,Malária,411810,Paranacity,PR,2013,0
MALA,Malária,411810,Paranacity,PR,2014,0
MALA,Malária,411810,Paranacity,PR,2015,0
MALA,Malária,411810,Paranacity,PR,2016,0
MALA,Malária,411810,Paranacity,PR,2017,0
MALA,Malária,411810,Paranacity,PR,2018,0
MALA,Malária,411810,Paranacity,PR,2019,0
MALA,Malária,411810,Paranacity,PR,2020,0
MALA,Malária,411810,Paranacity,PR,2021,0
MALA,Malária,411810,Paranacity,PR,2022,0
MALA,Malária,411810,Paranacity,PR,2023,0
MALA,Malária,411810,Paranacity,PR,2024,0
MALA,Malária,411820,Paranagua,PR,2007,1
MALA,Malária,411820,Paranagua,PR,2008,5
MALA,Malária,411820,Paranagua,PR,2009,1
MALA,Malária,411820,Paranagua,PR,2010,2
MALA,Malária,411820,Paranagua,PR,2011,7
MALA,Malária,411820,Paranagua,PR,2012,3
MALA,Malária,411820,Paranagua,PR,2013,4
MALA,Malária,411820,Paranagua,PR,2014,4
MALA,Malária,411820,Paranagua,PR,2015,0
MALA,Malária,411820,Paranagua,PR,2016,0
MALA,Malária,411820,Paranagua,PR,2017,1
MALA,Malária,411820,Paranagua,PR,2018,1
MALA,Malária,411820,Paranagua,PR,2019,0
MALA,Malária,411820,Paranagua,PR,2020,0
MALA,Malária,411820,Paranagua,PR,2021,1
MALA,Malária,411820,Paranagua,PR,2022,2
MALA,Malária,411820,Paranagua,PR,2023,2
MALA,Malária,411820,Paranagua,PR,2024,2
MALA,Malária,411840,Paranavai,PR,2007,2
MALA,Malária,411840,Paranavai,PR,2008,0
MALA,Malária,411840,Paranavai,PR,2009,0
MALA,Malária,411840,Paranavai,PR,2010,2
MALA,Malária,411840,Paranavai,PR,2011,1
MALA,Malária,411840,Paranavai,PR,2012,0
MALA,Malária,411840,Paranavai,PR,2013,0
MALA,Malária,411840,Paranavai,PR,2014,0
MALA,Malária,411840,Paranavai,PR,2015,0
MALA,Malária,411840,Paranavai,PR,2016,0
MALA,Malária,411840,Paranavai,PR,2017,0
MALA,Malária,411840,Paranavai,PR,2018,0
MALA,Malária,411840,Paranavai,PR,2019,0
MALA,Malária,411840,Paranavai,PR,2020,0
MALA,Malária,411840,Paranavai,PR,2021,0
MALA,Malária,411840,Paranavai,PR,2022,0
MALA,Malária,411840,Paranavai,PR,2023,0
MALA,Malária,411840,Paranavai,PR,2024,1
MALA,Malária,411845,Pato Bragado,PR,2007,4
MALA,Malária,411845,Pato Bragado,PR,2008,0
MALA,Malária,411845,Pato Bragado,PR,2009,0
MALA,Malária,411845,Pato Bragado,PR,2010,0
MALA,Malária,411845,Pato Bragado,PR,2011,0
MALA,Malária,411845,Pato Bragado,PR,2012,0
MALA,Malária,411845,Pato Bragado,PR,2013,0
MALA,Malária,411845,Pato Bragado,PR,2014,0
MALA,Malária,411845,Pato Bragado,PR,2015,0
MALA,Malária,411845,Pato Bragado,PR,2016,0
MALA,Malária,411845,Pato Bragado,PR,2017,0
MALA,Malária,411845,Pato Bragado,PR,2018,0
MALA,Malária,411845,Pato Bragado,PR,2019,0
MALA,Malária,411845,Pato Bragado,PR,2020,0
MALA,Malária,411845,Pato Bragado,PR,2021,0
MALA,Malária,411845,Pato Bragado,PR,2022,0
MALA,Malária,411845,Pato Bragado,PR,2023,0
MALA,Malária,411845,Pato Bragado,PR,2024,0
MALA,Malária,411850,Pato Branco,PR,2007,1
MALA,Malária,411850,Pato Branco,PR,2008,1
MALA,Malária,411850,Pato Branco,PR,2009,1
MALA,Malária,411850,Pato Branco,PR,2010,1
MALA,Malária,411850,Pato Branco,PR,2011,0
MALA,Malária,411850,Pato Branco,PR,2012,0
MALA,Malária,411850,Pato Branco,PR,2013,0
MALA,Malária,411850,Pato Branco,PR,2014,0
MALA,Malária,411850,Pato Branco,PR,2015,0
MALA,Malária,411850,Pato Branco,PR,2016,0
MALA,Malária,411850,Pato Branco,PR,2017,0
MALA,Malária,411850,Pato Branco,PR,2018,0
MALA,Malária,411850,Pato Branco,PR,2019,1
MALA,Malária,411850,Pato Branco,PR,2020,0
MALA,Malária,411850,Pato Branco,PR,2021,0
MALA,Malária,411850,Pato Branco,PR,2022,0
MALA,Malária,411850,Pato Branco,PR,2023,0
MALA,Malária,411850,Pato Branco,PR,2024,0
MALA,Malária,411915,Pinhais,PR,2007,0
MALA,Malária,411915,Pinhais,PR,2008,0
MALA,Malária,411915,Pinhais,PR,2009,1
MALA,Malária,411915,Pinhais,PR,2010,0
MALA,Malária,411915,Pinhais,PR,2011,0
MALA,Malária,411915,Pinhais,PR,2012,0
MALA,Malária,411915,Pinhais,PR,2013,0
MALA,Malária,411915,Pinhais,PR,2014,1
MALA,Malária,411915,Pinhais,PR,2015,0
MALA,Malária,411915,Pinhais,PR,2016,0
MALA,Malária,411915,Pinhais,PR,2017,0
MALA,Malária,411915,Pinhais,PR,2018,1
MALA,Malária,411915,Pinhais,PR,2019,0
MALA,Malária,411915,Pinhais,PR,2020,0
MALA,Malária,411915,Pinhais,PR,2021,2
MALA,Malária,411915,Pinhais,PR,2022,1
MALA,Malária,411915,Pinhais,PR,2023,1
MALA,Malária,411915,Pinhais,PR,2024,1
MALA,Malária,411940,Pirai do Sul,PR,2007,0
MALA,Malária,411940,Pirai do Sul,PR,2008,0
MALA,Malária,411940,Pirai do Sul,PR,2009,0
MALA,Malária,411940,Pirai do Sul,PR,2010,1
MALA,Malária,411940,Pirai do Sul,PR,2011,0
MALA,Malária,411940,Pirai do Sul,PR,2012,0
MALA,Malária,411940,Pirai do Sul,PR,2013,0
MALA,Malária,411940,Pirai do Sul,PR,2014,0
MALA,Malária,411940,Pirai do Sul,PR,2015,0
MALA,Malária,411940,Pirai do Sul,PR,2016,0
MALA,Malária,411940,Pirai do Sul,PR,2017,0
MALA,Malária,411940,Pirai do Sul,PR,2018,0
MALA,Malária,411940,Pirai do Sul,PR,2019,0
MALA,Malária,411940,Pirai do Sul,PR,2020,0
MALA,Malária,411940,Pirai do Sul,PR,2021,0
MALA,Malária,411940,Pirai do Sul,PR,2022,0
MALA,Malária,411940,Pirai do Sul,PR,2023,0
MALA,Malária,411940,Pirai do Sul,PR,2024,0
MALA,Malária,411950,Piraquara,PR,2007,0
MALA,Malária,411950,Piraquara,PR,2008,0
MALA,Malária,411950,Piraquara,PR,2009,0
MALA,Malária,411950,Piraquara,PR,2010,0
MALA,Malária,411950,Piraquara,PR,2011,0
MALA,Malária,411950,Piraquara,PR,2012,0
MALA,Malária,411950,Piraquara,PR,2013,0
MALA,Malária,411950,Piraquara,PR,2014,0
MALA,Malária,411950,Piraquara,PR,2015,0
MALA,Malária,411950,Piraquara,PR,2016,0
MALA,Malária,411950,Piraquara,PR,2017,0
MALA,Malária,411950,Piraquara,PR,2018,0
MALA,Malária,411950,Piraquara,PR,2019,1
MALA,Malária,411950,Piraquara,PR,2020,0
MALA,Malária,411950,Piraquara,PR,2021,1
MALA,Malária,411950,Piraquara,PR,2022,1
MALA,Malária,411950,Piraquara,PR,2023,0
MALA,Malária,411950,Piraquara,PR,2024,0
MALA,Malária,411960,Pitanga,PR,2007,0
MALA,Malária,411960,Pitanga,PR,2008,1
MALA,Malária,411960,Pitanga,PR,2009,0
MALA,Malária,411960,Pitanga,PR,2010,0
MALA,Malária,411960,Pitanga,PR,2011,0
MALA,Malária,411960,Pitanga,PR,2012,0
MALA,Malária,411960,Pitanga,PR,2013,0
MALA,Malária,411960,Pitanga,PR,2014,0
MALA,Malária,411960,Pitanga,PR,2015,0
MALA,Malária,411960,Pitanga,PR,2016,0
MALA,Malária,411960,Pitanga,PR,2017,0
MALA,Malária,411960,Pitanga,PR,2018,0
MALA,Malária,411960,Pitanga,PR,2019,1
MALA,Malária,411960,Pitanga,PR,2020,0
MALA,Malária,411960,Pitanga,PR,2021,0
MALA,Malária,411960,Pitanga,PR,2022,0
MALA,Malária,411960,Pitanga,PR,2023,0
MALA,Malária,411960,Pitanga,PR,2024,0
MALA,Malária,411970,Planaltina do Parana,PR,2007,1
MALA,Malária,411970,Planaltina do Parana,PR,2008,0
MALA,Malária,411970,Planaltina do Parana,PR,2009,0
MALA,Malária,411970,Planaltina do Parana,PR,2010,0
MALA,Malária,411970,Planaltina do Parana,PR,2011,0
MALA,Malária,411970,Planaltina do Parana,PR,2012,0
MALA,Malária,411970,Planaltina do Parana,PR,2013,0
MALA,Malária,411970,Planaltina do Parana,PR,2014,0
MALA,Malária,411970,Planaltina do Parana,PR,2015,0
MALA,Malária,411970,Planaltina do Parana,PR,2016,0
MALA,Malária,411970,Planaltina do Parana,PR,2017,0
MALA,Malária,411970,Planaltina do Parana,PR,2018,0
MALA,Malária,411970,Planaltina do Parana,PR,2019,0
MALA,Malária,411970,Planaltina do Parana,PR,2020,0
MALA,Malária,411970,Planaltina do Parana,PR,2021,0
MALA,Malária,411970,Planaltina do Parana,PR,2022,0
MALA,Malária,411970,Planaltina do Parana,PR,2023,0
MALA,Malária,411970,Planaltina do Parana,PR,2024,0
MALA,Malária,411990,Ponta Grossa,PR,2007,0
MALA,Malária,411990,Ponta Grossa,PR,2008,0
MALA,Malária,411990,Ponta Grossa,PR,2009,3
MALA,Malária,411990,Ponta Grossa,PR,2010,1
MALA,Malária,411990,Ponta Grossa,PR,2011,2
MALA,Malária,411990,Ponta Grossa,PR,2012,1
MALA,Malária,411990,Ponta Grossa,PR,2013,2
MALA,Malária,411990,Ponta Grossa,PR,2014,1
MALA,Malária,411990,Ponta Grossa,PR,2015,1
MALA,Malária,411990,Ponta Grossa,PR,2016,0
MALA,Malária,411990,Ponta Grossa,PR,2017,0
MALA,Malária,411990,Ponta Grossa,PR,2018,5
MALA,Malária,411990,Ponta Grossa,PR,2019,2
MALA,Malária,411990,Ponta Grossa,PR,2020,0
MALA,Malária,411990,Ponta Grossa,PR,2021,1
MALA,Malária,411990,Ponta Grossa,PR,2022,1
MALA,Malária,411990,Ponta Grossa,PR,2023,3
MALA,Malária,411990,Ponta Grossa,PR,2024,1
MALA,Malária,412060,Prudentopolis,PR,2007,0
MALA,Malária,412060,Prudentopolis,PR,2008,0
MALA,Malária,412060,Prudentopolis,PR,2009,0
MALA,Malária,412060,Prudentopolis,PR,2010,0
MALA,Malária,412060,Prudentopolis,PR,2011,0
MALA,Malária,412060,Prudentopolis,PR,2012,4
MALA,Malária,412060,Prudentopolis,PR,2013,0
MALA,Malária,412060,Prudentopolis,PR,2014,0
MALA,Malária,412060,Prudentopolis,PR,2015,1
MALA,Malária,412060,Prudentopolis,PR,2016,0
MALA,Malária,412060,Prudentopolis,PR,2017,0
MALA,Malária,412060,Prudentopolis,PR,2018,0
MALA,Malária,412060,Prudentopolis,PR,2019,0
MALA,Malária,412060,Prudentopolis,PR,2020,0
MALA,Malária,412060,Prudentopolis,PR,2021,0
MALA,Malária,412060,Prudentopolis,PR,2022,0
MALA,Malária,412060,Prudentopolis,PR,2023,0
MALA,Malária,412060,Prudentopolis,PR,2024,1
MALA,Malária,412070,Quatigua,PR,2007,0
MALA,Malária,412070,Quatigua,PR,2008,0
MALA,Malária,412070,Quatigua,PR,2009,0
MALA,Malária,412070,Quatigua,PR,2010,0
MALA,Malária,412070,Quatigua,PR,2011,1
MALA,Malária,412070,Quatigua,PR,2012,0
MALA,Malária,412070,Quatigua,PR,2013,0
MALA,Malária,412070,Quatigua,PR,2014,0
MALA,Malária,412070,Quatigua,PR,2015,0
MALA,Malária,412070,Quatigua,PR,2016,0
MALA,Malária,412070,Quatigua,PR,2017,0
MALA,Malária,412070,Quatigua,PR,2018,1
MALA,Malária,412070,Quatigua,PR,2019,0
MALA,Malária,412070,Quatigua,PR,2020,0
MALA,Malária,412070,Quatigua,PR,2021,0
MALA,Malária,412070,Quatigua,PR,2022,0
MALA,Malária,412070,Quatigua,PR,2023,1
MALA,Malária,412070,Quatigua,PR,2024,0
MALA,Malária,412080,Quatro Barras,PR,2007,0
MALA,Malária,412080,Quatro Barras,PR,2008,0
MALA,Malária,412080,Quatro Barras,PR,2009,0
MALA,Malária,412080,Quatro Barras,PR,2010,0
MALA,Malária,412080,Quatro Barras,PR,2011,0
MALA,Malária,412080,Quatro Barras,PR,2012,0
MALA,Malária,412080,Quatro Barras,PR,2013,0
MALA,Malária,412080,Quatro Barras,PR,2014,0
MALA,Malária,412080,Quatro Barras,PR,2015,0
MALA,Malária,412080,Quatro Barras,PR,2016,0
MALA,Malária,412080,Quatro Barras,PR,2017,0
MALA,Malária,412080,Quatro Barras,PR,2018,0
MALA,Malária,412080,Quatro Barras,PR,2019,0
MALA,Malária,412080,Quatro Barras,PR,2020,0
MALA,Malária,412080,Quatro Barras,PR,2021,1
MALA,Malária,412080,Quatro Barras,PR,2022,1
MALA,Malária,412080,Quatro Barras,PR,2023,0
MALA,Malária,412080,Quatro Barras,PR,2024,0
MALA,Malária,412100,Querencia do Norte,PR,2007,0
MALA,Malária,412100,Querencia do Norte,PR,2008,1
MALA,Malária,412100,Querencia do Norte,PR,2009,2
MALA,Malária,412100,Querencia do Norte,PR,2010,1
MALA,Malária,412100,Querencia do Norte,PR,2011,0
MALA,Malária,412100,Querencia do Norte,PR,2012,0
MALA,Malária,412100,Querencia do Norte,PR,2013,0
MALA,Malária,412100,Querencia do Norte,PR,2014,0
MALA,Malária,412100,Querencia do Norte,PR,2015,0
MALA,Malária,412100,Querencia do Norte,PR,2016,0
MALA,Malária,412100,Querencia do Norte,PR,2017,0
MALA,Malária,412100,Querencia do Norte,PR,2018,0
MALA,Malária,412100,Querencia do Norte,PR,2019,0
MALA,Malária,412100,Querencia do Norte,PR,2020,0
MALA,Malária,412100,Querencia do Norte,PR,2021,0
MALA,Malária,412100,Querencia do Norte,PR,2022,0
MALA,Malária,412100,Querencia do Norte,PR,2023,0
MALA,Malária,412100,Querencia do Norte,PR,2024,0
MALA,Malária,412140,Realeza,PR,2007,0
MALA,Malária,412140,Realeza,PR,2008,0
MALA,Malária,412140,Realeza,PR,2009,3
MALA,Malária,412140,Realeza,PR,2010,0
MALA,Malária,412140,Realeza,PR,2011,0
MALA,Malária,412140,Realeza,PR,2012,0
MALA,Malária,412140,Realeza,PR,2013,0
MALA,Malária,412140,Realeza,PR,2014,0
MALA,Malária,412140,Realeza,PR,2015,0
MALA,Malária,412140,Realeza,PR,2016,0
MALA,Malária,412140,Realeza,PR,2017,0
MALA,Malária,412140,Realeza,PR,2018,0
MALA,Malária,412140,Realeza,PR,2019,0
MALA,Malária,412140,Realeza,PR,2020,1
MALA,Malária,412140,Realeza,PR,2021,0
MALA,Malária,412140,Realeza,PR,2022,0
MALA,Malária,412140,Realeza,PR,2023,0
MALA,Malária,412140,Realeza,PR,2024,0
MALA,Malária,412160,Renascenca,PR,2007,0
MALA,Malária,412160,Renascenca,PR,2008,0
MALA,Malária,412160,Renascenca,PR,2009,0
MALA,Malária,412160,Renascenca,PR,2010,0
MALA,Malária,412160,Renascenca,PR,2011,0
MALA,Malária,412160,Renascenca,PR,2012,0
MALA,Malária,412160,Renascenca,PR,2013,0
MALA,Malária,412160,Renascenca,PR,2014,0
MALA,Malária,412160,Renascenca,PR,2015,0
MALA,Malária,412160,Renascenca,PR,2016,0
MALA,Malária,412160,Renascenca,PR,2017,0
MALA,Malária,412160,Renascenca,PR,2018,0
MALA,Malária,412160,Renascenca,PR,2019,0
MALA,Malária,412160,Renascenca,PR,2020,0
MALA,Malária,412160,Renascenca,PR,2021,0
MALA,Malária,412160,Renascenca,PR,2022,0
MALA,Malária,412160,Renascenca,PR,2023,0
MALA,Malária,412160,Renascenca,PR,2024,1
MALA,Malária,412270,Sabaudia,PR,2007,0
MALA,Malária,412270,Sabaudia,PR,2008,0
MALA,Malária,412270,Sabaudia,PR,2009,0
MALA,Malária,412270,Sabaudia,PR,2010,0
MALA,Malária,412270,Sabaudia,PR,2011,0
MALA,Malária,412270,Sabaudia,PR,2012,1
MALA,Malária,412270,Sabaudia,PR,2013,0
MALA,Malária,412270,Sabaudia,PR,2014,0
MALA,Malária,412270,Sabaudia,PR,2015,0
MALA,Malária,412270,Sabaudia,PR,2016,0
MALA,Malária,412270,Sabaudia,PR,2017,0
MALA,Malária,412270,Sabaudia,PR,2018,0
MALA,Malária,412270,Sabaudia,PR,2019,0
MALA,Malária,412270,Sabaudia,PR,2020,0
MALA,Malária,412270,Sabaudia,PR,2021,0
MALA,Malária,412270,Sabaudia,PR,2022,0
MALA,Malária,412270,Sabaudia,PR,2023,0
MALA,Malária,412270,Sabaudia,PR,2024,0
MALA,Malária,412280,Salgado Filho,PR,2007,1
MALA,Malária,412280,Salgado Filho,PR,2008,0
MALA,Malária,412280,Salgado Filho,PR,2009,0
MALA,Malária,412280,Salgado Filho,PR,2010,0
MALA,Malária,412280,Salgado Filho,PR,2011,0
MALA,Malária,412280,Salgado Filho,PR,2012,0
MALA,Malária,412280,Salgado Filho,PR,2013,0
MALA,Malária,412280,Salgado Filho,PR,2014,0
MALA,Malária,412280,Salgado Filho,PR,2015,0
MALA,Malária,412280,Salgado Filho,PR,2016,0
MALA,Malária,412280,Salgado Filho,PR,2017,0
MALA,Malária,412280,Salgado Filho,PR,2018,0
MALA,Malária,412280,Salgado Filho,PR,2019,0
MALA,Malária,412280,Salgado Filho,PR,2020,0
MALA,Malária,412280,Salgado Filho,PR,2021,0
MALA,Malária,412280,Salgado Filho,PR,2022,0
MALA,Malária,412280,Salgado Filho,PR,2023,0
MALA,Malária,412280,Salgado Filho,PR,2024,0
MALA,Malária,412350,Santa Helena,PR,2007,1
MALA,Malária,412350,Santa Helena,PR,2008,0
MALA,Malária,412350,Santa Helena,PR,2009,20
MALA,Malária,412350,Santa Helena,PR,2010,1
MALA,Malária,412350,Santa Helena,PR,2011,0
MALA,Malária,412350,Santa Helena,PR,2012,0
MALA,Malária,412350,Santa Helena,PR,2013,0
MALA,Malária,412350,Santa Helena,PR,2014,0
MALA,Malária,412350,Santa Helena,PR,2015,0
MALA,Malária,412350,Santa Helena,PR,2016,0
MALA,Malária,412350,Santa Helena,PR,2017,0
MALA,Malária,412350,Santa Helena,PR,2018,0
MALA,Malária,412350,Santa Helena,PR,2019,0
MALA,Malária,412350,Santa Helena,PR,2020,0
MALA,Malária,412350,Santa Helena,PR,2021,1
MALA,Malária,412350,Santa Helena,PR,2022,0
MALA,Malária,412350,Santa Helena,PR,2023,0
MALA,Malária,412350,Santa Helena,PR,2024,0
MALA,Malária,412380,Santa Izabel do Oeste,PR,2007,0
MALA,Malária,412380,Santa Izabel do Oeste,PR,2008,1
MALA,Malária,412380,Santa Izabel do Oeste,PR,2009,0
MALA,Malária,412380,Santa Izabel do Oeste,PR,2010,1
MALA,Malária,412380,Santa Izabel do Oeste,PR,2011,0
MALA,Malária,412380,Santa Izabel do Oeste,PR,2012,0
MALA,Malária,412380,Santa Izabel do Oeste,PR,2013,1
MALA,Malária,412380,Santa Izabel do Oeste,PR,2014,0
MALA,Malária,412380,Santa Izabel do Oeste,PR,2015,0
MALA,Malária,412380,Santa Izabel do Oeste,PR,2016,0
MALA,Malária,412380,Santa Izabel do Oeste,PR,2017,0
MALA,Malária,412380,Santa Izabel do Oeste,PR,2018,0
MALA,Malária,412380,Santa Izabel do Oeste,PR,2019,3
MALA,Malária,412380,Santa Izabel do Oeste,PR,2020,0
MALA,Malária,412380,Santa Izabel do Oeste,PR,2021,0
MALA,Malária,412380,Santa Izabel do Oeste,PR,2022,0
MALA,Malária,412380,Santa Izabel do Oeste,PR,2023,0
MALA,Malária,412380,Santa Izabel do Oeste,PR,2024,0
MALA,Malária,412405,Santa Terezinha de Itaipu,PR,2007,5
MALA,Malária,412405,Santa Terezinha de Itaipu,PR,2008,1
MALA,Malária,412405,Santa Terezinha de Itaipu,PR,2009,0
MALA,Malária,412405,Santa Terezinha de Itaipu,PR,2010,0
MALA,Malária,412405,Santa Terezinha de Itaipu,PR,2011,0
MALA,Malária,412405,Santa Terezinha de Itaipu,PR,2012,0
MALA,Malária,412405,Santa Terezinha de Itaipu,PR,2013,0
MALA,Malária,412405,Santa Terezinha de Itaipu,PR,2014,0
MALA,Malária,412405,Santa Terezinha de Itaipu,PR,2015,0
MALA,Malária,412405,Santa Terezinha de Itaipu,PR,2016,0
MALA,Malária,412405,Santa Terezinha de Itaipu,PR,2017,0
MALA,Malária,412405,Santa Terezinha de Itaipu,PR,2018,0
MALA,Malária,412405,Santa Terezinha de Itaipu,PR,2019,0
MALA,Malária,412405,Santa Terezinha de Itaipu,PR,2020,0
MALA,Malária,412405,Santa Terezinha de Itaipu,PR,2021,0
MALA,Malária,412405,Santa Terezinha de Itaipu,PR,2022,0
MALA,Malária,412405,Santa Terezinha de Itaipu,PR,2023,0
MALA,Malária,412405,Santa Terezinha de Itaipu,PR,2024,0
MALA,Malária,412410,Santo Antonio da Platina,PR,2007,0
MALA,Malária,412410,Santo Antonio da Platina,PR,2008,0
MALA,Malária,412410,Santo Antonio da Platina,PR,2009,0
MALA,Malária,412410,Santo Antonio da Platina,PR,2010,0
MALA,Malária,412410,Santo Antonio da Platina,PR,2011,2
MALA,Malária,412410,Santo Antonio da Platina,PR,2012,0
MALA,Malária,412410,Santo Antonio da Platina,PR,2013,0
MALA,Malária,412410,Santo Antonio da Platina,PR,2014,0
MALA,Malária,412410,Santo Antonio da Platina,PR,2015,0
MALA,Malária,412410,Santo Antonio da Platina,PR,2016,0
MALA,Malária,412410,Santo Antonio da Platina,PR,2017,0
MALA,Malária,412410,Santo Antonio da Platina,PR,2018,0
MALA,Malária,412410,Santo Antonio da Platina,PR,2019,0
MALA,Malária,412410,Santo Antonio da Platina,PR,2020,0
MALA,Malária,412410,Santo Antonio da Platina,PR,2021,0
MALA,Malária,412410,Santo Antonio da Platina,PR,2022,0
MALA,Malária,412410,Santo Antonio da Platina,PR,2023,0
MALA,Malária,412410,Santo Antonio da Platina,PR,2024,0
MALA,Malária,412440,Santo Antonio do Sudoeste,PR,2007,0
MALA,Malária,412440,Santo Antonio do Sudoeste,PR,2008,0
MALA,Malária,412440,Santo Antonio do Sudoeste,PR,2009,0
MALA,Malária,412440,Santo Antonio do Sudoeste,PR,2010,0
MALA,Malária,412440,Santo Antonio do Sudoeste,PR,2011,0
MALA,Malária,412440,Santo Antonio do Sudoeste,PR,2012,1
MALA,Malária,412440,Santo Antonio do Sudoeste,PR,2013,0
MALA,Malária,412440,Santo Antonio do Sudoeste,PR,2014,0
MALA,Malária,412440,Santo Antonio do Sudoeste,PR,2015,0
MALA,Malária,412440,Santo Antonio do Sudoeste,PR,2016,0
MALA,Malária,412440,Santo Antonio do Sudoeste,PR,2017,0
MALA,Malária,412440,Santo Antonio do Sudoeste,PR,2018,0
MALA,Malária,412440,Santo Antonio do Sudoeste,PR,2019,0
MALA,Malária,412440,Santo Antonio do Sudoeste,PR,2020,0
MALA,Malária,412440,Santo Antonio do Sudoeste,PR,2021,0
MALA,Malária,412440,Santo Antonio do Sudoeste,PR,2022,0
MALA,Malária,412440,Santo Antonio do Sudoeste,PR,2023,0
MALA,Malária,412440,Santo Antonio do Sudoeste,PR,2024,0
MALA,Malária,412520,Sao Jorge D'oeste,PR,2007,0
MALA,Malária,412520,Sao Jorge D'oeste,PR,2008,0
MALA,Malária,412520,Sao Jorge D'oeste,PR,2009,0
MALA,Malária,412520,Sao Jorge D'oeste,PR,2010,0
MALA,Malária,412520,Sao Jorge D'oeste,PR,2011,1
MALA,Malária,412520,Sao Jorge D'oeste,PR,2012,0
MALA,Malária,412520,Sao Jorge D'oeste,PR,2013,0
MALA,Malária,412520,Sao Jorge D'oeste,PR,2014,0
MALA,Malária,412520,Sao Jorge D'oeste,PR,2015,0
MALA,Malária,412520,Sao Jorge D'oeste,PR,2016,0
MALA,Malária,412520,Sao Jorge D'oeste,PR,2017,0
MALA,Malária,412520,Sao Jorge D'oeste,PR,2018,0
MALA,Malária,412520,Sao Jorge D'oeste,PR,2019,0
MALA,Malária,412520,Sao Jorge D'oeste,PR,2020,1
MALA,Malária,412520,Sao Jorge D'oeste,PR,2021,0
MALA,Malária,412520,Sao Jorge D'oeste,PR,2022,0
MALA,Malária,412520,Sao Jorge D'oeste,PR,2023,0
MALA,Malária,412520,Sao Jorge D'oeste,PR,2024,0
MALA,Malária,412550,Sao Jose Dos Pinhais,PR,2007,0
MALA,Malária,412550,Sao Jose Dos Pinhais,PR,2008,0
MALA,Malária,412550,Sao Jose Dos Pinhais,PR,2009,0
MALA,Malária,412550,Sao Jose Dos Pinhais,PR,2010,1
MALA,Malária,412550,Sao Jose Dos Pinhais,PR,2011,0
MALA,Malária,412550,Sao Jose Dos Pinhais,PR,2012,0
MALA,Malária,412550,Sao Jose Dos Pinhais,PR,2013,2
MALA,Malária,412550,Sao Jose Dos Pinhais,PR,2014,0
MALA,Malária,412550,Sao Jose Dos Pinhais,PR,2015,0
MALA,Malária,412550,Sao Jose Dos Pinhais,PR,2016,0
MALA,Malária,412550,Sao Jose Dos Pinhais,PR,2017,0
MALA,Malária,412550,Sao Jose Dos Pinhais,PR,2018,0
MALA,Malária,412550,Sao Jose Dos Pinhais,PR,2019,2
MALA,Malária,412550,Sao Jose Dos Pinhais,PR,2020,0
MALA,Malária,412550,Sao Jose Dos Pinhais,PR,2021,0
MALA,Malária,412550,Sao Jose Dos Pinhais,PR,2022,7
MALA,Malária,412550,Sao Jose Dos Pinhais,PR,2023,3
MALA,Malária,412550,Sao Jose Dos Pinhais,PR,2024,4
MALA,Malária,412570,Sao Miguel do Iguacu,PR,2007,12
MALA,Malária,412570,Sao Miguel do Iguacu,PR,2008,5
MALA,Malária,412570,Sao Miguel do Iguacu,PR,2009,26
MALA,Malária,412570,Sao Miguel do Iguacu,PR,2010,46
MALA,Malária,412570,Sao Miguel do Iguacu,PR,2011,2
MALA,Malária,412570,Sao Miguel do Iguacu,PR,2012,1
MALA,Malária,412570,Sao Miguel do Iguacu,PR,2013,1
MALA,Malária,412570,Sao Miguel do Iguacu,PR,2014,1
MALA,Malária,412570,Sao Miguel do Iguacu,PR,2015,0
MALA,Malária,412570,Sao Miguel do Iguacu,PR,2016,0
MALA,Malária,412570,Sao Miguel do Iguacu,PR,2017,0
MALA,Malária,412570,Sao Miguel do Iguacu,PR,2018,0
MALA,Malária,412570,Sao Miguel do Iguacu,PR,2019,1
MALA,Malária,412570,Sao Miguel do Iguacu,PR,2020,0
MALA,Malária,412570,Sao Miguel do Iguacu,PR,2021,0
MALA,Malária,412570,Sao Miguel do Iguacu,PR,2022,0
MALA,Malária,412570,Sao Miguel do Iguacu,PR,2023,0
MALA,Malária,412570,Sao Miguel do Iguacu,PR,2024,1
MALA,Malária,412625,Sarandi,PR,2007,1
MALA,Malária,412625,Sarandi,PR,2008,0
MALA,Malária,412625,Sarandi,PR,2009,1
MALA,Malária,412625,Sarandi,PR,2010,1
MALA,Malária,412625,Sarandi,PR,2011,1
MALA,Malária,412625,Sarandi,PR,2012,0
MALA,Malária,412625,Sarandi,PR,2013,0
MALA,Malária,412625,Sarandi,PR,2014,0
MALA,Malária,412625,Sarandi,PR,2015,0
MALA,Malária,412625,Sarandi,PR,2016,0
MALA,Malária,412625,Sarandi,PR,2017,0
MALA,Malária,412625,Sarandi,PR,2018,1
MALA,Malária,412625,Sarandi,PR,2019,0
MALA,Malária,412625,Sarandi,PR,2020,0
MALA,Malária,412625,Sarandi,PR,2021,0
MALA,Malária,412625,Sarandi,PR,2022,0
MALA,Malária,412625,Sarandi,PR,2023,0
MALA,Malária,412625,Sarandi,PR,2024,0
MALA,Malária,412627,Saudade do Iguacu,PR,2007,0
MALA,Malária,412627,Saudade do Iguacu,PR,2008,0
MALA,Malária,412627,Saudade do Iguacu,PR,2009,0
MALA,Malária,412627,Saudade do Iguacu,PR,2010,0
MALA,Malária,412627,Saudade do Iguacu,PR,2011,0
MALA,Malária,412627,Saudade do Iguacu,PR,2012,0
MALA,Malária,412627,Saudade do Iguacu,PR,2013,0
MALA,Malária,412627,Saudade do Iguacu,PR,2014,0
MALA,Malária,412627,Saudade do Iguacu,PR,2015,0
MALA,Malária,412627,Saudade do Iguacu,PR,2016,0
MALA,Malária,412627,Saudade do Iguacu,PR,2017,0
MALA,Malária,412627,Saudade do Iguacu,PR,2018,0
MALA,Malária,412627,Saudade do Iguacu,PR,2019,1
MALA,Malária,412627,Saudade do Iguacu,PR,2020,0
MALA,Malária,412627,Saudade do Iguacu,PR,2021,0
MALA,Malária,412627,Saudade do Iguacu,PR,2022,0
MALA,Malária,412627,Saudade do Iguacu,PR,2023,0
MALA,Malária,412627,Saudade do Iguacu,PR,2024,0
MALA,Malária,412670,Tamboara,PR,2007,0
MALA,Malária,412670,Tamboara,PR,2008,0
MALA,Malária,412670,Tamboara,PR,2009,1
MALA,Malária,412670,Tamboara,PR,2010,0
MALA,Malária,412670,Tamboara,PR,2011,0
MALA,Malária,412670,Tamboara,PR,2012,0
MALA,Malária,412670,Tamboara,PR,2013,0
MALA,Malária,412670,Tamboara,PR,2014,0
MALA,Malária,412670,Tamboara,PR,2015,0
MALA,Malária,412670,Tamboara,PR,2016,0
MALA,Malária,412670,Tamboara,PR,2017,0
MALA,Malária,412670,Tamboara,PR,2018,0
MALA,Malária,412670,Tamboara,PR,2019,0
MALA,Malária,412670,Tamboara,PR,2020,0
MALA,Malária,412670,Tamboara,PR,2021,0
MALA,Malária,412670,Tamboara,PR,2022,0
MALA,Malária,412670,Tamboara,PR,2023,0
MALA,Malária,412670,Tamboara,PR,2024,0
MALA,Malária,412710,Telemaco Borba,PR,2007,0
MALA,Malária,412710,Telemaco Borba,PR,2008,0
MALA,Malária,412710,Telemaco Borba,PR,2009,0
MALA,Malária,412710,Telemaco Borba,PR,2010,0
MALA,Malária,412710,Telemaco Borba,PR,2011,0
MALA,Malária,412710,Telemaco Borba,PR,2012,1
MALA,Malária,412710,Telemaco Borba,PR,2013,0
MALA,Malária,412710,Telemaco Borba,PR,2014,0
MALA,Malária,412710,Telemaco Borba,PR,2015,1
MALA,Malária,412710,Telemaco Borba,PR,2016,0
MALA,Malária,412710,Telemaco Borba,PR,2017,0
MALA,Malária,412710,Telemaco Borba,PR,2018,0
MALA,Malária,412710,Telemaco Borba,PR,2019,0
MALA,Malária,412710,Telemaco Borba,PR,2020,0
MALA,Malária,412710,Telemaco Borba,PR,2021,0
MALA,Malária,412710,Telemaco Borba,PR,2022,0
MALA,Malária,412710,Telemaco Borba,PR,2023,0
MALA,Malária,412710,Telemaco Borba,PR,2024,0
MALA,Malária,412730,Terra Rica,PR,2007,0
MALA,Malária,412730,Terra Rica,PR,2008,0
MALA,Malária,412730,Terra Rica,PR,2009,1
MALA,Malária,412730,Terra Rica,PR,2010,0
MALA,Malária,412730,Terra Rica,PR,2011,0
MALA,Malária,412730,Terra Rica,PR,2012,0
MALA,Malária,412730,Terra Rica,PR,2013,1
MALA,Malária,412730,Terra Rica,PR,2014,0
MALA,Malária,412730,Terra Rica,PR,2015,0
MALA,Malária,412730,Terra Rica,PR,2016,1
MALA,Malária,412730,Terra Rica,PR,2017,0
MALA,Malária,412730,Terra Rica,PR,2018,1
MALA,Malária,412730,Terra Rica,PR,2019,0
MALA,Malária,412730,Terra Rica,PR,2020,1
MALA,Malária,412730,Terra Rica,PR,2021,1
MALA,Malária,412730,Terra Rica,PR,2022,0
MALA,Malária,412730,Terra Rica,PR,2023,0
MALA,Malária,412730,Terra Rica,PR,2024,1
MALA,Malária,412760,Tijucas do Sul,PR,2007,0
MALA,Malária,412760,Tijucas do Sul,PR,2008,0
MALA,Malária,412760,Tijucas do Sul,PR,2009,0
MALA,Malária,412760,Tijucas do Sul,PR,2010,0
MALA,Malária,412760,Tijucas do Sul,PR,2011,0
MALA,Malária,412760,Tijucas do Sul,PR,2012,0
MALA,Malária,412760,Tijucas do Sul,PR,2013,0
MALA,Malária,412760,Tijucas do Sul,PR,2014,0
MALA,Malária,412760,Tijucas do Sul,PR,2015,0
MALA,Malária,412760,Tijucas do Sul,PR,2016,0
MALA,Malária,412760,Tijucas do Sul,PR,2017,1
MALA,Malária,412760,Tijucas do Sul,PR,2018,0
MALA,Malária,412760,Tijucas do Sul,PR,2019,0
MALA,Malária,412760,Tijucas do Sul,PR,2020,0
MALA,Malária,412760,Tijucas do Sul,PR,2021,0
MALA,Malária,412760,Tijucas do Sul,PR,2022,0
MALA,Malária,412760,Tijucas do Sul,PR,2023,0
MALA,Malária,412760,Tijucas do Sul,PR,2024,0
MALA,Malária,412770,Toledo,PR,2007,4
MALA,Malária,412770,Toledo,PR,2008,1
MALA,Malária,412770,Toledo,PR,2009,0
MALA,Malária,412770,Toledo,PR,2010,1
MALA,Malária,412770,Toledo,PR,2011,2
MALA,Malária,412770,Toledo,PR,2012,1
MALA,Malária,412770,Toledo,PR,2013,0
MALA,Malária,412770,Toledo,PR,2014,1
MALA,Malária,412770,Toledo,PR,2015,0
MALA,Malária,412770,Toledo,PR,2016,0
MALA,Malária,412770,Toledo,PR,2017,0
MALA,Malária,412770,Toledo,PR,2018,1
MALA,Malária,412770,Toledo,PR,2019,1
MALA,Malária,412770,Toledo,PR,2020,1
MALA,Malária,412770,Toledo,PR,2021,0
MALA,Malária,412770,Toledo,PR,2022,0
MALA,Malária,412770,Toledo,PR,2023,4
MALA,Malária,412770,Toledo,PR,2024,4
MALA,Malária,412785,Tres Barras do Parana,PR,2007,0
MALA,Malária,412785,Tres Barras do Parana,PR,2008,0
MALA,Malária,412785,Tres Barras do Parana,PR,2009,0
MALA,Malária,412785,Tres Barras do Parana,PR,2010,1
MALA,Malária,412785,Tres Barras do Parana,PR,2011,0
MALA,Malária,412785,Tres Barras do Parana,PR,2012,0
MALA,Malária,412785,Tres Barras do Parana,PR,2013,0
MALA,Malária,412785,Tres Barras do Parana,PR,2014,0
MALA,Malária,412785,Tres Barras do Parana,PR,2015,0
MALA,Malária,412785,Tres Barras do Parana,PR,2016,0
MALA,Malária,412785,Tres Barras do Parana,PR,2017,0
MALA,Malária,412785,Tres Barras do Parana,PR,2018,0
MALA,Malária,412785,Tres Barras do Parana,PR,2019,0
MALA,Malária,412785,Tres Barras do Parana,PR,2020,0
MALA,Malária,412785,Tres Barras do Parana,PR,2021,0
MALA,Malária,412785,Tres Barras do Parana,PR,2022,0
MALA,Malária,412785,Tres Barras do Parana,PR,2023,0
MALA,Malária,412785,Tres Barras do Parana,PR,2024,0
MALA,Malária,412790,Tuneiras do Oeste,PR,2007,0
MALA,Malária,412790,Tuneiras do Oeste,PR,2008,0
MALA,Malária,412790,Tuneiras do Oeste,PR,2009,0
MALA,Malária,412790,Tuneiras do Oeste,PR,2010,0
MALA,Malária,412790,Tuneiras do Oeste,PR,2011,0
MALA,Malária,412790,Tuneiras do Oeste,PR,2012,1
MALA,Malária,412790,Tuneiras do Oeste,PR,2013,0
MALA,Malária,412790,Tuneiras do Oeste,PR,2014,0
MALA,Malária,412790,Tuneiras do Oeste,PR,2015,0
MALA,Malária,412790,Tuneiras do Oeste,PR,2016,0
MALA,Malária,412790,Tuneiras do Oeste,PR,2017,0
MALA,Malária,412790,Tuneiras do Oeste,PR,2018,0
MALA,Malária,412790,Tuneiras do Oeste,PR,2019,0
MALA,Malária,412790,Tuneiras do Oeste,PR,2020,0
MALA,Malária,412790,Tuneiras do Oeste,PR,2021,0
MALA,Malária,412790,Tuneiras do Oeste,PR,2022,0
MALA,Malária,412790,Tuneiras do Oeste,PR,2023,0
MALA,Malária,412790,Tuneiras do Oeste,PR,2024,0
MALA,Malária,412800,Ubirata,PR,2007,0
MALA,Malária,412800,Ubirata,PR,2008,0
MALA,Malária,412800,Ubirata,PR,2009,0
MALA,Malária,412800,Ubirata,PR,2010,0
MALA,Malária,412800,Ubirata,PR,2011,0
MALA,Malária,412800,Ubirata,PR,2012,0
MALA,Malária,412800,Ubirata,PR,2013,0
MALA,Malária,412800,Ubirata,PR,2014,0
MALA,Malária,412800,Ubirata,PR,2015,0
MALA,Malária,412800,Ubirata,PR,2016,0
MALA,Malária,412800,Ubirata,PR,2017,0
MALA,Malária,412800,Ubirata,PR,2018,0
MALA,Malária,412800,Ubirata,PR,2019,0
MALA,Malária,412800,Ubirata,PR,2020,1
MALA,Malária,412800,Ubirata,PR,2021,0
MALA,Malária,412800,Ubirata,PR,2022,0
MALA,Malária,412800,Ubirata,PR,2023,0
MALA,Malária,412800,Ubirata,PR,2024,1
MALA,Malária,412810,Umuarama,PR,2007,3
MALA,Malária,412810,Umuarama,PR,2008,0
MALA,Malária,412810,Umuarama,PR,2009,5
MALA,Malária,412810,Umuarama,PR,2010,0
MALA,Malária,412810,Umuarama,PR,2011,0
MALA,Malária,412810,Umuarama,PR,2012,0
MALA,Malária,412810,Umuarama,PR,2013,0
MALA,Malária,412810,Umuarama,PR,2014,0
MALA,Malária,412810,Umuarama,PR,2015,0
MALA,Malária,412810,Umuarama,PR,2016,0
MALA,Malária,412810,Umuarama,PR,2017,0
MALA,Malária,412810,Umuarama,PR,2018,0
MALA,Malária,412810,Umuarama,PR,2019,0
MALA,Malária,412810,Umuarama,PR,2020,0
MALA,Malária,412810,Umuarama,PR,2021,1
MALA,Malária,412810,Umuarama,PR,2022,0
MALA,Malária,412810,Umuarama,PR,2023,0
MALA,Malária,412810,Umuarama,PR,2024,0
MALA,Malária,412820,Uniao da Vitoria,PR,2007,0
MALA,Malária,412820,Uniao da Vitoria,PR,2008,0
MALA,Malária,412820,Uniao da Vitoria,PR,2009,0
MALA,Malária,412820,Uniao da Vitoria,PR,2010,0
MALA,Malária,412820,Uniao da Vitoria,PR,2011,0
MALA,Malária,412820,Uniao da Vitoria,PR,2012,1
MALA,Malária,412820,Uniao da Vitoria,PR,2013,0
MALA,Malária,412820,Uniao da Vitoria,PR,2014,0
MALA,Malária,412820,Uniao da Vitoria,PR,2015,0
MALA,Malária,412820,Uniao da Vitoria,PR,2016,0
MALA,Malária,412820,Uniao da Vitoria,PR,2017,0
MALA,Malária,412820,Uniao da Vitoria,PR,2018,0
MALA,Malária,412820,Uniao da Vitoria,PR,2019,0
MALA,Malária,412820,Uniao da Vitoria,PR,2020,0
MALA,Malária,412820,Uniao da Vitoria,PR,2021,0
MALA,Malária,412820,Uniao da Vitoria,PR,2022,0
MALA,Malária,412820,Uniao da Vitoria,PR,2023,0
MALA,Malária,412820,Uniao da Vitoria,PR,2024,0
MALA,Malária,412855,Vera Cruz do Oeste,PR,2007,0
MALA,Malária,412855,Vera Cruz do Oeste,PR,2008,0
MALA,Malária,412855,Vera Cruz do Oeste,PR,2009,0
MALA,Malária,412855,Vera Cruz do Oeste,PR,2010,1
MALA,Malária,412855,Vera Cruz do Oeste,PR,2011,0
MALA,Malária,412855,Vera Cruz do Oeste,PR,2012,0
MALA,Malária,412855,Vera Cruz do Oeste,PR,2013,0
MALA,Malária,412855,Vera Cruz do Oeste,PR,2014,0
MALA,Malária,412855,Vera Cruz do Oeste,PR,2015,0
MALA,Malária,412855,Vera Cruz do Oeste,PR,2016,1
MALA,Malária,412855,Vera Cruz do Oeste,PR,2017,0
MALA,Malária,412855,Vera Cruz do Oeste,PR,2018,0
MALA,Malária,412855,Vera Cruz do Oeste,PR,2019,0
MALA,Malária,412855,Vera Cruz do Oeste,PR,2020,0
MALA,Malária,412855,Vera Cruz do Oeste,PR,2021,0
MALA,Malária,412855,Vera Cruz do Oeste,PR,2022,0
MALA,Malária,412855,Vera Cruz do Oeste,PR,2023,0
MALA,Malária,412855,Vera Cruz do Oeste,PR,2024,0
MALA,Malária,412860,Vere,PR,2007,0
MALA,Malária,412860,Vere,PR,2008,1
MALA,Malária,412860,Vere,PR,2009,0
MALA,Malária,412860,Vere,PR,2010,0
MALA,Malária,412860,Vere,PR,2011,0
MALA,Malária,412860,Vere,PR,2012,0
MALA,Malária,412860,Vere,PR,2013,0
MALA,Malária,412860,Vere,PR,2014,0
MALA,Malária,412860,Vere,PR,2015,0
MALA,Malária,412860,Vere,PR,2016,0
MALA,Malária,412860,Vere,PR,2017,0
MALA,Malária,412860,Vere,PR,2018,0
MALA,Malária,412860,Vere,PR,2019,0
MALA,Malária,412860,Vere,PR,2020,0
MALA,Malária,412860,Vere,PR,2021,0
MALA,Malária,412860,Vere,PR,2022,0
MALA,Malária,412860,Vere,PR,2023,0
MALA,Malária,412860,Vere,PR,2024,0
MALA,Malária,330010,Angra Dos Reis,RJ,2007,0
MALA,Malária,330010,Angra Dos Reis,RJ,2008,0
MALA,Malária,330010,Angra Dos Reis,RJ,2009,0
MALA,Malária,330010,Angra Dos Reis,RJ,2010,1
MALA,Malária,330010,Angra Dos Reis,RJ,2011,0
MALA,Malária,330010,Angra Dos Reis,RJ,2012,1
MALA,Malária,330010,Angra Dos Reis,RJ,2013,0
MALA,Malária,330010,Angra Dos Reis,RJ,2014,0
MALA,Malária,330010,Angra Dos Reis,RJ,2015,0
MALA,Malária,330010,Angra Dos Reis,RJ,2016,1
MALA,Malária,330010,Angra Dos Reis,RJ,2017,1
MALA,Malária,330010,Angra Dos Reis,RJ,2018,0
MALA,Malária,330010,Angra Dos Reis,RJ,2019,0
MALA,Malária,330010,Angra Dos Reis,RJ,2020,0
MALA,Malária,330010,Angra Dos Reis,RJ,2021,0
MALA,Malária,330010,Angra Dos Reis,RJ,2022,0
MALA,Malária,330010,Angra Dos Reis,RJ,2023,1
MALA,Malária,330010,Angra Dos Reis,RJ,2024,0
MALA,Malária,330020,Araruama,RJ,2007,0
MALA,Malária,330020,Araruama,RJ,2008,1
MALA,Malária,330020,Araruama,RJ,2009,0
MALA,Malária,330020,Araruama,RJ,2010,0
MALA,Malária,330020,Araruama,RJ,2011,0
MALA,Malária,330020,Araruama,RJ,2012,0
MALA,Malária,330020,Araruama,RJ,2013,0
MALA,Malária,330020,Araruama,RJ,2014,0
MALA,Malária,330020,Araruama,RJ,2015,0
MALA,Malária,330020,Araruama,RJ,2016,0
MALA,Malária,330020,Araruama,RJ,2017,0
MALA,Malária,330020,Araruama,RJ,2018,0
MALA,Malária,330020,Araruama,RJ,2019,0
MALA,Malária,330020,Araruama,RJ,2020,0
MALA,Malária,330020,Araruama,RJ,2021,2
MALA,Malária,330020,Araruama,RJ,2022,1
MALA,Malária,330020,Araruama,RJ,2023,0
MALA,Malária,330020,Araruama,RJ,2024,0
MALA,Malária,330023,Armacao Dos Buzios,RJ,2007,0
MALA,Malária,330023,Armacao Dos Buzios,RJ,2008,0
MALA,Malária,330023,Armacao Dos Buzios,RJ,2009,0
MALA,Malária,330023,Armacao Dos Buzios,RJ,2010,0
MALA,Malária,330023,Armacao Dos Buzios,RJ,2011,0
MALA,Malária,330023,Armacao Dos Buzios,RJ,2012,0
MALA,Malária,330023,Armacao Dos Buzios,RJ,2013,0
MALA,Malária,330023,Armacao Dos Buzios,RJ,2014,0
MALA,Malária,330023,Armacao Dos Buzios,RJ,2015,0
MALA,Malária,330023,Armacao Dos Buzios,RJ,2016,0
MALA,Malária,330023,Armacao Dos Buzios,RJ,2017,0
MALA,Malária,330023,Armacao Dos Buzios,RJ,2018,0
MALA,Malária,330023,Armacao Dos Buzios,RJ,2019,0
MALA,Malária,330023,Armacao Dos Buzios,RJ,2020,0
MALA,Malária,330023,Armacao Dos Buzios,RJ,2021,0
MALA,Malária,330023,Armacao Dos Buzios,RJ,2022,1
MALA,Malária,330023,Armacao Dos Buzios,RJ,2023,0
MALA,Malária,330023,Armacao Dos Buzios,RJ,2024,0
MALA,Malária,330030,Barra do Pirai,RJ,2007,0
MALA,Malária,330030,Barra do Pirai,RJ,2008,0
MALA,Malária,330030,Barra do Pirai,RJ,2009,0
MALA,Malária,330030,Barra do Pirai,RJ,2010,0
MALA,Malária,330030,Barra do Pirai,RJ,2011,0
MALA,Malária,330030,Barra do Pirai,RJ,2012,0
MALA,Malária,330030,Barra do Pirai,RJ,2013,1
MALA,Malária,330030,Barra do Pirai,RJ,2014,0
MALA,Malária,330030,Barra do Pirai,RJ,2015,0
MALA,Malária,330030,Barra do Pirai,RJ,2016,0
MALA,Malária,330030,Barra do Pirai,RJ,2017,0
MALA,Malária,330030,Barra do Pirai,RJ,2018,1
MALA,Malária,330030,Barra do Pirai,RJ,2019,0
MALA,Malária,330030,Barra do Pirai,RJ,2020,0
MALA,Malária,330030,Barra do Pirai,RJ,2021,0
MALA,Malária,330030,Barra do Pirai,RJ,2022,0
MALA,Malária,330030,Barra do Pirai,RJ,2023,0
MALA,Malária,330030,Barra do Pirai,RJ,2024,0
MALA,Malária,330050,Bom Jardim,RJ,2007,1
MALA,Malária,330050,Bom Jardim,RJ,2008,0
MALA,Malária,330050,Bom Jardim,RJ,2009,0
MALA,Malária,330050,Bom Jardim,RJ,2010,0
MALA,Malária,330050,Bom Jardim,RJ,2011,0
MALA,Malária,330050,Bom Jardim,RJ,2012,0
MALA,Malária,330050,Bom Jardim,RJ,2013,0
MALA,Malária,330050,Bom Jardim,RJ,2014,0
MALA,Malária,330050,Bom Jardim,RJ,2015,0
MALA,Malária,330050,Bom Jardim,RJ,2016,0
MALA,Malária,330050,Bom Jardim,RJ,2017,0
MALA,Malária,330050,Bom Jardim,RJ,2018,0
MALA,Malária,330050,Bom Jardim,RJ,2019,0
MALA,Malária,330050,Bom Jardim,RJ,2020,0
MALA,Malária,330050,Bom Jardim,RJ,2021,0
MALA,Malária,330050,Bom Jardim,RJ,2022,0
MALA,Malária,330050,Bom Jardim,RJ,2023,0
MALA,Malária,330050,Bom Jardim,RJ,2024,0
MALA,Malária,330070,Cabo Frio,RJ,2007,0
MALA,Malária,330070,Cabo Frio,RJ,2008,0
MALA,Malária,330070,Cabo Frio,RJ,2009,0
MALA,Malária,330070,Cabo Frio,RJ,2010,0
MALA,Malária,330070,Cabo Frio,RJ,2011,0
MALA,Malária,330070,Cabo Frio,RJ,2012,0
MALA,Malária,330070,Cabo Frio,RJ,2013,0
MALA,Malária,330070,Cabo Frio,RJ,2014,1
MALA,Malária,330070,Cabo Frio,RJ,2015,0
MALA,Malária,330070,Cabo Frio,RJ,2016,0
MALA,Malária,330070,Cabo Frio,RJ,2017,1
MALA,Malária,330070,Cabo Frio,RJ,2018,2
MALA,Malária,330070,Cabo Frio,RJ,2019,0
MALA,Malária,330070,Cabo Frio,RJ,2020,0
MALA,Malária,330070,Cabo Frio,RJ,2021,0
MALA,Malária,330070,Cabo Frio,RJ,2022,2
MALA,Malária,330070,Cabo Frio,RJ,2023,0
MALA,Malária,330070,Cabo Frio,RJ,2024,1
MALA,Malária,330080,Cachoeiras de Macacu,RJ,2007,0
MALA,Malária,330080,Cachoeiras de Macacu,RJ,2008,0
MALA,Malária,330080,Cachoeiras de Macacu,RJ,2009,1
MALA,Malária,330080,Cachoeiras de Macacu,RJ,2010,1
MALA,Malária,330080,Cachoeiras de Macacu,RJ,2011,0
MALA,Malária,330080,Cachoeiras de Macacu,RJ,2012,0
MALA,Malária,330080,Cachoeiras de Macacu,RJ,2013,0
MALA,Malária,330080,Cachoeiras de Macacu,RJ,2014,1
MALA,Malária,330080,Cachoeiras de Macacu,RJ,2015,0
MALA,Malária,330080,Cachoeiras de Macacu,RJ,2016,0
MALA,Malária,330080,Cachoeiras de Macacu,RJ,2017,0
MALA,Malária,330080,Cachoeiras de Macacu,RJ,2018,0
MALA,Malária,330080,Cachoeiras de Macacu,RJ,2019,0
MALA,Malária,330080,Cachoeiras de Macacu,RJ,2020,0
MALA,Malária,330080,Cachoeiras de Macacu,RJ,2021,0
MALA,Malária,330080,Cachoeiras de Macacu,RJ,2022,0
MALA,Malária,330080,Cachoeiras de Macacu,RJ,2023,0
MALA,Malária,330080,Cachoeiras de Macacu,RJ,2024,0
MALA,Malária,330100,Campos Dos Goytacazes,RJ,2007,0
MALA,Malária,330100,Campos Dos Goytacazes,RJ,2008,0
MALA,Malária,330100,Campos Dos Goytacazes,RJ,2009,4
MALA,Malária,330100,Campos Dos Goytacazes,RJ,2010,0
MALA,Malária,330100,Campos Dos Goytacazes,RJ,2011,2
MALA,Malária,330100,Campos Dos Goytacazes,RJ,2012,0
MALA,Malária,330100,Campos Dos Goytacazes,RJ,2013,0
MALA,Malária,330100,Campos Dos Goytacazes,RJ,2014,3
MALA,Malária,330100,Campos Dos Goytacazes,RJ,2015,2
MALA,Malária,330100,Campos Dos Goytacazes,RJ,2016,0
MALA,Malária,330100,Campos Dos Goytacazes,RJ,2017,0
MALA,Malária,330100,Campos Dos Goytacazes,RJ,2018,1
MALA,Malária,330100,Campos Dos Goytacazes,RJ,2019,0
MALA,Malária,330100,Campos Dos Goytacazes,RJ,2020,0
MALA,Malária,330100,Campos Dos Goytacazes,RJ,2021,0
MALA,Malária,330100,Campos Dos Goytacazes,RJ,2022,0
MALA,Malária,330100,Campos Dos Goytacazes,RJ,2023,0
MALA,Malária,330100,Campos Dos Goytacazes,RJ,2024,1
MALA,Malária,330150,Cordeiro,RJ,2007,0
MALA,Malária,330150,Cordeiro,RJ,2008,0
MALA,Malária,330150,Cordeiro,RJ,2009,0
MALA,Malária,330150,Cordeiro,RJ,2010,0
MALA,Malária,330150,Cordeiro,RJ,2011,0
MALA,Malária,330150,Cordeiro,RJ,2012,0
MALA,Malária,330150,Cordeiro,RJ,2013,0
MALA,Malária,330150,Cordeiro,RJ,2014,0
MALA,Malária,330150,Cordeiro,RJ,2015,1
MALA,Malária,330150,Cordeiro,RJ,2016,0
MALA,Malária,330150,Cordeiro,RJ,2017,0
MALA,Malária,330150,Cordeiro,RJ,2018,0
MALA,Malária,330150,Cordeiro,RJ,2019,0
MALA,Malária,330150,Cordeiro,RJ,2020,0
MALA,Malária,330150,Cordeiro,RJ,2021,0
MALA,Malária,330150,Cordeiro,RJ,2022,0
MALA,Malária,330150,Cordeiro,RJ,2023,0
MALA,Malária,330150,Cordeiro,RJ,2024,0
MALA,Malária,330170,Duque de Caxias,RJ,2007,0
MALA,Malária,330170,Duque de Caxias,RJ,2008,1
MALA,Malária,330170,Duque de Caxias,RJ,2009,0
MALA,Malária,330170,Duque de Caxias,RJ,2010,1
MALA,Malária,330170,Duque de Caxias,RJ,2011,0
MALA,Malária,330170,Duque de Caxias,RJ,2012,1
MALA,Malária,330170,Duque de Caxias,RJ,2013,0
MALA,Malária,330170,Duque de Caxias,RJ,2014,1
MALA,Malária,330170,Duque de Caxias,RJ,2015,0
MALA,Malária,330170,Duque de Caxias,RJ,2016,0
MALA,Malária,330170,Duque de Caxias,RJ,2017,0
MALA,Malária,330170,Duque de Caxias,RJ,2018,0
MALA,Malária,330170,Duque de Caxias,RJ,2019,0
MALA,Malária,330170,Duque de Caxias,RJ,2020,0
MALA,Malária,330170,Duque de Caxias,RJ,2021,0
MALA,Malária,330170,Duque de Caxias,RJ,2022,0
MALA,Malária,330170,Duque de Caxias,RJ,2023,0
MALA,Malária,330170,Duque de Caxias,RJ,2024,0
MALA,Malária,330185,Guapimirim,RJ,2007,0
MALA,Malária,330185,Guapimirim,RJ,2008,0
MALA,Malária,330185,Guapimirim,RJ,2009,0
MALA,Malária,330185,Guapimirim,RJ,2010,0
MALA,Malária,330185,Guapimirim,RJ,2011,0
MALA,Malária,330185,Guapimirim,RJ,2012,0
MALA,Malária,330185,Guapimirim,RJ,2013,0
MALA,Malária,330185,Guapimirim,RJ,2014,0
MALA,Malária,330185,Guapimirim,RJ,2015,1
MALA,Malária,330185,Guapimirim,RJ,2016,0
MALA,Malária,330185,Guapimirim,RJ,2017,1
MALA,Malária,330185,Guapimirim,RJ,2018,0
MALA,Malária,330185,Guapimirim,RJ,2019,0
MALA,Malária,330185,Guapimirim,RJ,2020,0
MALA,Malária,330185,Guapimirim,RJ,2021,0
MALA,Malária,330185,Guapimirim,RJ,2022,0
MALA,Malária,330185,Guapimirim,RJ,2023,0
MALA,Malária,330185,Guapimirim,RJ,2024,0
MALA,Malária,330187,Iguaba Grande,RJ,2007,0
MALA,Malária,330187,Iguaba Grande,RJ,2008,0
MALA,Malária,330187,Iguaba Grande,RJ,2009,0
MALA,Malária,330187,Iguaba Grande,RJ,2010,0
MALA,Malária,330187,Iguaba Grande,RJ,2011,1
MALA,Malária,330187,Iguaba Grande,RJ,2012,0
MALA,Malária,330187,Iguaba Grande,RJ,2013,0
MALA,Malária,330187,Iguaba Grande,RJ,2014,0
MALA,Malária,330187,Iguaba Grande,RJ,2015,0
MALA,Malária,330187,Iguaba Grande,RJ,2016,0
MALA,Malária,330187,Iguaba Grande,RJ,2017,0
MALA,Malária,330187,Iguaba Grande,RJ,2018,0
MALA,Malária,330187,Iguaba Grande,RJ,2019,0
MALA,Malária,330187,Iguaba Grande,RJ,2020,0
MALA,Malária,330187,Iguaba Grande,RJ,2021,0
MALA,Malária,330187,Iguaba Grande,RJ,2022,0
MALA,Malária,330187,Iguaba Grande,RJ,2023,0
MALA,Malária,330187,Iguaba Grande,RJ,2024,0
MALA,Malária,330190,Itaborai,RJ,2007,0
MALA,Malária,330190,Itaborai,RJ,2008,0
MALA,Malária,330190,Itaborai,RJ,2009,0
MALA,Malária,330190,Itaborai,RJ,2010,0
MALA,Malária,330190,Itaborai,RJ,2011,0
MALA,Malária,330190,Itaborai,RJ,2012,0
MALA,Malária,330190,Itaborai,RJ,2013,0
MALA,Malária,330190,Itaborai,RJ,2014,0
MALA,Malária,330190,Itaborai,RJ,2015,0
MALA,Malária,330190,Itaborai,RJ,2016,0
MALA,Malária,330190,Itaborai,RJ,2017,0
MALA,Malária,330190,Itaborai,RJ,2018,0
MALA,Malária,330190,Itaborai,RJ,2019,0
MALA,Malária,330190,Itaborai,RJ,2020,0
MALA,Malária,330190,Itaborai,RJ,2021,0
MALA,Malária,330190,Itaborai,RJ,2022,0
MALA,Malária,330190,Itaborai,RJ,2023,1
MALA,Malária,330190,Itaborai,RJ,2024,0
MALA,Malária,330200,Itaguai,RJ,2007,0
MALA,Malária,330200,Itaguai,RJ,2008,1
MALA,Malária,330200,Itaguai,RJ,2009,0
MALA,Malária,330200,Itaguai,RJ,2010,1
MALA,Malária,330200,Itaguai,RJ,2011,2
MALA,Malária,330200,Itaguai,RJ,2012,0
MALA,Malária,330200,Itaguai,RJ,2013,1
MALA,Malária,330200,Itaguai,RJ,2014,0
MALA,Malária,330200,Itaguai,RJ,2015,0
MALA,Malária,330200,Itaguai,RJ,2016,0
MALA,Malária,330200,Itaguai,RJ,2017,0
MALA,Malária,330200,Itaguai,RJ,2018,0
MALA,Malária,330200,Itaguai,RJ,2019,0
MALA,Malária,330200,Itaguai,RJ,2020,0
MALA,Malária,330200,Itaguai,RJ,2021,0
MALA,Malária,330200,Itaguai,RJ,2022,0
MALA,Malária,330200,Itaguai,RJ,2023,0
MALA,Malária,330200,Itaguai,RJ,2024,0
MALA,Malária,330220,Itaperuna,RJ,2007,3
MALA,Malária,330220,Itaperuna,RJ,2008,0
MALA,Malária,330220,Itaperuna,RJ,2009,0
MALA,Malária,330220,Itaperuna,RJ,2010,0
MALA,Malária,330220,Itaperuna,RJ,2011,0
MALA,Malária,330220,Itaperuna,RJ,2012,0
MALA,Malária,330220,Itaperuna,RJ,2013,0
MALA,Malária,330220,Itaperuna,RJ,2014,0
MALA,Malária,330220,Itaperuna,RJ,2015,0
MALA,Malária,330220,Itaperuna,RJ,2016,0
MALA,Malária,330220,Itaperuna,RJ,2017,0
MALA,Malária,330220,Itaperuna,RJ,2018,0
MALA,Malária,330220,Itaperuna,RJ,2019,0
MALA,Malária,330220,Itaperuna,RJ,2020,0
MALA,Malária,330220,Itaperuna,RJ,2021,0
MALA,Malária,330220,Itaperuna,RJ,2022,0
MALA,Malária,330220,Itaperuna,RJ,2023,0
MALA,Malária,330220,Itaperuna,RJ,2024,0
MALA,Malária,330240,Macae,RJ,2007,4
MALA,Malária,330240,Macae,RJ,2008,5
MALA,Malária,330240,Macae,RJ,2009,2
MALA,Malária,330240,Macae,RJ,2010,12
MALA,Malária,330240,Macae,RJ,2011,2
MALA,Malária,330240,Macae,RJ,2012,1
MALA,Malária,330240,Macae,RJ,2013,1
MALA,Malária,330240,Macae,RJ,2014,6
MALA,Malária,330240,Macae,RJ,2015,3
MALA,Malária,330240,Macae,RJ,2016,2
MALA,Malária,330240,Macae,RJ,2017,1
MALA,Malária,330240,Macae,RJ,2018,0
MALA,Malária,330240,Macae,RJ,2019,1
MALA,Malária,330240,Macae,RJ,2020,1
MALA,Malária,330240,Macae,RJ,2021,1
MALA,Malária,330240,Macae,RJ,2022,2
MALA,Malária,330240,Macae,RJ,2023,4
MALA,Malária,330240,Macae,RJ,2024,1
MALA,Malária,330250,Mage,RJ,2007,0
MALA,Malária,330250,Mage,RJ,2008,0
MALA,Malária,330250,Mage,RJ,2009,0
MALA,Malária,330250,Mage,RJ,2010,0
MALA,Malária,330250,Mage,RJ,2011,0
MALA,Malária,330250,Mage,RJ,2012,0
MALA,Malária,330250,Mage,RJ,2013,1
MALA,Malária,330250,Mage,RJ,2014,0
MALA,Malária,330250,Mage,RJ,2015,0
MALA,Malária,330250,Mage,RJ,2016,0
MALA,Malária,330250,Mage,RJ,2017,0
MALA,Malária,330250,Mage,RJ,2018,0
MALA,Malária,330250,Mage,RJ,2019,0
MALA,Malária,330250,Mage,RJ,2020,0
MALA,Malária,330250,Mage,RJ,2021,0
MALA,Malária,330250,Mage,RJ,2022,0
MALA,Malária,330250,Mage,RJ,2023,0
MALA,Malária,330250,Mage,RJ,2024,0
MALA,Malária,330260,Mangaratiba,RJ,2007,0
MALA,Malária,330260,Mangaratiba,RJ,2008,0
MALA,Malária,330260,Mangaratiba,RJ,2009,0
MALA,Malária,330260,Mangaratiba,RJ,2010,0
MALA,Malária,330260,Mangaratiba,RJ,2011,0
MALA,Malária,330260,Mangaratiba,RJ,2012,0
MALA,Malária,330260,Mangaratiba,RJ,2013,0
MALA,Malária,330260,Mangaratiba,RJ,2014,0
MALA,Malária,330260,Mangaratiba,RJ,2015,0
MALA,Malária,330260,Mangaratiba,RJ,2016,0
MALA,Malária,330260,Mangaratiba,RJ,2017,0
MALA,Malária,330260,Mangaratiba,RJ,2018,0
MALA,Malária,330260,Mangaratiba,RJ,2019,1
MALA,Malária,330260,Mangaratiba,RJ,2020,0
MALA,Malária,330260,Mangaratiba,RJ,2021,0
MALA,Malária,330260,Mangaratiba,RJ,2022,0
MALA,Malária,330260,Mangaratiba,RJ,2023,0
MALA,Malária,330260,Mangaratiba,RJ,2024,0
MALA,Malária,330285,Mesquita,RJ,2007,0
MALA,Malária,330285,Mesquita,RJ,2008,0
MALA,Malária,330285,Mesquita,RJ,2009,0
MALA,Malária,330285,Mesquita,RJ,2010,0
MALA,Malária,330285,Mesquita,RJ,2011,0
MALA,Malária,330285,Mesquita,RJ,2012,0
MALA,Malária,330285,Mesquita,RJ,2013,1
MALA,Malária,330285,Mesquita,RJ,2014,0
MALA,Malária,330285,Mesquita,RJ,2015,0
MALA,Malária,330285,Mesquita,RJ,2016,0
MALA,Malária,330285,Mesquita,RJ,2017,0
MALA,Malária,330285,Mesquita,RJ,2018,0
MALA,Malária,330285,Mesquita,RJ,2019,0
MALA,Malária,330285,Mesquita,RJ,2020,0
MALA,Malária,330285,Mesquita,RJ,2021,0
MALA,Malária,330285,Mesquita,RJ,2022,0
MALA,Malária,330285,Mesquita,RJ,2023,0
MALA,Malária,330285,Mesquita,RJ,2024,0
MALA,Malária,330330,Niteroi,RJ,2007,0
MALA,Malária,330330,Niteroi,RJ,2008,0
MALA,Malária,330330,Niteroi,RJ,2009,0
MALA,Malária,330330,Niteroi,RJ,2010,0
MALA,Malária,330330,Niteroi,RJ,2011,2
MALA,Malária,330330,Niteroi,RJ,2012,3
MALA,Malária,330330,Niteroi,RJ,2013,1
MALA,Malária,330330,Niteroi,RJ,2014,0
MALA,Malária,330330,Niteroi,RJ,2015,0
MALA,Malária,330330,Niteroi,RJ,2016,0
MALA,Malária,330330,Niteroi,RJ,2017,2
MALA,Malária,330330,Niteroi,RJ,2018,0
MALA,Malária,330330,Niteroi,RJ,2019,1
MALA,Malária,330330,Niteroi,RJ,2020,1
MALA,Malária,330330,Niteroi,RJ,2021,1
MALA,Malária,330330,Niteroi,RJ,2022,0
MALA,Malária,330330,Niteroi,RJ,2023,1
MALA,Malária,330330,Niteroi,RJ,2024,1
MALA,Malária,330340,Nova Friburgo,RJ,2007,1
MALA,Malária,330340,Nova Friburgo,RJ,2008,2
MALA,Malária,330340,Nova Friburgo,RJ,2009,0
MALA,Malária,330340,Nova Friburgo,RJ,2010,4
MALA,Malária,330340,Nova Friburgo,RJ,2011,0
MALA,Malária,330340,Nova Friburgo,RJ,2012,0
MALA,Malária,330340,Nova Friburgo,RJ,2013,2
MALA,Malária,330340,Nova Friburgo,RJ,2014,0
MALA,Malária,330340,Nova Friburgo,RJ,2015,6
MALA,Malária,330340,Nova Friburgo,RJ,2016,1
MALA,Malária,330340,Nova Friburgo,RJ,2017,0
MALA,Malária,330340,Nova Friburgo,RJ,2018,2
MALA,Malária,330340,Nova Friburgo,RJ,2019,0
MALA,Malária,330340,Nova Friburgo,RJ,2020,1
MALA,Malária,330340,Nova Friburgo,RJ,2021,0
MALA,Malária,330340,Nova Friburgo,RJ,2022,1
MALA,Malária,330340,Nova Friburgo,RJ,2023,0
MALA,Malária,330340,Nova Friburgo,RJ,2024,0
MALA,Malária,330350,Nova Iguacu,RJ,2007,0
MALA,Malária,330350,Nova Iguacu,RJ,2008,0
MALA,Malária,330350,Nova Iguacu,RJ,2009,0
MALA,Malária,330350,Nova Iguacu,RJ,2010,0
MALA,Malária,330350,Nova Iguacu,RJ,2011,0
MALA,Malária,330350,Nova Iguacu,RJ,2012,0
MALA,Malária,330350,Nova Iguacu,RJ,2013,0
MALA,Malária,330350,Nova Iguacu,RJ,2014,1
MALA,Malária,330350,Nova Iguacu,RJ,2015,0
MALA,Malária,330350,Nova Iguacu,RJ,2016,0
MALA,Malária,330350,Nova Iguacu,RJ,2017,0
MALA,Malária,330350,Nova Iguacu,RJ,2018,0
MALA,Malária,330350,Nova Iguacu,RJ,2019,0
MALA,Malária,330350,Nova Iguacu,RJ,2020,0
MALA,Malária,330350,Nova Iguacu,RJ,2021,0
MALA,Malária,330350,Nova Iguacu,RJ,2022,0
MALA,Malária,330350,Nova Iguacu,RJ,2023,0
MALA,Malária,330350,Nova Iguacu,RJ,2024,0
MALA,Malária,330360,Paracambi,RJ,2007,1
MALA,Malária,330360,Paracambi,RJ,2008,0
MALA,Malária,330360,Paracambi,RJ,2009,0
MALA,Malária,330360,Paracambi,RJ,2010,0
MALA,Malária,330360,Paracambi,RJ,2011,0
MALA,Malária,330360,Paracambi,RJ,2012,0
MALA,Malária,330360,Paracambi,RJ,2013,0
MALA,Malária,330360,Paracambi,RJ,2014,0
MALA,Malária,330360,Paracambi,RJ,2015,0
MALA,Malária,330360,Paracambi,RJ,2016,0
MALA,Malária,330360,Paracambi,RJ,2017,0
MALA,Malária,330360,Paracambi,RJ,2018,0
MALA,Malária,330360,Paracambi,RJ,2019,0
MALA,Malária,330360,Paracambi,RJ,2020,0
MALA,Malária,330360,Paracambi,RJ,2021,0
MALA,Malária,330360,Paracambi,RJ,2022,0
MALA,Malária,330360,Paracambi,RJ,2023,0
MALA,Malária,330360,Paracambi,RJ,2024,0
MALA,Malária,330390,Petropolis,RJ,2007,0
MALA,Malária,330390,Petropolis,RJ,2008,0
MALA,Malária,330390,Petropolis,RJ,2009,0
MALA,Malária,330390,Petropolis,RJ,2010,0
MALA,Malária,330390,Petropolis,RJ,2011,2
MALA,Malária,330390,Petropolis,RJ,2012,0
MALA,Malária,330390,Petropolis,RJ,2013,2
MALA,Malária,330390,Petropolis,RJ,2014,0
MALA,Malária,330390,Petropolis,RJ,2015,0
MALA,Malária,330390,Petropolis,RJ,2016,0
MALA,Malária,330390,Petropolis,RJ,2017,7
MALA,Malária,330390,Petropolis,RJ,2018,1
MALA,Malária,330390,Petropolis,RJ,2019,0
MALA,Malária,330390,Petropolis,RJ,2020,0
MALA,Malária,330390,Petropolis,RJ,2021,0
MALA,Malária,330390,Petropolis,RJ,2022,0
MALA,Malária,330390,Petropolis,RJ,2023,1
MALA,Malária,330390,Petropolis,RJ,2024,0
MALA,Malária,330410,Porciuncula,RJ,2007,1
MALA,Malária,330410,Porciuncula,RJ,2008,0
MALA,Malária,330410,Porciuncula,RJ,2009,0
MALA,Malária,330410,Porciuncula,RJ,2010,0
MALA,Malária,330410,Porciuncula,RJ,2011,0
MALA,Malária,330410,Porciuncula,RJ,2012,0
MALA,Malária,330410,Porciuncula,RJ,2013,0
MALA,Malária,330410,Porciuncula,RJ,2014,0
MALA,Malária,330410,Porciuncula,RJ,2015,0
MALA,Malária,330410,Porciuncula,RJ,2016,0
MALA,Malária,330410,Porciuncula,RJ,2017,0
MALA,Malária,330410,Porciuncula,RJ,2018,0
MALA,Malária,330410,Porciuncula,RJ,2019,0
MALA,Malária,330410,Porciuncula,RJ,2020,0
MALA,Malária,330410,Porciuncula,RJ,2021,0
MALA,Malária,330410,Porciuncula,RJ,2022,0
MALA,Malária,330410,Porciuncula,RJ,2023,0
MALA,Malária,330410,Porciuncula,RJ,2024,0
MALA,Malária,330420,Resende,RJ,2007,0
MALA,Malária,330420,Resende,RJ,2008,0
MALA,Malária,330420,Resende,RJ,2009,0
MALA,Malária,330420,Resende,RJ,2010,1
MALA,Malária,330420,Resende,RJ,2011,1
MALA,Malária,330420,Resende,RJ,2012,0
MALA,Malária,330420,Resende,RJ,2013,1
MALA,Malária,330420,Resende,RJ,2014,0
MALA,Malária,330420,Resende,RJ,2015,0
MALA,Malária,330420,Resende,RJ,2016,0
MALA,Malária,330420,Resende,RJ,2017,0
MALA,Malária,330420,Resende,RJ,2018,3
MALA,Malária,330420,Resende,RJ,2019,0
MALA,Malária,330420,Resende,RJ,2020,1
MALA,Malária,330420,Resende,RJ,2021,0
MALA,Malária,330420,Resende,RJ,2022,0
MALA,Malária,330420,Resende,RJ,2023,1
MALA,Malária,330420,Resende,RJ,2024,1
MALA,Malária,330430,Rio Bonito,RJ,2007,0
MALA,Malária,330430,Rio Bonito,RJ,2008,1
MALA,Malária,330430,Rio Bonito,RJ,2009,0
MALA,Malária,330430,Rio Bonito,RJ,2010,0
MALA,Malária,330430,Rio Bonito,RJ,2011,0
MALA,Malária,330430,Rio Bonito,RJ,2012,0
MALA,Malária,330430,Rio Bonito,RJ,2013,0
MALA,Malária,330430,Rio Bonito,RJ,2014,0
MALA,Malária,330430,Rio Bonito,RJ,2015,0
MALA,Malária,330430,Rio Bonito,RJ,2016,0
MALA,Malária,330430,Rio Bonito,RJ,2017,0
MALA,Malária,330430,Rio Bonito,RJ,2018,0
MALA,Malária,330430,Rio Bonito,RJ,2019,0
MALA,Malária,330430,Rio Bonito,RJ,2020,0
MALA,Malária,330430,Rio Bonito,RJ,2021,0
MALA,Malária,330430,Rio Bonito,RJ,2022,0
MALA,Malária,330430,Rio Bonito,RJ,2023,0
MALA,Malária,330430,Rio Bonito,RJ,2024,0
MALA,Malária,330450,Rio Das Flores,RJ,2007,0
MALA,Malária,330450,Rio Das Flores,RJ,2008,0
MALA,Malária,330450,Rio Das Flores,RJ,2009,0
MALA,Malária,330450,Rio Das Flores,RJ,2010,0
MALA,Malária,330450,Rio Das Flores,RJ,2011,0
MALA,Malária,330450,Rio Das Flores,RJ,2012,0
MALA,Malária,330450,Rio Das Flores,RJ,2013,0
MALA,Malária,330450,Rio Das Flores,RJ,2014,0
MALA,Malária,330450,Rio Das Flores,RJ,2015,0
MALA,Malária,330450,Rio Das Flores,RJ,2016,0
MALA,Malária,330450,Rio Das Flores,RJ,2017,0
MALA,Malária,330450,Rio Das Flores,RJ,2018,1
MALA,Malária,330450,Rio Das Flores,RJ,2019,0
MALA,Malária,330450,Rio Das Flores,RJ,2020,0
MALA,Malária,330450,Rio Das Flores,RJ,2021,0
MALA,Malária,330450,Rio Das Flores,RJ,2022,0
MALA,Malária,330450,Rio Das Flores,RJ,2023,0
MALA,Malária,330450,Rio Das Flores,RJ,2024,0
MALA,Malária,330452,Rio Das Ostras,RJ,2007,0
MALA,Malária,330452,Rio Das Ostras,RJ,2008,0
MALA,Malária,330452,Rio Das Ostras,RJ,2009,2
MALA,Malária,330452,Rio Das Ostras,RJ,2010,2
MALA,Malária,330452,Rio Das Ostras,RJ,2011,1
MALA,Malária,330452,Rio Das Ostras,RJ,2012,0
MALA,Malária,330452,Rio Das Ostras,RJ,2013,0
MALA,Malária,330452,Rio Das Ostras,RJ,2014,0
MALA,Malária,330452,Rio Das Ostras,RJ,2015,0
MALA,Malária,330452,Rio Das Ostras,RJ,2016,0
MALA,Malária,330452,Rio Das Ostras,RJ,2017,0
MALA,Malária,330452,Rio Das Ostras,RJ,2018,0
MALA,Malária,330452,Rio Das Ostras,RJ,2019,0
MALA,Malária,330452,Rio Das Ostras,RJ,2020,0
MALA,Malária,330452,Rio Das Ostras,RJ,2021,0
MALA,Malária,330452,Rio Das Ostras,RJ,2022,0
MALA,Malária,330452,Rio Das Ostras,RJ,2023,0
MALA,Malária,330452,Rio Das Ostras,RJ,2024,0
MALA,Malária,330455,Rio de Janeiro,RJ,2007,84
MALA,Malária,330455,Rio de Janeiro,RJ,2008,70
MALA,Malária,330455,Rio de Janeiro,RJ,2009,75
MALA,Malária,330455,Rio de Janeiro,RJ,2010,89
MALA,Malária,330455,Rio de Janeiro,RJ,2011,101
MALA,Malária,330455,Rio de Janeiro,RJ,2012,125
MALA,Malária,330455,Rio de Janeiro,RJ,2013,95
MALA,Malária,330455,Rio de Janeiro,RJ,2014,45
MALA,Malária,330455,Rio de Janeiro,RJ,2015,60
MALA,Malária,330455,Rio de Janeiro,RJ,2016,45
MALA,Malária,330455,Rio de Janeiro,RJ,2017,47
MALA,Malária,330455,Rio de Janeiro,RJ,2018,45
MALA,Malária,330455,Rio de Janeiro,RJ,2019,43
MALA,Malária,330455,Rio de Janeiro,RJ,2020,22
MALA,Malária,330455,Rio de Janeiro,RJ,2021,25
MALA,Malária,330455,Rio de Janeiro,RJ,2022,38
MALA,Malária,330455,Rio de Janeiro,RJ,2023,39
MALA,Malária,330455,Rio de Janeiro,RJ,2024,30
MALA,Malária,330460,Santa Maria Madalena,RJ,2007,0
MALA,Malária,330460,Santa Maria Madalena,RJ,2008,0
MALA,Malária,330460,Santa Maria Madalena,RJ,2009,0
MALA,Malária,330460,Santa Maria Madalena,RJ,2010,0
MALA,Malária,330460,Santa Maria Madalena,RJ,2011,0
MALA,Malária,330460,Santa Maria Madalena,RJ,2012,1
MALA,Malária,330460,Santa Maria Madalena,RJ,2013,0
MALA,Malária,330460,Santa Maria Madalena,RJ,2014,1
MALA,Malária,330460,Santa Maria Madalena,RJ,2015,0
MALA,Malária,330460,Santa Maria Madalena,RJ,2016,0
MALA,Malária,330460,Santa Maria Madalena,RJ,2017,0
MALA,Malária,330460,Santa Maria Madalena,RJ,2018,0
MALA,Malária,330460,Santa Maria Madalena,RJ,2019,0
MALA,Malária,330460,Santa Maria Madalena,RJ,2020,0
MALA,Malária,330460,Santa Maria Madalena,RJ,2021,0
MALA,Malária,330460,Santa Maria Madalena,RJ,2022,0
MALA,Malária,330460,Santa Maria Madalena,RJ,2023,0
MALA,Malária,330460,Santa Maria Madalena,RJ,2024,0
MALA,Malária,330490,Sao Goncalo,RJ,2007,0
MALA,Malária,330490,Sao Goncalo,RJ,2008,0
MALA,Malária,330490,Sao Goncalo,RJ,2009,0
MALA,Malária,330490,Sao Goncalo,RJ,2010,2
MALA,Malária,330490,Sao Goncalo,RJ,2011,0
MALA,Malária,330490,Sao Goncalo,RJ,2012,0
MALA,Malária,330490,Sao Goncalo,RJ,2013,0
MALA,Malária,330490,Sao Goncalo,RJ,2014,1
MALA,Malária,330490,Sao Goncalo,RJ,2015,0
MALA,Malária,330490,Sao Goncalo,RJ,2016,0
MALA,Malária,330490,Sao Goncalo,RJ,2017,0
MALA,Malária,330490,Sao Goncalo,RJ,2018,0
MALA,Malária,330490,Sao Goncalo,RJ,2019,0
MALA,Malária,330490,Sao Goncalo,RJ,2020,0
MALA,Malária,330490,Sao Goncalo,RJ,2021,0
MALA,Malária,330490,Sao Goncalo,RJ,2022,0
MALA,Malária,330490,Sao Goncalo,RJ,2023,0
MALA,Malária,330490,Sao Goncalo,RJ,2024,0
MALA,Malária,330550,Saquarema,RJ,2007,0
MALA,Malária,330550,Saquarema,RJ,2008,0
MALA,Malária,330550,Saquarema,RJ,2009,0
MALA,Malária,330550,Saquarema,RJ,2010,0
MALA,Malária,330550,Saquarema,RJ,2011,0
MALA,Malária,330550,Saquarema,RJ,2012,0
MALA,Malária,330550,Saquarema,RJ,2013,0
MALA,Malária,330550,Saquarema,RJ,2014,0
MALA,Malária,330550,Saquarema,RJ,2015,0
MALA,Malária,330550,Saquarema,RJ,2016,0
MALA,Malária,330550,Saquarema,RJ,2017,0
MALA,Malária,330550,Saquarema,RJ,2018,1
MALA,Malária,330550,Saquarema,RJ,2019,0
MALA,Malária,330550,Saquarema,RJ,2020,1
MALA,Malária,330550,Saquarema,RJ,2021,0
MALA,Malária,330550,Saquarema,RJ,2022,0
MALA,Malária,330550,Saquarema,RJ,2023,0
MALA,Malária,330550,Saquarema,RJ,2024,0
MALA,Malária,330600,Tres Rios,RJ,2007,0
MALA,Malária,330600,Tres Rios,RJ,2008,0
MALA,Malária,330600,Tres Rios,RJ,2009,0
MALA,Malária,330600,Tres Rios,RJ,2010,0
MALA,Malária,330600,Tres Rios,RJ,2011,0
MALA,Malária,330600,Tres Rios,RJ,2012,0
MALA,Malária,330600,Tres Rios,RJ,2013,1
MALA,Malária,330600,Tres Rios,RJ,2014,0
MALA,Malária,330600,Tres Rios,RJ,2015,0
MALA,Malária,330600,Tres Rios,RJ,2016,0
MALA,Malária,330600,Tres Rios,RJ,2017,0
MALA,Malária,330600,Tres Rios,RJ,2018,0
MALA,Malária,330600,Tres Rios,RJ,2019,1
MALA,Malária,330600,Tres Rios,RJ,2020,0
MALA,Malária,330600,Tres Rios,RJ,2021,0
MALA,Malária,330600,Tres Rios,RJ,2022,0
MALA,Malária,330600,Tres Rios,RJ,2023,0
MALA,Malária,330600,Tres Rios,RJ,2024,0
MALA,Malária,330610,Valenca,RJ,2007,0
MALA,Malária,330610,Valenca,RJ,2008,1
MALA,Malária,330610,Valenca,RJ,2009,0
MALA,Malária,330610,Valenca,RJ,2010,0
MALA,Malária,330610,Valenca,RJ,2011,0
MALA,Malária,330610,Valenca,RJ,2012,0
MALA,Malária,330610,Valenca,RJ,2013,0
MALA,Malária,330610,Valenca,RJ,2014,0
MALA,Malária,330610,Valenca,RJ,2015,0
MALA,Malária,330610,Valenca,RJ,2016,0
MALA,Malária,330610,Valenca,RJ,2017,0
MALA,Malária,330610,Valenca,RJ,2018,1
MALA,Malária,330610,Valenca,RJ,2019,0
MALA,Malária,330610,Valenca,RJ,2020,0
MALA,Malária,330610,Valenca,RJ,2021,0
MALA,Malária,330610,Valenca,RJ,2022,0
MALA,Malária,330610,Valenca,RJ,2023,0
MALA,Malária,330610,Valenca,RJ,2024,0
MALA,Malária,330620,Vassouras,RJ,2007,0
MALA,Malária,330620,Vassouras,RJ,2008,0
MALA,Malária,330620,Vassouras,RJ,2009,0
MALA,Malária,330620,Vassouras,RJ,2010,0
MALA,Malária,330620,Vassouras,RJ,2011,0
MALA,Malária,330620,Vassouras,RJ,2012,1
MALA,Malária,330620,Vassouras,RJ,2013,0
MALA,Malária,330620,Vassouras,RJ,2014,0
MALA,Malária,330620,Vassouras,RJ,2015,0
MALA,Malária,330620,Vassouras,RJ,2016,0
MALA,Malária,330620,Vassouras,RJ,2017,0
MALA,Malária,330620,Vassouras,RJ,2018,0
MALA,Malária,330620,Vassouras,RJ,2019,0
MALA,Malária,330620,Vassouras,RJ,2020,0
MALA,Malária,330620,Vassouras,RJ,2021,0
MALA,Malária,330620,Vassouras,RJ,2022,0
MALA,Malária,330620,Vassouras,RJ,2023,0
MALA,Malária,330620,Vassouras,RJ,2024,0
MALA,Malária,330630,Volta Redonda,RJ,2007,0
MALA,Malária,330630,Volta Redonda,RJ,2008,0
MALA,Malária,330630,Volta Redonda,RJ,2009,0
MALA,Malária,330630,Volta Redonda,RJ,2010,0
MALA,Malária,330630,Volta Redonda,RJ,2011,2
MALA,Malária,330630,Volta Redonda,RJ,2012,0
MALA,Malária,330630,Volta Redonda,RJ,2013,0
MALA,Malária,330630,Volta Redonda,RJ,2014,1
MALA,Malária,330630,Volta Redonda,RJ,2015,0
MALA,Malária,330630,Volta Redonda,RJ,2016,1
MALA,Malária,330630,Volta Redonda,RJ,2017,0
MALA,Malária,330630,Volta Redonda,RJ,2018,1
MALA,Malária,330630,Volta Redonda,RJ,2019,1
MALA,Malária,330630,Volta Redonda,RJ,2020,0
MALA,Malária,330630,Volta Redonda,RJ,2021,0
MALA,Malária,330630,Volta Redonda,RJ,2022,0
MALA,Malária,330630,Volta Redonda,RJ,2023,1
MALA,Malária,330630,Volta Redonda,RJ,2024,0
MALA,Malária,240010,Acari,RN,2007,0
MALA,Malária,240010,Acari,RN,2008,0
MALA,Malária,240010,Acari,RN,2009,0
MALA,Malária,240010,Acari,RN,2010,0
MALA,Malária,240010,Acari,RN,2011,0
MALA,Malária,240010,Acari,RN,2012,0
MALA,Malária,240010,Acari,RN,2013,0
MALA,Malária,240010,Acari,RN,2014,0
MALA,Malária,240010,Acari,RN,2015,0
MALA,Malária,240010,Acari,RN,2016,0
MALA,Malária,240010,Acari,RN,2017,1
MALA,Malária,240010,Acari,RN,2018,0
MALA,Malária,240010,Acari,RN,2019,0
MALA,Malária,240010,Acari,RN,2020,0
MALA,Malária,240010,Acari,RN,2021,0
MALA,Malária,240010,Acari,RN,2022,0
MALA,Malária,240010,Acari,RN,2023,0
MALA,Malária,240010,Acari,RN,2024,0
MALA,Malária,240020,Assu,RN,2007,0
MALA,Malária,240020,Assu,RN,2008,1
MALA,Malária,240020,Assu,RN,2009,0
MALA,Malária,240020,Assu,RN,2010,0
MALA,Malária,240020,Assu,RN,2011,0
MALA,Malária,240020,Assu,RN,2012,0
MALA,Malária,240020,Assu,RN,2013,0
MALA,Malária,240020,Assu,RN,2014,0
MALA,Malária,240020,Assu,RN,2015,0
MALA,Malária,240020,Assu,RN,2016,0
MALA,Malária,240020,Assu,RN,2017,0
MALA,Malária,240020,Assu,RN,2018,0
MALA,Malária,240020,Assu,RN,2019,1
MALA,Malária,240020,Assu,RN,2020,0
MALA,Malária,240020,Assu,RN,2021,0
MALA,Malária,240020,Assu,RN,2022,0
MALA,Malária,240020,Assu,RN,2023,0
MALA,Malária,240020,Assu,RN,2024,0
MALA,Malária,240080,Angicos,RN,2007,0
MALA,Malária,240080,Angicos,RN,2008,0
MALA,Malária,240080,Angicos,RN,2009,0
MALA,Malária,240080,Angicos,RN,2010,0
MALA,Malária,240080,Angicos,RN,2011,1
MALA,Malária,240080,Angicos,RN,2012,0
MALA,Malária,240080,Angicos,RN,2013,0
MALA,Malária,240080,Angicos,RN,2014,0
MALA,Malária,240080,Angicos,RN,2015,0
MALA,Malária,240080,Angicos,RN,2016,0
MALA,Malária,240080,Angicos,RN,2017,0
MALA,Malária,240080,Angicos,RN,2018,0
MALA,Malária,240080,Angicos,RN,2019,0
MALA,Malária,240080,Angicos,RN,2020,0
MALA,Malária,240080,Angicos,RN,2021,0
MALA,Malária,240080,Angicos,RN,2022,0
MALA,Malária,240080,Angicos,RN,2023,0
MALA,Malária,240080,Angicos,RN,2024,0
MALA,Malária,240200,Caico,RN,2007,0
MALA,Malária,240200,Caico,RN,2008,0
MALA,Malária,240200,Caico,RN,2009,1
MALA,Malária,240200,Caico,RN,2010,0
MALA,Malária,240200,Caico,RN,2011,0
MALA,Malária,240200,Caico,RN,2012,4
MALA,Malária,240200,Caico,RN,2013,1
MALA,Malária,240200,Caico,RN,2014,0
MALA,Malária,240200,Caico,RN,2015,0
MALA,Malária,240200,Caico,RN,2016,0
MALA,Malária,240200,Caico,RN,2017,0
MALA,Malária,240200,Caico,RN,2018,0
MALA,Malária,240200,Caico,RN,2019,0
MALA,Malária,240200,Caico,RN,2020,0
MALA,Malária,240200,Caico,RN,2021,0
MALA,Malária,240200,Caico,RN,2022,0
MALA,Malária,240200,Caico,RN,2023,0
MALA,Malária,240200,Caico,RN,2024,0
MALA,Malária,240325,Parnamirim,RN,2007,1
MALA,Malária,240325,Parnamirim,RN,2008,0
MALA,Malária,240325,Parnamirim,RN,2009,0
MALA,Malária,240325,Parnamirim,RN,2010,0
MALA,Malária,240325,Parnamirim,RN,2011,0
MALA,Malária,240325,Parnamirim,RN,2012,0
MALA,Malária,240325,Parnamirim,RN,2013,1
MALA,Malária,240325,Parnamirim,RN,2014,0
MALA,Malária,240325,Parnamirim,RN,2015,0
MALA,Malária,240325,Parnamirim,RN,2016,0
MALA,Malária,240325,Parnamirim,RN,2017,0
MALA,Malária,240325,Parnamirim,RN,2018,0
MALA,Malária,240325,Parnamirim,RN,2019,0
MALA,Malária,240325,Parnamirim,RN,2020,0
MALA,Malária,240325,Parnamirim,RN,2021,0
MALA,Malária,240325,Parnamirim,RN,2022,0
MALA,Malária,240325,Parnamirim,RN,2023,0
MALA,Malária,240325,Parnamirim,RN,2024,0
MALA,Malária,240560,Jardim de Piranhas,RN,2007,0
MALA,Malária,240560,Jardim de Piranhas,RN,2008,0
MALA,Malária,240560,Jardim de Piranhas,RN,2009,0
MALA,Malária,240560,Jardim de Piranhas,RN,2010,0
MALA,Malária,240560,Jardim de Piranhas,RN,2011,0
MALA,Malária,240560,Jardim de Piranhas,RN,2012,1
MALA,Malária,240560,Jardim de Piranhas,RN,2013,0
MALA,Malária,240560,Jardim de Piranhas,RN,2014,0
MALA,Malária,240560,Jardim de Piranhas,RN,2015,0
MALA,Malária,240560,Jardim de Piranhas,RN,2016,0
MALA,Malária,240560,Jardim de Piranhas,RN,2017,0
MALA,Malária,240560,Jardim de Piranhas,RN,2018,0
MALA,Malária,240560,Jardim de Piranhas,RN,2019,0
MALA,Malária,240560,Jardim de Piranhas,RN,2020,0
MALA,Malária,240560,Jardim de Piranhas,RN,2021,0
MALA,Malária,240560,Jardim de Piranhas,RN,2022,0
MALA,Malária,240560,Jardim de Piranhas,RN,2023,0
MALA,Malária,240560,Jardim de Piranhas,RN,2024,0
MALA,Malária,240580,Joao Camara,RN,2007,0
MALA,Malária,240580,Joao Camara,RN,2008,1
MALA,Malária,240580,Joao Camara,RN,2009,0
MALA,Malária,240580,Joao Camara,RN,2010,0
MALA,Malária,240580,Joao Camara,RN,2011,0
MALA,Malária,240580,Joao Camara,RN,2012,0
MALA,Malária,240580,Joao Camara,RN,2013,0
MALA,Malária,240580,Joao Camara,RN,2014,0
MALA,Malária,240580,Joao Camara,RN,2015,0
MALA,Malária,240580,Joao Camara,RN,2016,0
MALA,Malária,240580,Joao Camara,RN,2017,0
MALA,Malária,240580,Joao Camara,RN,2018,0
MALA,Malária,240580,Joao Camara,RN,2019,0
MALA,Malária,240580,Joao Camara,RN,2020,0
MALA,Malária,240580,Joao Camara,RN,2021,0
MALA,Malária,240580,Joao Camara,RN,2022,0
MALA,Malária,240580,Joao Camara,RN,2023,0
MALA,Malária,240580,Joao Camara,RN,2024,0
MALA,Malária,240710,Macaiba,RN,2007,0
MALA,Malária,240710,Macaiba,RN,2008,0
MALA,Malária,240710,Macaiba,RN,2009,0
MALA,Malária,240710,Macaiba,RN,2010,0
MALA,Malária,240710,Macaiba,RN,2011,0
MALA,Malária,240710,Macaiba,RN,2012,1
MALA,Malária,240710,Macaiba,RN,2013,0
MALA,Malária,240710,Macaiba,RN,2014,0
MALA,Malária,240710,Macaiba,RN,2015,0
MALA,Malária,240710,Macaiba,RN,2016,0
MALA,Malária,240710,Macaiba,RN,2017,0
MALA,Malária,240710,Macaiba,RN,2018,0
MALA,Malária,240710,Macaiba,RN,2019,0
MALA,Malária,240710,Macaiba,RN,2020,0
MALA,Malária,240710,Macaiba,RN,2021,0
MALA,Malária,240710,Macaiba,RN,2022,0
MALA,Malária,240710,Macaiba,RN,2023,0
MALA,Malária,240710,Macaiba,RN,2024,0
MALA,Malária,240800,Mossoro,RN,2007,0
MALA,Malária,240800,Mossoro,RN,2008,1
MALA,Malária,240800,Mossoro,RN,2009,2
MALA,Malária,240800,Mossoro,RN,2010,1
MALA,Malária,240800,Mossoro,RN,2011,0
MALA,Malária,240800,Mossoro,RN,2012,0
MALA,Malária,240800,Mossoro,RN,2013,0
MALA,Malária,240800,Mossoro,RN,2014,0
MALA,Malária,240800,Mossoro,RN,2015,2
MALA,Malária,240800,Mossoro,RN,2016,0
MALA,Malária,240800,Mossoro,RN,2017,0
MALA,Malária,240800,Mossoro,RN,2018,1
MALA,Malária,240800,Mossoro,RN,2019,0
MALA,Malária,240800,Mossoro,RN,2020,0
MALA,Malária,240800,Mossoro,RN,2021,0
MALA,Malária,240800,Mossoro,RN,2022,2
MALA,Malária,240800,Mossoro,RN,2023,0
MALA,Malária,240800,Mossoro,RN,2024,0
MALA,Malária,240810,Natal,RN,2007,3
MALA,Malária,240810,Natal,RN,2008,4
MALA,Malária,240810,Natal,RN,2009,11
MALA,Malária,240810,Natal,RN,2010,17
MALA,Malária,240810,Natal,RN,2011,16
MALA,Malária,240810,Natal,RN,2012,16
MALA,Malária,240810,Natal,RN,2013,8
MALA,Malária,240810,Natal,RN,2014,9
MALA,Malária,240810,Natal,RN,2015,5
MALA,Malária,240810,Natal,RN,2016,4
MALA,Malária,240810,Natal,RN,2017,10
MALA,Malária,240810,Natal,RN,2018,6
MALA,Malária,240810,Natal,RN,2019,7
MALA,Malária,240810,Natal,RN,2020,1
MALA,Malária,240810,Natal,RN,2021,1
MALA,Malária,240810,Natal,RN,2022,6
MALA,Malária,240810,Natal,RN,2023,2
MALA,Malária,240810,Natal,RN,2024,1
MALA,Malária,240850,Ouro Branco,RN,2007,0
MALA,Malária,240850,Ouro Branco,RN,2008,0
MALA,Malária,240850,Ouro Branco,RN,2009,0
MALA,Malária,240850,Ouro Branco,RN,2010,0
MALA,Malária,240850,Ouro Branco,RN,2011,1
MALA,Malária,240850,Ouro Branco,RN,2012,0
MALA,Malária,240850,Ouro Branco,RN,2013,0
MALA,Malária,240850,Ouro Branco,RN,2014,0
MALA,Malária,240850,Ouro Branco,RN,2015,0
MALA,Malária,240850,Ouro Branco,RN,2016,0
MALA,Malária,240850,Ouro Branco,RN,2017,0
MALA,Malária,240850,Ouro Branco,RN,2018,0
MALA,Malária,240850,Ouro Branco,RN,2019,0
MALA,Malária,240850,Ouro Branco,RN,2020,0
MALA,Malária,240850,Ouro Branco,RN,2021,0
MALA,Malária,240850,Ouro Branco,RN,2022,0
MALA,Malária,240850,Ouro Branco,RN,2023,0
MALA,Malária,240850,Ouro Branco,RN,2024,0
MALA,Malária,241120,Santa Cruz,RN,2007,0
MALA,Malária,241120,Santa Cruz,RN,2008,0
MALA,Malária,241120,Santa Cruz,RN,2009,0
MALA,Malária,241120,Santa Cruz,RN,2010,0
MALA,Malária,241120,Santa Cruz,RN,2011,1
MALA,Malária,241120,Santa Cruz,RN,2012,0
MALA,Malária,241120,Santa Cruz,RN,2013,0
MALA,Malária,241120,Santa Cruz,RN,2014,0
MALA,Malária,241120,Santa Cruz,RN,2015,0
MALA,Malária,241120,Santa Cruz,RN,2016,0
MALA,Malária,241120,Santa Cruz,RN,2017,0
MALA,Malária,241120,Santa Cruz,RN,2018,0
MALA,Malária,241120,Santa Cruz,RN,2019,0
MALA,Malária,241120,Santa Cruz,RN,2020,0
MALA,Malária,241120,Santa Cruz,RN,2021,0
MALA,Malária,241120,Santa Cruz,RN,2022,0
MALA,Malária,241120,Santa Cruz,RN,2023,0
MALA,Malária,241120,Santa Cruz,RN,2024,0
MALA,Malária,241200,Sao Goncalo do Amarante,RN,2007,0
MALA,Malária,241200,Sao Goncalo do Amarante,RN,2008,0
MALA,Malária,241200,Sao Goncalo do Amarante,RN,2009,0
MALA,Malária,241200,Sao Goncalo do Amarante,RN,2010,0
MALA,Malária,241200,Sao Goncalo do Amarante,RN,2011,0
MALA,Malária,241200,Sao Goncalo do Amarante,RN,2012,0
MALA,Malária,241200,Sao Goncalo do Amarante,RN,2013,0
MALA,Malária,241200,Sao Goncalo do Amarante,RN,2014,0
MALA,Malária,241200,Sao Goncalo do Amarante,RN,2015,0
MALA,Malária,241200,Sao Goncalo do Amarante,RN,2016,0
MALA,Malária,241200,Sao Goncalo do Amarante,RN,2017,0
MALA,Malária,241200,Sao Goncalo do Amarante,RN,2018,0
MALA,Malária,241200,Sao Goncalo do Amarante,RN,2019,1
MALA,Malária,241200,Sao Goncalo do Amarante,RN,2020,0
MALA,Malária,241200,Sao Goncalo do Amarante,RN,2021,0
MALA,Malária,241200,Sao Goncalo do Amarante,RN,2022,0
MALA,Malária,241200,Sao Goncalo do Amarante,RN,2023,0
MALA,Malária,241200,Sao Goncalo do Amarante,RN,2024,0
MALA,Malária,241240,Sao Jose do Serido,RN,2007,0
MALA,Malária,241240,Sao Jose do Serido,RN,2008,0
MALA,Malária,241240,Sao Jose do Serido,RN,2009,0
MALA,Malária,241240,Sao Jose do Serido,RN,2010,0
MALA,Malária,241240,Sao Jose do Serido,RN,2011,0
MALA,Malária,241240,Sao Jose do Serido,RN,2012,0
MALA,Malária,241240,Sao Jose do Serido,RN,2013,0
MALA,Malária,241240,Sao Jose do Serido,RN,2014,0
MALA,Malária,241240,Sao Jose do Serido,RN,2015,1
MALA,Malária,241240,Sao Jose do Serido,RN,2016,0
MALA,Malária,241240,Sao Jose do Serido,RN,2017,0
MALA,Malária,241240,Sao Jose do Serido,RN,2018,0
MALA,Malária,241240,Sao Jose do Serido,RN,2019,0
MALA,Malária,241240,Sao Jose do Serido,RN,2020,0
MALA,Malária,241240,Sao Jose do Serido,RN,2021,0
MALA,Malária,241240,Sao Jose do Serido,RN,2022,0
MALA,Malária,241240,Sao Jose do Serido,RN,2023,0
MALA,Malária,241240,Sao Jose do Serido,RN,2024,0
MALA,Malária,430030,Alecrim,RS,2007,0
MALA,Malária,430030,Alecrim,RS,2008,0
MALA,Malária,430030,Alecrim,RS,2009,0
MALA,Malária,430030,Alecrim,RS,2010,0
MALA,Malária,430030,Alecrim,RS,2011,0
MALA,Malária,430030,Alecrim,RS,2012,0
MALA,Malária,430030,Alecrim,RS,2013,0
MALA,Malária,430030,Alecrim,RS,2014,0
MALA,Malária,430030,Alecrim,RS,2015,1
MALA,Malária,430030,Alecrim,RS,2016,0
MALA,Malária,430030,Alecrim,RS,2017,0
MALA,Malária,430030,Alecrim,RS,2018,0
MALA,Malária,430030,Alecrim,RS,2019,0
MALA,Malária,430030,Alecrim,RS,2020,0
MALA,Malária,430030,Alecrim,RS,2021,0
MALA,Malária,430030,Alecrim,RS,2022,0
MALA,Malária,430030,Alecrim,RS,2023,0
MALA,Malária,430030,Alecrim,RS,2024,0
MALA,Malária,430040,Alegrete,RS,2007,0
MALA,Malária,430040,Alegrete,RS,2008,0
MALA,Malária,430040,Alegrete,RS,2009,0
MALA,Malária,430040,Alegrete,RS,2010,0
MALA,Malária,430040,Alegrete,RS,2011,0
MALA,Malária,430040,Alegrete,RS,2012,0
MALA,Malária,430040,Alegrete,RS,2013,0
MALA,Malária,430040,Alegrete,RS,2014,0
MALA,Malária,430040,Alegrete,RS,2015,0
MALA,Malária,430040,Alegrete,RS,2016,0
MALA,Malária,430040,Alegrete,RS,2017,0
MALA,Malária,430040,Alegrete,RS,2018,0
MALA,Malária,430040,Alegrete,RS,2019,0
MALA,Malária,430040,Alegrete,RS,2020,0
MALA,Malária,430040,Alegrete,RS,2021,0
MALA,Malária,430040,Alegrete,RS,2022,0
MALA,Malária,430040,Alegrete,RS,2023,0
MALA,Malária,430040,Alegrete,RS,2024,1
MALA,Malária,430064,Ametista do Sul,RS,2007,0
MALA,Malária,430064,Ametista do Sul,RS,2008,0
MALA,Malária,430064,Ametista do Sul,RS,2009,0
MALA,Malária,430064,Ametista do Sul,RS,2010,0
MALA,Malária,430064,Ametista do Sul,RS,2011,0
MALA,Malária,430064,Ametista do Sul,RS,2012,0
MALA,Malária,430064,Ametista do Sul,RS,2013,0
MALA,Malária,430064,Ametista do Sul,RS,2014,0
MALA,Malária,430064,Ametista do Sul,RS,2015,0
MALA,Malária,430064,Ametista do Sul,RS,2016,0
MALA,Malária,430064,Ametista do Sul,RS,2017,0
MALA,Malária,430064,Ametista do Sul,RS,2018,0
MALA,Malária,430064,Ametista do Sul,RS,2019,0
MALA,Malária,430064,Ametista do Sul,RS,2020,0
MALA,Malária,430064,Ametista do Sul,RS,2021,0
MALA,Malária,430064,Ametista do Sul,RS,2022,0
MALA,Malária,430064,Ametista do Sul,RS,2023,0
MALA,Malária,430064,Ametista do Sul,RS,2024,1
MALA,Malária,430140,Arvorezinha,RS,2007,0
MALA,Malária,430140,Arvorezinha,RS,2008,0
MALA,Malária,430140,Arvorezinha,RS,2009,0
MALA,Malária,430140,Arvorezinha,RS,2010,0
MALA,Malária,430140,Arvorezinha,RS,2011,0
MALA,Malária,430140,Arvorezinha,RS,2012,0
MALA,Malária,430140,Arvorezinha,RS,2013,0
MALA,Malária,430140,Arvorezinha,RS,2014,0
MALA,Malária,430140,Arvorezinha,RS,2015,0
MALA,Malária,430140,Arvorezinha,RS,2016,0
MALA,Malária,430140,Arvorezinha,RS,2017,0
MALA,Malária,430140,Arvorezinha,RS,2018,0
MALA,Malária,430140,Arvorezinha,RS,2019,0
MALA,Malária,430140,Arvorezinha,RS,2020,0
MALA,Malária,430140,Arvorezinha,RS,2021,1
MALA,Malária,430140,Arvorezinha,RS,2022,0
MALA,Malária,430140,Arvorezinha,RS,2023,0
MALA,Malária,430140,Arvorezinha,RS,2024,0
MALA,Malária,430160,Bage,RS,2007,0
MALA,Malária,430160,Bage,RS,2008,0
MALA,Malária,430160,Bage,RS,2009,0
MALA,Malária,430160,Bage,RS,2010,1
MALA,Malária,430160,Bage,RS,2011,0
MALA,Malária,430160,Bage,RS,2012,0
MALA,Malária,430160,Bage,RS,2013,0
MALA,Malária,430160,Bage,RS,2014,0
MALA,Malária,430160,Bage,RS,2015,3
MALA,Malária,430160,Bage,RS,2016,0
MALA,Malária,430160,Bage,RS,2017,2
MALA,Malária,430160,Bage,RS,2018,0
MALA,Malária,430160,Bage,RS,2019,1
MALA,Malária,430160,Bage,RS,2020,0
MALA,Malária,430160,Bage,RS,2021,0
MALA,Malária,430160,Bage,RS,2022,0
MALA,Malária,430160,Bage,RS,2023,0
MALA,Malária,430160,Bage,RS,2024,0
MALA,Malária,430210,Bento Goncalves,RS,2007,0
MALA,Malária,430210,Bento Goncalves,RS,2008,0
MALA,Malária,430210,Bento Goncalves,RS,2009,0
MALA,Malária,430210,Bento Goncalves,RS,2010,0
MALA,Malária,430210,Bento Goncalves,RS,2011,1
MALA,Malária,430210,Bento Goncalves,RS,2012,0
MALA,Malária,430210,Bento Goncalves,RS,2013,0
MALA,Malária,430210,Bento Goncalves,RS,2014,1
MALA,Malária,430210,Bento Goncalves,RS,2015,0
MALA,Malária,430210,Bento Goncalves,RS,2016,1
MALA,Malária,430210,Bento Goncalves,RS,2017,0
MALA,Malária,430210,Bento Goncalves,RS,2018,0
MALA,Malária,430210,Bento Goncalves,RS,2019,1
MALA,Malária,430210,Bento Goncalves,RS,2020,0
MALA,Malária,430210,Bento Goncalves,RS,2021,0
MALA,Malária,430210,Bento Goncalves,RS,2022,0
MALA,Malária,430210,Bento Goncalves,RS,2023,0
MALA,Malária,430210,Bento Goncalves,RS,2024,1
MALA,Malária,430230,Bom Jesus,RS,2007,0
MALA,Malária,430230,Bom Jesus,RS,2008,0
MALA,Malária,430230,Bom Jesus,RS,2009,0
MALA,Malária,430230,Bom Jesus,RS,2010,0
MALA,Malária,430230,Bom Jesus,RS,2011,0
MALA,Malária,430230,Bom Jesus,RS,2012,1
MALA,Malária,430230,Bom Jesus,RS,2013,0
MALA,Malária,430230,Bom Jesus,RS,2014,0
MALA,Malária,430230,Bom Jesus,RS,2015,0
MALA,Malária,430230,Bom Jesus,RS,2016,0
MALA,Malária,430230,Bom Jesus,RS,2017,0
MALA,Malária,430230,Bom Jesus,RS,2018,0
MALA,Malária,430230,Bom Jesus,RS,2019,0
MALA,Malária,430230,Bom Jesus,RS,2020,0
MALA,Malária,430230,Bom Jesus,RS,2021,0
MALA,Malária,430230,Bom Jesus,RS,2022,0
MALA,Malária,430230,Bom Jesus,RS,2023,0
MALA,Malária,430230,Bom Jesus,RS,2024,0
MALA,Malária,430300,Cachoeira do Sul,RS,2007,0
MALA,Malária,430300,Cachoeira do Sul,RS,2008,0
MALA,Malária,430300,Cachoeira do Sul,RS,2009,0
MALA,Malária,430300,Cachoeira do Sul,RS,2010,0
MALA,Malária,430300,Cachoeira do Sul,RS,2011,2
MALA,Malária,430300,Cachoeira do Sul,RS,2012,0
MALA,Malária,430300,Cachoeira do Sul,RS,2013,0
MALA,Malária,430300,Cachoeira do Sul,RS,2014,0
MALA,Malária,430300,Cachoeira do Sul,RS,2015,0
MALA,Malária,430300,Cachoeira do Sul,RS,2016,0
MALA,Malária,430300,Cachoeira do Sul,RS,2017,0
MALA,Malária,430300,Cachoeira do Sul,RS,2018,0
MALA,Malária,430300,Cachoeira do Sul,RS,2019,0
MALA,Malária,430300,Cachoeira do Sul,RS,2020,0
MALA,Malária,430300,Cachoeira do Sul,RS,2021,0
MALA,Malária,430300,Cachoeira do Sul,RS,2022,0
MALA,Malária,430300,Cachoeira do Sul,RS,2023,0
MALA,Malária,430300,Cachoeira do Sul,RS,2024,0
MALA,Malária,430350,Camaqua,RS,2007,0
MALA,Malária,430350,Camaqua,RS,2008,0
MALA,Malária,430350,Camaqua,RS,2009,0
MALA,Malária,430350,Camaqua,RS,2010,0
MALA,Malária,430350,Camaqua,RS,2011,0
MALA,Malária,430350,Camaqua,RS,2012,0
MALA,Malária,430350,Camaqua,RS,2013,0
MALA,Malária,430350,Camaqua,RS,2014,0
MALA,Malária,430350,Camaqua,RS,2015,0
MALA,Malária,430350,Camaqua,RS,2016,0
MALA,Malária,430350,Camaqua,RS,2017,0
MALA,Malária,430350,Camaqua,RS,2018,0
MALA,Malária,430350,Camaqua,RS,2019,0
MALA,Malária,430350,Camaqua,RS,2020,0
MALA,Malária,430350,Camaqua,RS,2021,2
MALA,Malária,430350,Camaqua,RS,2022,0
MALA,Malária,430350,Camaqua,RS,2023,0
MALA,Malária,430350,Camaqua,RS,2024,0
MALA,Malária,430370,Campina Das Missoes,RS,2007,0
MALA,Malária,430370,Campina Das Missoes,RS,2008,0
MALA,Malária,430370,Campina Das Missoes,RS,2009,0
MALA,Malária,430370,Campina Das Missoes,RS,2010,0
MALA,Malária,430370,Campina Das Missoes,RS,2011,0
MALA,Malária,430370,Campina Das Missoes,RS,2012,0
MALA,Malária,430370,Campina Das Missoes,RS,2013,0
MALA,Malária,430370,Campina Das Missoes,RS,2014,0
MALA,Malária,430370,Campina Das Missoes,RS,2015,0
MALA,Malária,430370,Campina Das Missoes,RS,2016,0
MALA,Malária,430370,Campina Das Missoes,RS,2017,0
MALA,Malária,430370,Campina Das Missoes,RS,2018,0
MALA,Malária,430370,Campina Das Missoes,RS,2019,0
MALA,Malária,430370,Campina Das Missoes,RS,2020,1
MALA,Malária,430370,Campina Das Missoes,RS,2021,0
MALA,Malária,430370,Campina Das Missoes,RS,2022,0
MALA,Malária,430370,Campina Das Missoes,RS,2023,0
MALA,Malária,430370,Campina Das Missoes,RS,2024,0
MALA,Malária,430390,Campo Bom,RS,2007,0
MALA,Malária,430390,Campo Bom,RS,2008,0
MALA,Malária,430390,Campo Bom,RS,2009,0
MALA,Malária,430390,Campo Bom,RS,2010,0
MALA,Malária,430390,Campo Bom,RS,2011,0
MALA,Malária,430390,Campo Bom,RS,2012,0
MALA,Malária,430390,Campo Bom,RS,2013,0
MALA,Malária,430390,Campo Bom,RS,2014,0
MALA,Malária,430390,Campo Bom,RS,2015,0
MALA,Malária,430390,Campo Bom,RS,2016,0
MALA,Malária,430390,Campo Bom,RS,2017,0
MALA,Malária,430390,Campo Bom,RS,2018,0
MALA,Malária,430390,Campo Bom,RS,2019,0
MALA,Malária,430390,Campo Bom,RS,2020,0
MALA,Malária,430390,Campo Bom,RS,2021,0
MALA,Malária,430390,Campo Bom,RS,2022,1
MALA,Malária,430390,Campo Bom,RS,2023,0
MALA,Malária,430390,Campo Bom,RS,2024,0
MALA,Malária,430440,Canela,RS,2007,0
MALA,Malária,430440,Canela,RS,2008,0
MALA,Malária,430440,Canela,RS,2009,0
MALA,Malária,430440,Canela,RS,2010,0
MALA,Malária,430440,Canela,RS,2011,1
MALA,Malária,430440,Canela,RS,2012,0
MALA,Malária,430440,Canela,RS,2013,0
MALA,Malária,430440,Canela,RS,2014,0
MALA,Malária,430440,Canela,RS,2015,0
MALA,Malária,430440,Canela,RS,2016,0
MALA,Malária,430440,Canela,RS,2017,0
MALA,Malária,430440,Canela,RS,2018,0
MALA,Malária,430440,Canela,RS,2019,1
MALA,Malária,430440,Canela,RS,2020,0
MALA,Malária,430440,Canela,RS,2021,0
MALA,Malária,430440,Canela,RS,2022,1
MALA,Malária,430440,Canela,RS,2023,0
MALA,Malária,430440,Canela,RS,2024,0
MALA,Malária,430460,Canoas,RS,2007,1
MALA,Malária,430460,Canoas,RS,2008,0
MALA,Malária,430460,Canoas,RS,2009,0
MALA,Malária,430460,Canoas,RS,2010,0
MALA,Malária,430460,Canoas,RS,2011,1
MALA,Malária,430460,Canoas,RS,2012,0
MALA,Malária,430460,Canoas,RS,2013,1
MALA,Malária,430460,Canoas,RS,2014,1
MALA,Malária,430460,Canoas,RS,2015,0
MALA,Malária,430460,Canoas,RS,2016,0
MALA,Malária,430460,Canoas,RS,2017,0
MALA,Malária,430460,Canoas,RS,2018,3
MALA,Malária,430460,Canoas,RS,2019,3
MALA,Malária,430460,Canoas,RS,2020,0
MALA,Malária,430460,Canoas,RS,2021,1
MALA,Malária,430460,Canoas,RS,2022,2
MALA,Malária,430460,Canoas,RS,2023,1
MALA,Malária,430460,Canoas,RS,2024,2
MALA,Malária,430463,Capao da Canoa,RS,2007,1
MALA,Malária,430463,Capao da Canoa,RS,2008,0
MALA,Malária,430463,Capao da Canoa,RS,2009,0
MALA,Malária,430463,Capao da Canoa,RS,2010,0
MALA,Malária,430463,Capao da Canoa,RS,2011,0
MALA,Malária,430463,Capao da Canoa,RS,2012,0
MALA,Malária,430463,Capao da Canoa,RS,2013,0
MALA,Malária,430463,Capao da Canoa,RS,2014,0
MALA,Malária,430463,Capao da Canoa,RS,2015,0
MALA,Malária,430463,Capao da Canoa,RS,2016,0
MALA,Malária,430463,Capao da Canoa,RS,2017,0
MALA,Malária,430463,Capao da Canoa,RS,2018,0
MALA,Malária,430463,Capao da Canoa,RS,2019,0
MALA,Malária,430463,Capao da Canoa,RS,2020,0
MALA,Malária,430463,Capao da Canoa,RS,2021,0
MALA,Malária,430463,Capao da Canoa,RS,2022,0
MALA,Malária,430463,Capao da Canoa,RS,2023,0
MALA,Malária,430463,Capao da Canoa,RS,2024,0
MALA,Malária,430480,Carlos Barbosa,RS,2007,0
MALA,Malária,430480,Carlos Barbosa,RS,2008,0
MALA,Malária,430480,Carlos Barbosa,RS,2009,0
MALA,Malária,430480,Carlos Barbosa,RS,2010,0
MALA,Malária,430480,Carlos Barbosa,RS,2011,0
MALA,Malária,430480,Carlos Barbosa,RS,2012,1
MALA,Malária,430480,Carlos Barbosa,RS,2013,0
MALA,Malária,430480,Carlos Barbosa,RS,2014,0
MALA,Malária,430480,Carlos Barbosa,RS,2015,0
MALA,Malária,430480,Carlos Barbosa,RS,2016,0
MALA,Malária,430480,Carlos Barbosa,RS,2017,0
MALA,Malária,430480,Carlos Barbosa,RS,2018,0
MALA,Malária,430480,Carlos Barbosa,RS,2019,0
MALA,Malária,430480,Carlos Barbosa,RS,2020,0
MALA,Malária,430480,Carlos Barbosa,RS,2021,0
MALA,Malária,430480,Carlos Barbosa,RS,2022,0
MALA,Malária,430480,Carlos Barbosa,RS,2023,0
MALA,Malária,430480,Carlos Barbosa,RS,2024,0
MALA,Malária,430500,Catuipe,RS,2007,0
MALA,Malária,430500,Catuipe,RS,2008,0
MALA,Malária,430500,Catuipe,RS,2009,0
MALA,Malária,430500,Catuipe,RS,2010,0
MALA,Malária,430500,Catuipe,RS,2011,0
MALA,Malária,430500,Catuipe,RS,2012,0
MALA,Malária,430500,Catuipe,RS,2013,0
MALA,Malária,430500,Catuipe,RS,2014,0
MALA,Malária,430500,Catuipe,RS,2015,0
MALA,Malária,430500,Catuipe,RS,2016,0
MALA,Malária,430500,Catuipe,RS,2017,0
MALA,Malária,430500,Catuipe,RS,2018,0
MALA,Malária,430500,Catuipe,RS,2019,0
MALA,Malária,430500,Catuipe,RS,2020,0
MALA,Malária,430500,Catuipe,RS,2021,1
MALA,Malária,430500,Catuipe,RS,2022,0
MALA,Malária,430500,Catuipe,RS,2023,0
MALA,Malária,430500,Catuipe,RS,2024,0
MALA,Malária,430510,Caxias do Sul,RS,2007,1
MALA,Malária,430510,Caxias do Sul,RS,2008,1
MALA,Malária,430510,Caxias do Sul,RS,2009,1
MALA,Malária,430510,Caxias do Sul,RS,2010,1
MALA,Malária,430510,Caxias do Sul,RS,2011,1
MALA,Malária,430510,Caxias do Sul,RS,2012,1
MALA,Malária,430510,Caxias do Sul,RS,2013,0
MALA,Malária,430510,Caxias do Sul,RS,2014,1
MALA,Malária,430510,Caxias do Sul,RS,2015,0
MALA,Malária,430510,Caxias do Sul,RS,2016,0
MALA,Malária,430510,Caxias do Sul,RS,2017,1
MALA,Malária,430510,Caxias do Sul,RS,2018,0
MALA,Malária,430510,Caxias do Sul,RS,2019,0
MALA,Malária,430510,Caxias do Sul,RS,2020,0
MALA,Malária,430510,Caxias do Sul,RS,2021,0
MALA,Malária,430510,Caxias do Sul,RS,2022,0
MALA,Malária,430510,Caxias do Sul,RS,2023,1
MALA,Malária,430510,Caxias do Sul,RS,2024,1
MALA,Malária,430520,Cerro Largo,RS,2007,0
MALA,Malária,430520,Cerro Largo,RS,2008,0
MALA,Malária,430520,Cerro Largo,RS,2009,0
MALA,Malária,430520,Cerro Largo,RS,2010,1
MALA,Malária,430520,Cerro Largo,RS,2011,0
MALA,Malária,430520,Cerro Largo,RS,2012,0
MALA,Malária,430520,Cerro Largo,RS,2013,0
MALA,Malária,430520,Cerro Largo,RS,2014,0
MALA,Malária,430520,Cerro Largo,RS,2015,0
MALA,Malária,430520,Cerro Largo,RS,2016,0
MALA,Malária,430520,Cerro Largo,RS,2017,0
MALA,Malária,430520,Cerro Largo,RS,2018,0
MALA,Malária,430520,Cerro Largo,RS,2019,0
MALA,Malária,430520,Cerro Largo,RS,2020,0
MALA,Malária,430520,Cerro Largo,RS,2021,0
MALA,Malária,430520,Cerro Largo,RS,2022,0
MALA,Malária,430520,Cerro Largo,RS,2023,0
MALA,Malária,430520,Cerro Largo,RS,2024,0
MALA,Malária,430545,Cidreira,RS,2007,0
MALA,Malária,430545,Cidreira,RS,2008,1
MALA,Malária,430545,Cidreira,RS,2009,0
MALA,Malária,430545,Cidreira,RS,2010,0
MALA,Malária,430545,Cidreira,RS,2011,0
MALA,Malária,430545,Cidreira,RS,2012,0
MALA,Malária,430545,Cidreira,RS,2013,0
MALA,Malária,430545,Cidreira,RS,2014,0
MALA,Malária,430545,Cidreira,RS,2015,0
MALA,Malária,430545,Cidreira,RS,2016,0
MALA,Malária,430545,Cidreira,RS,2017,0
MALA,Malária,430545,Cidreira,RS,2018,0
MALA,Malária,430545,Cidreira,RS,2019,0
MALA,Malária,430545,Cidreira,RS,2020,0
MALA,Malária,430545,Cidreira,RS,2021,0
MALA,Malária,430545,Cidreira,RS,2022,0
MALA,Malária,430545,Cidreira,RS,2023,0
MALA,Malária,430545,Cidreira,RS,2024,0
MALA,Malária,430600,Crissiumal,RS,2007,0
MALA,Malária,430600,Crissiumal,RS,2008,0
MALA,Malária,430600,Crissiumal,RS,2009,0
MALA,Malária,430600,Crissiumal,RS,2010,0
MALA,Malária,430600,Crissiumal,RS,2011,0
MALA,Malária,430600,Crissiumal,RS,2012,1
MALA,Malária,430600,Crissiumal,RS,2013,0
MALA,Malária,430600,Crissiumal,RS,2014,0
MALA,Malária,430600,Crissiumal,RS,2015,0
MALA,Malária,430600,Crissiumal,RS,2016,0
MALA,Malária,430600,Crissiumal,RS,2017,0
MALA,Malária,430600,Crissiumal,RS,2018,0
MALA,Malária,430600,Crissiumal,RS,2019,0
MALA,Malária,430600,Crissiumal,RS,2020,0
MALA,Malária,430600,Crissiumal,RS,2021,0
MALA,Malária,430600,Crissiumal,RS,2022,0
MALA,Malária,430600,Crissiumal,RS,2023,0
MALA,Malária,430600,Crissiumal,RS,2024,0
MALA,Malária,430610,Cruz Alta,RS,2007,0
MALA,Malária,430610,Cruz Alta,RS,2008,2
MALA,Malária,430610,Cruz Alta,RS,2009,1
MALA,Malária,430610,Cruz Alta,RS,2010,0
MALA,Malária,430610,Cruz Alta,RS,2011,3
MALA,Malária,430610,Cruz Alta,RS,2012,0
MALA,Malária,430610,Cruz Alta,RS,2013,0
MALA,Malária,430610,Cruz Alta,RS,2014,1
MALA,Malária,430610,Cruz Alta,RS,2015,0
MALA,Malária,430610,Cruz Alta,RS,2016,0
MALA,Malária,430610,Cruz Alta,RS,2017,0
MALA,Malária,430610,Cruz Alta,RS,2018,0
MALA,Malária,430610,Cruz Alta,RS,2019,3
MALA,Malária,430610,Cruz Alta,RS,2020,0
MALA,Malária,430610,Cruz Alta,RS,2021,0
MALA,Malária,430610,Cruz Alta,RS,2022,1
MALA,Malária,430610,Cruz Alta,RS,2023,0
MALA,Malária,430610,Cruz Alta,RS,2024,1
MALA,Malária,430680,Encantado,RS,2007,0
MALA,Malária,430680,Encantado,RS,2008,0
MALA,Malária,430680,Encantado,RS,2009,0
MALA,Malária,430680,Encantado,RS,2010,1
MALA,Malária,430680,Encantado,RS,2011,0
MALA,Malária,430680,Encantado,RS,2012,0
MALA,Malária,430680,Encantado,RS,2013,0
MALA,Malária,430680,Encantado,RS,2014,0
MALA,Malária,430680,Encantado,RS,2015,0
MALA,Malária,430680,Encantado,RS,2016,0
MALA,Malária,430680,Encantado,RS,2017,0
MALA,Malária,430680,Encantado,RS,2018,0
MALA,Malária,430680,Encantado,RS,2019,0
MALA,Malária,430680,Encantado,RS,2020,0
MALA,Malária,430680,Encantado,RS,2021,0
MALA,Malária,430680,Encantado,RS,2022,0
MALA,Malária,430680,Encantado,RS,2023,0
MALA,Malária,430680,Encantado,RS,2024,0
MALA,Malária,430700,Erechim,RS,2007,1
MALA,Malária,430700,Erechim,RS,2008,0
MALA,Malária,430700,Erechim,RS,2009,1
MALA,Malária,430700,Erechim,RS,2010,0
MALA,Malária,430700,Erechim,RS,2011,0
MALA,Malária,430700,Erechim,RS,2012,0
MALA,Malária,430700,Erechim,RS,2013,0
MALA,Malária,430700,Erechim,RS,2014,1
MALA,Malária,430700,Erechim,RS,2015,0
MALA,Malária,430700,Erechim,RS,2016,0
MALA,Malária,430700,Erechim,RS,2017,0
MALA,Malária,430700,Erechim,RS,2018,1
MALA,Malária,430700,Erechim,RS,2019,0
MALA,Malária,430700,Erechim,RS,2020,0
MALA,Malária,430700,Erechim,RS,2021,0
MALA,Malária,430700,Erechim,RS,2022,0
MALA,Malária,430700,Erechim,RS,2023,0
MALA,Malária,430700,Erechim,RS,2024,0
MALA,Malária,430790,Farroupilha,RS,2007,1
MALA,Malária,430790,Farroupilha,RS,2008,0
MALA,Malária,430790,Farroupilha,RS,2009,0
MALA,Malária,430790,Farroupilha,RS,2010,0
MALA,Malária,430790,Farroupilha,RS,2011,0
MALA,Malária,430790,Farroupilha,RS,2012,0
MALA,Malária,430790,Farroupilha,RS,2013,0
MALA,Malária,430790,Farroupilha,RS,2014,1
MALA,Malária,430790,Farroupilha,RS,2015,0
MALA,Malária,430790,Farroupilha,RS,2016,0
MALA,Malária,430790,Farroupilha,RS,2017,0
MALA,Malária,430790,Farroupilha,RS,2018,0
MALA,Malária,430790,Farroupilha,RS,2019,0
MALA,Malária,430790,Farroupilha,RS,2020,0
MALA,Malária,430790,Farroupilha,RS,2021,0
MALA,Malária,430790,Farroupilha,RS,2022,1
MALA,Malária,430790,Farroupilha,RS,2023,0
MALA,Malária,430790,Farroupilha,RS,2024,1
MALA,Malária,430845,Fortaleza Dos Valos,RS,2007,0
MALA,Malária,430845,Fortaleza Dos Valos,RS,2008,1
MALA,Malária,430845,Fortaleza Dos Valos,RS,2009,0
MALA,Malária,430845,Fortaleza Dos Valos,RS,2010,0
MALA,Malária,430845,Fortaleza Dos Valos,RS,2011,0
MALA,Malária,430845,Fortaleza Dos Valos,RS,2012,0
MALA,Malária,430845,Fortaleza Dos Valos,RS,2013,0
MALA,Malária,430845,Fortaleza Dos Valos,RS,2014,0
MALA,Malária,430845,Fortaleza Dos Valos,RS,2015,0
MALA,Malária,430845,Fortaleza Dos Valos,RS,2016,0
MALA,Malária,430845,Fortaleza Dos Valos,RS,2017,0
MALA,Malária,430845,Fortaleza Dos Valos,RS,2018,0
MALA,Malária,430845,Fortaleza Dos Valos,RS,2019,0
MALA,Malária,430845,Fortaleza Dos Valos,RS,2020,0
MALA,Malária,430845,Fortaleza Dos Valos,RS,2021,0
MALA,Malária,430845,Fortaleza Dos Valos,RS,2022,0
MALA,Malária,430845,Fortaleza Dos Valos,RS,2023,0
MALA,Malária,430845,Fortaleza Dos Valos,RS,2024,0
MALA,Malária,430860,Garibaldi,RS,2007,0
MALA,Malária,430860,Garibaldi,RS,2008,1
MALA,Malária,430860,Garibaldi,RS,2009,0
MALA,Malária,430860,Garibaldi,RS,2010,0
MALA,Malária,430860,Garibaldi,RS,2011,0
MALA,Malária,430860,Garibaldi,RS,2012,0
MALA,Malária,430860,Garibaldi,RS,2013,1
MALA,Malária,430860,Garibaldi,RS,2014,0
MALA,Malária,430860,Garibaldi,RS,2015,0
MALA,Malária,430860,Garibaldi,RS,2016,0
MALA,Malária,430860,Garibaldi,RS,2017,0
MALA,Malária,430860,Garibaldi,RS,2018,0
MALA,Malária,430860,Garibaldi,RS,2019,0
MALA,Malária,430860,Garibaldi,RS,2020,0
MALA,Malária,430860,Garibaldi,RS,2021,0
MALA,Malária,430860,Garibaldi,RS,2022,0
MALA,Malária,430860,Garibaldi,RS,2023,0
MALA,Malária,430860,Garibaldi,RS,2024,0
MALA,Malária,430910,Gramado,RS,2007,0
MALA,Malária,430910,Gramado,RS,2008,0
MALA,Malária,430910,Gramado,RS,2009,0
MALA,Malária,430910,Gramado,RS,2010,0
MALA,Malária,430910,Gramado,RS,2011,0
MALA,Malária,430910,Gramado,RS,2012,0
MALA,Malária,430910,Gramado,RS,2013,0
MALA,Malária,430910,Gramado,RS,2014,0
MALA,Malária,430910,Gramado,RS,2015,0
MALA,Malária,430910,Gramado,RS,2016,0
MALA,Malária,430910,Gramado,RS,2017,0
MALA,Malária,430910,Gramado,RS,2018,0
MALA,Malária,430910,Gramado,RS,2019,0
MALA,Malária,430910,Gramado,RS,2020,0
MALA,Malária,430910,Gramado,RS,2021,2
MALA,Malária,430910,Gramado,RS,2022,0
MALA,Malária,430910,Gramado,RS,2023,0
MALA,Malária,430910,Gramado,RS,2024,1
MALA,Malária,430920,Gravatai,RS,2007,0
MALA,Malária,430920,Gravatai,RS,2008,0
MALA,Malária,430920,Gravatai,RS,2009,0
MALA,Malária,430920,Gravatai,RS,2010,0
MALA,Malária,430920,Gravatai,RS,2011,0
MALA,Malária,430920,Gravatai,RS,2012,0
MALA,Malária,430920,Gravatai,RS,2013,0
MALA,Malária,430920,Gravatai,RS,2014,0
MALA,Malária,430920,Gravatai,RS,2015,0
MALA,Malária,430920,Gravatai,RS,2016,0
MALA,Malária,430920,Gravatai,RS,2017,0
MALA,Malária,430920,Gravatai,RS,2018,0
MALA,Malária,430920,Gravatai,RS,2019,0
MALA,Malária,430920,Gravatai,RS,2020,0
MALA,Malária,430920,Gravatai,RS,2021,0
MALA,Malária,430920,Gravatai,RS,2022,0
MALA,Malária,430920,Gravatai,RS,2023,2
MALA,Malária,430920,Gravatai,RS,2024,2
MALA,Malária,431000,Ibiruba,RS,2007,0
MALA,Malária,431000,Ibiruba,RS,2008,0
MALA,Malária,431000,Ibiruba,RS,2009,0
MALA,Malária,431000,Ibiruba,RS,2010,0
MALA,Malária,431000,Ibiruba,RS,2011,0
MALA,Malária,431000,Ibiruba,RS,2012,0
MALA,Malária,431000,Ibiruba,RS,2013,0
MALA,Malária,431000,Ibiruba,RS,2014,0
MALA,Malária,431000,Ibiruba,RS,2015,0
MALA,Malária,431000,Ibiruba,RS,2016,0
MALA,Malária,431000,Ibiruba,RS,2017,0
MALA,Malária,431000,Ibiruba,RS,2018,0
MALA,Malária,431000,Ibiruba,RS,2019,0
MALA,Malária,431000,Ibiruba,RS,2020,0
MALA,Malária,431000,Ibiruba,RS,2021,0
MALA,Malária,431000,Ibiruba,RS,2022,1
MALA,Malária,431000,Ibiruba,RS,2023,0
MALA,Malária,431000,Ibiruba,RS,2024,0
MALA,Malária,431020,Ijui,RS,2007,1
MALA,Malária,431020,Ijui,RS,2008,2
MALA,Malária,431020,Ijui,RS,2009,0
MALA,Malária,431020,Ijui,RS,2010,2
MALA,Malária,431020,Ijui,RS,2011,0
MALA,Malária,431020,Ijui,RS,2012,0
MALA,Malária,431020,Ijui,RS,2013,0
MALA,Malária,431020,Ijui,RS,2014,0
MALA,Malária,431020,Ijui,RS,2015,1
MALA,Malária,431020,Ijui,RS,2016,0
MALA,Malária,431020,Ijui,RS,2017,1
MALA,Malária,431020,Ijui,RS,2018,0
MALA,Malária,431020,Ijui,RS,2019,0
MALA,Malária,431020,Ijui,RS,2020,1
MALA,Malária,431020,Ijui,RS,2021,0
MALA,Malária,431020,Ijui,RS,2022,0
MALA,Malária,431020,Ijui,RS,2023,0
MALA,Malária,431020,Ijui,RS,2024,1
MALA,Malária,431130,Lagoa Vermelha,RS,2007,0
MALA,Malária,431130,Lagoa Vermelha,RS,2008,0
MALA,Malária,431130,Lagoa Vermelha,RS,2009,0
MALA,Malária,431130,Lagoa Vermelha,RS,2010,0
MALA,Malária,431130,Lagoa Vermelha,RS,2011,0
MALA,Malária,431130,Lagoa Vermelha,RS,2012,0
MALA,Malária,431130,Lagoa Vermelha,RS,2013,0
MALA,Malária,431130,Lagoa Vermelha,RS,2014,0
MALA,Malária,431130,Lagoa Vermelha,RS,2015,0
MALA,Malária,431130,Lagoa Vermelha,RS,2016,0
MALA,Malária,431130,Lagoa Vermelha,RS,2017,0
MALA,Malária,431130,Lagoa Vermelha,RS,2018,0
MALA,Malária,431130,Lagoa Vermelha,RS,2019,0
MALA,Malária,431130,Lagoa Vermelha,RS,2020,0
MALA,Malária,431130,Lagoa Vermelha,RS,2021,0
MALA,Malária,431130,Lagoa Vermelha,RS,2022,1
MALA,Malária,431130,Lagoa Vermelha,RS,2023,0
MALA,Malária,431130,Lagoa Vermelha,RS,2024,0
MALA,Malária,431140,Lajeado,RS,2007,0
MALA,Malária,431140,Lajeado,RS,2008,0
MALA,Malária,431140,Lajeado,RS,2009,1
MALA,Malária,431140,Lajeado,RS,2010,0
MALA,Malária,431140,Lajeado,RS,2011,0
MALA,Malária,431140,Lajeado,RS,2012,0
MALA,Malária,431140,Lajeado,RS,2013,0
MALA,Malária,431140,Lajeado,RS,2014,0
MALA,Malária,431140,Lajeado,RS,2015,0
MALA,Malária,431140,Lajeado,RS,2016,0
MALA,Malária,431140,Lajeado,RS,2017,0
MALA,Malária,431140,Lajeado,RS,2018,0
MALA,Malária,431140,Lajeado,RS,2019,0
MALA,Malária,431140,Lajeado,RS,2020,0
MALA,Malária,431140,Lajeado,RS,2021,0
MALA,Malária,431140,Lajeado,RS,2022,0
MALA,Malária,431140,Lajeado,RS,2023,0
MALA,Malária,431140,Lajeado,RS,2024,0
MALA,Malária,431160,Liberato Salzano,RS,2007,0
MALA,Malária,431160,Liberato Salzano,RS,2008,0
MALA,Malária,431160,Liberato Salzano,RS,2009,0
MALA,Malária,431160,Liberato Salzano,RS,2010,0
MALA,Malária,431160,Liberato Salzano,RS,2011,0
MALA,Malária,431160,Liberato Salzano,RS,2012,0
MALA,Malária,431160,Liberato Salzano,RS,2013,0
MALA,Malária,431160,Liberato Salzano,RS,2014,0
MALA,Malária,431160,Liberato Salzano,RS,2015,0
MALA,Malária,431160,Liberato Salzano,RS,2016,0
MALA,Malária,431160,Liberato Salzano,RS,2017,0
MALA,Malária,431160,Liberato Salzano,RS,2018,0
MALA,Malária,431160,Liberato Salzano,RS,2019,0
MALA,Malária,431160,Liberato Salzano,RS,2020,0
MALA,Malária,431160,Liberato Salzano,RS,2021,0
MALA,Malária,431160,Liberato Salzano,RS,2022,1
MALA,Malária,431160,Liberato Salzano,RS,2023,0
MALA,Malária,431160,Liberato Salzano,RS,2024,0
MALA,Malária,431180,Marau,RS,2007,1
MALA,Malária,431180,Marau,RS,2008,0
MALA,Malária,431180,Marau,RS,2009,0
MALA,Malária,431180,Marau,RS,2010,0
MALA,Malária,431180,Marau,RS,2011,0
MALA,Malária,431180,Marau,RS,2012,0
MALA,Malária,431180,Marau,RS,2013,0
MALA,Malária,431180,Marau,RS,2014,2
MALA,Malária,431180,Marau,RS,2015,0
MALA,Malária,431180,Marau,RS,2016,0
MALA,Malária,431180,Marau,RS,2017,0
MALA,Malária,431180,Marau,RS,2018,0
MALA,Malária,431180,Marau,RS,2019,0
MALA,Malária,431180,Marau,RS,2020,0
MALA,Malária,431180,Marau,RS,2021,0
MALA,Malária,431180,Marau,RS,2022,0
MALA,Malária,431180,Marau,RS,2023,0
MALA,Malária,431180,Marau,RS,2024,1
MALA,Malária,431210,Mata,RS,2007,1
MALA,Malária,431210,Mata,RS,2008,0
MALA,Malária,431210,Mata,RS,2009,0
MALA,Malária,431210,Mata,RS,2010,0
MALA,Malária,431210,Mata,RS,2011,0
MALA,Malária,431210,Mata,RS,2012,0
MALA,Malária,431210,Mata,RS,2013,0
MALA,Malária,431210,Mata,RS,2014,0
MALA,Malária,431210,Mata,RS,2015,0
MALA,Malária,431210,Mata,RS,2016,0
MALA,Malária,431210,Mata,RS,2017,0
MALA,Malária,431210,Mata,RS,2018,0
MALA,Malária,431210,Mata,RS,2019,0
MALA,Malária,431210,Mata,RS,2020,0
MALA,Malária,431210,Mata,RS,2021,0
MALA,Malária,431210,Mata,RS,2022,0
MALA,Malária,431210,Mata,RS,2023,0
MALA,Malária,431210,Mata,RS,2024,0
MALA,Malária,431230,Miraguai,RS,2007,0
MALA,Malária,431230,Miraguai,RS,2008,0
MALA,Malária,431230,Miraguai,RS,2009,0
MALA,Malária,431230,Miraguai,RS,2010,1
MALA,Malária,431230,Miraguai,RS,2011,0
MALA,Malária,431230,Miraguai,RS,2012,0
MALA,Malária,431230,Miraguai,RS,2013,0
MALA,Malária,431230,Miraguai,RS,2014,0
MALA,Malária,431230,Miraguai,RS,2015,0
MALA,Malária,431230,Miraguai,RS,2016,0
MALA,Malária,431230,Miraguai,RS,2017,0
MALA,Malária,431230,Miraguai,RS,2018,0
MALA,Malária,431230,Miraguai,RS,2019,0
MALA,Malária,431230,Miraguai,RS,2020,0
MALA,Malária,431230,Miraguai,RS,2021,0
MALA,Malária,431230,Miraguai,RS,2022,0
MALA,Malária,431230,Miraguai,RS,2023,0
MALA,Malária,431230,Miraguai,RS,2024,0
MALA,Malária,431240,Montenegro,RS,2007,1
MALA,Malária,431240,Montenegro,RS,2008,0
MALA,Malária,431240,Montenegro,RS,2009,0
MALA,Malária,431240,Montenegro,RS,2010,0
MALA,Malária,431240,Montenegro,RS,2011,1
MALA,Malária,431240,Montenegro,RS,2012,0
MALA,Malária,431240,Montenegro,RS,2013,0
MALA,Malária,431240,Montenegro,RS,2014,0
MALA,Malária,431240,Montenegro,RS,2015,0
MALA,Malária,431240,Montenegro,RS,2016,0
MALA,Malária,431240,Montenegro,RS,2017,0
MALA,Malária,431240,Montenegro,RS,2018,0
MALA,Malária,431240,Montenegro,RS,2019,0
MALA,Malária,431240,Montenegro,RS,2020,0
MALA,Malária,431240,Montenegro,RS,2021,0
MALA,Malária,431240,Montenegro,RS,2022,0
MALA,Malária,431240,Montenegro,RS,2023,0
MALA,Malária,431240,Montenegro,RS,2024,1
MALA,Malária,431270,Nonoai,RS,2007,0
MALA,Malária,431270,Nonoai,RS,2008,0
MALA,Malária,431270,Nonoai,RS,2009,0
MALA,Malária,431270,Nonoai,RS,2010,0
MALA,Malária,431270,Nonoai,RS,2011,1
MALA,Malária,431270,Nonoai,RS,2012,0
MALA,Malária,431270,Nonoai,RS,2013,0
MALA,Malária,431270,Nonoai,RS,2014,0
MALA,Malária,431270,Nonoai,RS,2015,0
MALA,Malária,431270,Nonoai,RS,2016,0
MALA,Malária,431270,Nonoai,RS,2017,0
MALA,Malária,431270,Nonoai,RS,2018,0
MALA,Malária,431270,Nonoai,RS,2019,0
MALA,Malária,431270,Nonoai,RS,2020,0
MALA,Malária,431270,Nonoai,RS,2021,0
MALA,Malária,431270,Nonoai,RS,2022,0
MALA,Malária,431270,Nonoai,RS,2023,0
MALA,Malária,431270,Nonoai,RS,2024,0
MALA,Malária,431330,Nova Prata,RS,2007,0
MALA,Malária,431330,Nova Prata,RS,2008,0
MALA,Malária,431330,Nova Prata,RS,2009,0
MALA,Malária,431330,Nova Prata,RS,2010,0
MALA,Malária,431330,Nova Prata,RS,2011,0
MALA,Malária,431330,Nova Prata,RS,2012,1
MALA,Malária,431330,Nova Prata,RS,2013,0
MALA,Malária,431330,Nova Prata,RS,2014,0
MALA,Malária,431330,Nova Prata,RS,2015,0
MALA,Malária,431330,Nova Prata,RS,2016,0
MALA,Malária,431330,Nova Prata,RS,2017,0
MALA,Malária,431330,Nova Prata,RS,2018,0
MALA,Malária,431330,Nova Prata,RS,2019,0
MALA,Malária,431330,Nova Prata,RS,2020,0
MALA,Malária,431330,Nova Prata,RS,2021,0
MALA,Malária,431330,Nova Prata,RS,2022,0
MALA,Malária,431330,Nova Prata,RS,2023,0
MALA,Malária,431330,Nova Prata,RS,2024,1
MALA,Malária,431340,Novo Hamburgo,RS,2007,0
MALA,Malária,431340,Novo Hamburgo,RS,2008,0
MALA,Malária,431340,Novo Hamburgo,RS,2009,0
MALA,Malária,431340,Novo Hamburgo,RS,2010,3
MALA,Malária,431340,Novo Hamburgo,RS,2011,0
MALA,Malária,431340,Novo Hamburgo,RS,2012,0
MALA,Malária,431340,Novo Hamburgo,RS,2013,0
MALA,Malária,431340,Novo Hamburgo,RS,2014,0
MALA,Malária,431340,Novo Hamburgo,RS,2015,0
MALA,Malária,431340,Novo Hamburgo,RS,2016,0
MALA,Malária,431340,Novo Hamburgo,RS,2017,0
MALA,Malária,431340,Novo Hamburgo,RS,2018,1
MALA,Malária,431340,Novo Hamburgo,RS,2019,1
MALA,Malária,431340,Novo Hamburgo,RS,2020,0
MALA,Malária,431340,Novo Hamburgo,RS,2021,0
MALA,Malária,431340,Novo Hamburgo,RS,2022,0
MALA,Malária,431340,Novo Hamburgo,RS,2023,1
MALA,Malária,431340,Novo Hamburgo,RS,2024,1
MALA,Malária,431390,Panambi,RS,2007,0
MALA,Malária,431390,Panambi,RS,2008,0
MALA,Malária,431390,Panambi,RS,2009,0
MALA,Malária,431390,Panambi,RS,2010,0
MALA,Malária,431390,Panambi,RS,2011,0
MALA,Malária,431390,Panambi,RS,2012,0
MALA,Malária,431390,Panambi,RS,2013,0
MALA,Malária,431390,Panambi,RS,2014,0
MALA,Malária,431390,Panambi,RS,2015,0
MALA,Malária,431390,Panambi,RS,2016,0
MALA,Malária,431390,Panambi,RS,2017,0
MALA,Malária,431390,Panambi,RS,2018,0
MALA,Malária,431390,Panambi,RS,2019,0
MALA,Malária,431390,Panambi,RS,2020,0
MALA,Malária,431390,Panambi,RS,2021,0
MALA,Malária,431390,Panambi,RS,2022,0
MALA,Malária,431390,Panambi,RS,2023,0
MALA,Malária,431390,Panambi,RS,2024,1
MALA,Malária,431403,Pareci Novo,RS,2007,0
MALA,Malária,431403,Pareci Novo,RS,2008,0
MALA,Malária,431403,Pareci Novo,RS,2009,0
MALA,Malária,431403,Pareci Novo,RS,2010,0
MALA,Malária,431403,Pareci Novo,RS,2011,0
MALA,Malária,431403,Pareci Novo,RS,2012,0
MALA,Malária,431403,Pareci Novo,RS,2013,0
MALA,Malária,431403,Pareci Novo,RS,2014,0
MALA,Malária,431403,Pareci Novo,RS,2015,0
MALA,Malária,431403,Pareci Novo,RS,2016,0
MALA,Malária,431403,Pareci Novo,RS,2017,0
MALA,Malária,431403,Pareci Novo,RS,2018,0
MALA,Malária,431403,Pareci Novo,RS,2019,0
MALA,Malária,431403,Pareci Novo,RS,2020,0
MALA,Malária,431403,Pareci Novo,RS,2021,1
MALA,Malária,431403,Pareci Novo,RS,2022,0
MALA,Malária,431403,Pareci Novo,RS,2023,0
MALA,Malária,431403,Pareci Novo,RS,2024,0
MALA,Malária,431410,Passo Fundo,RS,2007,0
MALA,Malária,431410,Passo Fundo,RS,2008,1
MALA,Malária,431410,Passo Fundo,RS,2009,0
MALA,Malária,431410,Passo Fundo,RS,2010,1
MALA,Malária,431410,Passo Fundo,RS,2011,1
MALA,Malária,431410,Passo Fundo,RS,2012,2
MALA,Malária,431410,Passo Fundo,RS,2013,3
MALA,Malária,431410,Passo Fundo,RS,2014,0
MALA,Malária,431410,Passo Fundo,RS,2015,1
MALA,Malária,431410,Passo Fundo,RS,2016,0
MALA,Malária,431410,Passo Fundo,RS,2017,0
MALA,Malária,431410,Passo Fundo,RS,2018,0
MALA,Malária,431410,Passo Fundo,RS,2019,0
MALA,Malária,431410,Passo Fundo,RS,2020,0
MALA,Malária,431410,Passo Fundo,RS,2021,0
MALA,Malária,431410,Passo Fundo,RS,2022,3
MALA,Malária,431410,Passo Fundo,RS,2023,0
MALA,Malária,431410,Passo Fundo,RS,2024,0
MALA,Malária,431430,Pejucara,RS,2007,1
MALA,Malária,431430,Pejucara,RS,2008,0
MALA,Malária,431430,Pejucara,RS,2009,0
MALA,Malária,431430,Pejucara,RS,2010,0
MALA,Malária,431430,Pejucara,RS,2011,0
MALA,Malária,431430,Pejucara,RS,2012,0
MALA,Malária,431430,Pejucara,RS,2013,0
MALA,Malária,431430,Pejucara,RS,2014,0
MALA,Malária,431430,Pejucara,RS,2015,0
MALA,Malária,431430,Pejucara,RS,2016,0
MALA,Malária,431430,Pejucara,RS,2017,0
MALA,Malária,431430,Pejucara,RS,2018,0
MALA,Malária,431430,Pejucara,RS,2019,0
MALA,Malária,431430,Pejucara,RS,2020,0
MALA,Malária,431430,Pejucara,RS,2021,0
MALA,Malária,431430,Pejucara,RS,2022,0
MALA,Malária,431430,Pejucara,RS,2023,0
MALA,Malária,431430,Pejucara,RS,2024,0
MALA,Malária,431440,Pelotas,RS,2007,0
MALA,Malária,431440,Pelotas,RS,2008,0
MALA,Malária,431440,Pelotas,RS,2009,0
MALA,Malária,431440,Pelotas,RS,2010,0
MALA,Malária,431440,Pelotas,RS,2011,0
MALA,Malária,431440,Pelotas,RS,2012,0
MALA,Malária,431440,Pelotas,RS,2013,0
MALA,Malária,431440,Pelotas,RS,2014,1
MALA,Malária,431440,Pelotas,RS,2015,2
MALA,Malária,431440,Pelotas,RS,2016,0
MALA,Malária,431440,Pelotas,RS,2017,0
MALA,Malária,431440,Pelotas,RS,2018,0
MALA,Malária,431440,Pelotas,RS,2019,0
MALA,Malária,431440,Pelotas,RS,2020,0
MALA,Malária,431440,Pelotas,RS,2021,0
MALA,Malária,431440,Pelotas,RS,2022,1
MALA,Malária,431440,Pelotas,RS,2023,0
MALA,Malária,431440,Pelotas,RS,2024,0
MALA,Malária,431490,Porto Alegre,RS,2007,4
MALA,Malária,431490,Porto Alegre,RS,2008,3
MALA,Malária,431490,Porto Alegre,RS,2009,2
MALA,Malária,431490,Porto Alegre,RS,2010,7
MALA,Malária,431490,Porto Alegre,RS,2011,4
MALA,Malária,431490,Porto Alegre,RS,2012,8
MALA,Malária,431490,Porto Alegre,RS,2013,3
MALA,Malária,431490,Porto Alegre,RS,2014,5
MALA,Malária,431490,Porto Alegre,RS,2015,6
MALA,Malária,431490,Porto Alegre,RS,2016,4
MALA,Malária,431490,Porto Alegre,RS,2017,5
MALA,Malária,431490,Porto Alegre,RS,2018,8
MALA,Malária,431490,Porto Alegre,RS,2019,3
MALA,Malária,431490,Porto Alegre,RS,2020,8
MALA,Malária,431490,Porto Alegre,RS,2021,2
MALA,Malária,431490,Porto Alegre,RS,2022,5
MALA,Malária,431490,Porto Alegre,RS,2023,2
MALA,Malária,431490,Porto Alegre,RS,2024,5
MALA,Malária,431500,Porto Lucena,RS,2007,0
MALA,Malária,431500,Porto Lucena,RS,2008,0
MALA,Malária,431500,Porto Lucena,RS,2009,0
MALA,Malária,431500,Porto Lucena,RS,2010,1
MALA,Malária,431500,Porto Lucena,RS,2011,0
MALA,Malária,431500,Porto Lucena,RS,2012,0
MALA,Malária,431500,Porto Lucena,RS,2013,0
MALA,Malária,431500,Porto Lucena,RS,2014,0
MALA,Malária,431500,Porto Lucena,RS,2015,0
MALA,Malária,431500,Porto Lucena,RS,2016,0
MALA,Malária,431500,Porto Lucena,RS,2017,0
MALA,Malária,431500,Porto Lucena,RS,2018,0
MALA,Malária,431500,Porto Lucena,RS,2019,0
MALA,Malária,431500,Porto Lucena,RS,2020,0
MALA,Malária,431500,Porto Lucena,RS,2021,0
MALA,Malária,431500,Porto Lucena,RS,2022,0
MALA,Malária,431500,Porto Lucena,RS,2023,0
MALA,Malária,431500,Porto Lucena,RS,2024,0
MALA,Malária,431560,Rio Grande,RS,2007,0
MALA,Malária,431560,Rio Grande,RS,2008,0
MALA,Malária,431560,Rio Grande,RS,2009,1
MALA,Malária,431560,Rio Grande,RS,2010,0
MALA,Malária,431560,Rio Grande,RS,2011,0
MALA,Malária,431560,Rio Grande,RS,2012,0
MALA,Malária,431560,Rio Grande,RS,2013,0
MALA,Malária,431560,Rio Grande,RS,2014,0
MALA,Malária,431560,Rio Grande,RS,2015,0
MALA,Malária,431560,Rio Grande,RS,2016,0
MALA,Malária,431560,Rio Grande,RS,2017,1
MALA,Malária,431560,Rio Grande,RS,2018,0
MALA,Malária,431560,Rio Grande,RS,2019,0
MALA,Malária,431560,Rio Grande,RS,2020,0
MALA,Malária,431560,Rio Grande,RS,2021,0
MALA,Malária,431560,Rio Grande,RS,2022,0
MALA,Malária,431560,Rio Grande,RS,2023,0
MALA,Malária,431560,Rio Grande,RS,2024,0
MALA,Malária,431590,Rodeio Bonito,RS,2007,0
MALA,Malária,431590,Rodeio Bonito,RS,2008,0
MALA,Malária,431590,Rodeio Bonito,RS,2009,0
MALA,Malária,431590,Rodeio Bonito,RS,2010,0
MALA,Malária,431590,Rodeio Bonito,RS,2011,0
MALA,Malária,431590,Rodeio Bonito,RS,2012,0
MALA,Malária,431590,Rodeio Bonito,RS,2013,0
MALA,Malária,431590,Rodeio Bonito,RS,2014,0
MALA,Malária,431590,Rodeio Bonito,RS,2015,0
MALA,Malária,431590,Rodeio Bonito,RS,2016,0
MALA,Malária,431590,Rodeio Bonito,RS,2017,0
MALA,Malária,431590,Rodeio Bonito,RS,2018,1
MALA,Malária,431590,Rodeio Bonito,RS,2019,0
MALA,Malária,431590,Rodeio Bonito,RS,2020,0
MALA,Malária,431590,Rodeio Bonito,RS,2021,0
MALA,Malária,431590,Rodeio Bonito,RS,2022,0
MALA,Malária,431590,Rodeio Bonito,RS,2023,1
MALA,Malária,431590,Rodeio Bonito,RS,2024,0
MALA,Malária,431630,Roque Gonzales,RS,2007,0
MALA,Malária,431630,Roque Gonzales,RS,2008,1
MALA,Malária,431630,Roque Gonzales,RS,2009,0
MALA,Malária,431630,Roque Gonzales,RS,2010,0
MALA,Malária,431630,Roque Gonzales,RS,2011,0
MALA,Malária,431630,Roque Gonzales,RS,2012,0
MALA,Malária,431630,Roque Gonzales,RS,2013,0
MALA,Malária,431630,Roque Gonzales,RS,2014,0
MALA,Malária,431630,Roque Gonzales,RS,2015,0
MALA,Malária,431630,Roque Gonzales,RS,2016,0
MALA,Malária,431630,Roque Gonzales,RS,2017,0
MALA,Malária,431630,Roque Gonzales,RS,2018,0
MALA,Malária,431630,Roque Gonzales,RS,2019,0
MALA,Malária,431630,Roque Gonzales,RS,2020,0
MALA,Malária,431630,Roque Gonzales,RS,2021,0
MALA,Malária,431630,Roque Gonzales,RS,2022,0
MALA,Malária,431630,Roque Gonzales,RS,2023,0
MALA,Malária,431630,Roque Gonzales,RS,2024,0
MALA,Malária,431680,Santa Cruz do Sul,RS,2007,0
MALA,Malária,431680,Santa Cruz do Sul,RS,2008,0
MALA,Malária,431680,Santa Cruz do Sul,RS,2009,0
MALA,Malária,431680,Santa Cruz do Sul,RS,2010,0
MALA,Malária,431680,Santa Cruz do Sul,RS,2011,0
MALA,Malária,431680,Santa Cruz do Sul,RS,2012,0
MALA,Malária,431680,Santa Cruz do Sul,RS,2013,0
MALA,Malária,431680,Santa Cruz do Sul,RS,2014,0
MALA,Malária,431680,Santa Cruz do Sul,RS,2015,2
MALA,Malária,431680,Santa Cruz do Sul,RS,2016,1
MALA,Malária,431680,Santa Cruz do Sul,RS,2017,0
MALA,Malária,431680,Santa Cruz do Sul,RS,2018,0
MALA,Malária,431680,Santa Cruz do Sul,RS,2019,0
MALA,Malária,431680,Santa Cruz do Sul,RS,2020,0
MALA,Malária,431680,Santa Cruz do Sul,RS,2021,0
MALA,Malária,431680,Santa Cruz do Sul,RS,2022,0
MALA,Malária,431680,Santa Cruz do Sul,RS,2023,1
MALA,Malária,431680,Santa Cruz do Sul,RS,2024,0
MALA,Malária,431690,Santa Maria,RS,2007,0
MALA,Malária,431690,Santa Maria,RS,2008,0
MALA,Malária,431690,Santa Maria,RS,2009,2
MALA,Malária,431690,Santa Maria,RS,2010,1
MALA,Malária,431690,Santa Maria,RS,2011,0
MALA,Malária,431690,Santa Maria,RS,2012,0
MALA,Malária,431690,Santa Maria,RS,2013,1
MALA,Malária,431690,Santa Maria,RS,2014,1
MALA,Malária,431690,Santa Maria,RS,2015,0
MALA,Malária,431690,Santa Maria,RS,2016,2
MALA,Malária,431690,Santa Maria,RS,2017,1
MALA,Malária,431690,Santa Maria,RS,2018,2
MALA,Malária,431690,Santa Maria,RS,2019,0
MALA,Malária,431690,Santa Maria,RS,2020,0
MALA,Malária,431690,Santa Maria,RS,2021,1
MALA,Malária,431690,Santa Maria,RS,2022,0
MALA,Malária,431690,Santa Maria,RS,2023,1
MALA,Malária,431690,Santa Maria,RS,2024,1
MALA,Malária,431710,Sant'ana do Livramento,RS,2007,0
MALA,Malária,431710,Sant'ana do Livramento,RS,2008,0
MALA,Malária,431710,Sant'ana do Livramento,RS,2009,0
MALA,Malária,431710,Sant'ana do Livramento,RS,2010,0
MALA,Malária,431710,Sant'ana do Livramento,RS,2011,0
MALA,Malária,431710,Sant'ana do Livramento,RS,2012,0
MALA,Malária,431710,Sant'ana do Livramento,RS,2013,1
MALA,Malária,431710,Sant'ana do Livramento,RS,2014,1
MALA,Malária,431710,Sant'ana do Livramento,RS,2015,0
MALA,Malária,431710,Sant'ana do Livramento,RS,2016,0
MALA,Malária,431710,Sant'ana do Livramento,RS,2017,0
MALA,Malária,431710,Sant'ana do Livramento,RS,2018,0
MALA,Malária,431710,Sant'ana do Livramento,RS,2019,0
MALA,Malária,431710,Sant'ana do Livramento,RS,2020,0
MALA,Malária,431710,Sant'ana do Livramento,RS,2021,0
MALA,Malária,431710,Sant'ana do Livramento,RS,2022,0
MALA,Malária,431710,Sant'ana do Livramento,RS,2023,0
MALA,Malária,431710,Sant'ana do Livramento,RS,2024,0
MALA,Malária,431720,Santa Rosa,RS,2007,0
MALA,Malária,431720,Santa Rosa,RS,2008,0
MALA,Malária,431720,Santa Rosa,RS,2009,2
MALA,Malária,431720,Santa Rosa,RS,2010,0
MALA,Malária,431720,Santa Rosa,RS,2011,0
MALA,Malária,431720,Santa Rosa,RS,2012,0
MALA,Malária,431720,Santa Rosa,RS,2013,0
MALA,Malária,431720,Santa Rosa,RS,2014,0
MALA,Malária,431720,Santa Rosa,RS,2015,0
MALA,Malária,431720,Santa Rosa,RS,2016,0
MALA,Malária,431720,Santa Rosa,RS,2017,1
MALA,Malária,431720,Santa Rosa,RS,2018,0
MALA,Malária,431720,Santa Rosa,RS,2019,0
MALA,Malária,431720,Santa Rosa,RS,2020,0
MALA,Malária,431720,Santa Rosa,RS,2021,1
MALA,Malária,431720,Santa Rosa,RS,2022,0
MALA,Malária,431720,Santa Rosa,RS,2023,0
MALA,Malária,431720,Santa Rosa,RS,2024,0
MALA,Malária,431730,Santa Vitoria do Palmar,RS,2007,0
MALA,Malária,431730,Santa Vitoria do Palmar,RS,2008,0
MALA,Malária,431730,Santa Vitoria do Palmar,RS,2009,0
MALA,Malária,431730,Santa Vitoria do Palmar,RS,2010,0
MALA,Malária,431730,Santa Vitoria do Palmar,RS,2011,0
MALA,Malária,431730,Santa Vitoria do Palmar,RS,2012,0
MALA,Malária,431730,Santa Vitoria do Palmar,RS,2013,0
MALA,Malária,431730,Santa Vitoria do Palmar,RS,2014,1
MALA,Malária,431730,Santa Vitoria do Palmar,RS,2015,0
MALA,Malária,431730,Santa Vitoria do Palmar,RS,2016,0
MALA,Malária,431730,Santa Vitoria do Palmar,RS,2017,0
MALA,Malária,431730,Santa Vitoria do Palmar,RS,2018,0
MALA,Malária,431730,Santa Vitoria do Palmar,RS,2019,0
MALA,Malária,431730,Santa Vitoria do Palmar,RS,2020,0
MALA,Malária,431730,Santa Vitoria do Palmar,RS,2021,0
MALA,Malária,431730,Santa Vitoria do Palmar,RS,2022,0
MALA,Malária,431730,Santa Vitoria do Palmar,RS,2023,0
MALA,Malária,431730,Santa Vitoria do Palmar,RS,2024,0
MALA,Malária,431740,Santiago,RS,2007,0
MALA,Malária,431740,Santiago,RS,2008,0
MALA,Malária,431740,Santiago,RS,2009,0
MALA,Malária,431740,Santiago,RS,2010,0
MALA,Malária,431740,Santiago,RS,2011,0
MALA,Malária,431740,Santiago,RS,2012,0
MALA,Malária,431740,Santiago,RS,2013,1
MALA,Malária,431740,Santiago,RS,2014,0
MALA,Malária,431740,Santiago,RS,2015,0
MALA,Malária,431740,Santiago,RS,2016,0
MALA,Malária,431740,Santiago,RS,2017,0
MALA,Malária,431740,Santiago,RS,2018,0
MALA,Malária,431740,Santiago,RS,2019,0
MALA,Malária,431740,Santiago,RS,2020,0
MALA,Malária,431740,Santiago,RS,2021,0
MALA,Malária,431740,Santiago,RS,2022,0
MALA,Malária,431740,Santiago,RS,2023,0
MALA,Malária,431740,Santiago,RS,2024,0
MALA,Malária,431750,Santo Angelo,RS,2007,0
MALA,Malária,431750,Santo Angelo,RS,2008,0
MALA,Malária,431750,Santo Angelo,RS,2009,0
MALA,Malária,431750,Santo Angelo,RS,2010,0
MALA,Malária,431750,Santo Angelo,RS,2011,0
MALA,Malária,431750,Santo Angelo,RS,2012,0
MALA,Malária,431750,Santo Angelo,RS,2013,0
MALA,Malária,431750,Santo Angelo,RS,2014,0
MALA,Malária,431750,Santo Angelo,RS,2015,0
MALA,Malária,431750,Santo Angelo,RS,2016,0
MALA,Malária,431750,Santo Angelo,RS,2017,1
MALA,Malária,431750,Santo Angelo,RS,2018,1
MALA,Malária,431750,Santo Angelo,RS,2019,0
MALA,Malária,431750,Santo Angelo,RS,2020,0
MALA,Malária,431750,Santo Angelo,RS,2021,0
MALA,Malária,431750,Santo Angelo,RS,2022,0
MALA,Malária,431750,Santo Angelo,RS,2023,0
MALA,Malária,431750,Santo Angelo,RS,2024,2
MALA,Malária,431760,Santo Antonio da Patrulha,RS,2007,0
MALA,Malária,431760,Santo Antonio da Patrulha,RS,2008,1
MALA,Malária,431760,Santo Antonio da Patrulha,RS,2009,0
MALA,Malária,431760,Santo Antonio da Patrulha,RS,2010,0
MALA,Malária,431760,Santo Antonio da Patrulha,RS,2011,1
MALA,Malária,431760,Santo Antonio da Patrulha,RS,2012,0
MALA,Malária,431760,Santo Antonio da Patrulha,RS,2013,0
MALA,Malária,431760,Santo Antonio da Patrulha,RS,2014,0
MALA,Malária,431760,Santo Antonio da Patrulha,RS,2015,0
MALA,Malária,431760,Santo Antonio da Patrulha,RS,2016,0
MALA,Malária,431760,Santo Antonio da Patrulha,RS,2017,0
MALA,Malária,431760,Santo Antonio da Patrulha,RS,2018,0
MALA,Malária,431760,Santo Antonio da Patrulha,RS,2019,1
MALA,Malária,431760,Santo Antonio da Patrulha,RS,2020,0
MALA,Malária,431760,Santo Antonio da Patrulha,RS,2021,0
MALA,Malária,431760,Santo Antonio da Patrulha,RS,2022,0
MALA,Malária,431760,Santo Antonio da Patrulha,RS,2023,0
MALA,Malária,431760,Santo Antonio da Patrulha,RS,2024,0
MALA,Malária,431780,Santo Augusto,RS,2007,0
MALA,Malária,431780,Santo Augusto,RS,2008,0
MALA,Malária,431780,Santo Augusto,RS,2009,0
MALA,Malária,431780,Santo Augusto,RS,2010,1
MALA,Malária,431780,Santo Augusto,RS,2011,0
MALA,Malária,431780,Santo Augusto,RS,2012,0
MALA,Malária,431780,Santo Augusto,RS,2013,0
MALA,Malária,431780,Santo Augusto,RS,2014,0
MALA,Malária,431780,Santo Augusto,RS,2015,0
MALA,Malária,431780,Santo Augusto,RS,2016,0
MALA,Malária,431780,Santo Augusto,RS,2017,0
MALA,Malária,431780,Santo Augusto,RS,2018,1
MALA,Malária,431780,Santo Augusto,RS,2019,0
MALA,Malária,431780,Santo Augusto,RS,2020,0
MALA,Malária,431780,Santo Augusto,RS,2021,0
MALA,Malária,431780,Santo Augusto,RS,2022,0
MALA,Malária,431780,Santo Augusto,RS,2023,0
MALA,Malária,431780,Santo Augusto,RS,2024,0
MALA,Malária,431800,Sao Borja,RS,2007,1
MALA,Malária,431800,Sao Borja,RS,2008,0
MALA,Malária,431800,Sao Borja,RS,2009,0
MALA,Malária,431800,Sao Borja,RS,2010,1
MALA,Malária,431800,Sao Borja,RS,2011,0
MALA,Malária,431800,Sao Borja,RS,2012,0
MALA,Malária,431800,Sao Borja,RS,2013,0
MALA,Malária,431800,Sao Borja,RS,2014,1
MALA,Malária,431800,Sao Borja,RS,2015,0
MALA,Malária,431800,Sao Borja,RS,2016,0
MALA,Malária,431800,Sao Borja,RS,2017,0
MALA,Malária,431800,Sao Borja,RS,2018,0
MALA,Malária,431800,Sao Borja,RS,2019,0
MALA,Malária,431800,Sao Borja,RS,2020,0
MALA,Malária,431800,Sao Borja,RS,2021,0
MALA,Malária,431800,Sao Borja,RS,2022,1
MALA,Malária,431800,Sao Borja,RS,2023,1
MALA,Malária,431800,Sao Borja,RS,2024,0
MALA,Malária,431870,Sao Leopoldo,RS,2007,1
MALA,Malária,431870,Sao Leopoldo,RS,2008,0
MALA,Malária,431870,Sao Leopoldo,RS,2009,0
MALA,Malária,431870,Sao Leopoldo,RS,2010,0
MALA,Malária,431870,Sao Leopoldo,RS,2011,0
MALA,Malária,431870,Sao Leopoldo,RS,2012,0
MALA,Malária,431870,Sao Leopoldo,RS,2013,0
MALA,Malária,431870,Sao Leopoldo,RS,2014,0
MALA,Malária,431870,Sao Leopoldo,RS,2015,0
MALA,Malária,431870,Sao Leopoldo,RS,2016,0
MALA,Malária,431870,Sao Leopoldo,RS,2017,0
MALA,Malária,431870,Sao Leopoldo,RS,2018,1
MALA,Malária,431870,Sao Leopoldo,RS,2019,0
MALA,Malária,431870,Sao Leopoldo,RS,2020,0
MALA,Malária,431870,Sao Leopoldo,RS,2021,0
MALA,Malária,431870,Sao Leopoldo,RS,2022,0
MALA,Malária,431870,Sao Leopoldo,RS,2023,0
MALA,Malária,431870,Sao Leopoldo,RS,2024,1
MALA,Malária,431880,Sao Lourenco do Sul,RS,2007,0
MALA,Malária,431880,Sao Lourenco do Sul,RS,2008,0
MALA,Malária,431880,Sao Lourenco do Sul,RS,2009,0
MALA,Malária,431880,Sao Lourenco do Sul,RS,2010,0
MALA,Malária,431880,Sao Lourenco do Sul,RS,2011,0
MALA,Malária,431880,Sao Lourenco do Sul,RS,2012,0
MALA,Malária,431880,Sao Lourenco do Sul,RS,2013,0
MALA,Malária,431880,Sao Lourenco do Sul,RS,2014,0
MALA,Malária,431880,Sao Lourenco do Sul,RS,2015,0
MALA,Malária,431880,Sao Lourenco do Sul,RS,2016,0
MALA,Malária,431880,Sao Lourenco do Sul,RS,2017,0
MALA,Malária,431880,Sao Lourenco do Sul,RS,2018,0
MALA,Malária,431880,Sao Lourenco do Sul,RS,2019,0
MALA,Malária,431880,Sao Lourenco do Sul,RS,2020,0
MALA,Malária,431880,Sao Lourenco do Sul,RS,2021,1
MALA,Malária,431880,Sao Lourenco do Sul,RS,2022,0
MALA,Malária,431880,Sao Lourenco do Sul,RS,2023,0
MALA,Malária,431880,Sao Lourenco do Sul,RS,2024,0
MALA,Malária,431900,Sao Marcos,RS,2007,1
MALA,Malária,431900,Sao Marcos,RS,2008,0
MALA,Malária,431900,Sao Marcos,RS,2009,0
MALA,Malária,431900,Sao Marcos,RS,2010,0
MALA,Malária,431900,Sao Marcos,RS,2011,0
MALA,Malária,431900,Sao Marcos,RS,2012,0
MALA,Malária,431900,Sao Marcos,RS,2013,0
MALA,Malária,431900,Sao Marcos,RS,2014,0
MALA,Malária,431900,Sao Marcos,RS,2015,0
MALA,Malária,431900,Sao Marcos,RS,2016,0
MALA,Malária,431900,Sao Marcos,RS,2017,0
MALA,Malária,431900,Sao Marcos,RS,2018,0
MALA,Malária,431900,Sao Marcos,RS,2019,0
MALA,Malária,431900,Sao Marcos,RS,2020,0
MALA,Malária,431900,Sao Marcos,RS,2021,0
MALA,Malária,431900,Sao Marcos,RS,2022,0
MALA,Malária,431900,Sao Marcos,RS,2023,0
MALA,Malária,431900,Sao Marcos,RS,2024,0
MALA,Malária,431915,Sao Miguel Das Missoes,RS,2007,0
MALA,Malária,431915,Sao Miguel Das Missoes,RS,2008,0
MALA,Malária,431915,Sao Miguel Das Missoes,RS,2009,0
MALA,Malária,431915,Sao Miguel Das Missoes,RS,2010,0
MALA,Malária,431915,Sao Miguel Das Missoes,RS,2011,0
MALA,Malária,431915,Sao Miguel Das Missoes,RS,2012,0
MALA,Malária,431915,Sao Miguel Das Missoes,RS,2013,0
MALA,Malária,431915,Sao Miguel Das Missoes,RS,2014,0
MALA,Malária,431915,Sao Miguel Das Missoes,RS,2015,0
MALA,Malária,431915,Sao Miguel Das Missoes,RS,2016,1
MALA,Malária,431915,Sao Miguel Das Missoes,RS,2017,0
MALA,Malária,431915,Sao Miguel Das Missoes,RS,2018,0
MALA,Malária,431915,Sao Miguel Das Missoes,RS,2019,0
MALA,Malária,431915,Sao Miguel Das Missoes,RS,2020,0
MALA,Malária,431915,Sao Miguel Das Missoes,RS,2021,0
MALA,Malária,431915,Sao Miguel Das Missoes,RS,2022,0
MALA,Malária,431915,Sao Miguel Das Missoes,RS,2023,0
MALA,Malária,431915,Sao Miguel Das Missoes,RS,2024,0
MALA,Malária,431930,Sao Paulo Das Missoes,RS,2007,0
MALA,Malária,431930,Sao Paulo Das Missoes,RS,2008,0
MALA,Malária,431930,Sao Paulo Das Missoes,RS,2009,0
MALA,Malária,431930,Sao Paulo Das Missoes,RS,2010,1
MALA,Malária,431930,Sao Paulo Das Missoes,RS,2011,0
MALA,Malária,431930,Sao Paulo Das Missoes,RS,2012,0
MALA,Malária,431930,Sao Paulo Das Missoes,RS,2013,0
MALA,Malária,431930,Sao Paulo Das Missoes,RS,2014,0
MALA,Malária,431930,Sao Paulo Das Missoes,RS,2015,0
MALA,Malária,431930,Sao Paulo Das Missoes,RS,2016,0
MALA,Malária,431930,Sao Paulo Das Missoes,RS,2017,0
MALA,Malária,431930,Sao Paulo Das Missoes,RS,2018,0
MALA,Malária,431930,Sao Paulo Das Missoes,RS,2019,0
MALA,Malária,431930,Sao Paulo Das Missoes,RS,2020,0
MALA,Malária,431930,Sao Paulo Das Missoes,RS,2021,0
MALA,Malária,431930,Sao Paulo Das Missoes,RS,2022,0
MALA,Malária,431930,Sao Paulo Das Missoes,RS,2023,0
MALA,Malária,431930,Sao Paulo Das Missoes,RS,2024,0
MALA,Malária,431950,Sao Sebastiao do Cai,RS,2007,0
MALA,Malária,431950,Sao Sebastiao do Cai,RS,2008,0
MALA,Malária,431950,Sao Sebastiao do Cai,RS,2009,0
MALA,Malária,431950,Sao Sebastiao do Cai,RS,2010,0
MALA,Malária,431950,Sao Sebastiao do Cai,RS,2011,0
MALA,Malária,431950,Sao Sebastiao do Cai,RS,2012,0
MALA,Malária,431950,Sao Sebastiao do Cai,RS,2013,0
MALA,Malária,431950,Sao Sebastiao do Cai,RS,2014,0
MALA,Malária,431950,Sao Sebastiao do Cai,RS,2015,0
MALA,Malária,431950,Sao Sebastiao do Cai,RS,2016,0
MALA,Malária,431950,Sao Sebastiao do Cai,RS,2017,0
MALA,Malária,431950,Sao Sebastiao do Cai,RS,2018,0
MALA,Malária,431950,Sao Sebastiao do Cai,RS,2019,1
MALA,Malária,431950,Sao Sebastiao do Cai,RS,2020,0
MALA,Malária,431950,Sao Sebastiao do Cai,RS,2021,0
MALA,Malária,431950,Sao Sebastiao do Cai,RS,2022,0
MALA,Malária,431950,Sao Sebastiao do Cai,RS,2023,0
MALA,Malária,431950,Sao Sebastiao do Cai,RS,2024,0
MALA,Malária,431990,Sapiranga,RS,2007,0
MALA,Malária,431990,Sapiranga,RS,2008,0
MALA,Malária,431990,Sapiranga,RS,2009,0
MALA,Malária,431990,Sapiranga,RS,2010,0
MALA,Malária,431990,Sapiranga,RS,2011,0
MALA,Malária,431990,Sapiranga,RS,2012,1
MALA,Malária,431990,Sapiranga,RS,2013,0
MALA,Malária,431990,Sapiranga,RS,2014,0
MALA,Malária,431990,Sapiranga,RS,2015,0
MALA,Malária,431990,Sapiranga,RS,2016,0
MALA,Malária,431990,Sapiranga,RS,2017,0
MALA,Malária,431990,Sapiranga,RS,2018,0
MALA,Malária,431990,Sapiranga,RS,2019,0
MALA,Malária,431990,Sapiranga,RS,2020,0
MALA,Malária,431990,Sapiranga,RS,2021,0
MALA,Malária,431990,Sapiranga,RS,2022,0
MALA,Malária,431990,Sapiranga,RS,2023,0
MALA,Malária,431990,Sapiranga,RS,2024,0
MALA,Malária,432010,Sarandi,RS,2007,0
MALA,Malária,432010,Sarandi,RS,2008,0
MALA,Malária,432010,Sarandi,RS,2009,0
MALA,Malária,432010,Sarandi,RS,2010,1
MALA,Malária,432010,Sarandi,RS,2011,0
MALA,Malária,432010,Sarandi,RS,2012,0
MALA,Malária,432010,Sarandi,RS,2013,0
MALA,Malária,432010,Sarandi,RS,2014,0
MALA,Malária,432010,Sarandi,RS,2015,0
MALA,Malária,432010,Sarandi,RS,2016,0
MALA,Malária,432010,Sarandi,RS,2017,0
MALA,Malária,432010,Sarandi,RS,2018,0
MALA,Malária,432010,Sarandi,RS,2019,0
MALA,Malária,432010,Sarandi,RS,2020,0
MALA,Malária,432010,Sarandi,RS,2021,0
MALA,Malária,432010,Sarandi,RS,2022,0
MALA,Malária,432010,Sarandi,RS,2023,1
MALA,Malária,432010,Sarandi,RS,2024,0
MALA,Malária,432110,Tapes,RS,2007,0
MALA,Malária,432110,Tapes,RS,2008,0
MALA,Malária,432110,Tapes,RS,2009,0
MALA,Malária,432110,Tapes,RS,2010,0
MALA,Malária,432110,Tapes,RS,2011,1
MALA,Malária,432110,Tapes,RS,2012,0
MALA,Malária,432110,Tapes,RS,2013,0
MALA,Malária,432110,Tapes,RS,2014,0
MALA,Malária,432110,Tapes,RS,2015,0
MALA,Malária,432110,Tapes,RS,2016,0
MALA,Malária,432110,Tapes,RS,2017,0
MALA,Malária,432110,Tapes,RS,2018,0
MALA,Malária,432110,Tapes,RS,2019,0
MALA,Malária,432110,Tapes,RS,2020,0
MALA,Malária,432110,Tapes,RS,2021,0
MALA,Malária,432110,Tapes,RS,2022,0
MALA,Malária,432110,Tapes,RS,2023,0
MALA,Malária,432110,Tapes,RS,2024,0
MALA,Malária,432140,Tenente Portela,RS,2007,0
MALA,Malária,432140,Tenente Portela,RS,2008,0
MALA,Malária,432140,Tenente Portela,RS,2009,0
MALA,Malária,432140,Tenente Portela,RS,2010,0
MALA,Malária,432140,Tenente Portela,RS,2011,0
MALA,Malária,432140,Tenente Portela,RS,2012,0
MALA,Malária,432140,Tenente Portela,RS,2013,0
MALA,Malária,432140,Tenente Portela,RS,2014,1
MALA,Malária,432140,Tenente Portela,RS,2015,0
MALA,Malária,432140,Tenente Portela,RS,2016,0
MALA,Malária,432140,Tenente Portela,RS,2017,0
MALA,Malária,432140,Tenente Portela,RS,2018,0
MALA,Malária,432140,Tenente Portela,RS,2019,0
MALA,Malária,432140,Tenente Portela,RS,2020,0
MALA,Malária,432140,Tenente Portela,RS,2021,0
MALA,Malária,432140,Tenente Portela,RS,2022,0
MALA,Malária,432140,Tenente Portela,RS,2023,0
MALA,Malária,432140,Tenente Portela,RS,2024,0
MALA,Malária,432150,Torres,RS,2007,0
MALA,Malária,432150,Torres,RS,2008,0
MALA,Malária,432150,Torres,RS,2009,0
MALA,Malária,432150,Torres,RS,2010,1
MALA,Malária,432150,Torres,RS,2011,0
MALA,Malária,432150,Torres,RS,2012,0
MALA,Malária,432150,Torres,RS,2013,0
MALA,Malária,432150,Torres,RS,2014,1
MALA,Malária,432150,Torres,RS,2015,0
MALA,Malária,432150,Torres,RS,2016,0
MALA,Malária,432150,Torres,RS,2017,0
MALA,Malária,432150,Torres,RS,2018,0
MALA,Malária,432150,Torres,RS,2019,0
MALA,Malária,432150,Torres,RS,2020,0
MALA,Malária,432150,Torres,RS,2021,0
MALA,Malária,432150,Torres,RS,2022,0
MALA,Malária,432150,Torres,RS,2023,0
MALA,Malária,432150,Torres,RS,2024,1
MALA,Malária,432190,Tres Passos,RS,2007,0
MALA,Malária,432190,Tres Passos,RS,2008,0
MALA,Malária,432190,Tres Passos,RS,2009,0
MALA,Malária,432190,Tres Passos,RS,2010,0
MALA,Malária,432190,Tres Passos,RS,2011,0
MALA,Malária,432190,Tres Passos,RS,2012,0
MALA,Malária,432190,Tres Passos,RS,2013,0
MALA,Malária,432190,Tres Passos,RS,2014,0
MALA,Malária,432190,Tres Passos,RS,2015,0
MALA,Malária,432190,Tres Passos,RS,2016,0
MALA,Malária,432190,Tres Passos,RS,2017,0
MALA,Malária,432190,Tres Passos,RS,2018,0
MALA,Malária,432190,Tres Passos,RS,2019,0
MALA,Malária,432190,Tres Passos,RS,2020,0
MALA,Malária,432190,Tres Passos,RS,2021,0
MALA,Malária,432190,Tres Passos,RS,2022,0
MALA,Malária,432190,Tres Passos,RS,2023,2
MALA,Malária,432190,Tres Passos,RS,2024,0
MALA,Malária,432230,Tuparendi,RS,2007,0
MALA,Malária,432230,Tuparendi,RS,2008,0
MALA,Malária,432230,Tuparendi,RS,2009,0
MALA,Malária,432230,Tuparendi,RS,2010,0
MALA,Malária,432230,Tuparendi,RS,2011,0
MALA,Malária,432230,Tuparendi,RS,2012,1
MALA,Malária,432230,Tuparendi,RS,2013,1
MALA,Malária,432230,Tuparendi,RS,2014,0
MALA,Malária,432230,Tuparendi,RS,2015,0
MALA,Malária,432230,Tuparendi,RS,2016,0
MALA,Malária,432230,Tuparendi,RS,2017,0
MALA,Malária,432230,Tuparendi,RS,2018,0
MALA,Malária,432230,Tuparendi,RS,2019,0
MALA,Malária,432230,Tuparendi,RS,2020,0
MALA,Malária,432230,Tuparendi,RS,2021,0
MALA,Malária,432230,Tuparendi,RS,2022,0
MALA,Malária,432230,Tuparendi,RS,2023,0
MALA,Malária,432230,Tuparendi,RS,2024,0
MALA,Malária,432240,Uruguaiana,RS,2007,0
MALA,Malária,432240,Uruguaiana,RS,2008,0
MALA,Malária,432240,Uruguaiana,RS,2009,0
MALA,Malária,432240,Uruguaiana,RS,2010,0
MALA,Malária,432240,Uruguaiana,RS,2011,0
MALA,Malária,432240,Uruguaiana,RS,2012,0
MALA,Malária,432240,Uruguaiana,RS,2013,1
MALA,Malária,432240,Uruguaiana,RS,2014,0
MALA,Malária,432240,Uruguaiana,RS,2015,0
MALA,Malária,432240,Uruguaiana,RS,2016,0
MALA,Malária,432240,Uruguaiana,RS,2017,0
MALA,Malária,432240,Uruguaiana,RS,2018,0
MALA,Malária,432240,Uruguaiana,RS,2019,0
MALA,Malária,432240,Uruguaiana,RS,2020,0
MALA,Malária,432240,Uruguaiana,RS,2021,0
MALA,Malária,432240,Uruguaiana,RS,2022,0
MALA,Malária,432240,Uruguaiana,RS,2023,0
MALA,Malária,432240,Uruguaiana,RS,2024,0
MALA,Malária,432250,Vacaria,RS,2007,0
MALA,Malária,432250,Vacaria,RS,2008,0
MALA,Malária,432250,Vacaria,RS,2009,0
MALA,Malária,432250,Vacaria,RS,2010,0
MALA,Malária,432250,Vacaria,RS,2011,0
MALA,Malária,432250,Vacaria,RS,2012,0
MALA,Malária,432250,Vacaria,RS,2013,0
MALA,Malária,432250,Vacaria,RS,2014,1
MALA,Malária,432250,Vacaria,RS,2015,0
MALA,Malária,432250,Vacaria,RS,2016,0
MALA,Malária,432250,Vacaria,RS,2017,0
MALA,Malária,432250,Vacaria,RS,2018,0
MALA,Malária,432250,Vacaria,RS,2019,0
MALA,Malária,432250,Vacaria,RS,2020,0
MALA,Malária,432250,Vacaria,RS,2021,0
MALA,Malária,432250,Vacaria,RS,2022,0
MALA,Malária,432250,Vacaria,RS,2023,0
MALA,Malária,432250,Vacaria,RS,2024,0
MALA,Malária,432260,Venancio Aires,RS,2007,0
MALA,Malária,432260,Venancio Aires,RS,2008,0
MALA,Malária,432260,Venancio Aires,RS,2009,0
MALA,Malária,432260,Venancio Aires,RS,2010,0
MALA,Malária,432260,Venancio Aires,RS,2011,0
MALA,Malária,432260,Venancio Aires,RS,2012,0
MALA,Malária,432260,Venancio Aires,RS,2013,0
MALA,Malária,432260,Venancio Aires,RS,2014,1
MALA,Malária,432260,Venancio Aires,RS,2015,0
MALA,Malária,432260,Venancio Aires,RS,2016,0
MALA,Malária,432260,Venancio Aires,RS,2017,0
MALA,Malária,432260,Venancio Aires,RS,2018,0
MALA,Malária,432260,Venancio Aires,RS,2019,0
MALA,Malária,432260,Venancio Aires,RS,2020,0
MALA,Malária,432260,Venancio Aires,RS,2021,1
MALA,Malária,432260,Venancio Aires,RS,2022,0
MALA,Malária,432260,Venancio Aires,RS,2023,0
MALA,Malária,432260,Venancio Aires,RS,2024,0
MALA,Malária,432360,Vista Alegre do Prata,RS,2007,0
MALA,Malária,432360,Vista Alegre do Prata,RS,2008,0
MALA,Malária,432360,Vista Alegre do Prata,RS,2009,0
MALA,Malária,432360,Vista Alegre do Prata,RS,2010,0
MALA,Malária,432360,Vista Alegre do Prata,RS,2011,0
MALA,Malária,432360,Vista Alegre do Prata,RS,2012,0
MALA,Malária,432360,Vista Alegre do Prata,RS,2013,0
MALA,Malária,432360,Vista Alegre do Prata,RS,2014,0
MALA,Malária,432360,Vista Alegre do Prata,RS,2015,0
MALA,Malária,432360,Vista Alegre do Prata,RS,2016,0
MALA,Malária,432360,Vista Alegre do Prata,RS,2017,0
MALA,Malária,432360,Vista Alegre do Prata,RS,2018,0
MALA,Malária,432360,Vista Alegre do Prata,RS,2019,0
MALA,Malária,432360,Vista Alegre do Prata,RS,2020,0
MALA,Malária,432360,Vista Alegre do Prata,RS,2021,0
MALA,Malária,432360,Vista Alegre do Prata,RS,2022,0
MALA,Malária,432360,Vista Alegre do Prata,RS,2023,0
MALA,Malária,432360,Vista Alegre do Prata,RS,2024,1
MALA,Malária,420010,Abelardo Luz,SC,2007,1
MALA,Malária,420010,Abelardo Luz,SC,2008,0
MALA,Malária,420010,Abelardo Luz,SC,2009,0
MALA,Malária,420010,Abelardo Luz,SC,2010,0
MALA,Malária,420010,Abelardo Luz,SC,2011,0
MALA,Malária,420010,Abelardo Luz,SC,2012,0
MALA,Malária,420010,Abelardo Luz,SC,2013,0
MALA,Malária,420010,Abelardo Luz,SC,2014,0
MALA,Malária,420010,Abelardo Luz,SC,2015,0
MALA,Malária,420010,Abelardo Luz,SC,2016,0
MALA,Malária,420010,Abelardo Luz,SC,2017,0
MALA,Malária,420010,Abelardo Luz,SC,2018,0
MALA,Malária,420010,Abelardo Luz,SC,2019,0
MALA,Malária,420010,Abelardo Luz,SC,2020,0
MALA,Malária,420010,Abelardo Luz,SC,2021,0
MALA,Malária,420010,Abelardo Luz,SC,2022,0
MALA,Malária,420010,Abelardo Luz,SC,2023,0
MALA,Malária,420010,Abelardo Luz,SC,2024,0
MALA,Malária,420030,Agronomica,SC,2007,1
MALA,Malária,420030,Agronomica,SC,2008,0
MALA,Malária,420030,Agronomica,SC,2009,0
MALA,Malária,420030,Agronomica,SC,2010,0
MALA,Malária,420030,Agronomica,SC,2011,0
MALA,Malária,420030,Agronomica,SC,2012,0
MALA,Malária,420030,Agronomica,SC,2013,0
MALA,Malária,420030,Agronomica,SC,2014,0
MALA,Malária,420030,Agronomica,SC,2015,0
MALA,Malária,420030,Agronomica,SC,2016,0
MALA,Malária,420030,Agronomica,SC,2017,0
MALA,Malária,420030,Agronomica,SC,2018,0
MALA,Malária,420030,Agronomica,SC,2019,0
MALA,Malária,420030,Agronomica,SC,2020,0
MALA,Malária,420030,Agronomica,SC,2021,0
MALA,Malária,420030,Agronomica,SC,2022,0
MALA,Malária,420030,Agronomica,SC,2023,0
MALA,Malária,420030,Agronomica,SC,2024,0
MALA,Malária,420050,Aguas de Chapeco,SC,2007,0
MALA,Malária,420050,Aguas de Chapeco,SC,2008,1
MALA,Malária,420050,Aguas de Chapeco,SC,2009,0
MALA,Malária,420050,Aguas de Chapeco,SC,2010,3
MALA,Malária,420050,Aguas de Chapeco,SC,2011,0
MALA,Malária,420050,Aguas de Chapeco,SC,2012,0
MALA,Malária,420050,Aguas de Chapeco,SC,2013,0
MALA,Malária,420050,Aguas de Chapeco,SC,2014,0
MALA,Malária,420050,Aguas de Chapeco,SC,2015,0
MALA,Malária,420050,Aguas de Chapeco,SC,2016,0
MALA,Malária,420050,Aguas de Chapeco,SC,2017,0
MALA,Malária,420050,Aguas de Chapeco,SC,2018,0
MALA,Malária,420050,Aguas de Chapeco,SC,2019,0
MALA,Malária,420050,Aguas de Chapeco,SC,2020,0
MALA,Malária,420050,Aguas de Chapeco,SC,2021,0
MALA,Malária,420050,Aguas de Chapeco,SC,2022,0
MALA,Malária,420050,Aguas de Chapeco,SC,2023,0
MALA,Malária,420050,Aguas de Chapeco,SC,2024,0
MALA,Malária,420080,Anchieta,SC,2007,0
MALA,Malária,420080,Anchieta,SC,2008,0
MALA,Malária,420080,Anchieta,SC,2009,1
MALA,Malária,420080,Anchieta,SC,2010,0
MALA,Malária,420080,Anchieta,SC,2011,0
MALA,Malária,420080,Anchieta,SC,2012,0
MALA,Malária,420080,Anchieta,SC,2013,0
MALA,Malária,420080,Anchieta,SC,2014,0
MALA,Malária,420080,Anchieta,SC,2015,0
MALA,Malária,420080,Anchieta,SC,2016,0
MALA,Malária,420080,Anchieta,SC,2017,0
MALA,Malária,420080,Anchieta,SC,2018,0
MALA,Malária,420080,Anchieta,SC,2019,0
MALA,Malária,420080,Anchieta,SC,2020,0
MALA,Malária,420080,Anchieta,SC,2021,0
MALA,Malária,420080,Anchieta,SC,2022,0
MALA,Malária,420080,Anchieta,SC,2023,0
MALA,Malária,420080,Anchieta,SC,2024,0
MALA,Malária,420140,Ararangua,SC,2007,0
MALA,Malária,420140,Ararangua,SC,2008,0
MALA,Malária,420140,Ararangua,SC,2009,0
MALA,Malária,420140,Ararangua,SC,2010,0
MALA,Malária,420140,Ararangua,SC,2011,0
MALA,Malária,420140,Ararangua,SC,2012,0
MALA,Malária,420140,Ararangua,SC,2013,0
MALA,Malária,420140,Ararangua,SC,2014,0
MALA,Malária,420140,Ararangua,SC,2015,0
MALA,Malária,420140,Ararangua,SC,2016,1
MALA,Malária,420140,Ararangua,SC,2017,0
MALA,Malária,420140,Ararangua,SC,2018,0
MALA,Malária,420140,Ararangua,SC,2019,1
MALA,Malária,420140,Ararangua,SC,2020,0
MALA,Malária,420140,Ararangua,SC,2021,0
MALA,Malária,420140,Ararangua,SC,2022,1
MALA,Malária,420140,Ararangua,SC,2023,0
MALA,Malária,420140,Ararangua,SC,2024,0
MALA,Malária,420200,Balneario Camboriu,SC,2007,1
MALA,Malária,420200,Balneario Camboriu,SC,2008,0
MALA,Malária,420200,Balneario Camboriu,SC,2009,0
MALA,Malária,420200,Balneario Camboriu,SC,2010,0
MALA,Malária,420200,Balneario Camboriu,SC,2011,1
MALA,Malária,420200,Balneario Camboriu,SC,2012,0
MALA,Malária,420200,Balneario Camboriu,SC,2013,0
MALA,Malária,420200,Balneario Camboriu,SC,2014,0
MALA,Malária,420200,Balneario Camboriu,SC,2015,1
MALA,Malária,420200,Balneario Camboriu,SC,2016,0
MALA,Malária,420200,Balneario Camboriu,SC,2017,0
MALA,Malária,420200,Balneario Camboriu,SC,2018,0
MALA,Malária,420200,Balneario Camboriu,SC,2019,1
MALA,Malária,420200,Balneario Camboriu,SC,2020,3
MALA,Malária,420200,Balneario Camboriu,SC,2021,2
MALA,Malária,420200,Balneario Camboriu,SC,2022,0
MALA,Malária,420200,Balneario Camboriu,SC,2023,0
MALA,Malária,420200,Balneario Camboriu,SC,2024,1
MALA,Malária,420230,Biguacu,SC,2007,0
MALA,Malária,420230,Biguacu,SC,2008,0
MALA,Malária,420230,Biguacu,SC,2009,0
MALA,Malária,420230,Biguacu,SC,2010,0
MALA,Malária,420230,Biguacu,SC,2011,0
MALA,Malária,420230,Biguacu,SC,2012,0
MALA,Malária,420230,Biguacu,SC,2013,0
MALA,Malária,420230,Biguacu,SC,2014,0
MALA,Malária,420230,Biguacu,SC,2015,0
MALA,Malária,420230,Biguacu,SC,2016,0
MALA,Malária,420230,Biguacu,SC,2017,0
MALA,Malária,420230,Biguacu,SC,2018,0
MALA,Malária,420230,Biguacu,SC,2019,0
MALA,Malária,420230,Biguacu,SC,2020,0
MALA,Malária,420230,Biguacu,SC,2021,0
MALA,Malária,420230,Biguacu,SC,2022,0
MALA,Malária,420230,Biguacu,SC,2023,0
MALA,Malária,420230,Biguacu,SC,2024,1
MALA,Malária,420240,Blumenau,SC,2007,0
MALA,Malária,420240,Blumenau,SC,2008,1
MALA,Malária,420240,Blumenau,SC,2009,1
MALA,Malária,420240,Blumenau,SC,2010,5
MALA,Malária,420240,Blumenau,SC,2011,0
MALA,Malária,420240,Blumenau,SC,2012,2
MALA,Malária,420240,Blumenau,SC,2013,2
MALA,Malária,420240,Blumenau,SC,2014,1
MALA,Malária,420240,Blumenau,SC,2015,1
MALA,Malária,420240,Blumenau,SC,2016,0
MALA,Malária,420240,Blumenau,SC,2017,1
MALA,Malária,420240,Blumenau,SC,2018,0
MALA,Malária,420240,Blumenau,SC,2019,4
MALA,Malária,420240,Blumenau,SC,2020,1
MALA,Malária,420240,Blumenau,SC,2021,4
MALA,Malária,420240,Blumenau,SC,2022,0
MALA,Malária,420240,Blumenau,SC,2023,2
MALA,Malária,420240,Blumenau,SC,2024,0
MALA,Malária,420245,Bombinhas,SC,2007,0
MALA,Malária,420245,Bombinhas,SC,2008,0
MALA,Malária,420245,Bombinhas,SC,2009,0
MALA,Malária,420245,Bombinhas,SC,2010,0
MALA,Malária,420245,Bombinhas,SC,2011,0
MALA,Malária,420245,Bombinhas,SC,2012,0
MALA,Malária,420245,Bombinhas,SC,2013,0
MALA,Malária,420245,Bombinhas,SC,2014,0
MALA,Malária,420245,Bombinhas,SC,2015,0
MALA,Malária,420245,Bombinhas,SC,2016,0
MALA,Malária,420245,Bombinhas,SC,2017,0
MALA,Malária,420245,Bombinhas,SC,2018,0
MALA,Malária,420245,Bombinhas,SC,2019,0
MALA,Malária,420245,Bombinhas,SC,2020,1
MALA,Malária,420245,Bombinhas,SC,2021,0
MALA,Malária,420245,Bombinhas,SC,2022,1
MALA,Malária,420245,Bombinhas,SC,2023,0
MALA,Malária,420245,Bombinhas,SC,2024,0
MALA,Malária,420280,Braco do Norte,SC,2007,4
MALA,Malária,420280,Braco do Norte,SC,2008,0
MALA,Malária,420280,Braco do Norte,SC,2009,0
MALA,Malária,420280,Braco do Norte,SC,2010,0
MALA,Malária,420280,Braco do Norte,SC,2011,0
MALA,Malária,420280,Braco do Norte,SC,2012,0
MALA,Malária,420280,Braco do Norte,SC,2013,0
MALA,Malária,420280,Braco do Norte,SC,2014,0
MALA,Malária,420280,Braco do Norte,SC,2015,0
MALA,Malária,420280,Braco do Norte,SC,2016,0
MALA,Malária,420280,Braco do Norte,SC,2017,0
MALA,Malária,420280,Braco do Norte,SC,2018,0
MALA,Malária,420280,Braco do Norte,SC,2019,0
MALA,Malária,420280,Braco do Norte,SC,2020,0
MALA,Malária,420280,Braco do Norte,SC,2021,0
MALA,Malária,420280,Braco do Norte,SC,2022,1
MALA,Malária,420280,Braco do Norte,SC,2023,0
MALA,Malária,420280,Braco do Norte,SC,2024,0
MALA,Malária,420290,Brusque,SC,2007,0
MALA,Malária,420290,Brusque,SC,2008,0
MALA,Malária,420290,Brusque,SC,2009,0
MALA,Malária,420290,Brusque,SC,2010,0
MALA,Malária,420290,Brusque,SC,2011,0
MALA,Malária,420290,Brusque,SC,2012,1
MALA,Malária,420290,Brusque,SC,2013,1
MALA,Malária,420290,Brusque,SC,2014,0
MALA,Malária,420290,Brusque,SC,2015,0
MALA,Malária,420290,Brusque,SC,2016,0
MALA,Malária,420290,Brusque,SC,2017,0
MALA,Malária,420290,Brusque,SC,2018,0
MALA,Malária,420290,Brusque,SC,2019,2
MALA,Malária,420290,Brusque,SC,2020,1
MALA,Malária,420290,Brusque,SC,2021,2
MALA,Malária,420290,Brusque,SC,2022,4
MALA,Malária,420290,Brusque,SC,2023,1
MALA,Malária,420290,Brusque,SC,2024,0
MALA,Malária,420300,Cacador,SC,2007,0
MALA,Malária,420300,Cacador,SC,2008,0
MALA,Malária,420300,Cacador,SC,2009,0
MALA,Malária,420300,Cacador,SC,2010,0
MALA,Malária,420300,Cacador,SC,2011,0
MALA,Malária,420300,Cacador,SC,2012,2
MALA,Malária,420300,Cacador,SC,2013,0
MALA,Malária,420300,Cacador,SC,2014,0
MALA,Malária,420300,Cacador,SC,2015,0
MALA,Malária,420300,Cacador,SC,2016,0
MALA,Malária,420300,Cacador,SC,2017,0
MALA,Malária,420300,Cacador,SC,2018,0
MALA,Malária,420300,Cacador,SC,2019,0
MALA,Malária,420300,Cacador,SC,2020,0
MALA,Malária,420300,Cacador,SC,2021,0
MALA,Malária,420300,Cacador,SC,2022,0
MALA,Malária,420300,Cacador,SC,2023,2
MALA,Malária,420300,Cacador,SC,2024,0
MALA,Malária,420310,Caibi,SC,2007,0
MALA,Malária,420310,Caibi,SC,2008,0
MALA,Malária,420310,Caibi,SC,2009,0
MALA,Malária,420310,Caibi,SC,2010,0
MALA,Malária,420310,Caibi,SC,2011,0
MALA,Malária,420310,Caibi,SC,2012,0
MALA,Malária,420310,Caibi,SC,2013,1
MALA,Malária,420310,Caibi,SC,2014,0
MALA,Malária,420310,Caibi,SC,2015,0
MALA,Malária,420310,Caibi,SC,2016,0
MALA,Malária,420310,Caibi,SC,2017,0
MALA,Malária,420310,Caibi,SC,2018,0
MALA,Malária,420310,Caibi,SC,2019,0
MALA,Malária,420310,Caibi,SC,2020,0
MALA,Malária,420310,Caibi,SC,2021,0
MALA,Malária,420310,Caibi,SC,2022,0
MALA,Malária,420310,Caibi,SC,2023,0
MALA,Malária,420310,Caibi,SC,2024,0
MALA,Malária,420320,Camboriu,SC,2007,0
MALA,Malária,420320,Camboriu,SC,2008,1
MALA,Malária,420320,Camboriu,SC,2009,0
MALA,Malária,420320,Camboriu,SC,2010,0
MALA,Malária,420320,Camboriu,SC,2011,0
MALA,Malária,420320,Camboriu,SC,2012,2
MALA,Malária,420320,Camboriu,SC,2013,0
MALA,Malária,420320,Camboriu,SC,2014,0
MALA,Malária,420320,Camboriu,SC,2015,0
MALA,Malária,420320,Camboriu,SC,2016,0
MALA,Malária,420320,Camboriu,SC,2017,0
MALA,Malária,420320,Camboriu,SC,2018,0
MALA,Malária,420320,Camboriu,SC,2019,0
MALA,Malária,420320,Camboriu,SC,2020,0
MALA,Malária,420320,Camboriu,SC,2021,1
MALA,Malária,420320,Camboriu,SC,2022,0
MALA,Malária,420320,Camboriu,SC,2023,0
MALA,Malária,420320,Camboriu,SC,2024,0
MALA,Malária,420350,Campo Ere,SC,2007,0
MALA,Malária,420350,Campo Ere,SC,2008,0
MALA,Malária,420350,Campo Ere,SC,2009,0
MALA,Malária,420350,Campo Ere,SC,2010,0
MALA,Malária,420350,Campo Ere,SC,2011,0
MALA,Malária,420350,Campo Ere,SC,2012,0
MALA,Malária,420350,Campo Ere,SC,2013,0
MALA,Malária,420350,Campo Ere,SC,2014,1
MALA,Malária,420350,Campo Ere,SC,2015,0
MALA,Malária,420350,Campo Ere,SC,2016,0
MALA,Malária,420350,Campo Ere,SC,2017,0
MALA,Malária,420350,Campo Ere,SC,2018,0
MALA,Malária,420350,Campo Ere,SC,2019,0
MALA,Malária,420350,Campo Ere,SC,2020,0
MALA,Malária,420350,Campo Ere,SC,2021,0
MALA,Malária,420350,Campo Ere,SC,2022,0
MALA,Malária,420350,Campo Ere,SC,2023,0
MALA,Malária,420350,Campo Ere,SC,2024,0
MALA,Malária,420360,Campos Novos,SC,2007,0
MALA,Malária,420360,Campos Novos,SC,2008,0
MALA,Malária,420360,Campos Novos,SC,2009,0
MALA,Malária,420360,Campos Novos,SC,2010,0
MALA,Malária,420360,Campos Novos,SC,2011,0
MALA,Malária,420360,Campos Novos,SC,2012,2
MALA,Malária,420360,Campos Novos,SC,2013,0
MALA,Malária,420360,Campos Novos,SC,2014,0
MALA,Malária,420360,Campos Novos,SC,2015,0
MALA,Malária,420360,Campos Novos,SC,2016,0
MALA,Malária,420360,Campos Novos,SC,2017,0
MALA,Malária,420360,Campos Novos,SC,2018,0
MALA,Malária,420360,Campos Novos,SC,2019,0
MALA,Malária,420360,Campos Novos,SC,2020,0
MALA,Malária,420360,Campos Novos,SC,2021,0
MALA,Malária,420360,Campos Novos,SC,2022,0
MALA,Malária,420360,Campos Novos,SC,2023,0
MALA,Malária,420360,Campos Novos,SC,2024,1
MALA,Malária,420380,Canoinhas,SC,2007,0
MALA,Malária,420380,Canoinhas,SC,2008,1
MALA,Malária,420380,Canoinhas,SC,2009,0
MALA,Malária,420380,Canoinhas,SC,2010,0
MALA,Malária,420380,Canoinhas,SC,2011,0
MALA,Malária,420380,Canoinhas,SC,2012,0
MALA,Malária,420380,Canoinhas,SC,2013,0
MALA,Malária,420380,Canoinhas,SC,2014,1
MALA,Malária,420380,Canoinhas,SC,2015,0
MALA,Malária,420380,Canoinhas,SC,2016,0
MALA,Malária,420380,Canoinhas,SC,2017,0
MALA,Malária,420380,Canoinhas,SC,2018,0
MALA,Malária,420380,Canoinhas,SC,2019,0
MALA,Malária,420380,Canoinhas,SC,2020,0
MALA,Malária,420380,Canoinhas,SC,2021,0
MALA,Malária,420380,Canoinhas,SC,2022,0
MALA,Malária,420380,Canoinhas,SC,2023,0
MALA,Malária,420380,Canoinhas,SC,2024,0
MALA,Malária,420390,Capinzal,SC,2007,1
MALA,Malária,420390,Capinzal,SC,2008,0
MALA,Malária,420390,Capinzal,SC,2009,0
MALA,Malária,420390,Capinzal,SC,2010,0
MALA,Malária,420390,Capinzal,SC,2011,0
MALA,Malária,420390,Capinzal,SC,2012,0
MALA,Malária,420390,Capinzal,SC,2013,0
MALA,Malária,420390,Capinzal,SC,2014,0
MALA,Malária,420390,Capinzal,SC,2015,0
MALA,Malária,420390,Capinzal,SC,2016,0
MALA,Malária,420390,Capinzal,SC,2017,0
MALA,Malária,420390,Capinzal,SC,2018,0
MALA,Malária,420390,Capinzal,SC,2019,0
MALA,Malária,420390,Capinzal,SC,2020,0
MALA,Malária,420390,Capinzal,SC,2021,0
MALA,Malária,420390,Capinzal,SC,2022,0
MALA,Malária,420390,Capinzal,SC,2023,0
MALA,Malária,420390,Capinzal,SC,2024,2
MALA,Malária,420420,Chapeco,SC,2007,4
MALA,Malária,420420,Chapeco,SC,2008,0
MALA,Malária,420420,Chapeco,SC,2009,0
MALA,Malária,420420,Chapeco,SC,2010,3
MALA,Malária,420420,Chapeco,SC,2011,1
MALA,Malária,420420,Chapeco,SC,2012,1
MALA,Malária,420420,Chapeco,SC,2013,4
MALA,Malária,420420,Chapeco,SC,2014,0
MALA,Malária,420420,Chapeco,SC,2015,0
MALA,Malária,420420,Chapeco,SC,2016,0
MALA,Malária,420420,Chapeco,SC,2017,1
MALA,Malária,420420,Chapeco,SC,2018,2
MALA,Malária,420420,Chapeco,SC,2019,1
MALA,Malária,420420,Chapeco,SC,2020,0
MALA,Malária,420420,Chapeco,SC,2021,0
MALA,Malária,420420,Chapeco,SC,2022,1
MALA,Malária,420420,Chapeco,SC,2023,4
MALA,Malária,420420,Chapeco,SC,2024,3
MALA,Malária,420430,Concordia,SC,2007,2
MALA,Malária,420430,Concordia,SC,2008,3
MALA,Malária,420430,Concordia,SC,2009,1
MALA,Malária,420430,Concordia,SC,2010,3
MALA,Malária,420430,Concordia,SC,2011,1
MALA,Malária,420430,Concordia,SC,2012,0
MALA,Malária,420430,Concordia,SC,2013,0
MALA,Malária,420430,Concordia,SC,2014,0
MALA,Malária,420430,Concordia,SC,2015,1
MALA,Malária,420430,Concordia,SC,2016,0
MALA,Malária,420430,Concordia,SC,2017,0
MALA,Malária,420430,Concordia,SC,2018,0
MALA,Malária,420430,Concordia,SC,2019,1
MALA,Malária,420430,Concordia,SC,2020,2
MALA,Malária,420430,Concordia,SC,2021,1
MALA,Malária,420430,Concordia,SC,2022,2
MALA,Malária,420430,Concordia,SC,2023,0
MALA,Malária,420430,Concordia,SC,2024,1
MALA,Malária,420440,Coronel Freitas,SC,2007,0
MALA,Malária,420440,Coronel Freitas,SC,2008,0
MALA,Malária,420440,Coronel Freitas,SC,2009,0
MALA,Malária,420440,Coronel Freitas,SC,2010,0
MALA,Malária,420440,Coronel Freitas,SC,2011,0
MALA,Malária,420440,Coronel Freitas,SC,2012,0
MALA,Malária,420440,Coronel Freitas,SC,2013,1
MALA,Malária,420440,Coronel Freitas,SC,2014,0
MALA,Malária,420440,Coronel Freitas,SC,2015,0
MALA,Malária,420440,Coronel Freitas,SC,2016,0
MALA,Malária,420440,Coronel Freitas,SC,2017,0
MALA,Malária,420440,Coronel Freitas,SC,2018,0
MALA,Malária,420440,Coronel Freitas,SC,2019,0
MALA,Malária,420440,Coronel Freitas,SC,2020,0
MALA,Malária,420440,Coronel Freitas,SC,2021,0
MALA,Malária,420440,Coronel Freitas,SC,2022,0
MALA,Malária,420440,Coronel Freitas,SC,2023,0
MALA,Malária,420440,Coronel Freitas,SC,2024,2
MALA,Malária,420460,Criciuma,SC,2007,1
MALA,Malária,420460,Criciuma,SC,2008,0
MALA,Malária,420460,Criciuma,SC,2009,0
MALA,Malária,420460,Criciuma,SC,2010,0
MALA,Malária,420460,Criciuma,SC,2011,1
MALA,Malária,420460,Criciuma,SC,2012,1
MALA,Malária,420460,Criciuma,SC,2013,1
MALA,Malária,420460,Criciuma,SC,2014,1
MALA,Malária,420460,Criciuma,SC,2015,0
MALA,Malária,420460,Criciuma,SC,2016,3
MALA,Malária,420460,Criciuma,SC,2017,1
MALA,Malária,420460,Criciuma,SC,2018,1
MALA,Malária,420460,Criciuma,SC,2019,2
MALA,Malária,420460,Criciuma,SC,2020,0
MALA,Malária,420460,Criciuma,SC,2021,1
MALA,Malária,420460,Criciuma,SC,2022,0
MALA,Malária,420460,Criciuma,SC,2023,0
MALA,Malária,420460,Criciuma,SC,2024,1
MALA,Malária,420470,Cunha Pora,SC,2007,1
MALA,Malária,420470,Cunha Pora,SC,2008,0
MALA,Malária,420470,Cunha Pora,SC,2009,1
MALA,Malária,420470,Cunha Pora,SC,2010,0
MALA,Malária,420470,Cunha Pora,SC,2011,0
MALA,Malária,420470,Cunha Pora,SC,2012,0
MALA,Malária,420470,Cunha Pora,SC,2013,0
MALA,Malária,420470,Cunha Pora,SC,2014,0
MALA,Malária,420470,Cunha Pora,SC,2015,0
MALA,Malária,420470,Cunha Pora,SC,2016,0
MALA,Malária,420470,Cunha Pora,SC,2017,0
MALA,Malária,420470,Cunha Pora,SC,2018,0
MALA,Malária,420470,Cunha Pora,SC,2019,0
MALA,Malária,420470,Cunha Pora,SC,2020,0
MALA,Malária,420470,Cunha Pora,SC,2021,0
MALA,Malária,420470,Cunha Pora,SC,2022,0
MALA,Malária,420470,Cunha Pora,SC,2023,0
MALA,Malária,420470,Cunha Pora,SC,2024,0
MALA,Malária,420540,Florianopolis,SC,2007,4
MALA,Malária,420540,Florianopolis,SC,2008,2
MALA,Malária,420540,Florianopolis,SC,2009,2
MALA,Malária,420540,Florianopolis,SC,2010,1
MALA,Malária,420540,Florianopolis,SC,2011,7
MALA,Malária,420540,Florianopolis,SC,2012,7
MALA,Malária,420540,Florianopolis,SC,2013,10
MALA,Malária,420540,Florianopolis,SC,2014,9
MALA,Malária,420540,Florianopolis,SC,2015,6
MALA,Malária,420540,Florianopolis,SC,2016,6
MALA,Malária,420540,Florianopolis,SC,2017,6
MALA,Malária,420540,Florianopolis,SC,2018,8
MALA,Malária,420540,Florianopolis,SC,2019,3
MALA,Malária,420540,Florianopolis,SC,2020,8
MALA,Malária,420540,Florianopolis,SC,2021,5
MALA,Malária,420540,Florianopolis,SC,2022,3
MALA,Malária,420540,Florianopolis,SC,2023,6
MALA,Malária,420540,Florianopolis,SC,2024,2
MALA,Malária,420545,Forquilhinha,SC,2007,0
MALA,Malária,420545,Forquilhinha,SC,2008,0
MALA,Malária,420545,Forquilhinha,SC,2009,0
MALA,Malária,420545,Forquilhinha,SC,2010,0
MALA,Malária,420545,Forquilhinha,SC,2011,0
MALA,Malária,420545,Forquilhinha,SC,2012,0
MALA,Malária,420545,Forquilhinha,SC,2013,0
MALA,Malária,420545,Forquilhinha,SC,2014,0
MALA,Malária,420545,Forquilhinha,SC,2015,0
MALA,Malária,420545,Forquilhinha,SC,2016,0
MALA,Malária,420545,Forquilhinha,SC,2017,0
MALA,Malária,420545,Forquilhinha,SC,2018,0
MALA,Malária,420545,Forquilhinha,SC,2019,0
MALA,Malária,420545,Forquilhinha,SC,2020,0
MALA,Malária,420545,Forquilhinha,SC,2021,0
MALA,Malária,420545,Forquilhinha,SC,2022,0
MALA,Malária,420545,Forquilhinha,SC,2023,1
MALA,Malária,420545,Forquilhinha,SC,2024,0
MALA,Malária,420550,Fraiburgo,SC,2007,0
MALA,Malária,420550,Fraiburgo,SC,2008,0
MALA,Malária,420550,Fraiburgo,SC,2009,0
MALA,Malária,420550,Fraiburgo,SC,2010,1
MALA,Malária,420550,Fraiburgo,SC,2011,1
MALA,Malária,420550,Fraiburgo,SC,2012,1
MALA,Malária,420550,Fraiburgo,SC,2013,0
MALA,Malária,420550,Fraiburgo,SC,2014,0
MALA,Malária,420550,Fraiburgo,SC,2015,0
MALA,Malária,420550,Fraiburgo,SC,2016,0
MALA,Malária,420550,Fraiburgo,SC,2017,0
MALA,Malária,420550,Fraiburgo,SC,2018,0
MALA,Malária,420550,Fraiburgo,SC,2019,0
MALA,Malária,420550,Fraiburgo,SC,2020,0
MALA,Malária,420550,Fraiburgo,SC,2021,0
MALA,Malária,420550,Fraiburgo,SC,2022,0
MALA,Malária,420550,Fraiburgo,SC,2023,0
MALA,Malária,420550,Fraiburgo,SC,2024,0
MALA,Malária,420580,Garuva,SC,2007,0
MALA,Malária,420580,Garuva,SC,2008,0
MALA,Malária,420580,Garuva,SC,2009,0
MALA,Malária,420580,Garuva,SC,2010,0
MALA,Malária,420580,Garuva,SC,2011,0
MALA,Malária,420580,Garuva,SC,2012,0
MALA,Malária,420580,Garuva,SC,2013,0
MALA,Malária,420580,Garuva,SC,2014,1
MALA,Malária,420580,Garuva,SC,2015,0
MALA,Malária,420580,Garuva,SC,2016,0
MALA,Malária,420580,Garuva,SC,2017,0
MALA,Malária,420580,Garuva,SC,2018,0
MALA,Malária,420580,Garuva,SC,2019,0
MALA,Malária,420580,Garuva,SC,2020,0
MALA,Malária,420580,Garuva,SC,2021,0
MALA,Malária,420580,Garuva,SC,2022,0
MALA,Malária,420580,Garuva,SC,2023,0
MALA,Malária,420580,Garuva,SC,2024,0
MALA,Malária,420590,Gaspar,SC,2007,0
MALA,Malária,420590,Gaspar,SC,2008,0
MALA,Malária,420590,Gaspar,SC,2009,0
MALA,Malária,420590,Gaspar,SC,2010,0
MALA,Malária,420590,Gaspar,SC,2011,0
MALA,Malária,420590,Gaspar,SC,2012,1
MALA,Malária,420590,Gaspar,SC,2013,0
MALA,Malária,420590,Gaspar,SC,2014,0
MALA,Malária,420590,Gaspar,SC,2015,0
MALA,Malária,420590,Gaspar,SC,2016,0
MALA,Malária,420590,Gaspar,SC,2017,0
MALA,Malária,420590,Gaspar,SC,2018,0
MALA,Malária,420590,Gaspar,SC,2019,0
MALA,Malária,420590,Gaspar,SC,2020,0
MALA,Malária,420590,Gaspar,SC,2021,0
MALA,Malária,420590,Gaspar,SC,2022,0
MALA,Malária,420590,Gaspar,SC,2023,0
MALA,Malária,420590,Gaspar,SC,2024,0
MALA,Malária,420640,Guaraciaba,SC,2007,0
MALA,Malária,420640,Guaraciaba,SC,2008,0
MALA,Malária,420640,Guaraciaba,SC,2009,0
MALA,Malária,420640,Guaraciaba,SC,2010,0
MALA,Malária,420640,Guaraciaba,SC,2011,0
MALA,Malária,420640,Guaraciaba,SC,2012,0
MALA,Malária,420640,Guaraciaba,SC,2013,1
MALA,Malária,420640,Guaraciaba,SC,2014,0
MALA,Malária,420640,Guaraciaba,SC,2015,1
MALA,Malária,420640,Guaraciaba,SC,2016,0
MALA,Malária,420640,Guaraciaba,SC,2017,0
MALA,Malária,420640,Guaraciaba,SC,2018,0
MALA,Malária,420640,Guaraciaba,SC,2019,0
MALA,Malária,420640,Guaraciaba,SC,2020,0
MALA,Malária,420640,Guaraciaba,SC,2021,0
MALA,Malária,420640,Guaraciaba,SC,2022,0
MALA,Malária,420640,Guaraciaba,SC,2023,0
MALA,Malária,420640,Guaraciaba,SC,2024,0
MALA,Malária,420650,Guaramirim,SC,2007,0
MALA,Malária,420650,Guaramirim,SC,2008,0
MALA,Malária,420650,Guaramirim,SC,2009,0
MALA,Malária,420650,Guaramirim,SC,2010,0
MALA,Malária,420650,Guaramirim,SC,2011,0
MALA,Malária,420650,Guaramirim,SC,2012,0
MALA,Malária,420650,Guaramirim,SC,2013,0
MALA,Malária,420650,Guaramirim,SC,2014,2
MALA,Malária,420650,Guaramirim,SC,2015,0
MALA,Malária,420650,Guaramirim,SC,2016,0
MALA,Malária,420650,Guaramirim,SC,2017,0
MALA,Malária,420650,Guaramirim,SC,2018,1
MALA,Malária,420650,Guaramirim,SC,2019,0
MALA,Malária,420650,Guaramirim,SC,2020,0
MALA,Malária,420650,Guaramirim,SC,2021,0
MALA,Malária,420650,Guaramirim,SC,2022,0
MALA,Malária,420650,Guaramirim,SC,2023,0
MALA,Malária,420650,Guaramirim,SC,2024,2
MALA,Malária,420660,Guaruja do Sul,SC,2007,0
MALA,Malária,420660,Guaruja do Sul,SC,2008,1
MALA,Malária,420660,Guaruja do Sul,SC,2009,2
MALA,Malária,420660,Guaruja do Sul,SC,2010,0
MALA,Malária,420660,Guaruja do Sul,SC,2011,0
MALA,Malária,420660,Guaruja do Sul,SC,2012,2
MALA,Malária,420660,Guaruja do Sul,SC,2013,0
MALA,Malária,420660,Guaruja do Sul,SC,2014,0
MALA,Malária,420660,Guaruja do Sul,SC,2015,0
MALA,Malária,420660,Guaruja do Sul,SC,2016,0
MALA,Malária,420660,Guaruja do Sul,SC,2017,0
MALA,Malária,420660,Guaruja do Sul,SC,2018,0
MALA,Malária,420660,Guaruja do Sul,SC,2019,0
MALA,Malária,420660,Guaruja do Sul,SC,2020,0
MALA,Malária,420660,Guaruja do Sul,SC,2021,0
MALA,Malária,420660,Guaruja do Sul,SC,2022,0
MALA,Malária,420660,Guaruja do Sul,SC,2023,0
MALA,Malária,420660,Guaruja do Sul,SC,2024,0
MALA,Malária,420670,Herval D'oeste,SC,2007,0
MALA,Malária,420670,Herval D'oeste,SC,2008,0
MALA,Malária,420670,Herval D'oeste,SC,2009,0
MALA,Malária,420670,Herval D'oeste,SC,2010,0
MALA,Malária,420670,Herval D'oeste,SC,2011,0
MALA,Malária,420670,Herval D'oeste,SC,2012,0
MALA,Malária,420670,Herval D'oeste,SC,2013,0
MALA,Malária,420670,Herval D'oeste,SC,2014,0
MALA,Malária,420670,Herval D'oeste,SC,2015,0
MALA,Malária,420670,Herval D'oeste,SC,2016,0
MALA,Malária,420670,Herval D'oeste,SC,2017,0
MALA,Malária,420670,Herval D'oeste,SC,2018,0
MALA,Malária,420670,Herval D'oeste,SC,2019,1
MALA,Malária,420670,Herval D'oeste,SC,2020,0
MALA,Malária,420670,Herval D'oeste,SC,2021,0
MALA,Malária,420670,Herval D'oeste,SC,2022,0
MALA,Malária,420670,Herval D'oeste,SC,2023,0
MALA,Malária,420670,Herval D'oeste,SC,2024,0
MALA,Malária,420700,Icara,SC,2007,0
MALA,Malária,420700,Icara,SC,2008,0
MALA,Malária,420700,Icara,SC,2009,0
MALA,Malária,420700,Icara,SC,2010,1
MALA,Malária,420700,Icara,SC,2011,0
MALA,Malária,420700,Icara,SC,2012,0
MALA,Malária,420700,Icara,SC,2013,0
MALA,Malária,420700,Icara,SC,2014,0
MALA,Malária,420700,Icara,SC,2015,0
MALA,Malária,420700,Icara,SC,2016,0
MALA,Malária,420700,Icara,SC,2017,1
MALA,Malária,420700,Icara,SC,2018,1
MALA,Malária,420700,Icara,SC,2019,0
MALA,Malária,420700,Icara,SC,2020,0
MALA,Malária,420700,Icara,SC,2021,0
MALA,Malária,420700,Icara,SC,2022,0
MALA,Malária,420700,Icara,SC,2023,0
MALA,Malária,420700,Icara,SC,2024,0
MALA,Malária,420730,Imbituba,SC,2007,0
MALA,Malária,420730,Imbituba,SC,2008,0
MALA,Malária,420730,Imbituba,SC,2009,0
MALA,Malária,420730,Imbituba,SC,2010,0
MALA,Malária,420730,Imbituba,SC,2011,0
MALA,Malária,420730,Imbituba,SC,2012,0
MALA,Malária,420730,Imbituba,SC,2013,1
MALA,Malária,420730,Imbituba,SC,2014,0
MALA,Malária,420730,Imbituba,SC,2015,0
MALA,Malária,420730,Imbituba,SC,2016,0
MALA,Malária,420730,Imbituba,SC,2017,0
MALA,Malária,420730,Imbituba,SC,2018,0
MALA,Malária,420730,Imbituba,SC,2019,0
MALA,Malária,420730,Imbituba,SC,2020,0
MALA,Malária,420730,Imbituba,SC,2021,0
MALA,Malária,420730,Imbituba,SC,2022,0
MALA,Malária,420730,Imbituba,SC,2023,0
MALA,Malária,420730,Imbituba,SC,2024,0
MALA,Malária,420740,Imbuia,SC,2007,0
MALA,Malária,420740,Imbuia,SC,2008,0
MALA,Malária,420740,Imbuia,SC,2009,0
MALA,Malária,420740,Imbuia,SC,2010,0
MALA,Malária,420740,Imbuia,SC,2011,0
MALA,Malária,420740,Imbuia,SC,2012,1
MALA,Malária,420740,Imbuia,SC,2013,0
MALA,Malária,420740,Imbuia,SC,2014,0
MALA,Malária,420740,Imbuia,SC,2015,0
MALA,Malária,420740,Imbuia,SC,2016,0
MALA,Malária,420740,Imbuia,SC,2017,0
MALA,Malária,420740,Imbuia,SC,2018,0
MALA,Malária,420740,Imbuia,SC,2019,0
MALA,Malária,420740,Imbuia,SC,2020,0
MALA,Malária,420740,Imbuia,SC,2021,0
MALA,Malária,420740,Imbuia,SC,2022,0
MALA,Malária,420740,Imbuia,SC,2023,0
MALA,Malária,420740,Imbuia,SC,2024,0
MALA,Malária,420750,Indaial,SC,2007,1
MALA,Malária,420750,Indaial,SC,2008,1
MALA,Malária,420750,Indaial,SC,2009,0
MALA,Malária,420750,Indaial,SC,2010,0
MALA,Malária,420750,Indaial,SC,2011,0
MALA,Malária,420750,Indaial,SC,2012,0
MALA,Malária,420750,Indaial,SC,2013,0
MALA,Malária,420750,Indaial,SC,2014,0
MALA,Malária,420750,Indaial,SC,2015,0
MALA,Malária,420750,Indaial,SC,2016,0
MALA,Malária,420750,Indaial,SC,2017,0
MALA,Malária,420750,Indaial,SC,2018,1
MALA,Malária,420750,Indaial,SC,2019,0
MALA,Malária,420750,Indaial,SC,2020,0
MALA,Malária,420750,Indaial,SC,2021,0
MALA,Malária,420750,Indaial,SC,2022,0
MALA,Malária,420750,Indaial,SC,2023,0
MALA,Malária,420750,Indaial,SC,2024,0
MALA,Malária,420765,Ipora do Oeste,SC,2007,2
MALA,Malária,420765,Ipora do Oeste,SC,2008,0
MALA,Malária,420765,Ipora do Oeste,SC,2009,0
MALA,Malária,420765,Ipora do Oeste,SC,2010,0
MALA,Malária,420765,Ipora do Oeste,SC,2011,0
MALA,Malária,420765,Ipora do Oeste,SC,2012,0
MALA,Malária,420765,Ipora do Oeste,SC,2013,0
MALA,Malária,420765,Ipora do Oeste,SC,2014,0
MALA,Malária,420765,Ipora do Oeste,SC,2015,0
MALA,Malária,420765,Ipora do Oeste,SC,2016,0
MALA,Malária,420765,Ipora do Oeste,SC,2017,0
MALA,Malária,420765,Ipora do Oeste,SC,2018,0
MALA,Malária,420765,Ipora do Oeste,SC,2019,0
MALA,Malária,420765,Ipora do Oeste,SC,2020,0
MALA,Malária,420765,Ipora do Oeste,SC,2021,0
MALA,Malária,420765,Ipora do Oeste,SC,2022,0
MALA,Malária,420765,Ipora do Oeste,SC,2023,0
MALA,Malária,420765,Ipora do Oeste,SC,2024,0
MALA,Malária,420800,Ita,SC,2007,0
MALA,Malária,420800,Ita,SC,2008,0
MALA,Malária,420800,Ita,SC,2009,0
MALA,Malária,420800,Ita,SC,2010,0
MALA,Malária,420800,Ita,SC,2011,0
MALA,Malária,420800,Ita,SC,2012,0
MALA,Malária,420800,Ita,SC,2013,1
MALA,Malária,420800,Ita,SC,2014,0
MALA,Malária,420800,Ita,SC,2015,0
MALA,Malária,420800,Ita,SC,2016,0
MALA,Malária,420800,Ita,SC,2017,0
MALA,Malária,420800,Ita,SC,2018,0
MALA,Malária,420800,Ita,SC,2019,0
MALA,Malária,420800,Ita,SC,2020,0
MALA,Malária,420800,Ita,SC,2021,0
MALA,Malária,420800,Ita,SC,2022,0
MALA,Malária,420800,Ita,SC,2023,0
MALA,Malária,420800,Ita,SC,2024,0
MALA,Malária,420810,Itaiopolis,SC,2007,3
MALA,Malária,420810,Itaiopolis,SC,2008,0
MALA,Malária,420810,Itaiopolis,SC,2009,0
MALA,Malária,420810,Itaiopolis,SC,2010,0
MALA,Malária,420810,Itaiopolis,SC,2011,0
MALA,Malária,420810,Itaiopolis,SC,2012,0
MALA,Malária,420810,Itaiopolis,SC,2013,0
MALA,Malária,420810,Itaiopolis,SC,2014,0
MALA,Malária,420810,Itaiopolis,SC,2015,0
MALA,Malária,420810,Itaiopolis,SC,2016,0
MALA,Malária,420810,Itaiopolis,SC,2017,0
MALA,Malária,420810,Itaiopolis,SC,2018,0
MALA,Malária,420810,Itaiopolis,SC,2019,0
MALA,Malária,420810,Itaiopolis,SC,2020,0
MALA,Malária,420810,Itaiopolis,SC,2021,0
MALA,Malária,420810,Itaiopolis,SC,2022,0
MALA,Malária,420810,Itaiopolis,SC,2023,0
MALA,Malária,420810,Itaiopolis,SC,2024,0
MALA,Malária,420820,Itajai,SC,2007,0
MALA,Malária,420820,Itajai,SC,2008,2
MALA,Malária,420820,Itajai,SC,2009,0
MALA,Malária,420820,Itajai,SC,2010,3
MALA,Malária,420820,Itajai,SC,2011,1
MALA,Malária,420820,Itajai,SC,2012,2
MALA,Malária,420820,Itajai,SC,2013,6
MALA,Malária,420820,Itajai,SC,2014,1
MALA,Malária,420820,Itajai,SC,2015,1
MALA,Malária,420820,Itajai,SC,2016,0
MALA,Malária,420820,Itajai,SC,2017,0
MALA,Malária,420820,Itajai,SC,2018,5
MALA,Malária,420820,Itajai,SC,2019,3
MALA,Malária,420820,Itajai,SC,2020,0
MALA,Malária,420820,Itajai,SC,2021,0
MALA,Malária,420820,Itajai,SC,2022,2
MALA,Malária,420820,Itajai,SC,2023,2
MALA,Malária,420820,Itajai,SC,2024,1
MALA,Malária,420830,Itapema,SC,2007,0
MALA,Malária,420830,Itapema,SC,2008,0
MALA,Malária,420830,Itapema,SC,2009,1
MALA,Malária,420830,Itapema,SC,2010,1
MALA,Malária,420830,Itapema,SC,2011,0
MALA,Malária,420830,Itapema,SC,2012,0
MALA,Malária,420830,Itapema,SC,2013,0
MALA,Malária,420830,Itapema,SC,2014,0
MALA,Malária,420830,Itapema,SC,2015,0
MALA,Malária,420830,Itapema,SC,2016,0
MALA,Malária,420830,Itapema,SC,2017,0
MALA,Malária,420830,Itapema,SC,2018,0
MALA,Malária,420830,Itapema,SC,2019,1
MALA,Malária,420830,Itapema,SC,2020,0
MALA,Malária,420830,Itapema,SC,2021,0
MALA,Malária,420830,Itapema,SC,2022,0
MALA,Malária,420830,Itapema,SC,2023,0
MALA,Malária,420830,Itapema,SC,2024,0
MALA,Malária,420840,Itapiranga,SC,2007,1
MALA,Malária,420840,Itapiranga,SC,2008,0
MALA,Malária,420840,Itapiranga,SC,2009,0
MALA,Malária,420840,Itapiranga,SC,2010,0
MALA,Malária,420840,Itapiranga,SC,2011,0
MALA,Malária,420840,Itapiranga,SC,2012,0
MALA,Malária,420840,Itapiranga,SC,2013,0
MALA,Malária,420840,Itapiranga,SC,2014,0
MALA,Malária,420840,Itapiranga,SC,2015,0
MALA,Malária,420840,Itapiranga,SC,2016,0
MALA,Malária,420840,Itapiranga,SC,2017,0
MALA,Malária,420840,Itapiranga,SC,2018,0
MALA,Malária,420840,Itapiranga,SC,2019,0
MALA,Malária,420840,Itapiranga,SC,2020,0
MALA,Malária,420840,Itapiranga,SC,2021,0
MALA,Malária,420840,Itapiranga,SC,2022,0
MALA,Malária,420840,Itapiranga,SC,2023,0
MALA,Malária,420840,Itapiranga,SC,2024,0
MALA,Malária,420850,Ituporanga,SC,2007,0
MALA,Malária,420850,Ituporanga,SC,2008,0
MALA,Malária,420850,Ituporanga,SC,2009,0
MALA,Malária,420850,Ituporanga,SC,2010,0
MALA,Malária,420850,Ituporanga,SC,2011,0
MALA,Malária,420850,Ituporanga,SC,2012,0
MALA,Malária,420850,Ituporanga,SC,2013,0
MALA,Malária,420850,Ituporanga,SC,2014,0
MALA,Malária,420850,Ituporanga,SC,2015,0
MALA,Malária,420850,Ituporanga,SC,2016,0
MALA,Malária,420850,Ituporanga,SC,2017,0
MALA,Malária,420850,Ituporanga,SC,2018,0
MALA,Malária,420850,Ituporanga,SC,2019,1
MALA,Malária,420850,Ituporanga,SC,2020,0
MALA,Malária,420850,Ituporanga,SC,2021,0
MALA,Malária,420850,Ituporanga,SC,2022,0
MALA,Malária,420850,Ituporanga,SC,2023,0
MALA,Malária,420850,Ituporanga,SC,2024,0
MALA,Malária,420880,Jaguaruna,SC,2007,0
MALA,Malária,420880,Jaguaruna,SC,2008,0
MALA,Malária,420880,Jaguaruna,SC,2009,0
MALA,Malária,420880,Jaguaruna,SC,2010,0
MALA,Malária,420880,Jaguaruna,SC,2011,0
MALA,Malária,420880,Jaguaruna,SC,2012,0
MALA,Malária,420880,Jaguaruna,SC,2013,0
MALA,Malária,420880,Jaguaruna,SC,2014,1
MALA,Malária,420880,Jaguaruna,SC,2015,0
MALA,Malária,420880,Jaguaruna,SC,2016,0
MALA,Malária,420880,Jaguaruna,SC,2017,0
MALA,Malária,420880,Jaguaruna,SC,2018,0
MALA,Malária,420880,Jaguaruna,SC,2019,0
MALA,Malária,420880,Jaguaruna,SC,2020,0
MALA,Malária,420880,Jaguaruna,SC,2021,0
MALA,Malária,420880,Jaguaruna,SC,2022,0
MALA,Malária,420880,Jaguaruna,SC,2023,0
MALA,Malária,420880,Jaguaruna,SC,2024,0
MALA,Malária,420890,Jaragua do Sul,SC,2007,4
MALA,Malária,420890,Jaragua do Sul,SC,2008,0
MALA,Malária,420890,Jaragua do Sul,SC,2009,1
MALA,Malária,420890,Jaragua do Sul,SC,2010,0
MALA,Malária,420890,Jaragua do Sul,SC,2011,1
MALA,Malária,420890,Jaragua do Sul,SC,2012,2
MALA,Malária,420890,Jaragua do Sul,SC,2013,1
MALA,Malária,420890,Jaragua do Sul,SC,2014,0
MALA,Malária,420890,Jaragua do Sul,SC,2015,0
MALA,Malária,420890,Jaragua do Sul,SC,2016,0
MALA,Malária,420890,Jaragua do Sul,SC,2017,0
MALA,Malária,420890,Jaragua do Sul,SC,2018,0
MALA,Malária,420890,Jaragua do Sul,SC,2019,0
MALA,Malária,420890,Jaragua do Sul,SC,2020,0
MALA,Malária,420890,Jaragua do Sul,SC,2021,0
MALA,Malária,420890,Jaragua do Sul,SC,2022,1
MALA,Malária,420890,Jaragua do Sul,SC,2023,0
MALA,Malária,420890,Jaragua do Sul,SC,2024,0
MALA,Malária,420900,Joacaba,SC,2007,1
MALA,Malária,420900,Joacaba,SC,2008,0
MALA,Malária,420900,Joacaba,SC,2009,0
MALA,Malária,420900,Joacaba,SC,2010,1
MALA,Malária,420900,Joacaba,SC,2011,1
MALA,Malária,420900,Joacaba,SC,2012,1
MALA,Malária,420900,Joacaba,SC,2013,0
MALA,Malária,420900,Joacaba,SC,2014,0
MALA,Malária,420900,Joacaba,SC,2015,0
MALA,Malária,420900,Joacaba,SC,2016,0
MALA,Malária,420900,Joacaba,SC,2017,1
MALA,Malária,420900,Joacaba,SC,2018,1
MALA,Malária,420900,Joacaba,SC,2019,0
MALA,Malária,420900,Joacaba,SC,2020,0
MALA,Malária,420900,Joacaba,SC,2021,0
MALA,Malária,420900,Joacaba,SC,2022,0
MALA,Malária,420900,Joacaba,SC,2023,1
MALA,Malária,420900,Joacaba,SC,2024,1
MALA,Malária,420910,Joinville,SC,2007,0
MALA,Malária,420910,Joinville,SC,2008,1
MALA,Malária,420910,Joinville,SC,2009,0
MALA,Malária,420910,Joinville,SC,2010,2
MALA,Malária,420910,Joinville,SC,2011,5
MALA,Malária,420910,Joinville,SC,2012,8
MALA,Malária,420910,Joinville,SC,2013,2
MALA,Malária,420910,Joinville,SC,2014,0
MALA,Malária,420910,Joinville,SC,2015,2
MALA,Malária,420910,Joinville,SC,2016,1
MALA,Malária,420910,Joinville,SC,2017,1
MALA,Malária,420910,Joinville,SC,2018,0
MALA,Malária,420910,Joinville,SC,2019,5
MALA,Malária,420910,Joinville,SC,2020,3
MALA,Malária,420910,Joinville,SC,2021,2
MALA,Malária,420910,Joinville,SC,2022,5
MALA,Malária,420910,Joinville,SC,2023,10
MALA,Malária,420910,Joinville,SC,2024,9
MALA,Malária,420930,Lages,SC,2007,0
MALA,Malária,420930,Lages,SC,2008,0
MALA,Malária,420930,Lages,SC,2009,0
MALA,Malária,420930,Lages,SC,2010,0
MALA,Malária,420930,Lages,SC,2011,1
MALA,Malária,420930,Lages,SC,2012,0
MALA,Malária,420930,Lages,SC,2013,0
MALA,Malária,420930,Lages,SC,2014,0
MALA,Malária,420930,Lages,SC,2015,0
MALA,Malária,420930,Lages,SC,2016,0
MALA,Malária,420930,Lages,SC,2017,1
MALA,Malária,420930,Lages,SC,2018,0
MALA,Malária,420930,Lages,SC,2019,0
MALA,Malária,420930,Lages,SC,2020,0
MALA,Malária,420930,Lages,SC,2021,0
MALA,Malária,420930,Lages,SC,2022,0
MALA,Malária,420930,Lages,SC,2023,3
MALA,Malária,420930,Lages,SC,2024,0
MALA,Malária,421010,Mafra,SC,2007,0
MALA,Malária,421010,Mafra,SC,2008,0
MALA,Malária,421010,Mafra,SC,2009,0
MALA,Malária,421010,Mafra,SC,2010,1
MALA,Malária,421010,Mafra,SC,2011,0
MALA,Malária,421010,Mafra,SC,2012,0
MALA,Malária,421010,Mafra,SC,2013,1
MALA,Malária,421010,Mafra,SC,2014,0
MALA,Malária,421010,Mafra,SC,2015,0
MALA,Malária,421010,Mafra,SC,2016,0
MALA,Malária,421010,Mafra,SC,2017,0
MALA,Malária,421010,Mafra,SC,2018,0
MALA,Malária,421010,Mafra,SC,2019,0
MALA,Malária,421010,Mafra,SC,2020,1
MALA,Malária,421010,Mafra,SC,2021,0
MALA,Malária,421010,Mafra,SC,2022,0
MALA,Malária,421010,Mafra,SC,2023,0
MALA,Malária,421010,Mafra,SC,2024,0
MALA,Malária,421050,Maravilha,SC,2007,0
MALA,Malária,421050,Maravilha,SC,2008,0
MALA,Malária,421050,Maravilha,SC,2009,0
MALA,Malária,421050,Maravilha,SC,2010,2
MALA,Malária,421050,Maravilha,SC,2011,0
MALA,Malária,421050,Maravilha,SC,2012,1
MALA,Malária,421050,Maravilha,SC,2013,0
MALA,Malária,421050,Maravilha,SC,2014,0
MALA,Malária,421050,Maravilha,SC,2015,0
MALA,Malária,421050,Maravilha,SC,2016,0
MALA,Malária,421050,Maravilha,SC,2017,0
MALA,Malária,421050,Maravilha,SC,2018,0
MALA,Malária,421050,Maravilha,SC,2019,0
MALA,Malária,421050,Maravilha,SC,2020,0
MALA,Malária,421050,Maravilha,SC,2021,0
MALA,Malária,421050,Maravilha,SC,2022,0
MALA,Malária,421050,Maravilha,SC,2023,0
MALA,Malária,421050,Maravilha,SC,2024,0
MALA,Malária,421100,Mondai,SC,2007,1
MALA,Malária,421100,Mondai,SC,2008,0
MALA,Malária,421100,Mondai,SC,2009,0
MALA,Malária,421100,Mondai,SC,2010,0
MALA,Malária,421100,Mondai,SC,2011,0
MALA,Malária,421100,Mondai,SC,2012,0
MALA,Malária,421100,Mondai,SC,2013,0
MALA,Malária,421100,Mondai,SC,2014,0
MALA,Malária,421100,Mondai,SC,2015,0
MALA,Malária,421100,Mondai,SC,2016,0
MALA,Malária,421100,Mondai,SC,2017,0
MALA,Malária,421100,Mondai,SC,2018,0
MALA,Malária,421100,Mondai,SC,2019,0
MALA,Malária,421100,Mondai,SC,2020,0
MALA,Malária,421100,Mondai,SC,2021,0
MALA,Malária,421100,Mondai,SC,2022,1
MALA,Malária,421100,Mondai,SC,2023,0
MALA,Malária,421100,Mondai,SC,2024,0
MALA,Malária,421130,Navegantes,SC,2007,0
MALA,Malária,421130,Navegantes,SC,2008,0
MALA,Malária,421130,Navegantes,SC,2009,0
MALA,Malária,421130,Navegantes,SC,2010,0
MALA,Malária,421130,Navegantes,SC,2011,0
MALA,Malária,421130,Navegantes,SC,2012,0
MALA,Malária,421130,Navegantes,SC,2013,0
MALA,Malária,421130,Navegantes,SC,2014,0
MALA,Malária,421130,Navegantes,SC,2015,0
MALA,Malária,421130,Navegantes,SC,2016,0
MALA,Malária,421130,Navegantes,SC,2017,0
MALA,Malária,421130,Navegantes,SC,2018,0
MALA,Malária,421130,Navegantes,SC,2019,0
MALA,Malária,421130,Navegantes,SC,2020,1
MALA,Malária,421130,Navegantes,SC,2021,0
MALA,Malária,421130,Navegantes,SC,2022,0
MALA,Malária,421130,Navegantes,SC,2023,0
MALA,Malária,421130,Navegantes,SC,2024,0
MALA,Malária,421170,Orleans,SC,2007,0
MALA,Malária,421170,Orleans,SC,2008,0
MALA,Malária,421170,Orleans,SC,2009,0
MALA,Malária,421170,Orleans,SC,2010,1
MALA,Malária,421170,Orleans,SC,2011,0
MALA,Malária,421170,Orleans,SC,2012,0
MALA,Malária,421170,Orleans,SC,2013,0
MALA,Malária,421170,Orleans,SC,2014,0
MALA,Malária,421170,Orleans,SC,2015,0
MALA,Malária,421170,Orleans,SC,2016,0
MALA,Malária,421170,Orleans,SC,2017,0
MALA,Malária,421170,Orleans,SC,2018,0
MALA,Malária,421170,Orleans,SC,2019,0
MALA,Malária,421170,Orleans,SC,2020,0
MALA,Malária,421170,Orleans,SC,2021,0
MALA,Malária,421170,Orleans,SC,2022,2
MALA,Malária,421170,Orleans,SC,2023,0
MALA,Malária,421170,Orleans,SC,2024,0
MALA,Malária,421190,Palhoca,SC,2007,0
MALA,Malária,421190,Palhoca,SC,2008,0
MALA,Malária,421190,Palhoca,SC,2009,0
MALA,Malária,421190,Palhoca,SC,2010,0
MALA,Malária,421190,Palhoca,SC,2011,0
MALA,Malária,421190,Palhoca,SC,2012,0
MALA,Malária,421190,Palhoca,SC,2013,0
MALA,Malária,421190,Palhoca,SC,2014,0
MALA,Malária,421190,Palhoca,SC,2015,0
MALA,Malária,421190,Palhoca,SC,2016,1
MALA,Malária,421190,Palhoca,SC,2017,0
MALA,Malária,421190,Palhoca,SC,2018,0
MALA,Malária,421190,Palhoca,SC,2019,0
MALA,Malária,421190,Palhoca,SC,2020,0
MALA,Malária,421190,Palhoca,SC,2021,0
MALA,Malária,421190,Palhoca,SC,2022,0
MALA,Malária,421190,Palhoca,SC,2023,0
MALA,Malária,421190,Palhoca,SC,2024,0
MALA,Malária,421210,Palmitos,SC,2007,0
MALA,Malária,421210,Palmitos,SC,2008,0
MALA,Malária,421210,Palmitos,SC,2009,0
MALA,Malária,421210,Palmitos,SC,2010,1
MALA,Malária,421210,Palmitos,SC,2011,0
MALA,Malária,421210,Palmitos,SC,2012,0
MALA,Malária,421210,Palmitos,SC,2013,0
MALA,Malária,421210,Palmitos,SC,2014,0
MALA,Malária,421210,Palmitos,SC,2015,0
MALA,Malária,421210,Palmitos,SC,2016,1
MALA,Malária,421210,Palmitos,SC,2017,0
MALA,Malária,421210,Palmitos,SC,2018,0
MALA,Malária,421210,Palmitos,SC,2019,0
MALA,Malária,421210,Palmitos,SC,2020,0
MALA,Malária,421210,Palmitos,SC,2021,0
MALA,Malária,421210,Palmitos,SC,2022,0
MALA,Malária,421210,Palmitos,SC,2023,0
MALA,Malária,421210,Palmitos,SC,2024,1
MALA,Malária,421220,Papanduva,SC,2007,0
MALA,Malária,421220,Papanduva,SC,2008,0
MALA,Malária,421220,Papanduva,SC,2009,0
MALA,Malária,421220,Papanduva,SC,2010,0
MALA,Malária,421220,Papanduva,SC,2011,0
MALA,Malária,421220,Papanduva,SC,2012,0
MALA,Malária,421220,Papanduva,SC,2013,1
MALA,Malária,421220,Papanduva,SC,2014,0
MALA,Malária,421220,Papanduva,SC,2015,0
MALA,Malária,421220,Papanduva,SC,2016,0
MALA,Malária,421220,Papanduva,SC,2017,0
MALA,Malária,421220,Papanduva,SC,2018,0
MALA,Malária,421220,Papanduva,SC,2019,0
MALA,Malária,421220,Papanduva,SC,2020,0
MALA,Malária,421220,Papanduva,SC,2021,0
MALA,Malária,421220,Papanduva,SC,2022,0
MALA,Malária,421220,Papanduva,SC,2023,0
MALA,Malária,421220,Papanduva,SC,2024,0
MALA,Malária,421280,Balneario Picarras,SC,2007,0
MALA,Malária,421280,Balneario Picarras,SC,2008,0
MALA,Malária,421280,Balneario Picarras,SC,2009,0
MALA,Malária,421280,Balneario Picarras,SC,2010,0
MALA,Malária,421280,Balneario Picarras,SC,2011,0
MALA,Malária,421280,Balneario Picarras,SC,2012,0
MALA,Malária,421280,Balneario Picarras,SC,2013,0
MALA,Malária,421280,Balneario Picarras,SC,2014,0
MALA,Malária,421280,Balneario Picarras,SC,2015,0
MALA,Malária,421280,Balneario Picarras,SC,2016,0
MALA,Malária,421280,Balneario Picarras,SC,2017,0
MALA,Malária,421280,Balneario Picarras,SC,2018,0
MALA,Malária,421280,Balneario Picarras,SC,2019,0
MALA,Malária,421280,Balneario Picarras,SC,2020,0
MALA,Malária,421280,Balneario Picarras,SC,2021,0
MALA,Malária,421280,Balneario Picarras,SC,2022,0
MALA,Malária,421280,Balneario Picarras,SC,2023,0
MALA,Malária,421280,Balneario Picarras,SC,2024,1
MALA,Malária,421290,Pinhalzinho,SC,2007,0
MALA,Malária,421290,Pinhalzinho,SC,2008,0
MALA,Malária,421290,Pinhalzinho,SC,2009,0
MALA,Malária,421290,Pinhalzinho,SC,2010,1
MALA,Malária,421290,Pinhalzinho,SC,2011,0
MALA,Malária,421290,Pinhalzinho,SC,2012,0
MALA,Malária,421290,Pinhalzinho,SC,2013,0
MALA,Malária,421290,Pinhalzinho,SC,2014,0
MALA,Malária,421290,Pinhalzinho,SC,2015,0
MALA,Malária,421290,Pinhalzinho,SC,2016,0
MALA,Malária,421290,Pinhalzinho,SC,2017,0
MALA,Malária,421290,Pinhalzinho,SC,2018,0
MALA,Malária,421290,Pinhalzinho,SC,2019,0
MALA,Malária,421290,Pinhalzinho,SC,2020,0
MALA,Malária,421290,Pinhalzinho,SC,2021,0
MALA,Malária,421290,Pinhalzinho,SC,2022,0
MALA,Malária,421290,Pinhalzinho,SC,2023,0
MALA,Malária,421290,Pinhalzinho,SC,2024,1
MALA,Malária,421315,Planalto Alegre,SC,2007,0
MALA,Malária,421315,Planalto Alegre,SC,2008,0
MALA,Malária,421315,Planalto Alegre,SC,2009,0
MALA,Malária,421315,Planalto Alegre,SC,2010,0
MALA,Malária,421315,Planalto Alegre,SC,2011,0
MALA,Malária,421315,Planalto Alegre,SC,2012,0
MALA,Malária,421315,Planalto Alegre,SC,2013,0
MALA,Malária,421315,Planalto Alegre,SC,2014,0
MALA,Malária,421315,Planalto Alegre,SC,2015,0
MALA,Malária,421315,Planalto Alegre,SC,2016,1
MALA,Malária,421315,Planalto Alegre,SC,2017,0
MALA,Malária,421315,Planalto Alegre,SC,2018,0
MALA,Malária,421315,Planalto Alegre,SC,2019,0
MALA,Malária,421315,Planalto Alegre,SC,2020,0
MALA,Malária,421315,Planalto Alegre,SC,2021,0
MALA,Malária,421315,Planalto Alegre,SC,2022,0
MALA,Malária,421315,Planalto Alegre,SC,2023,0
MALA,Malária,421315,Planalto Alegre,SC,2024,0
MALA,Malária,421320,Pomerode,SC,2007,0
MALA,Malária,421320,Pomerode,SC,2008,0
MALA,Malária,421320,Pomerode,SC,2009,0
MALA,Malária,421320,Pomerode,SC,2010,0
MALA,Malária,421320,Pomerode,SC,2011,0
MALA,Malária,421320,Pomerode,SC,2012,1
MALA,Malária,421320,Pomerode,SC,2013,0
MALA,Malária,421320,Pomerode,SC,2014,0
MALA,Malária,421320,Pomerode,SC,2015,0
MALA,Malária,421320,Pomerode,SC,2016,0
MALA,Malária,421320,Pomerode,SC,2017,0
MALA,Malária,421320,Pomerode,SC,2018,0
MALA,Malária,421320,Pomerode,SC,2019,0
MALA,Malária,421320,Pomerode,SC,2020,0
MALA,Malária,421320,Pomerode,SC,2021,0
MALA,Malária,421320,Pomerode,SC,2022,0
MALA,Malária,421320,Pomerode,SC,2023,1
MALA,Malária,421320,Pomerode,SC,2024,1
MALA,Malária,421350,Porto Belo,SC,2007,0
MALA,Malária,421350,Porto Belo,SC,2008,0
MALA,Malária,421350,Porto Belo,SC,2009,0
MALA,Malária,421350,Porto Belo,SC,2010,0
MALA,Malária,421350,Porto Belo,SC,2011,0
MALA,Malária,421350,Porto Belo,SC,2012,0
MALA,Malária,421350,Porto Belo,SC,2013,0
MALA,Malária,421350,Porto Belo,SC,2014,1
MALA,Malária,421350,Porto Belo,SC,2015,0
MALA,Malária,421350,Porto Belo,SC,2016,0
MALA,Malária,421350,Porto Belo,SC,2017,0
MALA,Malária,421350,Porto Belo,SC,2018,0
MALA,Malária,421350,Porto Belo,SC,2019,0
MALA,Malária,421350,Porto Belo,SC,2020,0
MALA,Malária,421350,Porto Belo,SC,2021,0
MALA,Malária,421350,Porto Belo,SC,2022,0
MALA,Malária,421350,Porto Belo,SC,2023,0
MALA,Malária,421350,Porto Belo,SC,2024,0
MALA,Malária,421360,Porto Uniao,SC,2007,0
MALA,Malária,421360,Porto Uniao,SC,2008,0
MALA,Malária,421360,Porto Uniao,SC,2009,0
MALA,Malária,421360,Porto Uniao,SC,2010,0
MALA,Malária,421360,Porto Uniao,SC,2011,0
MALA,Malária,421360,Porto Uniao,SC,2012,0
MALA,Malária,421360,Porto Uniao,SC,2013,0
MALA,Malária,421360,Porto Uniao,SC,2014,0
MALA,Malária,421360,Porto Uniao,SC,2015,0
MALA,Malária,421360,Porto Uniao,SC,2016,0
MALA,Malária,421360,Porto Uniao,SC,2017,1
MALA,Malária,421360,Porto Uniao,SC,2018,0
MALA,Malária,421360,Porto Uniao,SC,2019,0
MALA,Malária,421360,Porto Uniao,SC,2020,0
MALA,Malária,421360,Porto Uniao,SC,2021,0
MALA,Malária,421360,Porto Uniao,SC,2022,0
MALA,Malária,421360,Porto Uniao,SC,2023,0
MALA,Malária,421360,Porto Uniao,SC,2024,0
MALA,Malária,421470,Rio Dos Cedros,SC,2007,0
MALA,Malária,421470,Rio Dos Cedros,SC,2008,0
MALA,Malária,421470,Rio Dos Cedros,SC,2009,0
MALA,Malária,421470,Rio Dos Cedros,SC,2010,0
MALA,Malária,421470,Rio Dos Cedros,SC,2011,0
MALA,Malária,421470,Rio Dos Cedros,SC,2012,0
MALA,Malária,421470,Rio Dos Cedros,SC,2013,0
MALA,Malária,421470,Rio Dos Cedros,SC,2014,0
MALA,Malária,421470,Rio Dos Cedros,SC,2015,0
MALA,Malária,421470,Rio Dos Cedros,SC,2016,0
MALA,Malária,421470,Rio Dos Cedros,SC,2017,0
MALA,Malária,421470,Rio Dos Cedros,SC,2018,1
MALA,Malária,421470,Rio Dos Cedros,SC,2019,0
MALA,Malária,421470,Rio Dos Cedros,SC,2020,0
MALA,Malária,421470,Rio Dos Cedros,SC,2021,0
MALA,Malária,421470,Rio Dos Cedros,SC,2022,0
MALA,Malária,421470,Rio Dos Cedros,SC,2023,0
MALA,Malária,421470,Rio Dos Cedros,SC,2024,0
MALA,Malária,421480,Rio do Sul,SC,2007,0
MALA,Malária,421480,Rio do Sul,SC,2008,1
MALA,Malária,421480,Rio do Sul,SC,2009,1
MALA,Malária,421480,Rio do Sul,SC,2010,0
MALA,Malária,421480,Rio do Sul,SC,2011,0
MALA,Malária,421480,Rio do Sul,SC,2012,0
MALA,Malária,421480,Rio do Sul,SC,2013,1
MALA,Malária,421480,Rio do Sul,SC,2014,0
MALA,Malária,421480,Rio do Sul,SC,2015,0
MALA,Malária,421480,Rio do Sul,SC,2016,0
MALA,Malária,421480,Rio do Sul,SC,2017,0
MALA,Malária,421480,Rio do Sul,SC,2018,0
MALA,Malária,421480,Rio do Sul,SC,2019,1
MALA,Malária,421480,Rio do Sul,SC,2020,1
MALA,Malária,421480,Rio do Sul,SC,2021,1
MALA,Malária,421480,Rio do Sul,SC,2022,0
MALA,Malária,421480,Rio do Sul,SC,2023,1
MALA,Malária,421480,Rio do Sul,SC,2024,1
MALA,Malária,421500,Rio Negrinho,SC,2007,0
MALA,Malária,421500,Rio Negrinho,SC,2008,0
MALA,Malária,421500,Rio Negrinho,SC,2009,0
MALA,Malária,421500,Rio Negrinho,SC,2010,1
MALA,Malária,421500,Rio Negrinho,SC,2011,0
MALA,Malária,421500,Rio Negrinho,SC,2012,1
MALA,Malária,421500,Rio Negrinho,SC,2013,0
MALA,Malária,421500,Rio Negrinho,SC,2014,0
MALA,Malária,421500,Rio Negrinho,SC,2015,0
MALA,Malária,421500,Rio Negrinho,SC,2016,0
MALA,Malária,421500,Rio Negrinho,SC,2017,0
MALA,Malária,421500,Rio Negrinho,SC,2018,0
MALA,Malária,421500,Rio Negrinho,SC,2019,1
MALA,Malária,421500,Rio Negrinho,SC,2020,0
MALA,Malária,421500,Rio Negrinho,SC,2021,0
MALA,Malária,421500,Rio Negrinho,SC,2022,0
MALA,Malária,421500,Rio Negrinho,SC,2023,0
MALA,Malária,421500,Rio Negrinho,SC,2024,0
MALA,Malária,421510,Rodeio,SC,2007,0
MALA,Malária,421510,Rodeio,SC,2008,0
MALA,Malária,421510,Rodeio,SC,2009,0
MALA,Malária,421510,Rodeio,SC,2010,0
MALA,Malária,421510,Rodeio,SC,2011,0
MALA,Malária,421510,Rodeio,SC,2012,0
MALA,Malária,421510,Rodeio,SC,2013,0
MALA,Malária,421510,Rodeio,SC,2014,0
MALA,Malária,421510,Rodeio,SC,2015,0
MALA,Malária,421510,Rodeio,SC,2016,0
MALA,Malária,421510,Rodeio,SC,2017,0
MALA,Malária,421510,Rodeio,SC,2018,0
MALA,Malária,421510,Rodeio,SC,2019,0
MALA,Malária,421510,Rodeio,SC,2020,0
MALA,Malária,421510,Rodeio,SC,2021,0
MALA,Malária,421510,Rodeio,SC,2022,0
MALA,Malária,421510,Rodeio,SC,2023,1
MALA,Malária,421510,Rodeio,SC,2024,1
MALA,Malária,421540,Salto Veloso,SC,2007,0
MALA,Malária,421540,Salto Veloso,SC,2008,0
MALA,Malária,421540,Salto Veloso,SC,2009,0
MALA,Malária,421540,Salto Veloso,SC,2010,0
MALA,Malária,421540,Salto Veloso,SC,2011,0
MALA,Malária,421540,Salto Veloso,SC,2012,0
MALA,Malária,421540,Salto Veloso,SC,2013,0
MALA,Malária,421540,Salto Veloso,SC,2014,0
MALA,Malária,421540,Salto Veloso,SC,2015,0
MALA,Malária,421540,Salto Veloso,SC,2016,0
MALA,Malária,421540,Salto Veloso,SC,2017,0
MALA,Malária,421540,Salto Veloso,SC,2018,1
MALA,Malária,421540,Salto Veloso,SC,2019,0
MALA,Malária,421540,Salto Veloso,SC,2020,0
MALA,Malária,421540,Salto Veloso,SC,2021,0
MALA,Malária,421540,Salto Veloso,SC,2022,0
MALA,Malária,421540,Salto Veloso,SC,2023,0
MALA,Malária,421540,Salto Veloso,SC,2024,0
MALA,Malária,421550,Santa Cecilia,SC,2007,0
MALA,Malária,421550,Santa Cecilia,SC,2008,0
MALA,Malária,421550,Santa Cecilia,SC,2009,0
MALA,Malária,421550,Santa Cecilia,SC,2010,0
MALA,Malária,421550,Santa Cecilia,SC,2011,0
MALA,Malária,421550,Santa Cecilia,SC,2012,0
MALA,Malária,421550,Santa Cecilia,SC,2013,0
MALA,Malária,421550,Santa Cecilia,SC,2014,0
MALA,Malária,421550,Santa Cecilia,SC,2015,0
MALA,Malária,421550,Santa Cecilia,SC,2016,0
MALA,Malária,421550,Santa Cecilia,SC,2017,0
MALA,Malária,421550,Santa Cecilia,SC,2018,1
MALA,Malária,421550,Santa Cecilia,SC,2019,0
MALA,Malária,421550,Santa Cecilia,SC,2020,0
MALA,Malária,421550,Santa Cecilia,SC,2021,0
MALA,Malária,421550,Santa Cecilia,SC,2022,0
MALA,Malária,421550,Santa Cecilia,SC,2023,0
MALA,Malária,421550,Santa Cecilia,SC,2024,0
MALA,Malária,421580,Sao Bento do Sul,SC,2007,0
MALA,Malária,421580,Sao Bento do Sul,SC,2008,0
MALA,Malária,421580,Sao Bento do Sul,SC,2009,0
MALA,Malária,421580,Sao Bento do Sul,SC,2010,1
MALA,Malária,421580,Sao Bento do Sul,SC,2011,0
MALA,Malária,421580,Sao Bento do Sul,SC,2012,1
MALA,Malária,421580,Sao Bento do Sul,SC,2013,0
MALA,Malária,421580,Sao Bento do Sul,SC,2014,0
MALA,Malária,421580,Sao Bento do Sul,SC,2015,1
MALA,Malária,421580,Sao Bento do Sul,SC,2016,0
MALA,Malária,421580,Sao Bento do Sul,SC,2017,0
MALA,Malária,421580,Sao Bento do Sul,SC,2018,0
MALA,Malária,421580,Sao Bento do Sul,SC,2019,0
MALA,Malária,421580,Sao Bento do Sul,SC,2020,0
MALA,Malária,421580,Sao Bento do Sul,SC,2021,2
MALA,Malária,421580,Sao Bento do Sul,SC,2022,0
MALA,Malária,421580,Sao Bento do Sul,SC,2023,0
MALA,Malária,421580,Sao Bento do Sul,SC,2024,0
MALA,Malária,421600,Sao Carlos,SC,2007,0
MALA,Malária,421600,Sao Carlos,SC,2008,0
MALA,Malária,421600,Sao Carlos,SC,2009,0
MALA,Malária,421600,Sao Carlos,SC,2010,0
MALA,Malária,421600,Sao Carlos,SC,2011,0
MALA,Malária,421600,Sao Carlos,SC,2012,1
MALA,Malária,421600,Sao Carlos,SC,2013,0
MALA,Malária,421600,Sao Carlos,SC,2014,0
MALA,Malária,421600,Sao Carlos,SC,2015,0
MALA,Malária,421600,Sao Carlos,SC,2016,1
MALA,Malária,421600,Sao Carlos,SC,2017,0
MALA,Malária,421600,Sao Carlos,SC,2018,0
MALA,Malária,421600,Sao Carlos,SC,2019,0
MALA,Malária,421600,Sao Carlos,SC,2020,0
MALA,Malária,421600,Sao Carlos,SC,2021,0
MALA,Malária,421600,Sao Carlos,SC,2022,0
MALA,Malária,421600,Sao Carlos,SC,2023,0
MALA,Malária,421600,Sao Carlos,SC,2024,0
MALA,Malária,421620,Sao Francisco do Sul,SC,2007,0
MALA,Malária,421620,Sao Francisco do Sul,SC,2008,0
MALA,Malária,421620,Sao Francisco do Sul,SC,2009,1
MALA,Malária,421620,Sao Francisco do Sul,SC,2010,0
MALA,Malária,421620,Sao Francisco do Sul,SC,2011,0
MALA,Malária,421620,Sao Francisco do Sul,SC,2012,0
MALA,Malária,421620,Sao Francisco do Sul,SC,2013,0
MALA,Malária,421620,Sao Francisco do Sul,SC,2014,0
MALA,Malária,421620,Sao Francisco do Sul,SC,2015,1
MALA,Malária,421620,Sao Francisco do Sul,SC,2016,0
MALA,Malária,421620,Sao Francisco do Sul,SC,2017,0
MALA,Malária,421620,Sao Francisco do Sul,SC,2018,0
MALA,Malária,421620,Sao Francisco do Sul,SC,2019,0
MALA,Malária,421620,Sao Francisco do Sul,SC,2020,1
MALA,Malária,421620,Sao Francisco do Sul,SC,2021,1
MALA,Malária,421620,Sao Francisco do Sul,SC,2022,0
MALA,Malária,421620,Sao Francisco do Sul,SC,2023,0
MALA,Malária,421620,Sao Francisco do Sul,SC,2024,0
MALA,Malária,421630,Sao Joao Batista,SC,2007,0
MALA,Malária,421630,Sao Joao Batista,SC,2008,0
MALA,Malária,421630,Sao Joao Batista,SC,2009,0
MALA,Malária,421630,Sao Joao Batista,SC,2010,0
MALA,Malária,421630,Sao Joao Batista,SC,2011,0
MALA,Malária,421630,Sao Joao Batista,SC,2012,2
MALA,Malária,421630,Sao Joao Batista,SC,2013,1
MALA,Malária,421630,Sao Joao Batista,SC,2014,0
MALA,Malária,421630,Sao Joao Batista,SC,2015,0
MALA,Malária,421630,Sao Joao Batista,SC,2016,0
MALA,Malária,421630,Sao Joao Batista,SC,2017,0
MALA,Malária,421630,Sao Joao Batista,SC,2018,0
MALA,Malária,421630,Sao Joao Batista,SC,2019,0
MALA,Malária,421630,Sao Joao Batista,SC,2020,0
MALA,Malária,421630,Sao Joao Batista,SC,2021,0
MALA,Malária,421630,Sao Joao Batista,SC,2022,0
MALA,Malária,421630,Sao Joao Batista,SC,2023,0
MALA,Malária,421630,Sao Joao Batista,SC,2024,0
MALA,Malária,421650,Sao Joaquim,SC,2007,0
MALA,Malária,421650,Sao Joaquim,SC,2008,0
MALA,Malária,421650,Sao Joaquim,SC,2009,0
MALA,Malária,421650,Sao Joaquim,SC,2010,0
MALA,Malária,421650,Sao Joaquim,SC,2011,0
MALA,Malária,421650,Sao Joaquim,SC,2012,0
MALA,Malária,421650,Sao Joaquim,SC,2013,0
MALA,Malária,421650,Sao Joaquim,SC,2014,0
MALA,Malária,421650,Sao Joaquim,SC,2015,0
MALA,Malária,421650,Sao Joaquim,SC,2016,0
MALA,Malária,421650,Sao Joaquim,SC,2017,1
MALA,Malária,421650,Sao Joaquim,SC,2018,0
MALA,Malária,421650,Sao Joaquim,SC,2019,0
MALA,Malária,421650,Sao Joaquim,SC,2020,0
MALA,Malária,421650,Sao Joaquim,SC,2021,0
MALA,Malária,421650,Sao Joaquim,SC,2022,1
MALA,Malária,421650,Sao Joaquim,SC,2023,1
MALA,Malária,421650,Sao Joaquim,SC,2024,0
MALA,Malária,421660,Sao Jose,SC,2007,0
MALA,Malária,421660,Sao Jose,SC,2008,0
MALA,Malária,421660,Sao Jose,SC,2009,0
MALA,Malária,421660,Sao Jose,SC,2010,1
MALA,Malária,421660,Sao Jose,SC,2011,0
MALA,Malária,421660,Sao Jose,SC,2012,0
MALA,Malária,421660,Sao Jose,SC,2013,0
MALA,Malária,421660,Sao Jose,SC,2014,1
MALA,Malária,421660,Sao Jose,SC,2015,0
MALA,Malária,421660,Sao Jose,SC,2016,0
MALA,Malária,421660,Sao Jose,SC,2017,1
MALA,Malária,421660,Sao Jose,SC,2018,3
MALA,Malária,421660,Sao Jose,SC,2019,4
MALA,Malária,421660,Sao Jose,SC,2020,0
MALA,Malária,421660,Sao Jose,SC,2021,1
MALA,Malária,421660,Sao Jose,SC,2022,2
MALA,Malária,421660,Sao Jose,SC,2023,0
MALA,Malária,421660,Sao Jose,SC,2024,2
MALA,Malária,421690,Sao Lourenco do Oeste,SC,2007,1
MALA,Malária,421690,Sao Lourenco do Oeste,SC,2008,0
MALA,Malária,421690,Sao Lourenco do Oeste,SC,2009,1
MALA,Malária,421690,Sao Lourenco do Oeste,SC,2010,0
MALA,Malária,421690,Sao Lourenco do Oeste,SC,2011,1
MALA,Malária,421690,Sao Lourenco do Oeste,SC,2012,0
MALA,Malária,421690,Sao Lourenco do Oeste,SC,2013,1
MALA,Malária,421690,Sao Lourenco do Oeste,SC,2014,0
MALA,Malária,421690,Sao Lourenco do Oeste,SC,2015,0
MALA,Malária,421690,Sao Lourenco do Oeste,SC,2016,0
MALA,Malária,421690,Sao Lourenco do Oeste,SC,2017,0
MALA,Malária,421690,Sao Lourenco do Oeste,SC,2018,0
MALA,Malária,421690,Sao Lourenco do Oeste,SC,2019,0
MALA,Malária,421690,Sao Lourenco do Oeste,SC,2020,0
MALA,Malária,421690,Sao Lourenco do Oeste,SC,2021,0
MALA,Malária,421690,Sao Lourenco do Oeste,SC,2022,1
MALA,Malária,421690,Sao Lourenco do Oeste,SC,2023,0
MALA,Malária,421690,Sao Lourenco do Oeste,SC,2024,0
MALA,Malária,421720,Sao Miguel do Oeste,SC,2007,3
MALA,Malária,421720,Sao Miguel do Oeste,SC,2008,0
MALA,Malária,421720,Sao Miguel do Oeste,SC,2009,1
MALA,Malária,421720,Sao Miguel do Oeste,SC,2010,0
MALA,Malária,421720,Sao Miguel do Oeste,SC,2011,0
MALA,Malária,421720,Sao Miguel do Oeste,SC,2012,2
MALA,Malária,421720,Sao Miguel do Oeste,SC,2013,1
MALA,Malária,421720,Sao Miguel do Oeste,SC,2014,3
MALA,Malária,421720,Sao Miguel do Oeste,SC,2015,2
MALA,Malária,421720,Sao Miguel do Oeste,SC,2016,0
MALA,Malária,421720,Sao Miguel do Oeste,SC,2017,3
MALA,Malária,421720,Sao Miguel do Oeste,SC,2018,0
MALA,Malária,421720,Sao Miguel do Oeste,SC,2019,0
MALA,Malária,421720,Sao Miguel do Oeste,SC,2020,1
MALA,Malária,421720,Sao Miguel do Oeste,SC,2021,0
MALA,Malária,421720,Sao Miguel do Oeste,SC,2022,1
MALA,Malária,421720,Sao Miguel do Oeste,SC,2023,1
MALA,Malária,421720,Sao Miguel do Oeste,SC,2024,2
MALA,Malária,421740,Schroeder,SC,2007,0
MALA,Malária,421740,Schroeder,SC,2008,0
MALA,Malária,421740,Schroeder,SC,2009,0
MALA,Malária,421740,Schroeder,SC,2010,0
MALA,Malária,421740,Schroeder,SC,2011,0
MALA,Malária,421740,Schroeder,SC,2012,0
MALA,Malária,421740,Schroeder,SC,2013,1
MALA,Malária,421740,Schroeder,SC,2014,0
MALA,Malária,421740,Schroeder,SC,2015,0
MALA,Malária,421740,Schroeder,SC,2016,0
MALA,Malária,421740,Schroeder,SC,2017,0
MALA,Malária,421740,Schroeder,SC,2018,0
MALA,Malária,421740,Schroeder,SC,2019,0
MALA,Malária,421740,Schroeder,SC,2020,0
MALA,Malária,421740,Schroeder,SC,2021,0
MALA,Malária,421740,Schroeder,SC,2022,0
MALA,Malária,421740,Schroeder,SC,2023,0
MALA,Malária,421740,Schroeder,SC,2024,0
MALA,Malária,421750,Seara,SC,2007,0
MALA,Malária,421750,Seara,SC,2008,0
MALA,Malária,421750,Seara,SC,2009,0
MALA,Malária,421750,Seara,SC,2010,0
MALA,Malária,421750,Seara,SC,2011,0
MALA,Malária,421750,Seara,SC,2012,0
MALA,Malária,421750,Seara,SC,2013,0
MALA,Malária,421750,Seara,SC,2014,0
MALA,Malária,421750,Seara,SC,2015,0
MALA,Malária,421750,Seara,SC,2016,0
MALA,Malária,421750,Seara,SC,2017,0
MALA,Malária,421750,Seara,SC,2018,0
MALA,Malária,421750,Seara,SC,2019,1
MALA,Malária,421750,Seara,SC,2020,0
MALA,Malária,421750,Seara,SC,2021,0
MALA,Malária,421750,Seara,SC,2022,0
MALA,Malária,421750,Seara,SC,2023,4
MALA,Malária,421750,Seara,SC,2024,0
MALA,Malária,421760,Sideropolis,SC,2007,0
MALA,Malária,421760,Sideropolis,SC,2008,0
MALA,Malária,421760,Sideropolis,SC,2009,1
MALA,Malária,421760,Sideropolis,SC,2010,0
MALA,Malária,421760,Sideropolis,SC,2011,0
MALA,Malária,421760,Sideropolis,SC,2012,0
MALA,Malária,421760,Sideropolis,SC,2013,0
MALA,Malária,421760,Sideropolis,SC,2014,0
MALA,Malária,421760,Sideropolis,SC,2015,0
MALA,Malária,421760,Sideropolis,SC,2016,0
MALA,Malária,421760,Sideropolis,SC,2017,0
MALA,Malária,421760,Sideropolis,SC,2018,0
MALA,Malária,421760,Sideropolis,SC,2019,0
MALA,Malária,421760,Sideropolis,SC,2020,0
MALA,Malária,421760,Sideropolis,SC,2021,0
MALA,Malária,421760,Sideropolis,SC,2022,0
MALA,Malária,421760,Sideropolis,SC,2023,1
MALA,Malária,421760,Sideropolis,SC,2024,0
MALA,Malária,421800,Tijucas,SC,2007,0
MALA,Malária,421800,Tijucas,SC,2008,0
MALA,Malária,421800,Tijucas,SC,2009,0
MALA,Malária,421800,Tijucas,SC,2010,0
MALA,Malária,421800,Tijucas,SC,2011,0
MALA,Malária,421800,Tijucas,SC,2012,0
MALA,Malária,421800,Tijucas,SC,2013,0
MALA,Malária,421800,Tijucas,SC,2014,0
MALA,Malária,421800,Tijucas,SC,2015,0
MALA,Malária,421800,Tijucas,SC,2016,0
MALA,Malária,421800,Tijucas,SC,2017,0
MALA,Malária,421800,Tijucas,SC,2018,0
MALA,Malária,421800,Tijucas,SC,2019,0
MALA,Malária,421800,Tijucas,SC,2020,0
MALA,Malária,421800,Tijucas,SC,2021,0
MALA,Malária,421800,Tijucas,SC,2022,0
MALA,Malária,421800,Tijucas,SC,2023,1
MALA,Malária,421800,Tijucas,SC,2024,0
MALA,Malária,421820,Timbo,SC,2007,1
MALA,Malária,421820,Timbo,SC,2008,1
MALA,Malária,421820,Timbo,SC,2009,0
MALA,Malária,421820,Timbo,SC,2010,0
MALA,Malária,421820,Timbo,SC,2011,0
MALA,Malária,421820,Timbo,SC,2012,0
MALA,Malária,421820,Timbo,SC,2013,1
MALA,Malária,421820,Timbo,SC,2014,0
MALA,Malária,421820,Timbo,SC,2015,0
MALA,Malária,421820,Timbo,SC,2016,0
MALA,Malária,421820,Timbo,SC,2017,0
MALA,Malária,421820,Timbo,SC,2018,3
MALA,Malária,421820,Timbo,SC,2019,0
MALA,Malária,421820,Timbo,SC,2020,1
MALA,Malária,421820,Timbo,SC,2021,0
MALA,Malária,421820,Timbo,SC,2022,0
MALA,Malária,421820,Timbo,SC,2023,0
MALA,Malária,421820,Timbo,SC,2024,0
MALA,Malária,421830,Tres Barras,SC,2007,0
MALA,Malária,421830,Tres Barras,SC,2008,0
MALA,Malária,421830,Tres Barras,SC,2009,0
MALA,Malária,421830,Tres Barras,SC,2010,0
MALA,Malária,421830,Tres Barras,SC,2011,1
MALA,Malária,421830,Tres Barras,SC,2012,0
MALA,Malária,421830,Tres Barras,SC,2013,0
MALA,Malária,421830,Tres Barras,SC,2014,0
MALA,Malária,421830,Tres Barras,SC,2015,0
MALA,Malária,421830,Tres Barras,SC,2016,0
MALA,Malária,421830,Tres Barras,SC,2017,0
MALA,Malária,421830,Tres Barras,SC,2018,0
MALA,Malária,421830,Tres Barras,SC,2019,0
MALA,Malária,421830,Tres Barras,SC,2020,0
MALA,Malária,421830,Tres Barras,SC,2021,0
MALA,Malária,421830,Tres Barras,SC,2022,0
MALA,Malária,421830,Tres Barras,SC,2023,0
MALA,Malária,421830,Tres Barras,SC,2024,0
MALA,Malária,421870,Tubarao,SC,2007,1
MALA,Malária,421870,Tubarao,SC,2008,0
MALA,Malária,421870,Tubarao,SC,2009,1
MALA,Malária,421870,Tubarao,SC,2010,3
MALA,Malária,421870,Tubarao,SC,2011,0
MALA,Malária,421870,Tubarao,SC,2012,1
MALA,Malária,421870,Tubarao,SC,2013,1
MALA,Malária,421870,Tubarao,SC,2014,2
MALA,Malária,421870,Tubarao,SC,2015,2
MALA,Malária,421870,Tubarao,SC,2016,0
MALA,Malária,421870,Tubarao,SC,2017,2
MALA,Malária,421870,Tubarao,SC,2018,0
MALA,Malária,421870,Tubarao,SC,2019,0
MALA,Malária,421870,Tubarao,SC,2020,0
MALA,Malária,421870,Tubarao,SC,2021,0
MALA,Malária,421870,Tubarao,SC,2022,1
MALA,Malária,421870,Tubarao,SC,2023,1
MALA,Malária,421870,Tubarao,SC,2024,1
MALA,Malária,421917,Vargem Bonita,SC,2007,1
MALA,Malária,421917,Vargem Bonita,SC,2008,0
MALA,Malária,421917,Vargem Bonita,SC,2009,0
MALA,Malária,421917,Vargem Bonita,SC,2010,0
MALA,Malária,421917,Vargem Bonita,SC,2011,0
MALA,Malária,421917,Vargem Bonita,SC,2012,0
MALA,Malária,421917,Vargem Bonita,SC,2013,0
MALA,Malária,421917,Vargem Bonita,SC,2014,0
MALA,Malária,421917,Vargem Bonita,SC,2015,0
MALA,Malária,421917,Vargem Bonita,SC,2016,0
MALA,Malária,421917,Vargem Bonita,SC,2017,0
MALA,Malária,421917,Vargem Bonita,SC,2018,0
MALA,Malária,421917,Vargem Bonita,SC,2019,0
MALA,Malária,421917,Vargem Bonita,SC,2020,0
MALA,Malária,421917,Vargem Bonita,SC,2021,0
MALA,Malária,421917,Vargem Bonita,SC,2022,0
MALA,Malária,421917,Vargem Bonita,SC,2023,0
MALA,Malária,421917,Vargem Bonita,SC,2024,0
MALA,Malária,421930,Videira,SC,2007,0
MALA,Malária,421930,Videira,SC,2008,0
MALA,Malária,421930,Videira,SC,2009,0
MALA,Malária,421930,Videira,SC,2010,0
MALA,Malária,421930,Videira,SC,2011,0
MALA,Malária,421930,Videira,SC,2012,0
MALA,Malária,421930,Videira,SC,2013,0
MALA,Malária,421930,Videira,SC,2014,0
MALA,Malária,421930,Videira,SC,2015,0
MALA,Malária,421930,Videira,SC,2016,1
MALA,Malária,421930,Videira,SC,2017,1
MALA,Malária,421930,Videira,SC,2018,0
MALA,Malária,421930,Videira,SC,2019,1
MALA,Malária,421930,Videira,SC,2020,0
MALA,Malária,421930,Videira,SC,2021,2
MALA,Malária,421930,Videira,SC,2022,0
MALA,Malária,421930,Videira,SC,2023,1
MALA,Malária,421930,Videira,SC,2024,1
MALA,Malária,421950,Xanxere,SC,2007,0
MALA,Malária,421950,Xanxere,SC,2008,0
MALA,Malária,421950,Xanxere,SC,2009,0
MALA,Malária,421950,Xanxere,SC,2010,0
MALA,Malária,421950,Xanxere,SC,2011,0
MALA,Malária,421950,Xanxere,SC,2012,0
MALA,Malária,421950,Xanxere,SC,2013,0
MALA,Malária,421950,Xanxere,SC,2014,0
MALA,Malária,421950,Xanxere,SC,2015,0
MALA,Malária,421950,Xanxere,SC,2016,0
MALA,Malária,421950,Xanxere,SC,2017,0
MALA,Malária,421950,Xanxere,SC,2018,0
MALA,Malária,421950,Xanxere,SC,2019,1
MALA,Malária,421950,Xanxere,SC,2020,0
MALA,Malária,421950,Xanxere,SC,2021,0
MALA,Malária,421950,Xanxere,SC,2022,1
MALA,Malária,421950,Xanxere,SC,2023,3
MALA,Malária,421950,Xanxere,SC,2024,0
MALA,Malária,421970,Xaxim,SC,2007,0
MALA,Malária,421970,Xaxim,SC,2008,0
MALA,Malária,421970,Xaxim,SC,2009,1
MALA,Malária,421970,Xaxim,SC,2010,0
MALA,Malária,421970,Xaxim,SC,2011,0
MALA,Malária,421970,Xaxim,SC,2012,0
MALA,Malária,421970,Xaxim,SC,2013,1
MALA,Malária,421970,Xaxim,SC,2014,1
MALA,Malária,421970,Xaxim,SC,2015,0
MALA,Malária,421970,Xaxim,SC,2016,0
MALA,Malária,421970,Xaxim,SC,2017,0
MALA,Malária,421970,Xaxim,SC,2018,0
MALA,Malária,421970,Xaxim,SC,2019,1
MALA,Malária,421970,Xaxim,SC,2020,0
MALA,Malária,421970,Xaxim,SC,2021,0
MALA,Malária,421970,Xaxim,SC,2022,0
MALA,Malária,421970,Xaxim,SC,2023,2
MALA,Malária,421970,Xaxim,SC,2024,0
MALA,Malária,280030,Aracaju,SE,2007,1
MALA,Malária,280030,Aracaju,SE,2008,2
MALA,Malária,280030,Aracaju,SE,2009,3
MALA,Malária,280030,Aracaju,SE,2010,6
MALA,Malária,280030,Aracaju,SE,2011,7
MALA,Malária,280030,Aracaju,SE,2012,6
MALA,Malária,280030,Aracaju,SE,2013,4
MALA,Malária,280030,Aracaju,SE,2014,5
MALA,Malária,280030,Aracaju,SE,2015,4
MALA,Malária,280030,Aracaju,SE,2016,4
MALA,Malária,280030,Aracaju,SE,2017,1
MALA,Malária,280030,Aracaju,SE,2018,5
MALA,Malária,280030,Aracaju,SE,2019,1
MALA,Malária,280030,Aracaju,SE,2020,1
MALA,Malária,280030,Aracaju,SE,2021,2
MALA,Malária,280030,Aracaju,SE,2022,2
MALA,Malária,280030,Aracaju,SE,2023,1
MALA,Malária,280030,Aracaju,SE,2024,2
MALA,Malária,280067,Boquim,SE,2007,0
MALA,Malária,280067,Boquim,SE,2008,1
MALA,Malária,280067,Boquim,SE,2009,0
MALA,Malária,280067,Boquim,SE,2010,0
MALA,Malária,280067,Boquim,SE,2011,0
MALA,Malária,280067,Boquim,SE,2012,0
MALA,Malária,280067,Boquim,SE,2013,0
MALA,Malária,280067,Boquim,SE,2014,0
MALA,Malária,280067,Boquim,SE,2015,0
MALA,Malária,280067,Boquim,SE,2016,0
MALA,Malária,280067,Boquim,SE,2017,0
MALA,Malária,280067,Boquim,SE,2018,0
MALA,Malária,280067,Boquim,SE,2019,0
MALA,Malária,280067,Boquim,SE,2020,0
MALA,Malária,280067,Boquim,SE,2021,0
MALA,Malária,280067,Boquim,SE,2022,0
MALA,Malária,280067,Boquim,SE,2023,0
MALA,Malária,280067,Boquim,SE,2024,0
MALA,Malária,280150,Carmopolis,SE,2007,0
MALA,Malária,280150,Carmopolis,SE,2008,0
MALA,Malária,280150,Carmopolis,SE,2009,0
MALA,Malária,280150,Carmopolis,SE,2010,0
MALA,Malária,280150,Carmopolis,SE,2011,0
MALA,Malária,280150,Carmopolis,SE,2012,0
MALA,Malária,280150,Carmopolis,SE,2013,1
MALA,Malária,280150,Carmopolis,SE,2014,0
MALA,Malária,280150,Carmopolis,SE,2015,0
MALA,Malária,280150,Carmopolis,SE,2016,0
MALA,Malária,280150,Carmopolis,SE,2017,0
MALA,Malária,280150,Carmopolis,SE,2018,0
MALA,Malária,280150,Carmopolis,SE,2019,0
MALA,Malária,280150,Carmopolis,SE,2020,0
MALA,Malária,280150,Carmopolis,SE,2021,0
MALA,Malária,280150,Carmopolis,SE,2022,0
MALA,Malária,280150,Carmopolis,SE,2023,0
MALA,Malária,280150,Carmopolis,SE,2024,0
MALA,Malária,280210,Estancia,SE,2007,0
MALA,Malária,280210,Estancia,SE,2008,0
MALA,Malária,280210,Estancia,SE,2009,1
MALA,Malária,280210,Estancia,SE,2010,0
MALA,Malária,280210,Estancia,SE,2011,0
MALA,Malária,280210,Estancia,SE,2012,0
MALA,Malária,280210,Estancia,SE,2013,0
MALA,Malária,280210,Estancia,SE,2014,0
MALA,Malária,280210,Estancia,SE,2015,0
MALA,Malária,280210,Estancia,SE,2016,0
MALA,Malária,280210,Estancia,SE,2017,0
MALA,Malária,280210,Estancia,SE,2018,0
MALA,Malária,280210,Estancia,SE,2019,0
MALA,Malária,280210,Estancia,SE,2020,0
MALA,Malária,280210,Estancia,SE,2021,0
MALA,Malária,280210,Estancia,SE,2022,0
MALA,Malária,280210,Estancia,SE,2023,0
MALA,Malária,280210,Estancia,SE,2024,0
MALA,Malária,280360,Laranjeiras,SE,2007,0
MALA,Malária,280360,Laranjeiras,SE,2008,0
MALA,Malária,280360,Laranjeiras,SE,2009,0
MALA,Malária,280360,Laranjeiras,SE,2010,0
MALA,Malária,280360,Laranjeiras,SE,2011,0
MALA,Malária,280360,Laranjeiras,SE,2012,0
MALA,Malária,280360,Laranjeiras,SE,2013,0
MALA,Malária,280360,Laranjeiras,SE,2014,0
MALA,Malária,280360,Laranjeiras,SE,2015,0
MALA,Malária,280360,Laranjeiras,SE,2016,1
MALA,Malária,280360,Laranjeiras,SE,2017,0
MALA,Malária,280360,Laranjeiras,SE,2018,0
MALA,Malária,280360,Laranjeiras,SE,2019,0
MALA,Malária,280360,Laranjeiras,SE,2020,0
MALA,Malária,280360,Laranjeiras,SE,2021,0
MALA,Malária,280360,Laranjeiras,SE,2022,0
MALA,Malária,280360,Laranjeiras,SE,2023,0
MALA,Malária,280360,Laranjeiras,SE,2024,0
MALA,Malária,280450,Nossa Senhora da Gloria,SE,2007,0
MALA,Malária,280450,Nossa Senhora da Gloria,SE,2008,0
MALA,Malária,280450,Nossa Senhora da Gloria,SE,2009,0
MALA,Malária,280450,Nossa Senhora da Gloria,SE,2010,1
MALA,Malária,280450,Nossa Senhora da Gloria,SE,2011,0
MALA,Malária,280450,Nossa Senhora da Gloria,SE,2012,0
MALA,Malária,280450,Nossa Senhora da Gloria,SE,2013,0
MALA,Malária,280450,Nossa Senhora da Gloria,SE,2014,0
MALA,Malária,280450,Nossa Senhora da Gloria,SE,2015,0
MALA,Malária,280450,Nossa Senhora da Gloria,SE,2016,0
MALA,Malária,280450,Nossa Senhora da Gloria,SE,2017,0
MALA,Malária,280450,Nossa Senhora da Gloria,SE,2018,0
MALA,Malária,280450,Nossa Senhora da Gloria,SE,2019,0
MALA,Malária,280450,Nossa Senhora da Gloria,SE,2020,0
MALA,Malária,280450,Nossa Senhora da Gloria,SE,2021,0
MALA,Malária,280450,Nossa Senhora da Gloria,SE,2022,0
MALA,Malária,280450,Nossa Senhora da Gloria,SE,2023,0
MALA,Malária,280450,Nossa Senhora da Gloria,SE,2024,0
MALA,Malária,280480,Nossa Senhora do Socorro,SE,2007,0
MALA,Malária,280480,Nossa Senhora do Socorro,SE,2008,0
MALA,Malária,280480,Nossa Senhora do Socorro,SE,2009,0
MALA,Malária,280480,Nossa Senhora do Socorro,SE,2010,0
MALA,Malária,280480,Nossa Senhora do Socorro,SE,2011,0
MALA,Malária,280480,Nossa Senhora do Socorro,SE,2012,0
MALA,Malária,280480,Nossa Senhora do Socorro,SE,2013,0
MALA,Malária,280480,Nossa Senhora do Socorro,SE,2014,0
MALA,Malária,280480,Nossa Senhora do Socorro,SE,2015,0
MALA,Malária,280480,Nossa Senhora do Socorro,SE,2016,0
MALA,Malária,280480,Nossa Senhora do Socorro,SE,2017,0
MALA,Malária,280480,Nossa Senhora do Socorro,SE,2018,0
MALA,Malária,280480,Nossa Senhora do Socorro,SE,2019,0
MALA,Malária,280480,Nossa Senhora do Socorro,SE,2020,0
MALA,Malária,280480,Nossa Senhora do Socorro,SE,2021,0
MALA,Malária,280480,Nossa Senhora do Socorro,SE,2022,0
MALA,Malária,280480,Nossa Senhora do Socorro,SE,2023,0
MALA,Malária,280480,Nossa Senhora do Socorro,SE,2024,1
MALA,Malária,280700,Sao Miguel do Aleixo,SE,2007,1
MALA,Malária,280700,Sao Miguel do Aleixo,SE,2008,0
MALA,Malária,280700,Sao Miguel do Aleixo,SE,2009,0
MALA,Malária,280700,Sao Miguel do Aleixo,SE,2010,0
MALA,Malária,280700,Sao Miguel do Aleixo,SE,2011,0
MALA,Malária,280700,Sao Miguel do Aleixo,SE,2012,0
MALA,Malária,280700,Sao Miguel do Aleixo,SE,2013,0
MALA,Malária,280700,Sao Miguel do Aleixo,SE,2014,0
MALA,Malária,280700,Sao Miguel do Aleixo,SE,2015,0
MALA,Malária,280700,Sao Miguel do Aleixo,SE,2016,0
MALA,Malária,280700,Sao Miguel do Aleixo,SE,2017,0
MALA,Malária,280700,Sao Miguel do Aleixo,SE,2018,0
MALA,Malária,280700,Sao Miguel do Aleixo,SE,2019,0
MALA,Malária,280700,Sao Miguel do Aleixo,SE,2020,0
MALA,Malária,280700,Sao Miguel do Aleixo,SE,2021,0
MALA,Malária,280700,Sao Miguel do Aleixo,SE,2022,0
MALA,Malária,280700,Sao Miguel do Aleixo,SE,2023,0
MALA,Malária,280700,Sao Miguel do Aleixo,SE,2024,0
MALA,Malária,350210,Andradina,SP,2007,0
MALA,Malária,350210,Andradina,SP,2008,0
MALA,Malária,350210,Andradina,SP,2009,1
MALA,Malária,350210,Andradina,SP,2010,1
MALA,Malária,350210,Andradina,SP,2011,0
MALA,Malária,350210,Andradina,SP,2012,0
MALA,Malária,350210,Andradina,SP,2013,0
MALA,Malária,350210,Andradina,SP,2014,0
MALA,Malária,350210,Andradina,SP,2015,0
MALA,Malária,350210,Andradina,SP,2016,0
MALA,Malária,350210,Andradina,SP,2017,0
MALA,Malária,350210,Andradina,SP,2018,0
MALA,Malária,350210,Andradina,SP,2019,2
MALA,Malária,350210,Andradina,SP,2020,0
MALA,Malária,350210,Andradina,SP,2021,0
MALA,Malária,350210,Andradina,SP,2022,0
MALA,Malária,350210,Andradina,SP,2023,0
MALA,Malária,350210,Andradina,SP,2024,0
MALA,Malária,350220,Angatuba,SP,2007,0
MALA,Malária,350220,Angatuba,SP,2008,0
MALA,Malária,350220,Angatuba,SP,2009,0
MALA,Malária,350220,Angatuba,SP,2010,0
MALA,Malária,350220,Angatuba,SP,2011,0
MALA,Malária,350220,Angatuba,SP,2012,0
MALA,Malária,350220,Angatuba,SP,2013,0
MALA,Malária,350220,Angatuba,SP,2014,0
MALA,Malária,350220,Angatuba,SP,2015,0
MALA,Malária,350220,Angatuba,SP,2016,0
MALA,Malária,350220,Angatuba,SP,2017,0
MALA,Malária,350220,Angatuba,SP,2018,0
MALA,Malária,350220,Angatuba,SP,2019,0
MALA,Malária,350220,Angatuba,SP,2020,0
MALA,Malária,350220,Angatuba,SP,2021,0
MALA,Malária,350220,Angatuba,SP,2022,1
MALA,Malária,350220,Angatuba,SP,2023,0
MALA,Malária,350220,Angatuba,SP,2024,0
MALA,Malária,350250,Aparecida,SP,2007,0
MALA,Malária,350250,Aparecida,SP,2008,0
MALA,Malária,350250,Aparecida,SP,2009,0
MALA,Malária,350250,Aparecida,SP,2010,0
MALA,Malária,350250,Aparecida,SP,2011,0
MALA,Malária,350250,Aparecida,SP,2012,0
MALA,Malária,350250,Aparecida,SP,2013,0
MALA,Malária,350250,Aparecida,SP,2014,0
MALA,Malária,350250,Aparecida,SP,2015,0
MALA,Malária,350250,Aparecida,SP,2016,0
MALA,Malária,350250,Aparecida,SP,2017,0
MALA,Malária,350250,Aparecida,SP,2018,1
MALA,Malária,350250,Aparecida,SP,2019,0
MALA,Malária,350250,Aparecida,SP,2020,0
MALA,Malária,350250,Aparecida,SP,2021,0
MALA,Malária,350250,Aparecida,SP,2022,0
MALA,Malária,350250,Aparecida,SP,2023,0
MALA,Malária,350250,Aparecida,SP,2024,0
MALA,Malária,350270,Apiai,SP,2007,0
MALA,Malária,350270,Apiai,SP,2008,0
MALA,Malária,350270,Apiai,SP,2009,0
MALA,Malária,350270,Apiai,SP,2010,0
MALA,Malária,350270,Apiai,SP,2011,0
MALA,Malária,350270,Apiai,SP,2012,1
MALA,Malária,350270,Apiai,SP,2013,0
MALA,Malária,350270,Apiai,SP,2014,0
MALA,Malária,350270,Apiai,SP,2015,0
MALA,Malária,350270,Apiai,SP,2016,0
MALA,Malária,350270,Apiai,SP,2017,0
MALA,Malária,350270,Apiai,SP,2018,0
MALA,Malária,350270,Apiai,SP,2019,0
MALA,Malária,350270,Apiai,SP,2020,0
MALA,Malária,350270,Apiai,SP,2021,0
MALA,Malária,350270,Apiai,SP,2022,0
MALA,Malária,350270,Apiai,SP,2023,0
MALA,Malária,350270,Apiai,SP,2024,0
MALA,Malária,350275,Aracariguama,SP,2007,0
MALA,Malária,350275,Aracariguama,SP,2008,0
MALA,Malária,350275,Aracariguama,SP,2009,0
MALA,Malária,350275,Aracariguama,SP,2010,0
MALA,Malária,350275,Aracariguama,SP,2011,0
MALA,Malária,350275,Aracariguama,SP,2012,0
MALA,Malária,350275,Aracariguama,SP,2013,0
MALA,Malária,350275,Aracariguama,SP,2014,0
MALA,Malária,350275,Aracariguama,SP,2015,0
MALA,Malária,350275,Aracariguama,SP,2016,0
MALA,Malária,350275,Aracariguama,SP,2017,0
MALA,Malária,350275,Aracariguama,SP,2018,0
MALA,Malária,350275,Aracariguama,SP,2019,0
MALA,Malária,350275,Aracariguama,SP,2020,0
MALA,Malária,350275,Aracariguama,SP,2021,0
MALA,Malária,350275,Aracariguama,SP,2022,0
MALA,Malária,350275,Aracariguama,SP,2023,1
MALA,Malária,350275,Aracariguama,SP,2024,0
MALA,Malária,350280,Aracatuba,SP,2007,0
MALA,Malária,350280,Aracatuba,SP,2008,0
MALA,Malária,350280,Aracatuba,SP,2009,0
MALA,Malária,350280,Aracatuba,SP,2010,2
MALA,Malária,350280,Aracatuba,SP,2011,0
MALA,Malária,350280,Aracatuba,SP,2012,1
MALA,Malária,350280,Aracatuba,SP,2013,3
MALA,Malária,350280,Aracatuba,SP,2014,0
MALA,Malária,350280,Aracatuba,SP,2015,0
MALA,Malária,350280,Aracatuba,SP,2016,0
MALA,Malária,350280,Aracatuba,SP,2017,0
MALA,Malária,350280,Aracatuba,SP,2018,1
MALA,Malária,350280,Aracatuba,SP,2019,0
MALA,Malária,350280,Aracatuba,SP,2020,1
MALA,Malária,350280,Aracatuba,SP,2021,1
MALA,Malária,350280,Aracatuba,SP,2022,0
MALA,Malária,350280,Aracatuba,SP,2023,0
MALA,Malária,350280,Aracatuba,SP,2024,0
MALA,Malária,350320,Araraquara,SP,2007,0
MALA,Malária,350320,Araraquara,SP,2008,0
MALA,Malária,350320,Araraquara,SP,2009,0
MALA,Malária,350320,Araraquara,SP,2010,0
MALA,Malária,350320,Araraquara,SP,2011,0
MALA,Malária,350320,Araraquara,SP,2012,1
MALA,Malária,350320,Araraquara,SP,2013,0
MALA,Malária,350320,Araraquara,SP,2014,0
MALA,Malária,350320,Araraquara,SP,2015,0
MALA,Malária,350320,Araraquara,SP,2016,0
MALA,Malária,350320,Araraquara,SP,2017,0
MALA,Malária,350320,Araraquara,SP,2018,0
MALA,Malária,350320,Araraquara,SP,2019,0
MALA,Malária,350320,Araraquara,SP,2020,0
MALA,Malária,350320,Araraquara,SP,2021,0
MALA,Malária,350320,Araraquara,SP,2022,1
MALA,Malária,350320,Araraquara,SP,2023,0
MALA,Malária,350320,Araraquara,SP,2024,0
MALA,Malária,350330,Araras,SP,2007,0
MALA,Malária,350330,Araras,SP,2008,0
MALA,Malária,350330,Araras,SP,2009,0
MALA,Malária,350330,Araras,SP,2010,0
MALA,Malária,350330,Araras,SP,2011,0
MALA,Malária,350330,Araras,SP,2012,0
MALA,Malária,350330,Araras,SP,2013,0
MALA,Malária,350330,Araras,SP,2014,1
MALA,Malária,350330,Araras,SP,2015,0
MALA,Malária,350330,Araras,SP,2016,0
MALA,Malária,350330,Araras,SP,2017,0
MALA,Malária,350330,Araras,SP,2018,0
MALA,Malária,350330,Araras,SP,2019,0
MALA,Malária,350330,Araras,SP,2020,0
MALA,Malária,350330,Araras,SP,2021,0
MALA,Malária,350330,Araras,SP,2022,1
MALA,Malária,350330,Araras,SP,2023,0
MALA,Malária,350330,Araras,SP,2024,0
MALA,Malária,350390,Aruja,SP,2007,0
MALA,Malária,350390,Aruja,SP,2008,0
MALA,Malária,350390,Aruja,SP,2009,0
MALA,Malária,350390,Aruja,SP,2010,0
MALA,Malária,350390,Aruja,SP,2011,0
MALA,Malária,350390,Aruja,SP,2012,0
MALA,Malária,350390,Aruja,SP,2013,1
MALA,Malária,350390,Aruja,SP,2014,0
MALA,Malária,350390,Aruja,SP,2015,0
MALA,Malária,350390,Aruja,SP,2016,0
MALA,Malária,350390,Aruja,SP,2017,0
MALA,Malária,350390,Aruja,SP,2018,0
MALA,Malária,350390,Aruja,SP,2019,0
MALA,Malária,350390,Aruja,SP,2020,0
MALA,Malária,350390,Aruja,SP,2021,0
MALA,Malária,350390,Aruja,SP,2022,0
MALA,Malária,350390,Aruja,SP,2023,0
MALA,Malária,350390,Aruja,SP,2024,0
MALA,Malária,350400,Assis,SP,2007,0
MALA,Malária,350400,Assis,SP,2008,0
MALA,Malária,350400,Assis,SP,2009,0
MALA,Malária,350400,Assis,SP,2010,0
MALA,Malária,350400,Assis,SP,2011,0
MALA,Malária,350400,Assis,SP,2012,0
MALA,Malária,350400,Assis,SP,2013,0
MALA,Malária,350400,Assis,SP,2014,0
MALA,Malária,350400,Assis,SP,2015,0
MALA,Malária,350400,Assis,SP,2016,0
MALA,Malária,350400,Assis,SP,2017,0
MALA,Malária,350400,Assis,SP,2018,0
MALA,Malária,350400,Assis,SP,2019,0
MALA,Malária,350400,Assis,SP,2020,0
MALA,Malária,350400,Assis,SP,2021,3
MALA,Malária,350400,Assis,SP,2022,0
MALA,Malária,350400,Assis,SP,2023,0
MALA,Malária,350400,Assis,SP,2024,0
MALA,Malária,350520,Bariri,SP,2007,0
MALA,Malária,350520,Bariri,SP,2008,0
MALA,Malária,350520,Bariri,SP,2009,0
MALA,Malária,350520,Bariri,SP,2010,0
MALA,Malária,350520,Bariri,SP,2011,0
MALA,Malária,350520,Bariri,SP,2012,0
MALA,Malária,350520,Bariri,SP,2013,0
MALA,Malária,350520,Bariri,SP,2014,1
MALA,Malária,350520,Bariri,SP,2015,0
MALA,Malária,350520,Bariri,SP,2016,0
MALA,Malária,350520,Bariri,SP,2017,0
MALA,Malária,350520,Bariri,SP,2018,0
MALA,Malária,350520,Bariri,SP,2019,0
MALA,Malária,350520,Bariri,SP,2020,0
MALA,Malária,350520,Bariri,SP,2021,0
MALA,Malária,350520,Bariri,SP,2022,0
MALA,Malária,350520,Bariri,SP,2023,0
MALA,Malária,350520,Bariri,SP,2024,0
MALA,Malária,350550,Barretos,SP,2007,0
MALA,Malária,350550,Barretos,SP,2008,0
MALA,Malária,350550,Barretos,SP,2009,0
MALA,Malária,350550,Barretos,SP,2010,0
MALA,Malária,350550,Barretos,SP,2011,0
MALA,Malária,350550,Barretos,SP,2012,0
MALA,Malária,350550,Barretos,SP,2013,0
MALA,Malária,350550,Barretos,SP,2014,0
MALA,Malária,350550,Barretos,SP,2015,0
MALA,Malária,350550,Barretos,SP,2016,0
MALA,Malária,350550,Barretos,SP,2017,0
MALA,Malária,350550,Barretos,SP,2018,0
MALA,Malária,350550,Barretos,SP,2019,0
MALA,Malária,350550,Barretos,SP,2020,0
MALA,Malária,350550,Barretos,SP,2021,0
MALA,Malária,350550,Barretos,SP,2022,1
MALA,Malária,350550,Barretos,SP,2023,0
MALA,Malária,350550,Barretos,SP,2024,0
MALA,Malária,350570,Barueri,SP,2007,0
MALA,Malária,350570,Barueri,SP,2008,0
MALA,Malária,350570,Barueri,SP,2009,0
MALA,Malária,350570,Barueri,SP,2010,0
MALA,Malária,350570,Barueri,SP,2011,0
MALA,Malária,350570,Barueri,SP,2012,1
MALA,Malária,350570,Barueri,SP,2013,1
MALA,Malária,350570,Barueri,SP,2014,0
MALA,Malária,350570,Barueri,SP,2015,0
MALA,Malária,350570,Barueri,SP,2016,0
MALA,Malária,350570,Barueri,SP,2017,0
MALA,Malária,350570,Barueri,SP,2018,0
MALA,Malária,350570,Barueri,SP,2019,0
MALA,Malária,350570,Barueri,SP,2020,0
MALA,Malária,350570,Barueri,SP,2021,0
MALA,Malária,350570,Barueri,SP,2022,0
MALA,Malária,350570,Barueri,SP,2023,0
MALA,Malária,350570,Barueri,SP,2024,0
MALA,Malária,350590,Batatais,SP,2007,0
MALA,Malária,350590,Batatais,SP,2008,0
MALA,Malária,350590,Batatais,SP,2009,0
MALA,Malária,350590,Batatais,SP,2010,0
MALA,Malária,350590,Batatais,SP,2011,0
MALA,Malária,350590,Batatais,SP,2012,1
MALA,Malária,350590,Batatais,SP,2013,0
MALA,Malária,350590,Batatais,SP,2014,0
MALA,Malária,350590,Batatais,SP,2015,0
MALA,Malária,350590,Batatais,SP,2016,0
MALA,Malária,350590,Batatais,SP,2017,0
MALA,Malária,350590,Batatais,SP,2018,0
MALA,Malária,350590,Batatais,SP,2019,0
MALA,Malária,350590,Batatais,SP,2020,0
MALA,Malária,350590,Batatais,SP,2021,0
MALA,Malária,350590,Batatais,SP,2022,0
MALA,Malária,350590,Batatais,SP,2023,0
MALA,Malária,350590,Batatais,SP,2024,0
MALA,Malária,350600,Bauru,SP,2007,4
MALA,Malária,350600,Bauru,SP,2008,3
MALA,Malária,350600,Bauru,SP,2009,1
MALA,Malária,350600,Bauru,SP,2010,2
MALA,Malária,350600,Bauru,SP,2011,0
MALA,Malária,350600,Bauru,SP,2012,5
MALA,Malária,350600,Bauru,SP,2013,2
MALA,Malária,350600,Bauru,SP,2014,2
MALA,Malária,350600,Bauru,SP,2015,3
MALA,Malária,350600,Bauru,SP,2016,0
MALA,Malária,350600,Bauru,SP,2017,0
MALA,Malária,350600,Bauru,SP,2018,0
MALA,Malária,350600,Bauru,SP,2019,2
MALA,Malária,350600,Bauru,SP,2020,0
MALA,Malária,350600,Bauru,SP,2021,1
MALA,Malária,350600,Bauru,SP,2022,1
MALA,Malária,350600,Bauru,SP,2023,1
MALA,Malária,350600,Bauru,SP,2024,1
MALA,Malária,350635,Bertioga,SP,2007,0
MALA,Malária,350635,Bertioga,SP,2008,1
MALA,Malária,350635,Bertioga,SP,2009,1
MALA,Malária,350635,Bertioga,SP,2010,0
MALA,Malária,350635,Bertioga,SP,2011,0
MALA,Malária,350635,Bertioga,SP,2012,16
MALA,Malária,350635,Bertioga,SP,2013,1
MALA,Malária,350635,Bertioga,SP,2014,0
MALA,Malária,350635,Bertioga,SP,2015,0
MALA,Malária,350635,Bertioga,SP,2016,0
MALA,Malária,350635,Bertioga,SP,2017,2
MALA,Malária,350635,Bertioga,SP,2018,1
MALA,Malária,350635,Bertioga,SP,2019,1
MALA,Malária,350635,Bertioga,SP,2020,0
MALA,Malária,350635,Bertioga,SP,2021,0
MALA,Malária,350635,Bertioga,SP,2022,0
MALA,Malária,350635,Bertioga,SP,2023,0
MALA,Malária,350635,Bertioga,SP,2024,0
MALA,Malária,350650,Birigui,SP,2007,0
MALA,Malária,350650,Birigui,SP,2008,0
MALA,Malária,350650,Birigui,SP,2009,0
MALA,Malária,350650,Birigui,SP,2010,0
MALA,Malária,350650,Birigui,SP,2011,0
MALA,Malária,350650,Birigui,SP,2012,0
MALA,Malária,350650,Birigui,SP,2013,0
MALA,Malária,350650,Birigui,SP,2014,0
MALA,Malária,350650,Birigui,SP,2015,0
MALA,Malária,350650,Birigui,SP,2016,0
MALA,Malária,350650,Birigui,SP,2017,1
MALA,Malária,350650,Birigui,SP,2018,1
MALA,Malária,350650,Birigui,SP,2019,0
MALA,Malária,350650,Birigui,SP,2020,0
MALA,Malária,350650,Birigui,SP,2021,0
MALA,Malária,350650,Birigui,SP,2022,0
MALA,Malária,350650,Birigui,SP,2023,0
MALA,Malária,350650,Birigui,SP,2024,0
MALA,Malária,350710,Bom Jesus Dos Perdoes,SP,2007,0
MALA,Malária,350710,Bom Jesus Dos Perdoes,SP,2008,1
MALA,Malária,350710,Bom Jesus Dos Perdoes,SP,2009,0
MALA,Malária,350710,Bom Jesus Dos Perdoes,SP,2010,0
MALA,Malária,350710,Bom Jesus Dos Perdoes,SP,2011,0
MALA,Malária,350710,Bom Jesus Dos Perdoes,SP,2012,0
MALA,Malária,350710,Bom Jesus Dos Perdoes,SP,2013,0
MALA,Malária,350710,Bom Jesus Dos Perdoes,SP,2014,0
MALA,Malária,350710,Bom Jesus Dos Perdoes,SP,2015,0
MALA,Malária,350710,Bom Jesus Dos Perdoes,SP,2016,0
MALA,Malária,350710,Bom Jesus Dos Perdoes,SP,2017,0
MALA,Malária,350710,Bom Jesus Dos Perdoes,SP,2018,0
MALA,Malária,350710,Bom Jesus Dos Perdoes,SP,2019,0
MALA,Malária,350710,Bom Jesus Dos Perdoes,SP,2020,0
MALA,Malária,350710,Bom Jesus Dos Perdoes,SP,2021,0
MALA,Malária,350710,Bom Jesus Dos Perdoes,SP,2022,0
MALA,Malária,350710,Bom Jesus Dos Perdoes,SP,2023,0
MALA,Malária,350710,Bom Jesus Dos Perdoes,SP,2024,0
MALA,Malária,350750,Botucatu,SP,2007,1
MALA,Malária,350750,Botucatu,SP,2008,5
MALA,Malária,350750,Botucatu,SP,2009,2
MALA,Malária,350750,Botucatu,SP,2010,1
MALA,Malária,350750,Botucatu,SP,2011,4
MALA,Malária,350750,Botucatu,SP,2012,1
MALA,Malária,350750,Botucatu,SP,2013,1
MALA,Malária,350750,Botucatu,SP,2014,2
MALA,Malária,350750,Botucatu,SP,2015,1
MALA,Malária,350750,Botucatu,SP,2016,0
MALA,Malária,350750,Botucatu,SP,2017,1
MALA,Malária,350750,Botucatu,SP,2018,0
MALA,Malária,350750,Botucatu,SP,2019,0
MALA,Malária,350750,Botucatu,SP,2020,1
MALA,Malária,350750,Botucatu,SP,2021,1
MALA,Malária,350750,Botucatu,SP,2022,1
MALA,Malária,350750,Botucatu,SP,2023,0
MALA,Malária,350750,Botucatu,SP,2024,1
MALA,Malária,350760,Braganca Paulista,SP,2007,0
MALA,Malária,350760,Braganca Paulista,SP,2008,0
MALA,Malária,350760,Braganca Paulista,SP,2009,1
MALA,Malária,350760,Braganca Paulista,SP,2010,0
MALA,Malária,350760,Braganca Paulista,SP,2011,0
MALA,Malária,350760,Braganca Paulista,SP,2012,0
MALA,Malária,350760,Braganca Paulista,SP,2013,0
MALA,Malária,350760,Braganca Paulista,SP,2014,0
MALA,Malária,350760,Braganca Paulista,SP,2015,0
MALA,Malária,350760,Braganca Paulista,SP,2016,0
MALA,Malária,350760,Braganca Paulista,SP,2017,0
MALA,Malária,350760,Braganca Paulista,SP,2018,0
MALA,Malária,350760,Braganca Paulista,SP,2019,0
MALA,Malária,350760,Braganca Paulista,SP,2020,0
MALA,Malária,350760,Braganca Paulista,SP,2021,0
MALA,Malária,350760,Braganca Paulista,SP,2022,1
MALA,Malária,350760,Braganca Paulista,SP,2023,0
MALA,Malária,350760,Braganca Paulista,SP,2024,0
MALA,Malária,350840,Cabreuva,SP,2007,0
MALA,Malária,350840,Cabreuva,SP,2008,0
MALA,Malária,350840,Cabreuva,SP,2009,0
MALA,Malária,350840,Cabreuva,SP,2010,0
MALA,Malária,350840,Cabreuva,SP,2011,0
MALA,Malária,350840,Cabreuva,SP,2012,0
MALA,Malária,350840,Cabreuva,SP,2013,0
MALA,Malária,350840,Cabreuva,SP,2014,0
MALA,Malária,350840,Cabreuva,SP,2015,1
MALA,Malária,350840,Cabreuva,SP,2016,0
MALA,Malária,350840,Cabreuva,SP,2017,0
MALA,Malária,350840,Cabreuva,SP,2018,0
MALA,Malária,350840,Cabreuva,SP,2019,2
MALA,Malária,350840,Cabreuva,SP,2020,0
MALA,Malária,350840,Cabreuva,SP,2021,0
MALA,Malária,350840,Cabreuva,SP,2022,0
MALA,Malária,350840,Cabreuva,SP,2023,0
MALA,Malária,350840,Cabreuva,SP,2024,0
MALA,Malária,350850,Cacapava,SP,2007,1
MALA,Malária,350850,Cacapava,SP,2008,0
MALA,Malária,350850,Cacapava,SP,2009,0
MALA,Malária,350850,Cacapava,SP,2010,0
MALA,Malária,350850,Cacapava,SP,2011,0
MALA,Malária,350850,Cacapava,SP,2012,0
MALA,Malária,350850,Cacapava,SP,2013,0
MALA,Malária,350850,Cacapava,SP,2014,0
MALA,Malária,350850,Cacapava,SP,2015,0
MALA,Malária,350850,Cacapava,SP,2016,0
MALA,Malária,350850,Cacapava,SP,2017,0
MALA,Malária,350850,Cacapava,SP,2018,0
MALA,Malária,350850,Cacapava,SP,2019,0
MALA,Malária,350850,Cacapava,SP,2020,0
MALA,Malária,350850,Cacapava,SP,2021,0
MALA,Malária,350850,Cacapava,SP,2022,0
MALA,Malária,350850,Cacapava,SP,2023,0
MALA,Malária,350850,Cacapava,SP,2024,0
MALA,Malária,350930,Cajobi,SP,2007,0
MALA,Malária,350930,Cajobi,SP,2008,0
MALA,Malária,350930,Cajobi,SP,2009,0
MALA,Malária,350930,Cajobi,SP,2010,0
MALA,Malária,350930,Cajobi,SP,2011,0
MALA,Malária,350930,Cajobi,SP,2012,0
MALA,Malária,350930,Cajobi,SP,2013,0
MALA,Malária,350930,Cajobi,SP,2014,0
MALA,Malária,350930,Cajobi,SP,2015,0
MALA,Malária,350930,Cajobi,SP,2016,0
MALA,Malária,350930,Cajobi,SP,2017,1
MALA,Malária,350930,Cajobi,SP,2018,0
MALA,Malária,350930,Cajobi,SP,2019,0
MALA,Malária,350930,Cajobi,SP,2020,0
MALA,Malária,350930,Cajobi,SP,2021,0
MALA,Malária,350930,Cajobi,SP,2022,0
MALA,Malária,350930,Cajobi,SP,2023,0
MALA,Malária,350930,Cajobi,SP,2024,0
MALA,Malária,350950,Campinas,SP,2007,30
MALA,Malária,350950,Campinas,SP,2008,23
MALA,Malária,350950,Campinas,SP,2009,27
MALA,Malária,350950,Campinas,SP,2010,35
MALA,Malária,350950,Campinas,SP,2011,23
MALA,Malária,350950,Campinas,SP,2012,26
MALA,Malária,350950,Campinas,SP,2013,18
MALA,Malária,350950,Campinas,SP,2014,25
MALA,Malária,350950,Campinas,SP,2015,11
MALA,Malária,350950,Campinas,SP,2016,5
MALA,Malária,350950,Campinas,SP,2017,14
MALA,Malária,350950,Campinas,SP,2018,18
MALA,Malária,350950,Campinas,SP,2019,12
MALA,Malária,350950,Campinas,SP,2020,8
MALA,Malária,350950,Campinas,SP,2021,15
MALA,Malária,350950,Campinas,SP,2022,12
MALA,Malária,350950,Campinas,SP,2023,9
MALA,Malária,350950,Campinas,SP,2024,12
MALA,Malária,350970,Campos do Jordao,SP,2007,0
MALA,Malária,350970,Campos do Jordao,SP,2008,0
MALA,Malária,350970,Campos do Jordao,SP,2009,0
MALA,Malária,350970,Campos do Jordao,SP,2010,0
MALA,Malária,350970,Campos do Jordao,SP,2011,1
MALA,Malária,350970,Campos do Jordao,SP,2012,0
MALA,Malária,350970,Campos do Jordao,SP,2013,0
MALA,Malária,350970,Campos do Jordao,SP,2014,0
MALA,Malária,350970,Campos do Jordao,SP,2015,0
MALA,Malária,350970,Campos do Jordao,SP,2016,0
MALA,Malária,350970,Campos do Jordao,SP,2017,0
MALA,Malária,350970,Campos do Jordao,SP,2018,0
MALA,Malária,350970,Campos do Jordao,SP,2019,0
MALA,Malária,350970,Campos do Jordao,SP,2020,0
MALA,Malária,350970,Campos do Jordao,SP,2021,0
MALA,Malária,350970,Campos do Jordao,SP,2022,0
MALA,Malária,350970,Campos do Jordao,SP,2023,0
MALA,Malária,350970,Campos do Jordao,SP,2024,0
MALA,Malária,351000,Candido Mota,SP,2007,0
MALA,Malária,351000,Candido Mota,SP,2008,0
MALA,Malária,351000,Candido Mota,SP,2009,0
MALA,Malária,351000,Candido Mota,SP,2010,1
MALA,Malária,351000,Candido Mota,SP,2011,0
MALA,Malária,351000,Candido Mota,SP,2012,0
MALA,Malária,351000,Candido Mota,SP,2013,1
MALA,Malária,351000,Candido Mota,SP,2014,0
MALA,Malária,351000,Candido Mota,SP,2015,0
MALA,Malária,351000,Candido Mota,SP,2016,0
MALA,Malária,351000,Candido Mota,SP,2017,0
MALA,Malária,351000,Candido Mota,SP,2018,0
MALA,Malária,351000,Candido Mota,SP,2019,0
MALA,Malária,351000,Candido Mota,SP,2020,0
MALA,Malária,351000,Candido Mota,SP,2021,0
MALA,Malária,351000,Candido Mota,SP,2022,0
MALA,Malária,351000,Candido Mota,SP,2023,0
MALA,Malária,351000,Candido Mota,SP,2024,0
MALA,Malária,351050,Caraguatatuba,SP,2007,0
MALA,Malária,351050,Caraguatatuba,SP,2008,0
MALA,Malária,351050,Caraguatatuba,SP,2009,0
MALA,Malária,351050,Caraguatatuba,SP,2010,0
MALA,Malária,351050,Caraguatatuba,SP,2011,0
MALA,Malária,351050,Caraguatatuba,SP,2012,0
MALA,Malária,351050,Caraguatatuba,SP,2013,0
MALA,Malária,351050,Caraguatatuba,SP,2014,0
MALA,Malária,351050,Caraguatatuba,SP,2015,0
MALA,Malária,351050,Caraguatatuba,SP,2016,0
MALA,Malária,351050,Caraguatatuba,SP,2017,6
MALA,Malária,351050,Caraguatatuba,SP,2018,1
MALA,Malária,351050,Caraguatatuba,SP,2019,3
MALA,Malária,351050,Caraguatatuba,SP,2020,1
MALA,Malária,351050,Caraguatatuba,SP,2021,1
MALA,Malária,351050,Caraguatatuba,SP,2022,0
MALA,Malária,351050,Caraguatatuba,SP,2023,0
MALA,Malária,351050,Caraguatatuba,SP,2024,0
MALA,Malária,351100,Castilho,SP,2007,0
MALA,Malária,351100,Castilho,SP,2008,0
MALA,Malária,351100,Castilho,SP,2009,0
MALA,Malária,351100,Castilho,SP,2010,0
MALA,Malária,351100,Castilho,SP,2011,0
MALA,Malária,351100,Castilho,SP,2012,0
MALA,Malária,351100,Castilho,SP,2013,0
MALA,Malária,351100,Castilho,SP,2014,2
MALA,Malária,351100,Castilho,SP,2015,0
MALA,Malária,351100,Castilho,SP,2016,0
MALA,Malária,351100,Castilho,SP,2017,0
MALA,Malária,351100,Castilho,SP,2018,0
MALA,Malária,351100,Castilho,SP,2019,0
MALA,Malária,351100,Castilho,SP,2020,0
MALA,Malária,351100,Castilho,SP,2021,0
MALA,Malária,351100,Castilho,SP,2022,0
MALA,Malária,351100,Castilho,SP,2023,0
MALA,Malária,351100,Castilho,SP,2024,0
MALA,Malária,351110,Catanduva,SP,2007,0
MALA,Malária,351110,Catanduva,SP,2008,0
MALA,Malária,351110,Catanduva,SP,2009,0
MALA,Malária,351110,Catanduva,SP,2010,0
MALA,Malária,351110,Catanduva,SP,2011,0
MALA,Malária,351110,Catanduva,SP,2012,0
MALA,Malária,351110,Catanduva,SP,2013,0
MALA,Malária,351110,Catanduva,SP,2014,0
MALA,Malária,351110,Catanduva,SP,2015,0
MALA,Malária,351110,Catanduva,SP,2016,0
MALA,Malária,351110,Catanduva,SP,2017,1
MALA,Malária,351110,Catanduva,SP,2018,0
MALA,Malária,351110,Catanduva,SP,2019,0
MALA,Malária,351110,Catanduva,SP,2020,0
MALA,Malária,351110,Catanduva,SP,2021,0
MALA,Malária,351110,Catanduva,SP,2022,1
MALA,Malária,351110,Catanduva,SP,2023,0
MALA,Malária,351110,Catanduva,SP,2024,0
MALA,Malária,351290,Cosmorama,SP,2007,0
MALA,Malária,351290,Cosmorama,SP,2008,0
MALA,Malária,351290,Cosmorama,SP,2009,0
MALA,Malária,351290,Cosmorama,SP,2010,0
MALA,Malária,351290,Cosmorama,SP,2011,0
MALA,Malária,351290,Cosmorama,SP,2012,0
MALA,Malária,351290,Cosmorama,SP,2013,0
MALA,Malária,351290,Cosmorama,SP,2014,0
MALA,Malária,351290,Cosmorama,SP,2015,0
MALA,Malária,351290,Cosmorama,SP,2016,0
MALA,Malária,351290,Cosmorama,SP,2017,0
MALA,Malária,351290,Cosmorama,SP,2018,0
MALA,Malária,351290,Cosmorama,SP,2019,0
MALA,Malária,351290,Cosmorama,SP,2020,0
MALA,Malária,351290,Cosmorama,SP,2021,1
MALA,Malária,351290,Cosmorama,SP,2022,0
MALA,Malária,351290,Cosmorama,SP,2023,0
MALA,Malária,351290,Cosmorama,SP,2024,0
MALA,Malária,351300,Cotia,SP,2007,0
MALA,Malária,351300,Cotia,SP,2008,0
MALA,Malária,351300,Cotia,SP,2009,0
MALA,Malária,351300,Cotia,SP,2010,0
MALA,Malária,351300,Cotia,SP,2011,0
MALA,Malária,351300,Cotia,SP,2012,0
MALA,Malária,351300,Cotia,SP,2013,0
MALA,Malária,351300,Cotia,SP,2014,0
MALA,Malária,351300,Cotia,SP,2015,0
MALA,Malária,351300,Cotia,SP,2016,0
MALA,Malária,351300,Cotia,SP,2017,1
MALA,Malária,351300,Cotia,SP,2018,1
MALA,Malária,351300,Cotia,SP,2019,0
MALA,Malária,351300,Cotia,SP,2020,0
MALA,Malária,351300,Cotia,SP,2021,0
MALA,Malária,351300,Cotia,SP,2022,1
MALA,Malária,351300,Cotia,SP,2023,0
MALA,Malária,351300,Cotia,SP,2024,0
MALA,Malária,351350,Cubatao,SP,2007,0
MALA,Malária,351350,Cubatao,SP,2008,0
MALA,Malária,351350,Cubatao,SP,2009,1
MALA,Malária,351350,Cubatao,SP,2010,1
MALA,Malária,351350,Cubatao,SP,2011,0
MALA,Malária,351350,Cubatao,SP,2012,2
MALA,Malária,351350,Cubatao,SP,2013,0
MALA,Malária,351350,Cubatao,SP,2014,0
MALA,Malária,351350,Cubatao,SP,2015,0
MALA,Malária,351350,Cubatao,SP,2016,0
MALA,Malária,351350,Cubatao,SP,2017,0
MALA,Malária,351350,Cubatao,SP,2018,0
MALA,Malária,351350,Cubatao,SP,2019,0
MALA,Malária,351350,Cubatao,SP,2020,0
MALA,Malária,351350,Cubatao,SP,2021,0
MALA,Malária,351350,Cubatao,SP,2022,0
MALA,Malária,351350,Cubatao,SP,2023,0
MALA,Malária,351350,Cubatao,SP,2024,0
MALA,Malária,351380,Diadema,SP,2007,0
MALA,Malária,351380,Diadema,SP,2008,2
MALA,Malária,351380,Diadema,SP,2009,0
MALA,Malária,351380,Diadema,SP,2010,0
MALA,Malária,351380,Diadema,SP,2011,1
MALA,Malária,351380,Diadema,SP,2012,0
MALA,Malária,351380,Diadema,SP,2013,0
MALA,Malária,351380,Diadema,SP,2014,0
MALA,Malária,351380,Diadema,SP,2015,0
MALA,Malária,351380,Diadema,SP,2016,0
MALA,Malária,351380,Diadema,SP,2017,0
MALA,Malária,351380,Diadema,SP,2018,0
MALA,Malária,351380,Diadema,SP,2019,0
MALA,Malária,351380,Diadema,SP,2020,0
MALA,Malária,351380,Diadema,SP,2021,0
MALA,Malária,351380,Diadema,SP,2022,0
MALA,Malária,351380,Diadema,SP,2023,0
MALA,Malária,351380,Diadema,SP,2024,0
MALA,Malária,351440,Dracena,SP,2007,1
MALA,Malária,351440,Dracena,SP,2008,0
MALA,Malária,351440,Dracena,SP,2009,0
MALA,Malária,351440,Dracena,SP,2010,0
MALA,Malária,351440,Dracena,SP,2011,0
MALA,Malária,351440,Dracena,SP,2012,1
MALA,Malária,351440,Dracena,SP,2013,0
MALA,Malária,351440,Dracena,SP,2014,0
MALA,Malária,351440,Dracena,SP,2015,0
MALA,Malária,351440,Dracena,SP,2016,0
MALA,Malária,351440,Dracena,SP,2017,0
MALA,Malária,351440,Dracena,SP,2018,0
MALA,Malária,351440,Dracena,SP,2019,0
MALA,Malária,351440,Dracena,SP,2020,0
MALA,Malária,351440,Dracena,SP,2021,1
MALA,Malária,351440,Dracena,SP,2022,0
MALA,Malária,351440,Dracena,SP,2023,0
MALA,Malária,351440,Dracena,SP,2024,0
MALA,Malária,351550,Fernandopolis,SP,2007,0
MALA,Malária,351550,Fernandopolis,SP,2008,0
MALA,Malária,351550,Fernandopolis,SP,2009,0
MALA,Malária,351550,Fernandopolis,SP,2010,0
MALA,Malária,351550,Fernandopolis,SP,2011,1
MALA,Malária,351550,Fernandopolis,SP,2012,2
MALA,Malária,351550,Fernandopolis,SP,2013,1
MALA,Malária,351550,Fernandopolis,SP,2014,1
MALA,Malária,351550,Fernandopolis,SP,2015,0
MALA,Malária,351550,Fernandopolis,SP,2016,0
MALA,Malária,351550,Fernandopolis,SP,2017,1
MALA,Malária,351550,Fernandopolis,SP,2018,0
MALA,Malária,351550,Fernandopolis,SP,2019,0
MALA,Malária,351550,Fernandopolis,SP,2020,0
MALA,Malária,351550,Fernandopolis,SP,2021,0
MALA,Malária,351550,Fernandopolis,SP,2022,0
MALA,Malária,351550,Fernandopolis,SP,2023,0
MALA,Malária,351550,Fernandopolis,SP,2024,0
MALA,Malária,351620,Franca,SP,2007,0
MALA,Malária,351620,Franca,SP,2008,0
MALA,Malária,351620,Franca,SP,2009,0
MALA,Malária,351620,Franca,SP,2010,0
MALA,Malária,351620,Franca,SP,2011,0
MALA,Malária,351620,Franca,SP,2012,0
MALA,Malária,351620,Franca,SP,2013,0
MALA,Malária,351620,Franca,SP,2014,0
MALA,Malária,351620,Franca,SP,2015,0
MALA,Malária,351620,Franca,SP,2016,1
MALA,Malária,351620,Franca,SP,2017,0
MALA,Malária,351620,Franca,SP,2018,0
MALA,Malária,351620,Franca,SP,2019,0
MALA,Malária,351620,Franca,SP,2020,0
MALA,Malária,351620,Franca,SP,2021,0
MALA,Malária,351620,Franca,SP,2022,0
MALA,Malária,351620,Franca,SP,2023,1
MALA,Malária,351620,Franca,SP,2024,0
MALA,Malária,351710,Glicerio,SP,2007,0
MALA,Malária,351710,Glicerio,SP,2008,1
MALA,Malária,351710,Glicerio,SP,2009,0
MALA,Malária,351710,Glicerio,SP,2010,0
MALA,Malária,351710,Glicerio,SP,2011,0
MALA,Malária,351710,Glicerio,SP,2012,0
MALA,Malária,351710,Glicerio,SP,2013,0
MALA,Malária,351710,Glicerio,SP,2014,0
MALA,Malária,351710,Glicerio,SP,2015,0
MALA,Malária,351710,Glicerio,SP,2016,0
MALA,Malária,351710,Glicerio,SP,2017,0
MALA,Malária,351710,Glicerio,SP,2018,0
MALA,Malária,351710,Glicerio,SP,2019,0
MALA,Malária,351710,Glicerio,SP,2020,0
MALA,Malária,351710,Glicerio,SP,2021,0
MALA,Malária,351710,Glicerio,SP,2022,0
MALA,Malária,351710,Glicerio,SP,2023,0
MALA,Malária,351710,Glicerio,SP,2024,0
MALA,Malária,351780,Guaracai,SP,2007,0
MALA,Malária,351780,Guaracai,SP,2008,0
MALA,Malária,351780,Guaracai,SP,2009,0
MALA,Malária,351780,Guaracai,SP,2010,0
MALA,Malária,351780,Guaracai,SP,2011,0
MALA,Malária,351780,Guaracai,SP,2012,0
MALA,Malária,351780,Guaracai,SP,2013,1
MALA,Malária,351780,Guaracai,SP,2014,0
MALA,Malária,351780,Guaracai,SP,2015,0
MALA,Malária,351780,Guaracai,SP,2016,0
MALA,Malária,351780,Guaracai,SP,2017,0
MALA,Malária,351780,Guaracai,SP,2018,0
MALA,Malária,351780,Guaracai,SP,2019,0
MALA,Malária,351780,Guaracai,SP,2020,0
MALA,Malária,351780,Guaracai,SP,2021,0
MALA,Malária,351780,Guaracai,SP,2022,0
MALA,Malária,351780,Guaracai,SP,2023,1
MALA,Malária,351780,Guaracai,SP,2024,0
MALA,Malária,351820,Guararapes,SP,2007,0
MALA,Malária,351820,Guararapes,SP,2008,0
MALA,Malária,351820,Guararapes,SP,2009,1
MALA,Malária,351820,Guararapes,SP,2010,0
MALA,Malária,351820,Guararapes,SP,2011,0
MALA,Malária,351820,Guararapes,SP,2012,0
MALA,Malária,351820,Guararapes,SP,2013,0
MALA,Malária,351820,Guararapes,SP,2014,0
MALA,Malária,351820,Guararapes,SP,2015,0
MALA,Malária,351820,Guararapes,SP,2016,0
MALA,Malária,351820,Guararapes,SP,2017,0
MALA,Malária,351820,Guararapes,SP,2018,0
MALA,Malária,351820,Guararapes,SP,2019,0
MALA,Malária,351820,Guararapes,SP,2020,0
MALA,Malária,351820,Guararapes,SP,2021,0
MALA,Malária,351820,Guararapes,SP,2022,0
MALA,Malária,351820,Guararapes,SP,2023,0
MALA,Malária,351820,Guararapes,SP,2024,0
MALA,Malária,351840,Guaratingueta,SP,2007,2
MALA,Malária,351840,Guaratingueta,SP,2008,0
MALA,Malária,351840,Guaratingueta,SP,2009,0
MALA,Malária,351840,Guaratingueta,SP,2010,1
MALA,Malária,351840,Guaratingueta,SP,2011,0
MALA,Malária,351840,Guaratingueta,SP,2012,1
MALA,Malária,351840,Guaratingueta,SP,2013,0
MALA,Malária,351840,Guaratingueta,SP,2014,0
MALA,Malária,351840,Guaratingueta,SP,2015,0
MALA,Malária,351840,Guaratingueta,SP,2016,0
MALA,Malária,351840,Guaratingueta,SP,2017,0
MALA,Malária,351840,Guaratingueta,SP,2018,0
MALA,Malária,351840,Guaratingueta,SP,2019,0
MALA,Malária,351840,Guaratingueta,SP,2020,0
MALA,Malária,351840,Guaratingueta,SP,2021,1
MALA,Malária,351840,Guaratingueta,SP,2022,0
MALA,Malária,351840,Guaratingueta,SP,2023,0
MALA,Malária,351840,Guaratingueta,SP,2024,0
MALA,Malária,351870,Guaruja,SP,2007,0
MALA,Malária,351870,Guaruja,SP,2008,0
MALA,Malária,351870,Guaruja,SP,2009,0
MALA,Malária,351870,Guaruja,SP,2010,0
MALA,Malária,351870,Guaruja,SP,2011,1
MALA,Malária,351870,Guaruja,SP,2012,1
MALA,Malária,351870,Guaruja,SP,2013,0
MALA,Malária,351870,Guaruja,SP,2014,0
MALA,Malária,351870,Guaruja,SP,2015,0
MALA,Malária,351870,Guaruja,SP,2016,0
MALA,Malária,351870,Guaruja,SP,2017,2
MALA,Malária,351870,Guaruja,SP,2018,1
MALA,Malária,351870,Guaruja,SP,2019,1
MALA,Malária,351870,Guaruja,SP,2020,0
MALA,Malária,351870,Guaruja,SP,2021,5
MALA,Malária,351870,Guaruja,SP,2022,0
MALA,Malária,351870,Guaruja,SP,2023,1
MALA,Malária,351870,Guaruja,SP,2024,1
MALA,Malária,351880,Guarulhos,SP,2007,0
MALA,Malária,351880,Guarulhos,SP,2008,0
MALA,Malária,351880,Guarulhos,SP,2009,0
MALA,Malária,351880,Guarulhos,SP,2010,2
MALA,Malária,351880,Guarulhos,SP,2011,3
MALA,Malária,351880,Guarulhos,SP,2012,0
MALA,Malária,351880,Guarulhos,SP,2013,0
MALA,Malária,351880,Guarulhos,SP,2014,1
MALA,Malária,351880,Guarulhos,SP,2015,1
MALA,Malária,351880,Guarulhos,SP,2016,0
MALA,Malária,351880,Guarulhos,SP,2017,0
MALA,Malária,351880,Guarulhos,SP,2018,1
MALA,Malária,351880,Guarulhos,SP,2019,0
MALA,Malária,351880,Guarulhos,SP,2020,0
MALA,Malária,351880,Guarulhos,SP,2021,0
MALA,Malária,351880,Guarulhos,SP,2022,0
MALA,Malária,351880,Guarulhos,SP,2023,1
MALA,Malária,351880,Guarulhos,SP,2024,0
MALA,Malária,351890,Guzolandia,SP,2007,0
MALA,Malária,351890,Guzolandia,SP,2008,0
MALA,Malária,351890,Guzolandia,SP,2009,0
MALA,Malária,351890,Guzolandia,SP,2010,0
MALA,Malária,351890,Guzolandia,SP,2011,1
MALA,Malária,351890,Guzolandia,SP,2012,0
MALA,Malária,351890,Guzolandia,SP,2013,0
MALA,Malária,351890,Guzolandia,SP,2014,0
MALA,Malária,351890,Guzolandia,SP,2015,0
MALA,Malária,351890,Guzolandia,SP,2016,0
MALA,Malária,351890,Guzolandia,SP,2017,0
MALA,Malária,351890,Guzolandia,SP,2018,0
MALA,Malária,351890,Guzolandia,SP,2019,0
MALA,Malária,351890,Guzolandia,SP,2020,0
MALA,Malária,351890,Guzolandia,SP,2021,0
MALA,Malária,351890,Guzolandia,SP,2022,0
MALA,Malária,351890,Guzolandia,SP,2023,0
MALA,Malária,351890,Guzolandia,SP,2024,0
MALA,Malária,351907,Hortolandia,SP,2007,0
MALA,Malária,351907,Hortolandia,SP,2008,0
MALA,Malária,351907,Hortolandia,SP,2009,0
MALA,Malária,351907,Hortolandia,SP,2010,0
MALA,Malária,351907,Hortolandia,SP,2011,0
MALA,Malária,351907,Hortolandia,SP,2012,0
MALA,Malária,351907,Hortolandia,SP,2013,0
MALA,Malária,351907,Hortolandia,SP,2014,0
MALA,Malária,351907,Hortolandia,SP,2015,0
MALA,Malária,351907,Hortolandia,SP,2016,0
MALA,Malária,351907,Hortolandia,SP,2017,0
MALA,Malária,351907,Hortolandia,SP,2018,0
MALA,Malária,351907,Hortolandia,SP,2019,0
MALA,Malária,351907,Hortolandia,SP,2020,0
MALA,Malária,351907,Hortolandia,SP,2021,1
MALA,Malária,351907,Hortolandia,SP,2022,0
MALA,Malária,351907,Hortolandia,SP,2023,0
MALA,Malária,351907,Hortolandia,SP,2024,0
MALA,Malária,352000,Igaracu do Tiete,SP,2007,0
MALA,Malária,352000,Igaracu do Tiete,SP,2008,0
MALA,Malária,352000,Igaracu do Tiete,SP,2009,0
MALA,Malária,352000,Igaracu do Tiete,SP,2010,0
MALA,Malária,352000,Igaracu do Tiete,SP,2011,0
MALA,Malária,352000,Igaracu do Tiete,SP,2012,0
MALA,Malária,352000,Igaracu do Tiete,SP,2013,0
MALA,Malária,352000,Igaracu do Tiete,SP,2014,0
MALA,Malária,352000,Igaracu do Tiete,SP,2015,0
MALA,Malária,352000,Igaracu do Tiete,SP,2016,0
MALA,Malária,352000,Igaracu do Tiete,SP,2017,0
MALA,Malária,352000,Igaracu do Tiete,SP,2018,0
MALA,Malária,352000,Igaracu do Tiete,SP,2019,0
MALA,Malária,352000,Igaracu do Tiete,SP,2020,0
MALA,Malária,352000,Igaracu do Tiete,SP,2021,1
MALA,Malária,352000,Igaracu do Tiete,SP,2022,0
MALA,Malária,352000,Igaracu do Tiete,SP,2023,0
MALA,Malária,352000,Igaracu do Tiete,SP,2024,0
MALA,Malária,352030,Iguape,SP,2007,0
MALA,Malária,352030,Iguape,SP,2008,1
MALA,Malária,352030,Iguape,SP,2009,0
MALA,Malária,352030,Iguape,SP,2010,0
MALA,Malária,352030,Iguape,SP,2011,0
MALA,Malária,352030,Iguape,SP,2012,0
MALA,Malária,352030,Iguape,SP,2013,0
MALA,Malária,352030,Iguape,SP,2014,0
MALA,Malária,352030,Iguape,SP,2015,0
MALA,Malária,352030,Iguape,SP,2016,0
MALA,Malária,352030,Iguape,SP,2017,0
MALA,Malária,352030,Iguape,SP,2018,0
MALA,Malária,352030,Iguape,SP,2019,0
MALA,Malária,352030,Iguape,SP,2020,0
MALA,Malária,352030,Iguape,SP,2021,0
MALA,Malária,352030,Iguape,SP,2022,0
MALA,Malária,352030,Iguape,SP,2023,0
MALA,Malária,352030,Iguape,SP,2024,0
MALA,Malária,352040,Ilhabela,SP,2007,0
MALA,Malária,352040,Ilhabela,SP,2008,0
MALA,Malária,352040,Ilhabela,SP,2009,1
MALA,Malária,352040,Ilhabela,SP,2010,2
MALA,Malária,352040,Ilhabela,SP,2011,0
MALA,Malária,352040,Ilhabela,SP,2012,0
MALA,Malária,352040,Ilhabela,SP,2013,1
MALA,Malária,352040,Ilhabela,SP,2014,0
MALA,Malária,352040,Ilhabela,SP,2015,0
MALA,Malária,352040,Ilhabela,SP,2016,0
MALA,Malária,352040,Ilhabela,SP,2017,0
MALA,Malária,352040,Ilhabela,SP,2018,2
MALA,Malária,352040,Ilhabela,SP,2019,0
MALA,Malária,352040,Ilhabela,SP,2020,0
MALA,Malária,352040,Ilhabela,SP,2021,0
MALA,Malária,352040,Ilhabela,SP,2022,0
MALA,Malária,352040,Ilhabela,SP,2023,0
MALA,Malária,352040,Ilhabela,SP,2024,1
MALA,Malária,352044,Ilha Solteira,SP,2007,0
MALA,Malária,352044,Ilha Solteira,SP,2008,0
MALA,Malária,352044,Ilha Solteira,SP,2009,0
MALA,Malária,352044,Ilha Solteira,SP,2010,0
MALA,Malária,352044,Ilha Solteira,SP,2011,0
MALA,Malária,352044,Ilha Solteira,SP,2012,1
MALA,Malária,352044,Ilha Solteira,SP,2013,0
MALA,Malária,352044,Ilha Solteira,SP,2014,0
MALA,Malária,352044,Ilha Solteira,SP,2015,0
MALA,Malária,352044,Ilha Solteira,SP,2016,0
MALA,Malária,352044,Ilha Solteira,SP,2017,0
MALA,Malária,352044,Ilha Solteira,SP,2018,0
MALA,Malária,352044,Ilha Solteira,SP,2019,0
MALA,Malária,352044,Ilha Solteira,SP,2020,0
MALA,Malária,352044,Ilha Solteira,SP,2021,0
MALA,Malária,352044,Ilha Solteira,SP,2022,0
MALA,Malária,352044,Ilha Solteira,SP,2023,0
MALA,Malária,352044,Ilha Solteira,SP,2024,0
MALA,Malária,352050,Indaiatuba,SP,2007,0
MALA,Malária,352050,Indaiatuba,SP,2008,0
MALA,Malária,352050,Indaiatuba,SP,2009,0
MALA,Malária,352050,Indaiatuba,SP,2010,0
MALA,Malária,352050,Indaiatuba,SP,2011,1
MALA,Malária,352050,Indaiatuba,SP,2012,0
MALA,Malária,352050,Indaiatuba,SP,2013,0
MALA,Malária,352050,Indaiatuba,SP,2014,0
MALA,Malária,352050,Indaiatuba,SP,2015,0
MALA,Malária,352050,Indaiatuba,SP,2016,0
MALA,Malária,352050,Indaiatuba,SP,2017,0
MALA,Malária,352050,Indaiatuba,SP,2018,0
MALA,Malária,352050,Indaiatuba,SP,2019,0
MALA,Malária,352050,Indaiatuba,SP,2020,0
MALA,Malária,352050,Indaiatuba,SP,2021,0
MALA,Malária,352050,Indaiatuba,SP,2022,0
MALA,Malária,352050,Indaiatuba,SP,2023,0
MALA,Malária,352050,Indaiatuba,SP,2024,0
MALA,Malária,352090,Ipaussu,SP,2007,0
MALA,Malária,352090,Ipaussu,SP,2008,0
MALA,Malária,352090,Ipaussu,SP,2009,0
MALA,Malária,352090,Ipaussu,SP,2010,0
MALA,Malária,352090,Ipaussu,SP,2011,0
MALA,Malária,352090,Ipaussu,SP,2012,0
MALA,Malária,352090,Ipaussu,SP,2013,0
MALA,Malária,352090,Ipaussu,SP,2014,0
MALA,Malária,352090,Ipaussu,SP,2015,0
MALA,Malária,352090,Ipaussu,SP,2016,1
MALA,Malária,352090,Ipaussu,SP,2017,0
MALA,Malária,352090,Ipaussu,SP,2018,0
MALA,Malária,352090,Ipaussu,SP,2019,0
MALA,Malária,352090,Ipaussu,SP,2020,0
MALA,Malária,352090,Ipaussu,SP,2021,0
MALA,Malária,352090,Ipaussu,SP,2022,0
MALA,Malária,352090,Ipaussu,SP,2023,0
MALA,Malária,352090,Ipaussu,SP,2024,0
MALA,Malária,352210,Itanhaem,SP,2007,0
MALA,Malária,352210,Itanhaem,SP,2008,0
MALA,Malária,352210,Itanhaem,SP,2009,14
MALA,Malária,352210,Itanhaem,SP,2010,0
MALA,Malária,352210,Itanhaem,SP,2011,0
MALA,Malária,352210,Itanhaem,SP,2012,0
MALA,Malária,352210,Itanhaem,SP,2013,0
MALA,Malária,352210,Itanhaem,SP,2014,0
MALA,Malária,352210,Itanhaem,SP,2015,0
MALA,Malária,352210,Itanhaem,SP,2016,0
MALA,Malária,352210,Itanhaem,SP,2017,0
MALA,Malária,352210,Itanhaem,SP,2018,0
MALA,Malária,352210,Itanhaem,SP,2019,0
MALA,Malária,352210,Itanhaem,SP,2020,0
MALA,Malária,352210,Itanhaem,SP,2021,0
MALA,Malária,352210,Itanhaem,SP,2022,0
MALA,Malária,352210,Itanhaem,SP,2023,0
MALA,Malária,352210,Itanhaem,SP,2024,0
MALA,Malária,352220,Itapecerica da Serra,SP,2007,0
MALA,Malária,352220,Itapecerica da Serra,SP,2008,0
MALA,Malária,352220,Itapecerica da Serra,SP,2009,0
MALA,Malária,352220,Itapecerica da Serra,SP,2010,0
MALA,Malária,352220,Itapecerica da Serra,SP,2011,0
MALA,Malária,352220,Itapecerica da Serra,SP,2012,0
MALA,Malária,352220,Itapecerica da Serra,SP,2013,0
MALA,Malária,352220,Itapecerica da Serra,SP,2014,0
MALA,Malária,352220,Itapecerica da Serra,SP,2015,0
MALA,Malária,352220,Itapecerica da Serra,SP,2016,1
MALA,Malária,352220,Itapecerica da Serra,SP,2017,0
MALA,Malária,352220,Itapecerica da Serra,SP,2018,0
MALA,Malária,352220,Itapecerica da Serra,SP,2019,0
MALA,Malária,352220,Itapecerica da Serra,SP,2020,0
MALA,Malária,352220,Itapecerica da Serra,SP,2021,0
MALA,Malária,352220,Itapecerica da Serra,SP,2022,0
MALA,Malária,352220,Itapecerica da Serra,SP,2023,0
MALA,Malária,352220,Itapecerica da Serra,SP,2024,0
MALA,Malária,352230,Itapetininga,SP,2007,0
MALA,Malária,352230,Itapetininga,SP,2008,0
MALA,Malária,352230,Itapetininga,SP,2009,0
MALA,Malária,352230,Itapetininga,SP,2010,0
MALA,Malária,352230,Itapetininga,SP,2011,2
MALA,Malária,352230,Itapetininga,SP,2012,0
MALA,Malária,352230,Itapetininga,SP,2013,0
MALA,Malária,352230,Itapetininga,SP,2014,0
MALA,Malária,352230,Itapetininga,SP,2015,0
MALA,Malária,352230,Itapetininga,SP,2016,0
MALA,Malária,352230,Itapetininga,SP,2017,0
MALA,Malária,352230,Itapetininga,SP,2018,0
MALA,Malária,352230,Itapetininga,SP,2019,0
MALA,Malária,352230,Itapetininga,SP,2020,0
MALA,Malária,352230,Itapetininga,SP,2021,0
MALA,Malária,352230,Itapetininga,SP,2022,0
MALA,Malária,352230,Itapetininga,SP,2023,0
MALA,Malária,352230,Itapetininga,SP,2024,0
MALA,Malária,352240,Itapeva,SP,2007,0
MALA,Malária,352240,Itapeva,SP,2008,0
MALA,Malária,352240,Itapeva,SP,2009,0
MALA,Malária,352240,Itapeva,SP,2010,0
MALA,Malária,352240,Itapeva,SP,2011,1
MALA,Malária,352240,Itapeva,SP,2012,0
MALA,Malária,352240,Itapeva,SP,2013,0
MALA,Malária,352240,Itapeva,SP,2014,0
MALA,Malária,352240,Itapeva,SP,2015,0
MALA,Malária,352240,Itapeva,SP,2016,0
MALA,Malária,352240,Itapeva,SP,2017,0
MALA,Malária,352240,Itapeva,SP,2018,0
MALA,Malária,352240,Itapeva,SP,2019,0
MALA,Malária,352240,Itapeva,SP,2020,0
MALA,Malária,352240,Itapeva,SP,2021,0
MALA,Malária,352240,Itapeva,SP,2022,0
MALA,Malária,352240,Itapeva,SP,2023,0
MALA,Malária,352240,Itapeva,SP,2024,0
MALA,Malária,352250,Itapevi,SP,2007,0
MALA,Malária,352250,Itapevi,SP,2008,0
MALA,Malária,352250,Itapevi,SP,2009,0
MALA,Malária,352250,Itapevi,SP,2010,0
MALA,Malária,352250,Itapevi,SP,2011,0
MALA,Malária,352250,Itapevi,SP,2012,0
MALA,Malária,352250,Itapevi,SP,2013,0
MALA,Malária,352250,Itapevi,SP,2014,0
MALA,Malária,352250,Itapevi,SP,2015,0
MALA,Malária,352250,Itapevi,SP,2016,0
MALA,Malária,352250,Itapevi,SP,2017,1
MALA,Malária,352250,Itapevi,SP,2018,1
MALA,Malária,352250,Itapevi,SP,2019,0
MALA,Malária,352250,Itapevi,SP,2020,0
MALA,Malária,352250,Itapevi,SP,2021,0
MALA,Malária,352250,Itapevi,SP,2022,0
MALA,Malária,352250,Itapevi,SP,2023,0
MALA,Malária,352250,Itapevi,SP,2024,1
MALA,Malária,352280,Itaporanga,SP,2007,0
MALA,Malária,352280,Itaporanga,SP,2008,0
MALA,Malária,352280,Itaporanga,SP,2009,0
MALA,Malária,352280,Itaporanga,SP,2010,0
MALA,Malária,352280,Itaporanga,SP,2011,0
MALA,Malária,352280,Itaporanga,SP,2012,0
MALA,Malária,352280,Itaporanga,SP,2013,0
MALA,Malária,352280,Itaporanga,SP,2014,0
MALA,Malária,352280,Itaporanga,SP,2015,0
MALA,Malária,352280,Itaporanga,SP,2016,0
MALA,Malária,352280,Itaporanga,SP,2017,0
MALA,Malária,352280,Itaporanga,SP,2018,0
MALA,Malária,352280,Itaporanga,SP,2019,0
MALA,Malária,352280,Itaporanga,SP,2020,0
MALA,Malária,352280,Itaporanga,SP,2021,1
MALA,Malária,352280,Itaporanga,SP,2022,0
MALA,Malária,352280,Itaporanga,SP,2023,0
MALA,Malária,352280,Itaporanga,SP,2024,0
MALA,Malária,352310,Itaquaquecetuba,SP,2007,0
MALA,Malária,352310,Itaquaquecetuba,SP,2008,0
MALA,Malária,352310,Itaquaquecetuba,SP,2009,0
MALA,Malária,352310,Itaquaquecetuba,SP,2010,0
MALA,Malária,352310,Itaquaquecetuba,SP,2011,0
MALA,Malária,352310,Itaquaquecetuba,SP,2012,0
MALA,Malária,352310,Itaquaquecetuba,SP,2013,0
MALA,Malária,352310,Itaquaquecetuba,SP,2014,0
MALA,Malária,352310,Itaquaquecetuba,SP,2015,0
MALA,Malária,352310,Itaquaquecetuba,SP,2016,0
MALA,Malária,352310,Itaquaquecetuba,SP,2017,0
MALA,Malária,352310,Itaquaquecetuba,SP,2018,0
MALA,Malária,352310,Itaquaquecetuba,SP,2019,0
MALA,Malária,352310,Itaquaquecetuba,SP,2020,0
MALA,Malária,352310,Itaquaquecetuba,SP,2021,0
MALA,Malária,352310,Itaquaquecetuba,SP,2022,0
MALA,Malária,352310,Itaquaquecetuba,SP,2023,0
MALA,Malária,352310,Itaquaquecetuba,SP,2024,1
MALA,Malária,352390,Itu,SP,2007,0
MALA,Malária,352390,Itu,SP,2008,1
MALA,Malária,352390,Itu,SP,2009,0
MALA,Malária,352390,Itu,SP,2010,1
MALA,Malária,352390,Itu,SP,2011,0
MALA,Malária,352390,Itu,SP,2012,0
MALA,Malária,352390,Itu,SP,2013,0
MALA,Malária,352390,Itu,SP,2014,0
MALA,Malária,352390,Itu,SP,2015,0
MALA,Malária,352390,Itu,SP,2016,0
MALA,Malária,352390,Itu,SP,2017,0
MALA,Malária,352390,Itu,SP,2018,0
MALA,Malária,352390,Itu,SP,2019,0
MALA,Malária,352390,Itu,SP,2020,0
MALA,Malária,352390,Itu,SP,2021,0
MALA,Malária,352390,Itu,SP,2022,0
MALA,Malária,352390,Itu,SP,2023,0
MALA,Malária,352390,Itu,SP,2024,0
MALA,Malária,352410,Ituverava,SP,2007,0
MALA,Malária,352410,Ituverava,SP,2008,1
MALA,Malária,352410,Ituverava,SP,2009,0
MALA,Malária,352410,Ituverava,SP,2010,0
MALA,Malária,352410,Ituverava,SP,2011,0
MALA,Malária,352410,Ituverava,SP,2012,0
MALA,Malária,352410,Ituverava,SP,2013,0
MALA,Malária,352410,Ituverava,SP,2014,0
MALA,Malária,352410,Ituverava,SP,2015,0
MALA,Malária,352410,Ituverava,SP,2016,0
MALA,Malária,352410,Ituverava,SP,2017,0
MALA,Malária,352410,Ituverava,SP,2018,0
MALA,Malária,352410,Ituverava,SP,2019,0
MALA,Malária,352410,Ituverava,SP,2020,0
MALA,Malária,352410,Ituverava,SP,2021,0
MALA,Malária,352410,Ituverava,SP,2022,0
MALA,Malária,352410,Ituverava,SP,2023,0
MALA,Malária,352410,Ituverava,SP,2024,0
MALA,Malária,352440,Jacarei,SP,2007,3
MALA,Malária,352440,Jacarei,SP,2008,0
MALA,Malária,352440,Jacarei,SP,2009,0
MALA,Malária,352440,Jacarei,SP,2010,0
MALA,Malária,352440,Jacarei,SP,2011,0
MALA,Malária,352440,Jacarei,SP,2012,2
MALA,Malária,352440,Jacarei,SP,2013,0
MALA,Malária,352440,Jacarei,SP,2014,0
MALA,Malária,352440,Jacarei,SP,2015,0
MALA,Malária,352440,Jacarei,SP,2016,0
MALA,Malária,352440,Jacarei,SP,2017,1
MALA,Malária,352440,Jacarei,SP,2018,0
MALA,Malária,352440,Jacarei,SP,2019,0
MALA,Malária,352440,Jacarei,SP,2020,0
MALA,Malária,352440,Jacarei,SP,2021,0
MALA,Malária,352440,Jacarei,SP,2022,0
MALA,Malária,352440,Jacarei,SP,2023,1
MALA,Malária,352440,Jacarei,SP,2024,0
MALA,Malária,352480,Jales,SP,2007,0
MALA,Malária,352480,Jales,SP,2008,0
MALA,Malária,352480,Jales,SP,2009,0
MALA,Malária,352480,Jales,SP,2010,0
MALA,Malária,352480,Jales,SP,2011,0
MALA,Malária,352480,Jales,SP,2012,0
MALA,Malária,352480,Jales,SP,2013,0
MALA,Malária,352480,Jales,SP,2014,0
MALA,Malária,352480,Jales,SP,2015,1
MALA,Malária,352480,Jales,SP,2016,0
MALA,Malária,352480,Jales,SP,2017,0
MALA,Malária,352480,Jales,SP,2018,3
MALA,Malária,352480,Jales,SP,2019,0
MALA,Malária,352480,Jales,SP,2020,0
MALA,Malária,352480,Jales,SP,2021,0
MALA,Malária,352480,Jales,SP,2022,0
MALA,Malária,352480,Jales,SP,2023,0
MALA,Malária,352480,Jales,SP,2024,0
MALA,Malária,352530,Jau,SP,2007,0
MALA,Malária,352530,Jau,SP,2008,0
MALA,Malária,352530,Jau,SP,2009,0
MALA,Malária,352530,Jau,SP,2010,0
MALA,Malária,352530,Jau,SP,2011,1
MALA,Malária,352530,Jau,SP,2012,0
MALA,Malária,352530,Jau,SP,2013,1
MALA,Malária,352530,Jau,SP,2014,0
MALA,Malária,352530,Jau,SP,2015,0
MALA,Malária,352530,Jau,SP,2016,0
MALA,Malária,352530,Jau,SP,2017,0
MALA,Malária,352530,Jau,SP,2018,0
MALA,Malária,352530,Jau,SP,2019,0
MALA,Malária,352530,Jau,SP,2020,0
MALA,Malária,352530,Jau,SP,2021,0
MALA,Malária,352530,Jau,SP,2022,0
MALA,Malária,352530,Jau,SP,2023,0
MALA,Malária,352530,Jau,SP,2024,2
MALA,Malária,352570,Jose Bonifacio,SP,2007,0
MALA,Malária,352570,Jose Bonifacio,SP,2008,0
MALA,Malária,352570,Jose Bonifacio,SP,2009,0
MALA,Malária,352570,Jose Bonifacio,SP,2010,0
MALA,Malária,352570,Jose Bonifacio,SP,2011,0
MALA,Malária,352570,Jose Bonifacio,SP,2012,0
MALA,Malária,352570,Jose Bonifacio,SP,2013,0
MALA,Malária,352570,Jose Bonifacio,SP,2014,0
MALA,Malária,352570,Jose Bonifacio,SP,2015,0
MALA,Malária,352570,Jose Bonifacio,SP,2016,0
MALA,Malária,352570,Jose Bonifacio,SP,2017,0
MALA,Malária,352570,Jose Bonifacio,SP,2018,0
MALA,Malária,352570,Jose Bonifacio,SP,2019,0
MALA,Malária,352570,Jose Bonifacio,SP,2020,0
MALA,Malária,352570,Jose Bonifacio,SP,2021,1
MALA,Malária,352570,Jose Bonifacio,SP,2022,0
MALA,Malária,352570,Jose Bonifacio,SP,2023,0
MALA,Malária,352570,Jose Bonifacio,SP,2024,0
MALA,Malária,352600,Junqueiropolis,SP,2007,2
MALA,Malária,352600,Junqueiropolis,SP,2008,0
MALA,Malária,352600,Junqueiropolis,SP,2009,0
MALA,Malária,352600,Junqueiropolis,SP,2010,0
MALA,Malária,352600,Junqueiropolis,SP,2011,0
MALA,Malária,352600,Junqueiropolis,SP,2012,0
MALA,Malária,352600,Junqueiropolis,SP,2013,0
MALA,Malária,352600,Junqueiropolis,SP,2014,0
MALA,Malária,352600,Junqueiropolis,SP,2015,0
MALA,Malária,352600,Junqueiropolis,SP,2016,0
MALA,Malária,352600,Junqueiropolis,SP,2017,0
MALA,Malária,352600,Junqueiropolis,SP,2018,0
MALA,Malária,352600,Junqueiropolis,SP,2019,0
MALA,Malária,352600,Junqueiropolis,SP,2020,0
MALA,Malária,352600,Junqueiropolis,SP,2021,0
MALA,Malária,352600,Junqueiropolis,SP,2022,0
MALA,Malária,352600,Junqueiropolis,SP,2023,0
MALA,Malária,352600,Junqueiropolis,SP,2024,0
MALA,Malária,352680,Lencois Paulista,SP,2007,0
MALA,Malária,352680,Lencois Paulista,SP,2008,0
MALA,Malária,352680,Lencois Paulista,SP,2009,0
MALA,Malária,352680,Lencois Paulista,SP,2010,0
MALA,Malária,352680,Lencois Paulista,SP,2011,0
MALA,Malária,352680,Lencois Paulista,SP,2012,0
MALA,Malária,352680,Lencois Paulista,SP,2013,1
MALA,Malária,352680,Lencois Paulista,SP,2014,0
MALA,Malária,352680,Lencois Paulista,SP,2015,0
MALA,Malária,352680,Lencois Paulista,SP,2016,0
MALA,Malária,352680,Lencois Paulista,SP,2017,0
MALA,Malária,352680,Lencois Paulista,SP,2018,0
MALA,Malária,352680,Lencois Paulista,SP,2019,0
MALA,Malária,352680,Lencois Paulista,SP,2020,0
MALA,Malária,352680,Lencois Paulista,SP,2021,0
MALA,Malária,352680,Lencois Paulista,SP,2022,0
MALA,Malária,352680,Lencois Paulista,SP,2023,0
MALA,Malária,352680,Lencois Paulista,SP,2024,0
MALA,Malária,352690,Limeira,SP,2007,1
MALA,Malária,352690,Limeira,SP,2008,0
MALA,Malária,352690,Limeira,SP,2009,0
MALA,Malária,352690,Limeira,SP,2010,0
MALA,Malária,352690,Limeira,SP,2011,0
MALA,Malária,352690,Limeira,SP,2012,0
MALA,Malária,352690,Limeira,SP,2013,0
MALA,Malária,352690,Limeira,SP,2014,0
MALA,Malária,352690,Limeira,SP,2015,0
MALA,Malária,352690,Limeira,SP,2016,0
MALA,Malária,352690,Limeira,SP,2017,0
MALA,Malária,352690,Limeira,SP,2018,0
MALA,Malária,352690,Limeira,SP,2019,0
MALA,Malária,352690,Limeira,SP,2020,0
MALA,Malária,352690,Limeira,SP,2021,0
MALA,Malária,352690,Limeira,SP,2022,0
MALA,Malária,352690,Limeira,SP,2023,0
MALA,Malária,352690,Limeira,SP,2024,0
MALA,Malária,352710,Lins,SP,2007,0
MALA,Malária,352710,Lins,SP,2008,0
MALA,Malária,352710,Lins,SP,2009,0
MALA,Malária,352710,Lins,SP,2010,0
MALA,Malária,352710,Lins,SP,2011,1
MALA,Malária,352710,Lins,SP,2012,0
MALA,Malária,352710,Lins,SP,2013,0
MALA,Malária,352710,Lins,SP,2014,0
MALA,Malária,352710,Lins,SP,2015,0
MALA,Malária,352710,Lins,SP,2016,12
MALA,Malária,352710,Lins,SP,2017,1
MALA,Malária,352710,Lins,SP,2018,0
MALA,Malária,352710,Lins,SP,2019,1
MALA,Malária,352710,Lins,SP,2020,0
MALA,Malária,352710,Lins,SP,2021,0
MALA,Malária,352710,Lins,SP,2022,0
MALA,Malária,352710,Lins,SP,2023,0
MALA,Malária,352710,Lins,SP,2024,1
MALA,Malária,352850,Mairipora,SP,2007,0
MALA,Malária,352850,Mairipora,SP,2008,0
MALA,Malária,352850,Mairipora,SP,2009,0
MALA,Malária,352850,Mairipora,SP,2010,0
MALA,Malária,352850,Mairipora,SP,2011,0
MALA,Malária,352850,Mairipora,SP,2012,0
MALA,Malária,352850,Mairipora,SP,2013,0
MALA,Malária,352850,Mairipora,SP,2014,0
MALA,Malária,352850,Mairipora,SP,2015,0
MALA,Malária,352850,Mairipora,SP,2016,0
MALA,Malária,352850,Mairipora,SP,2017,0
MALA,Malária,352850,Mairipora,SP,2018,0
MALA,Malária,352850,Mairipora,SP,2019,1
MALA,Malária,352850,Mairipora,SP,2020,0
MALA,Malária,352850,Mairipora,SP,2021,0
MALA,Malária,352850,Mairipora,SP,2022,0
MALA,Malária,352850,Mairipora,SP,2023,0
MALA,Malária,352850,Mairipora,SP,2024,0
MALA,Malária,352900,Marilia,SP,2007,8
MALA,Malária,352900,Marilia,SP,2008,8
MALA,Malária,352900,Marilia,SP,2009,4
MALA,Malária,352900,Marilia,SP,2010,7
MALA,Malária,352900,Marilia,SP,2011,7
MALA,Malária,352900,Marilia,SP,2012,2
MALA,Malária,352900,Marilia,SP,2013,3
MALA,Malária,352900,Marilia,SP,2014,1
MALA,Malária,352900,Marilia,SP,2015,1
MALA,Malária,352900,Marilia,SP,2016,3
MALA,Malária,352900,Marilia,SP,2017,0
MALA,Malária,352900,Marilia,SP,2018,3
MALA,Malária,352900,Marilia,SP,2019,2
MALA,Malária,352900,Marilia,SP,2020,6
MALA,Malária,352900,Marilia,SP,2021,1
MALA,Malária,352900,Marilia,SP,2022,1
MALA,Malária,352900,Marilia,SP,2023,0
MALA,Malária,352900,Marilia,SP,2024,0
MALA,Malária,352940,Maua,SP,2007,0
MALA,Malária,352940,Maua,SP,2008,0
MALA,Malária,352940,Maua,SP,2009,0
MALA,Malária,352940,Maua,SP,2010,1
MALA,Malária,352940,Maua,SP,2011,0
MALA,Malária,352940,Maua,SP,2012,0
MALA,Malária,352940,Maua,SP,2013,0
MALA,Malária,352940,Maua,SP,2014,1
MALA,Malária,352940,Maua,SP,2015,0
MALA,Malária,352940,Maua,SP,2016,1
MALA,Malária,352940,Maua,SP,2017,0
MALA,Malária,352940,Maua,SP,2018,2
MALA,Malária,352940,Maua,SP,2019,1
MALA,Malária,352940,Maua,SP,2020,0
MALA,Malária,352940,Maua,SP,2021,0
MALA,Malária,352940,Maua,SP,2022,0
MALA,Malária,352940,Maua,SP,2023,0
MALA,Malária,352940,Maua,SP,2024,0
MALA,Malária,353010,Mirandopolis,SP,2007,0
MALA,Malária,353010,Mirandopolis,SP,2008,1
MALA,Malária,353010,Mirandopolis,SP,2009,0
MALA,Malária,353010,Mirandopolis,SP,2010,0
MALA,Malária,353010,Mirandopolis,SP,2011,0
MALA,Malária,353010,Mirandopolis,SP,2012,0
MALA,Malária,353010,Mirandopolis,SP,2013,0
MALA,Malária,353010,Mirandopolis,SP,2014,0
MALA,Malária,353010,Mirandopolis,SP,2015,0
MALA,Malária,353010,Mirandopolis,SP,2016,0
MALA,Malária,353010,Mirandopolis,SP,2017,0
MALA,Malária,353010,Mirandopolis,SP,2018,0
MALA,Malária,353010,Mirandopolis,SP,2019,0
MALA,Malária,353010,Mirandopolis,SP,2020,0
MALA,Malária,353010,Mirandopolis,SP,2021,0
MALA,Malária,353010,Mirandopolis,SP,2022,0
MALA,Malária,353010,Mirandopolis,SP,2023,0
MALA,Malária,353010,Mirandopolis,SP,2024,0
MALA,Malária,353060,Mogi Das Cruzes,SP,2007,0
MALA,Malária,353060,Mogi Das Cruzes,SP,2008,0
MALA,Malária,353060,Mogi Das Cruzes,SP,2009,0
MALA,Malária,353060,Mogi Das Cruzes,SP,2010,2
MALA,Malária,353060,Mogi Das Cruzes,SP,2011,1
MALA,Malária,353060,Mogi Das Cruzes,SP,2012,1
MALA,Malária,353060,Mogi Das Cruzes,SP,2013,0
MALA,Malária,353060,Mogi Das Cruzes,SP,2014,1
MALA,Malária,353060,Mogi Das Cruzes,SP,2015,0
MALA,Malária,353060,Mogi Das Cruzes,SP,2016,2
MALA,Malária,353060,Mogi Das Cruzes,SP,2017,2
MALA,Malária,353060,Mogi Das Cruzes,SP,2018,0
MALA,Malária,353060,Mogi Das Cruzes,SP,2019,0
MALA,Malária,353060,Mogi Das Cruzes,SP,2020,0
MALA,Malária,353060,Mogi Das Cruzes,SP,2021,0
MALA,Malária,353060,Mogi Das Cruzes,SP,2022,0
MALA,Malária,353060,Mogi Das Cruzes,SP,2023,0
MALA,Malária,353060,Mogi Das Cruzes,SP,2024,0
MALA,Malária,353110,Mongagua,SP,2007,0
MALA,Malária,353110,Mongagua,SP,2008,0
MALA,Malária,353110,Mongagua,SP,2009,0
MALA,Malária,353110,Mongagua,SP,2010,0
MALA,Malária,353110,Mongagua,SP,2011,0
MALA,Malária,353110,Mongagua,SP,2012,0
MALA,Malária,353110,Mongagua,SP,2013,0
MALA,Malária,353110,Mongagua,SP,2014,0
MALA,Malária,353110,Mongagua,SP,2015,0
MALA,Malária,353110,Mongagua,SP,2016,0
MALA,Malária,353110,Mongagua,SP,2017,0
MALA,Malária,353110,Mongagua,SP,2018,0
MALA,Malária,353110,Mongagua,SP,2019,0
MALA,Malária,353110,Mongagua,SP,2020,0
MALA,Malária,353110,Mongagua,SP,2021,2
MALA,Malária,353110,Mongagua,SP,2022,0
MALA,Malária,353110,Mongagua,SP,2023,0
MALA,Malária,353110,Mongagua,SP,2024,0
MALA,Malária,353200,Morungaba,SP,2007,0
MALA,Malária,353200,Morungaba,SP,2008,0
MALA,Malária,353200,Morungaba,SP,2009,0
MALA,Malária,353200,Morungaba,SP,2010,0
MALA,Malária,353200,Morungaba,SP,2011,0
MALA,Malária,353200,Morungaba,SP,2012,0
MALA,Malária,353200,Morungaba,SP,2013,0
MALA,Malária,353200,Morungaba,SP,2014,0
MALA,Malária,353200,Morungaba,SP,2015,0
MALA,Malária,353200,Morungaba,SP,2016,0
MALA,Malária,353200,Morungaba,SP,2017,0
MALA,Malária,353200,Morungaba,SP,2018,0
MALA,Malária,353200,Morungaba,SP,2019,0
MALA,Malária,353200,Morungaba,SP,2020,0
MALA,Malária,353200,Morungaba,SP,2021,0
MALA,Malária,353200,Morungaba,SP,2022,0
MALA,Malária,353200,Morungaba,SP,2023,0
MALA,Malária,353200,Morungaba,SP,2024,1
MALA,Malária,353230,Natividade da Serra,SP,2007,0
MALA,Malária,353230,Natividade da Serra,SP,2008,0
MALA,Malária,353230,Natividade da Serra,SP,2009,0
MALA,Malária,353230,Natividade da Serra,SP,2010,0
MALA,Malária,353230,Natividade da Serra,SP,2011,0
MALA,Malária,353230,Natividade da Serra,SP,2012,0
MALA,Malária,353230,Natividade da Serra,SP,2013,0
MALA,Malária,353230,Natividade da Serra,SP,2014,0
MALA,Malária,353230,Natividade da Serra,SP,2015,0
MALA,Malária,353230,Natividade da Serra,SP,2016,0
MALA,Malária,353230,Natividade da Serra,SP,2017,0
MALA,Malária,353230,Natividade da Serra,SP,2018,0
MALA,Malária,353230,Natividade da Serra,SP,2019,2
MALA,Malária,353230,Natividade da Serra,SP,2020,0
MALA,Malária,353230,Natividade da Serra,SP,2021,0
MALA,Malária,353230,Natividade da Serra,SP,2022,0
MALA,Malária,353230,Natividade da Serra,SP,2023,0
MALA,Malária,353230,Natividade da Serra,SP,2024,0
MALA,Malária,353270,Nipoa,SP,2007,0
MALA,Malária,353270,Nipoa,SP,2008,0
MALA,Malária,353270,Nipoa,SP,2009,0
MALA,Malária,353270,Nipoa,SP,2010,0
MALA,Malária,353270,Nipoa,SP,2011,0
MALA,Malária,353270,Nipoa,SP,2012,0
MALA,Malária,353270,Nipoa,SP,2013,0
MALA,Malária,353270,Nipoa,SP,2014,1
MALA,Malária,353270,Nipoa,SP,2015,0
MALA,Malária,353270,Nipoa,SP,2016,0
MALA,Malária,353270,Nipoa,SP,2017,0
MALA,Malária,353270,Nipoa,SP,2018,0
MALA,Malária,353270,Nipoa,SP,2019,0
MALA,Malária,353270,Nipoa,SP,2020,0
MALA,Malária,353270,Nipoa,SP,2021,0
MALA,Malária,353270,Nipoa,SP,2022,0
MALA,Malária,353270,Nipoa,SP,2023,0
MALA,Malária,353270,Nipoa,SP,2024,0
MALA,Malária,353440,Osasco,SP,2007,1
MALA,Malária,353440,Osasco,SP,2008,0
MALA,Malária,353440,Osasco,SP,2009,0
MALA,Malária,353440,Osasco,SP,2010,1
MALA,Malária,353440,Osasco,SP,2011,1
MALA,Malária,353440,Osasco,SP,2012,0
MALA,Malária,353440,Osasco,SP,2013,0
MALA,Malária,353440,Osasco,SP,2014,0
MALA,Malária,353440,Osasco,SP,2015,0
MALA,Malária,353440,Osasco,SP,2016,0
MALA,Malária,353440,Osasco,SP,2017,0
MALA,Malária,353440,Osasco,SP,2018,0
MALA,Malária,353440,Osasco,SP,2019,0
MALA,Malária,353440,Osasco,SP,2020,0
MALA,Malária,353440,Osasco,SP,2021,0
MALA,Malária,353440,Osasco,SP,2022,0
MALA,Malária,353440,Osasco,SP,2023,0
MALA,Malária,353440,Osasco,SP,2024,0
MALA,Malária,353470,Ourinhos,SP,2007,0
MALA,Malária,353470,Ourinhos,SP,2008,0
MALA,Malária,353470,Ourinhos,SP,2009,0
MALA,Malária,353470,Ourinhos,SP,2010,1
MALA,Malária,353470,Ourinhos,SP,2011,0
MALA,Malária,353470,Ourinhos,SP,2012,0
MALA,Malária,353470,Ourinhos,SP,2013,0
MALA,Malária,353470,Ourinhos,SP,2014,0
MALA,Malária,353470,Ourinhos,SP,2015,1
MALA,Malária,353470,Ourinhos,SP,2016,0
MALA,Malária,353470,Ourinhos,SP,2017,0
MALA,Malária,353470,Ourinhos,SP,2018,0
MALA,Malária,353470,Ourinhos,SP,2019,0
MALA,Malária,353470,Ourinhos,SP,2020,0
MALA,Malária,353470,Ourinhos,SP,2021,0
MALA,Malária,353470,Ourinhos,SP,2022,0
MALA,Malária,353470,Ourinhos,SP,2023,0
MALA,Malária,353470,Ourinhos,SP,2024,0
MALA,Malária,353530,Palmital,SP,2007,0
MALA,Malária,353530,Palmital,SP,2008,0
MALA,Malária,353530,Palmital,SP,2009,1
MALA,Malária,353530,Palmital,SP,2010,0
MALA,Malária,353530,Palmital,SP,2011,0
MALA,Malária,353530,Palmital,SP,2012,0
MALA,Malária,353530,Palmital,SP,2013,0
MALA,Malária,353530,Palmital,SP,2014,0
MALA,Malária,353530,Palmital,SP,2015,0
MALA,Malária,353530,Palmital,SP,2016,0
MALA,Malária,353530,Palmital,SP,2017,0
MALA,Malária,353530,Palmital,SP,2018,0
MALA,Malária,353530,Palmital,SP,2019,0
MALA,Malária,353530,Palmital,SP,2020,0
MALA,Malária,353530,Palmital,SP,2021,0
MALA,Malária,353530,Palmital,SP,2022,0
MALA,Malária,353530,Palmital,SP,2023,0
MALA,Malária,353530,Palmital,SP,2024,0
MALA,Malária,353550,Paraguacu Paulista,SP,2007,1
MALA,Malária,353550,Paraguacu Paulista,SP,2008,0
MALA,Malária,353550,Paraguacu Paulista,SP,2009,0
MALA,Malária,353550,Paraguacu Paulista,SP,2010,0
MALA,Malária,353550,Paraguacu Paulista,SP,2011,0
MALA,Malária,353550,Paraguacu Paulista,SP,2012,0
MALA,Malária,353550,Paraguacu Paulista,SP,2013,0
MALA,Malária,353550,Paraguacu Paulista,SP,2014,0
MALA,Malária,353550,Paraguacu Paulista,SP,2015,0
MALA,Malária,353550,Paraguacu Paulista,SP,2016,0
MALA,Malária,353550,Paraguacu Paulista,SP,2017,0
MALA,Malária,353550,Paraguacu Paulista,SP,2018,0
MALA,Malária,353550,Paraguacu Paulista,SP,2019,0
MALA,Malária,353550,Paraguacu Paulista,SP,2020,0
MALA,Malária,353550,Paraguacu Paulista,SP,2021,0
MALA,Malária,353550,Paraguacu Paulista,SP,2022,0
MALA,Malária,353550,Paraguacu Paulista,SP,2023,0
MALA,Malária,353550,Paraguacu Paulista,SP,2024,0
MALA,Malária,353620,Pariquera-acu,SP,2007,1
MALA,Malária,353620,Pariquera-acu,SP,2008,0
MALA,Malária,353620,Pariquera-acu,SP,2009,0
MALA,Malária,353620,Pariquera-acu,SP,2010,0
MALA,Malária,353620,Pariquera-acu,SP,2011,0
MALA,Malária,353620,Pariquera-acu,SP,2012,1
MALA,Malária,353620,Pariquera-acu,SP,2013,0
MALA,Malária,353620,Pariquera-acu,SP,2014,0
MALA,Malária,353620,Pariquera-acu,SP,2015,0
MALA,Malária,353620,Pariquera-acu,SP,2016,0
MALA,Malária,353620,Pariquera-acu,SP,2017,0
MALA,Malária,353620,Pariquera-acu,SP,2018,0
MALA,Malária,353620,Pariquera-acu,SP,2019,0
MALA,Malária,353620,Pariquera-acu,SP,2020,1
MALA,Malária,353620,Pariquera-acu,SP,2021,1
MALA,Malária,353620,Pariquera-acu,SP,2022,0
MALA,Malária,353620,Pariquera-acu,SP,2023,0
MALA,Malária,353620,Pariquera-acu,SP,2024,0
MALA,Malária,353730,Penapolis,SP,2007,2
MALA,Malária,353730,Penapolis,SP,2008,1
MALA,Malária,353730,Penapolis,SP,2009,2
MALA,Malária,353730,Penapolis,SP,2010,0
MALA,Malária,353730,Penapolis,SP,2011,0
MALA,Malária,353730,Penapolis,SP,2012,1
MALA,Malária,353730,Penapolis,SP,2013,0
MALA,Malária,353730,Penapolis,SP,2014,1
MALA,Malária,353730,Penapolis,SP,2015,1
MALA,Malária,353730,Penapolis,SP,2016,1
MALA,Malária,353730,Penapolis,SP,2017,0
MALA,Malária,353730,Penapolis,SP,2018,0
MALA,Malária,353730,Penapolis,SP,2019,1
MALA,Malária,353730,Penapolis,SP,2020,0
MALA,Malária,353730,Penapolis,SP,2021,1
MALA,Malária,353730,Penapolis,SP,2022,0
MALA,Malária,353730,Penapolis,SP,2023,0
MALA,Malária,353730,Penapolis,SP,2024,0
MALA,Malária,353740,Pereira Barreto,SP,2007,0
MALA,Malária,353740,Pereira Barreto,SP,2008,0
MALA,Malária,353740,Pereira Barreto,SP,2009,0
MALA,Malária,353740,Pereira Barreto,SP,2010,0
MALA,Malária,353740,Pereira Barreto,SP,2011,0
MALA,Malária,353740,Pereira Barreto,SP,2012,0
MALA,Malária,353740,Pereira Barreto,SP,2013,1
MALA,Malária,353740,Pereira Barreto,SP,2014,0
MALA,Malária,353740,Pereira Barreto,SP,2015,0
MALA,Malária,353740,Pereira Barreto,SP,2016,0
MALA,Malária,353740,Pereira Barreto,SP,2017,0
MALA,Malária,353740,Pereira Barreto,SP,2018,0
MALA,Malária,353740,Pereira Barreto,SP,2019,0
MALA,Malária,353740,Pereira Barreto,SP,2020,0
MALA,Malária,353740,Pereira Barreto,SP,2021,0
MALA,Malária,353740,Pereira Barreto,SP,2022,0
MALA,Malária,353740,Pereira Barreto,SP,2023,0
MALA,Malária,353740,Pereira Barreto,SP,2024,0
MALA,Malária,353760,Peruibe,SP,2007,0
MALA,Malária,353760,Peruibe,SP,2008,0
MALA,Malária,353760,Peruibe,SP,2009,1
MALA,Malária,353760,Peruibe,SP,2010,0
MALA,Malária,353760,Peruibe,SP,2011,1
MALA,Malária,353760,Peruibe,SP,2012,0
MALA,Malária,353760,Peruibe,SP,2013,0
MALA,Malária,353760,Peruibe,SP,2014,0
MALA,Malária,353760,Peruibe,SP,2015,0
MALA,Malária,353760,Peruibe,SP,2016,0
MALA,Malária,353760,Peruibe,SP,2017,0
MALA,Malária,353760,Peruibe,SP,2018,0
MALA,Malária,353760,Peruibe,SP,2019,0
MALA,Malária,353760,Peruibe,SP,2020,0
MALA,Malária,353760,Peruibe,SP,2021,0
MALA,Malária,353760,Peruibe,SP,2022,0
MALA,Malária,353760,Peruibe,SP,2023,0
MALA,Malária,353760,Peruibe,SP,2024,0
MALA,Malária,353770,Piacatu,SP,2007,0
MALA,Malária,353770,Piacatu,SP,2008,0
MALA,Malária,353770,Piacatu,SP,2009,0
MALA,Malária,353770,Piacatu,SP,2010,0
MALA,Malária,353770,Piacatu,SP,2011,0
MALA,Malária,353770,Piacatu,SP,2012,0
MALA,Malária,353770,Piacatu,SP,2013,1
MALA,Malária,353770,Piacatu,SP,2014,0
MALA,Malária,353770,Piacatu,SP,2015,0
MALA,Malária,353770,Piacatu,SP,2016,0
MALA,Malária,353770,Piacatu,SP,2017,0
MALA,Malária,353770,Piacatu,SP,2018,0
MALA,Malária,353770,Piacatu,SP,2019,0
MALA,Malária,353770,Piacatu,SP,2020,0
MALA,Malária,353770,Piacatu,SP,2021,0
MALA,Malária,353770,Piacatu,SP,2022,0
MALA,Malária,353770,Piacatu,SP,2023,1
MALA,Malária,353770,Piacatu,SP,2024,0
MALA,Malária,353780,Piedade,SP,2007,0
MALA,Malária,353780,Piedade,SP,2008,0
MALA,Malária,353780,Piedade,SP,2009,0
MALA,Malária,353780,Piedade,SP,2010,0
MALA,Malária,353780,Piedade,SP,2011,0
MALA,Malária,353780,Piedade,SP,2012,0
MALA,Malária,353780,Piedade,SP,2013,0
MALA,Malária,353780,Piedade,SP,2014,0
MALA,Malária,353780,Piedade,SP,2015,0
MALA,Malária,353780,Piedade,SP,2016,0
MALA,Malária,353780,Piedade,SP,2017,0
MALA,Malária,353780,Piedade,SP,2018,0
MALA,Malária,353780,Piedade,SP,2019,0
MALA,Malária,353780,Piedade,SP,2020,1
MALA,Malária,353780,Piedade,SP,2021,0
MALA,Malária,353780,Piedade,SP,2022,0
MALA,Malária,353780,Piedade,SP,2023,0
MALA,Malária,353780,Piedade,SP,2024,0
MALA,Malária,353800,Pindamonhangaba,SP,2007,0
MALA,Malária,353800,Pindamonhangaba,SP,2008,0
MALA,Malária,353800,Pindamonhangaba,SP,2009,0
MALA,Malária,353800,Pindamonhangaba,SP,2010,0
MALA,Malária,353800,Pindamonhangaba,SP,2011,0
MALA,Malária,353800,Pindamonhangaba,SP,2012,0
MALA,Malária,353800,Pindamonhangaba,SP,2013,0
MALA,Malária,353800,Pindamonhangaba,SP,2014,0
MALA,Malária,353800,Pindamonhangaba,SP,2015,0
MALA,Malária,353800,Pindamonhangaba,SP,2016,0
MALA,Malária,353800,Pindamonhangaba,SP,2017,0
MALA,Malária,353800,Pindamonhangaba,SP,2018,1
MALA,Malária,353800,Pindamonhangaba,SP,2019,0
MALA,Malária,353800,Pindamonhangaba,SP,2020,0
MALA,Malária,353800,Pindamonhangaba,SP,2021,0
MALA,Malária,353800,Pindamonhangaba,SP,2022,0
MALA,Malária,353800,Pindamonhangaba,SP,2023,0
MALA,Malária,353800,Pindamonhangaba,SP,2024,0
MALA,Malária,353870,Piracicaba,SP,2007,1
MALA,Malária,353870,Piracicaba,SP,2008,1
MALA,Malária,353870,Piracicaba,SP,2009,0
MALA,Malária,353870,Piracicaba,SP,2010,1
MALA,Malária,353870,Piracicaba,SP,2011,0
MALA,Malária,353870,Piracicaba,SP,2012,0
MALA,Malária,353870,Piracicaba,SP,2013,0
MALA,Malária,353870,Piracicaba,SP,2014,0
MALA,Malária,353870,Piracicaba,SP,2015,0
MALA,Malária,353870,Piracicaba,SP,2016,0
MALA,Malária,353870,Piracicaba,SP,2017,0
MALA,Malária,353870,Piracicaba,SP,2018,0
MALA,Malária,353870,Piracicaba,SP,2019,0
MALA,Malária,353870,Piracicaba,SP,2020,0
MALA,Malária,353870,Piracicaba,SP,2021,0
MALA,Malária,353870,Piracicaba,SP,2022,1
MALA,Malária,353870,Piracicaba,SP,2023,0
MALA,Malária,353870,Piracicaba,SP,2024,0
MALA,Malária,353930,Pirassununga,SP,2007,0
MALA,Malária,353930,Pirassununga,SP,2008,0
MALA,Malária,353930,Pirassununga,SP,2009,0
MALA,Malária,353930,Pirassununga,SP,2010,0
MALA,Malária,353930,Pirassununga,SP,2011,0
MALA,Malária,353930,Pirassununga,SP,2012,0
MALA,Malária,353930,Pirassununga,SP,2013,0
MALA,Malária,353930,Pirassununga,SP,2014,1
MALA,Malária,353930,Pirassununga,SP,2015,0
MALA,Malária,353930,Pirassununga,SP,2016,0
MALA,Malária,353930,Pirassununga,SP,2017,0
MALA,Malária,353930,Pirassununga,SP,2018,0
MALA,Malária,353930,Pirassununga,SP,2019,0
MALA,Malária,353930,Pirassununga,SP,2020,0
MALA,Malária,353930,Pirassununga,SP,2021,0
MALA,Malária,353930,Pirassununga,SP,2022,0
MALA,Malária,353930,Pirassununga,SP,2023,0
MALA,Malária,353930,Pirassununga,SP,2024,0
MALA,Malária,354025,Pontalinda,SP,2007,0
MALA,Malária,354025,Pontalinda,SP,2008,0
MALA,Malária,354025,Pontalinda,SP,2009,1
MALA,Malária,354025,Pontalinda,SP,2010,0
MALA,Malária,354025,Pontalinda,SP,2011,0
MALA,Malária,354025,Pontalinda,SP,2012,0
MALA,Malária,354025,Pontalinda,SP,2013,0
MALA,Malária,354025,Pontalinda,SP,2014,0
MALA,Malária,354025,Pontalinda,SP,2015,0
MALA,Malária,354025,Pontalinda,SP,2016,0
MALA,Malária,354025,Pontalinda,SP,2017,0
MALA,Malária,354025,Pontalinda,SP,2018,0
MALA,Malária,354025,Pontalinda,SP,2019,0
MALA,Malária,354025,Pontalinda,SP,2020,0
MALA,Malária,354025,Pontalinda,SP,2021,0
MALA,Malária,354025,Pontalinda,SP,2022,0
MALA,Malária,354025,Pontalinda,SP,2023,0
MALA,Malária,354025,Pontalinda,SP,2024,0
MALA,Malária,354060,Porto Feliz,SP,2007,0
MALA,Malária,354060,Porto Feliz,SP,2008,0
MALA,Malária,354060,Porto Feliz,SP,2009,0
MALA,Malária,354060,Porto Feliz,SP,2010,0
MALA,Malária,354060,Porto Feliz,SP,2011,0
MALA,Malária,354060,Porto Feliz,SP,2012,1
MALA,Malária,354060,Porto Feliz,SP,2013,0
MALA,Malária,354060,Porto Feliz,SP,2014,0
MALA,Malária,354060,Porto Feliz,SP,2015,0
MALA,Malária,354060,Porto Feliz,SP,2016,0
MALA,Malária,354060,Porto Feliz,SP,2017,0
MALA,Malária,354060,Porto Feliz,SP,2018,0
MALA,Malária,354060,Porto Feliz,SP,2019,0
MALA,Malária,354060,Porto Feliz,SP,2020,0
MALA,Malária,354060,Porto Feliz,SP,2021,0
MALA,Malária,354060,Porto Feliz,SP,2022,0
MALA,Malária,354060,Porto Feliz,SP,2023,0
MALA,Malária,354060,Porto Feliz,SP,2024,0
MALA,Malária,354075,Potim,SP,2007,0
MALA,Malária,354075,Potim,SP,2008,0
MALA,Malária,354075,Potim,SP,2009,2
MALA,Malária,354075,Potim,SP,2010,0
MALA,Malária,354075,Potim,SP,2011,0
MALA,Malária,354075,Potim,SP,2012,0
MALA,Malária,354075,Potim,SP,2013,0
MALA,Malária,354075,Potim,SP,2014,0
MALA,Malária,354075,Potim,SP,2015,0
MALA,Malária,354075,Potim,SP,2016,0
MALA,Malária,354075,Potim,SP,2017,0
MALA,Malária,354075,Potim,SP,2018,0
MALA,Malária,354075,Potim,SP,2019,0
MALA,Malária,354075,Potim,SP,2020,0
MALA,Malária,354075,Potim,SP,2021,0
MALA,Malária,354075,Potim,SP,2022,0
MALA,Malária,354075,Potim,SP,2023,0
MALA,Malária,354075,Potim,SP,2024,0
MALA,Malária,354100,Praia Grande,SP,2007,0
MALA,Malária,354100,Praia Grande,SP,2008,0
MALA,Malária,354100,Praia Grande,SP,2009,0
MALA,Malária,354100,Praia Grande,SP,2010,0
MALA,Malária,354100,Praia Grande,SP,2011,0
MALA,Malária,354100,Praia Grande,SP,2012,1
MALA,Malária,354100,Praia Grande,SP,2013,0
MALA,Malária,354100,Praia Grande,SP,2014,0
MALA,Malária,354100,Praia Grande,SP,2015,0
MALA,Malária,354100,Praia Grande,SP,2016,0
MALA,Malária,354100,Praia Grande,SP,2017,0
MALA,Malária,354100,Praia Grande,SP,2018,1
MALA,Malária,354100,Praia Grande,SP,2019,0
MALA,Malária,354100,Praia Grande,SP,2020,0
MALA,Malária,354100,Praia Grande,SP,2021,0
MALA,Malária,354100,Praia Grande,SP,2022,0
MALA,Malária,354100,Praia Grande,SP,2023,1
MALA,Malária,354100,Praia Grande,SP,2024,0
MALA,Malária,354140,Presidente Prudente,SP,2007,9
MALA,Malária,354140,Presidente Prudente,SP,2008,1
MALA,Malária,354140,Presidente Prudente,SP,2009,2
MALA,Malária,354140,Presidente Prudente,SP,2010,7
MALA,Malária,354140,Presidente Prudente,SP,2011,14
MALA,Malária,354140,Presidente Prudente,SP,2012,5
MALA,Malária,354140,Presidente Prudente,SP,2013,1
MALA,Malária,354140,Presidente Prudente,SP,2014,2
MALA,Malária,354140,Presidente Prudente,SP,2015,2
MALA,Malária,354140,Presidente Prudente,SP,2016,3
MALA,Malária,354140,Presidente Prudente,SP,2017,5
MALA,Malária,354140,Presidente Prudente,SP,2018,2
MALA,Malária,354140,Presidente Prudente,SP,2019,2
MALA,Malária,354140,Presidente Prudente,SP,2020,3
MALA,Malária,354140,Presidente Prudente,SP,2021,1
MALA,Malária,354140,Presidente Prudente,SP,2022,2
MALA,Malária,354140,Presidente Prudente,SP,2023,2
MALA,Malária,354140,Presidente Prudente,SP,2024,2
MALA,Malária,354150,Presidente Venceslau,SP,2007,0
MALA,Malária,354150,Presidente Venceslau,SP,2008,0
MALA,Malária,354150,Presidente Venceslau,SP,2009,0
MALA,Malária,354150,Presidente Venceslau,SP,2010,0
MALA,Malária,354150,Presidente Venceslau,SP,2011,0
MALA,Malária,354150,Presidente Venceslau,SP,2012,0
MALA,Malária,354150,Presidente Venceslau,SP,2013,0
MALA,Malária,354150,Presidente Venceslau,SP,2014,0
MALA,Malária,354150,Presidente Venceslau,SP,2015,0
MALA,Malária,354150,Presidente Venceslau,SP,2016,0
MALA,Malária,354150,Presidente Venceslau,SP,2017,0
MALA,Malária,354150,Presidente Venceslau,SP,2018,0
MALA,Malária,354150,Presidente Venceslau,SP,2019,0
MALA,Malária,354150,Presidente Venceslau,SP,2020,0
MALA,Malária,354150,Presidente Venceslau,SP,2021,0
MALA,Malária,354150,Presidente Venceslau,SP,2022,0
MALA,Malária,354150,Presidente Venceslau,SP,2023,1
MALA,Malária,354150,Presidente Venceslau,SP,2024,0
MALA,Malária,354160,Promissao,SP,2007,0
MALA,Malária,354160,Promissao,SP,2008,0
MALA,Malária,354160,Promissao,SP,2009,0
MALA,Malária,354160,Promissao,SP,2010,0
MALA,Malária,354160,Promissao,SP,2011,0
MALA,Malária,354160,Promissao,SP,2012,0
MALA,Malária,354160,Promissao,SP,2013,0
MALA,Malária,354160,Promissao,SP,2014,0
MALA,Malária,354160,Promissao,SP,2015,0
MALA,Malária,354160,Promissao,SP,2016,0
MALA,Malária,354160,Promissao,SP,2017,0
MALA,Malária,354160,Promissao,SP,2018,1
MALA,Malária,354160,Promissao,SP,2019,1
MALA,Malária,354160,Promissao,SP,2020,0
MALA,Malária,354160,Promissao,SP,2021,0
MALA,Malária,354160,Promissao,SP,2022,0
MALA,Malária,354160,Promissao,SP,2023,0
MALA,Malária,354160,Promissao,SP,2024,0
MALA,Malária,354220,Rancharia,SP,2007,0
MALA,Malária,354220,Rancharia,SP,2008,0
MALA,Malária,354220,Rancharia,SP,2009,0
MALA,Malária,354220,Rancharia,SP,2010,0
MALA,Malária,354220,Rancharia,SP,2011,0
MALA,Malária,354220,Rancharia,SP,2012,0
MALA,Malária,354220,Rancharia,SP,2013,2
MALA,Malária,354220,Rancharia,SP,2014,0
MALA,Malária,354220,Rancharia,SP,2015,0
MALA,Malária,354220,Rancharia,SP,2016,0
MALA,Malária,354220,Rancharia,SP,2017,0
MALA,Malária,354220,Rancharia,SP,2018,0
MALA,Malária,354220,Rancharia,SP,2019,0
MALA,Malária,354220,Rancharia,SP,2020,0
MALA,Malária,354220,Rancharia,SP,2021,0
MALA,Malária,354220,Rancharia,SP,2022,0
MALA,Malária,354220,Rancharia,SP,2023,0
MALA,Malária,354220,Rancharia,SP,2024,0
MALA,Malária,354260,Registro,SP,2007,0
MALA,Malária,354260,Registro,SP,2008,0
MALA,Malária,354260,Registro,SP,2009,0
MALA,Malária,354260,Registro,SP,2010,0
MALA,Malária,354260,Registro,SP,2011,1
MALA,Malária,354260,Registro,SP,2012,0
MALA,Malária,354260,Registro,SP,2013,0
MALA,Malária,354260,Registro,SP,2014,0
MALA,Malária,354260,Registro,SP,2015,0
MALA,Malária,354260,Registro,SP,2016,0
MALA,Malária,354260,Registro,SP,2017,0
MALA,Malária,354260,Registro,SP,2018,0
MALA,Malária,354260,Registro,SP,2019,0
MALA,Malária,354260,Registro,SP,2020,0
MALA,Malária,354260,Registro,SP,2021,0
MALA,Malária,354260,Registro,SP,2022,0
MALA,Malária,354260,Registro,SP,2023,0
MALA,Malária,354260,Registro,SP,2024,0
MALA,Malária,354340,Ribeirao Preto,SP,2007,7
MALA,Malária,354340,Ribeirao Preto,SP,2008,13
MALA,Malária,354340,Ribeirao Preto,SP,2009,5
MALA,Malária,354340,Ribeirao Preto,SP,2010,12
MALA,Malária,354340,Ribeirao Preto,SP,2011,18
MALA,Malária,354340,Ribeirao Preto,SP,2012,11
MALA,Malária,354340,Ribeirao Preto,SP,2013,16
MALA,Malária,354340,Ribeirao Preto,SP,2014,12
MALA,Malária,354340,Ribeirao Preto,SP,2015,10
MALA,Malária,354340,Ribeirao Preto,SP,2016,5
MALA,Malária,354340,Ribeirao Preto,SP,2017,12
MALA,Malária,354340,Ribeirao Preto,SP,2018,3
MALA,Malária,354340,Ribeirao Preto,SP,2019,6
MALA,Malária,354340,Ribeirao Preto,SP,2020,1
MALA,Malária,354340,Ribeirao Preto,SP,2021,8
MALA,Malária,354340,Ribeirao Preto,SP,2022,7
MALA,Malária,354340,Ribeirao Preto,SP,2023,4
MALA,Malária,354340,Ribeirao Preto,SP,2024,6
MALA,Malária,354390,Rio Claro,SP,2007,0
MALA,Malária,354390,Rio Claro,SP,2008,0
MALA,Malária,354390,Rio Claro,SP,2009,0
MALA,Malária,354390,Rio Claro,SP,2010,0
MALA,Malária,354390,Rio Claro,SP,2011,0
MALA,Malária,354390,Rio Claro,SP,2012,0
MALA,Malária,354390,Rio Claro,SP,2013,0
MALA,Malária,354390,Rio Claro,SP,2014,0
MALA,Malária,354390,Rio Claro,SP,2015,0
MALA,Malária,354390,Rio Claro,SP,2016,0
MALA,Malária,354390,Rio Claro,SP,2017,1
MALA,Malária,354390,Rio Claro,SP,2018,0
MALA,Malária,354390,Rio Claro,SP,2019,0
MALA,Malária,354390,Rio Claro,SP,2020,0
MALA,Malária,354390,Rio Claro,SP,2021,0
MALA,Malária,354390,Rio Claro,SP,2022,0
MALA,Malária,354390,Rio Claro,SP,2023,0
MALA,Malária,354390,Rio Claro,SP,2024,0
MALA,Malária,354520,Salto,SP,2007,0
MALA,Malária,354520,Salto,SP,2008,0
MALA,Malária,354520,Salto,SP,2009,0
MALA,Malária,354520,Salto,SP,2010,0
MALA,Malária,354520,Salto,SP,2011,0
MALA,Malária,354520,Salto,SP,2012,0
MALA,Malária,354520,Salto,SP,2013,0
MALA,Malária,354520,Salto,SP,2014,0
MALA,Malária,354520,Salto,SP,2015,0
MALA,Malária,354520,Salto,SP,2016,0
MALA,Malária,354520,Salto,SP,2017,0
MALA,Malária,354520,Salto,SP,2018,0
MALA,Malária,354520,Salto,SP,2019,0
MALA,Malária,354520,Salto,SP,2020,0
MALA,Malária,354520,Salto,SP,2021,0
MALA,Malária,354520,Salto,SP,2022,0
MALA,Malária,354520,Salto,SP,2023,0
MALA,Malária,354520,Salto,SP,2024,1
MALA,Malária,354560,Santa Adelia,SP,2007,0
MALA,Malária,354560,Santa Adelia,SP,2008,0
MALA,Malária,354560,Santa Adelia,SP,2009,0
MALA,Malária,354560,Santa Adelia,SP,2010,0
MALA,Malária,354560,Santa Adelia,SP,2011,0
MALA,Malária,354560,Santa Adelia,SP,2012,0
MALA,Malária,354560,Santa Adelia,SP,2013,0
MALA,Malária,354560,Santa Adelia,SP,2014,0
MALA,Malária,354560,Santa Adelia,SP,2015,0
MALA,Malária,354560,Santa Adelia,SP,2016,0
MALA,Malária,354560,Santa Adelia,SP,2017,0
MALA,Malária,354560,Santa Adelia,SP,2018,1
MALA,Malária,354560,Santa Adelia,SP,2019,0
MALA,Malária,354560,Santa Adelia,SP,2020,0
MALA,Malária,354560,Santa Adelia,SP,2021,0
MALA,Malária,354560,Santa Adelia,SP,2022,0
MALA,Malária,354560,Santa Adelia,SP,2023,0
MALA,Malária,354560,Santa Adelia,SP,2024,0
MALA,Malária,354660,Santa fe do Sul,SP,2007,0
MALA,Malária,354660,Santa fe do Sul,SP,2008,0
MALA,Malária,354660,Santa fe do Sul,SP,2009,0
MALA,Malária,354660,Santa fe do Sul,SP,2010,0
MALA,Malária,354660,Santa fe do Sul,SP,2011,0
MALA,Malária,354660,Santa fe do Sul,SP,2012,0
MALA,Malária,354660,Santa fe do Sul,SP,2013,0
MALA,Malária,354660,Santa fe do Sul,SP,2014,0
MALA,Malária,354660,Santa fe do Sul,SP,2015,0
MALA,Malária,354660,Santa fe do Sul,SP,2016,0
MALA,Malária,354660,Santa fe do Sul,SP,2017,1
MALA,Malária,354660,Santa fe do Sul,SP,2018,0
MALA,Malária,354660,Santa fe do Sul,SP,2019,1
MALA,Malária,354660,Santa fe do Sul,SP,2020,0
MALA,Malária,354660,Santa fe do Sul,SP,2021,0
MALA,Malária,354660,Santa fe do Sul,SP,2022,0
MALA,Malária,354660,Santa fe do Sul,SP,2023,0
MALA,Malária,354660,Santa fe do Sul,SP,2024,0
MALA,Malária,354780,Santo Andre,SP,2007,1
MALA,Malária,354780,Santo Andre,SP,2008,0
MALA,Malária,354780,Santo Andre,SP,2009,1
MALA,Malária,354780,Santo Andre,SP,2010,1
MALA,Malária,354780,Santo Andre,SP,2011,0
MALA,Malária,354780,Santo Andre,SP,2012,1
MALA,Malária,354780,Santo Andre,SP,2013,0
MALA,Malária,354780,Santo Andre,SP,2014,0
MALA,Malária,354780,Santo Andre,SP,2015,1
MALA,Malária,354780,Santo Andre,SP,2016,0
MALA,Malária,354780,Santo Andre,SP,2017,1
MALA,Malária,354780,Santo Andre,SP,2018,0
MALA,Malária,354780,Santo Andre,SP,2019,0
MALA,Malária,354780,Santo Andre,SP,2020,0
MALA,Malária,354780,Santo Andre,SP,2021,0
MALA,Malária,354780,Santo Andre,SP,2022,0
MALA,Malária,354780,Santo Andre,SP,2023,0
MALA,Malária,354780,Santo Andre,SP,2024,2
MALA,Malária,354850,Santos,SP,2007,5
MALA,Malária,354850,Santos,SP,2008,4
MALA,Malária,354850,Santos,SP,2009,22
MALA,Malária,354850,Santos,SP,2010,14
MALA,Malária,354850,Santos,SP,2011,33
MALA,Malária,354850,Santos,SP,2012,37
MALA,Malária,354850,Santos,SP,2013,18
MALA,Malária,354850,Santos,SP,2014,9
MALA,Malária,354850,Santos,SP,2015,17
MALA,Malária,354850,Santos,SP,2016,5
MALA,Malária,354850,Santos,SP,2017,2
MALA,Malária,354850,Santos,SP,2018,4
MALA,Malária,354850,Santos,SP,2019,2
MALA,Malária,354850,Santos,SP,2020,0
MALA,Malária,354850,Santos,SP,2021,3
MALA,Malária,354850,Santos,SP,2022,11
MALA,Malária,354850,Santos,SP,2023,12
MALA,Malária,354850,Santos,SP,2024,4
MALA,Malária,354870,Sao Bernardo do Campo,SP,2007,0
MALA,Malária,354870,Sao Bernardo do Campo,SP,2008,0
MALA,Malária,354870,Sao Bernardo do Campo,SP,2009,0
MALA,Malária,354870,Sao Bernardo do Campo,SP,2010,0
MALA,Malária,354870,Sao Bernardo do Campo,SP,2011,0
MALA,Malária,354870,Sao Bernardo do Campo,SP,2012,0
MALA,Malária,354870,Sao Bernardo do Campo,SP,2013,6
MALA,Malária,354870,Sao Bernardo do Campo,SP,2014,0
MALA,Malária,354870,Sao Bernardo do Campo,SP,2015,1
MALA,Malária,354870,Sao Bernardo do Campo,SP,2016,0
MALA,Malária,354870,Sao Bernardo do Campo,SP,2017,0
MALA,Malária,354870,Sao Bernardo do Campo,SP,2018,1
MALA,Malária,354870,Sao Bernardo do Campo,SP,2019,3
MALA,Malária,354870,Sao Bernardo do Campo,SP,2020,1
MALA,Malária,354870,Sao Bernardo do Campo,SP,2021,0
MALA,Malária,354870,Sao Bernardo do Campo,SP,2022,3
MALA,Malária,354870,Sao Bernardo do Campo,SP,2023,0
MALA,Malária,354870,Sao Bernardo do Campo,SP,2024,2
MALA,Malária,354880,Sao Caetano do Sul,SP,2007,0
MALA,Malária,354880,Sao Caetano do Sul,SP,2008,0
MALA,Malária,354880,Sao Caetano do Sul,SP,2009,0
MALA,Malária,354880,Sao Caetano do Sul,SP,2010,0
MALA,Malária,354880,Sao Caetano do Sul,SP,2011,0
MALA,Malária,354880,Sao Caetano do Sul,SP,2012,0
MALA,Malária,354880,Sao Caetano do Sul,SP,2013,0
MALA,Malária,354880,Sao Caetano do Sul,SP,2014,0
MALA,Malária,354880,Sao Caetano do Sul,SP,2015,0
MALA,Malária,354880,Sao Caetano do Sul,SP,2016,0
MALA,Malária,354880,Sao Caetano do Sul,SP,2017,0
MALA,Malária,354880,Sao Caetano do Sul,SP,2018,0
MALA,Malária,354880,Sao Caetano do Sul,SP,2019,1
MALA,Malária,354880,Sao Caetano do Sul,SP,2020,0
MALA,Malária,354880,Sao Caetano do Sul,SP,2021,0
MALA,Malária,354880,Sao Caetano do Sul,SP,2022,0
MALA,Malária,354880,Sao Caetano do Sul,SP,2023,0
MALA,Malária,354880,Sao Caetano do Sul,SP,2024,0
MALA,Malária,354890,Sao Carlos,SP,2007,0
MALA,Malária,354890,Sao Carlos,SP,2008,0
MALA,Malária,354890,Sao Carlos,SP,2009,0
MALA,Malária,354890,Sao Carlos,SP,2010,0
MALA,Malária,354890,Sao Carlos,SP,2011,0
MALA,Malária,354890,Sao Carlos,SP,2012,0
MALA,Malária,354890,Sao Carlos,SP,2013,0
MALA,Malária,354890,Sao Carlos,SP,2014,0
MALA,Malária,354890,Sao Carlos,SP,2015,0
MALA,Malária,354890,Sao Carlos,SP,2016,0
MALA,Malária,354890,Sao Carlos,SP,2017,0
MALA,Malária,354890,Sao Carlos,SP,2018,0
MALA,Malária,354890,Sao Carlos,SP,2019,0
MALA,Malária,354890,Sao Carlos,SP,2020,0
MALA,Malária,354890,Sao Carlos,SP,2021,1
MALA,Malária,354890,Sao Carlos,SP,2022,0
MALA,Malária,354890,Sao Carlos,SP,2023,0
MALA,Malária,354890,Sao Carlos,SP,2024,0
MALA,Malária,354970,Sao Jose do Rio Pardo,SP,2007,0
MALA,Malária,354970,Sao Jose do Rio Pardo,SP,2008,0
MALA,Malária,354970,Sao Jose do Rio Pardo,SP,2009,0
MALA,Malária,354970,Sao Jose do Rio Pardo,SP,2010,0
MALA,Malária,354970,Sao Jose do Rio Pardo,SP,2011,0
MALA,Malária,354970,Sao Jose do Rio Pardo,SP,2012,0
MALA,Malária,354970,Sao Jose do Rio Pardo,SP,2013,0
MALA,Malária,354970,Sao Jose do Rio Pardo,SP,2014,0
MALA,Malária,354970,Sao Jose do Rio Pardo,SP,2015,0
MALA,Malária,354970,Sao Jose do Rio Pardo,SP,2016,0
MALA,Malária,354970,Sao Jose do Rio Pardo,SP,2017,0
MALA,Malária,354970,Sao Jose do Rio Pardo,SP,2018,1
MALA,Malária,354970,Sao Jose do Rio Pardo,SP,2019,0
MALA,Malária,354970,Sao Jose do Rio Pardo,SP,2020,0
MALA,Malária,354970,Sao Jose do Rio Pardo,SP,2021,0
MALA,Malária,354970,Sao Jose do Rio Pardo,SP,2022,0
MALA,Malária,354970,Sao Jose do Rio Pardo,SP,2023,0
MALA,Malária,354970,Sao Jose do Rio Pardo,SP,2024,0
MALA,Malária,354980,Sao Jose do Rio Preto,SP,2007,13
MALA,Malária,354980,Sao Jose do Rio Preto,SP,2008,6
MALA,Malária,354980,Sao Jose do Rio Preto,SP,2009,9
MALA,Malária,354980,Sao Jose do Rio Preto,SP,2010,24
MALA,Malária,354980,Sao Jose do Rio Preto,SP,2011,5
MALA,Malária,354980,Sao Jose do Rio Preto,SP,2012,8
MALA,Malária,354980,Sao Jose do Rio Preto,SP,2013,10
MALA,Malária,354980,Sao Jose do Rio Preto,SP,2014,8
MALA,Malária,354980,Sao Jose do Rio Preto,SP,2015,7
MALA,Malária,354980,Sao Jose do Rio Preto,SP,2016,7
MALA,Malária,354980,Sao Jose do Rio Preto,SP,2017,4
MALA,Malária,354980,Sao Jose do Rio Preto,SP,2018,6
MALA,Malária,354980,Sao Jose do Rio Preto,SP,2019,3
MALA,Malária,354980,Sao Jose do Rio Preto,SP,2020,1
MALA,Malária,354980,Sao Jose do Rio Preto,SP,2021,7
MALA,Malária,354980,Sao Jose do Rio Preto,SP,2022,2
MALA,Malária,354980,Sao Jose do Rio Preto,SP,2023,3
MALA,Malária,354980,Sao Jose do Rio Preto,SP,2024,5
MALA,Malária,354990,Sao Jose Dos Campos,SP,2007,2
MALA,Malária,354990,Sao Jose Dos Campos,SP,2008,1
MALA,Malária,354990,Sao Jose Dos Campos,SP,2009,1
MALA,Malária,354990,Sao Jose Dos Campos,SP,2010,6
MALA,Malária,354990,Sao Jose Dos Campos,SP,2011,2
MALA,Malária,354990,Sao Jose Dos Campos,SP,2012,7
MALA,Malária,354990,Sao Jose Dos Campos,SP,2013,4
MALA,Malária,354990,Sao Jose Dos Campos,SP,2014,5
MALA,Malária,354990,Sao Jose Dos Campos,SP,2015,1
MALA,Malária,354990,Sao Jose Dos Campos,SP,2016,3
MALA,Malária,354990,Sao Jose Dos Campos,SP,2017,2
MALA,Malária,354990,Sao Jose Dos Campos,SP,2018,2
MALA,Malária,354990,Sao Jose Dos Campos,SP,2019,1
MALA,Malária,354990,Sao Jose Dos Campos,SP,2020,0
MALA,Malária,354990,Sao Jose Dos Campos,SP,2021,0
MALA,Malária,354990,Sao Jose Dos Campos,SP,2022,1
MALA,Malária,354990,Sao Jose Dos Campos,SP,2023,0
MALA,Malária,354990,Sao Jose Dos Campos,SP,2024,1
MALA,Malária,355030,Sao Paulo,SP,2007,162
MALA,Malária,355030,Sao Paulo,SP,2008,85
MALA,Malária,355030,Sao Paulo,SP,2009,107
MALA,Malária,355030,Sao Paulo,SP,2010,113
MALA,Malária,355030,Sao Paulo,SP,2011,99
MALA,Malária,355030,Sao Paulo,SP,2012,72
MALA,Malária,355030,Sao Paulo,SP,2013,71
MALA,Malária,355030,Sao Paulo,SP,2014,73
MALA,Malária,355030,Sao Paulo,SP,2015,69
MALA,Malária,355030,Sao Paulo,SP,2016,81
MALA,Malária,355030,Sao Paulo,SP,2017,59
MALA,Malária,355030,Sao Paulo,SP,2018,70
MALA,Malária,355030,Sao Paulo,SP,2019,64
MALA,Malária,355030,Sao Paulo,SP,2020,39
MALA,Malária,355030,Sao Paulo,SP,2021,36
MALA,Malária,355030,Sao Paulo,SP,2022,51
MALA,Malária,355030,Sao Paulo,SP,2023,59
MALA,Malária,355030,Sao Paulo,SP,2024,63
MALA,Malária,355040,Sao Pedro,SP,2007,0
MALA,Malária,355040,Sao Pedro,SP,2008,0
MALA,Malária,355040,Sao Pedro,SP,2009,0
MALA,Malária,355040,Sao Pedro,SP,2010,0
MALA,Malária,355040,Sao Pedro,SP,2011,0
MALA,Malária,355040,Sao Pedro,SP,2012,0
MALA,Malária,355040,Sao Pedro,SP,2013,0
MALA,Malária,355040,Sao Pedro,SP,2014,0
MALA,Malária,355040,Sao Pedro,SP,2015,0
MALA,Malária,355040,Sao Pedro,SP,2016,0
MALA,Malária,355040,Sao Pedro,SP,2017,0
MALA,Malária,355040,Sao Pedro,SP,2018,1
MALA,Malária,355040,Sao Pedro,SP,2019,0
MALA,Malária,355040,Sao Pedro,SP,2020,0
MALA,Malária,355040,Sao Pedro,SP,2021,0
MALA,Malária,355040,Sao Pedro,SP,2022,0
MALA,Malária,355040,Sao Pedro,SP,2023,0
MALA,Malária,355040,Sao Pedro,SP,2024,0
MALA,Malária,355070,Sao Sebastiao,SP,2007,0
MALA,Malária,355070,Sao Sebastiao,SP,2008,0
MALA,Malária,355070,Sao Sebastiao,SP,2009,1
MALA,Malária,355070,Sao Sebastiao,SP,2010,2
MALA,Malária,355070,Sao Sebastiao,SP,2011,0
MALA,Malária,355070,Sao Sebastiao,SP,2012,0
MALA,Malária,355070,Sao Sebastiao,SP,2013,0
MALA,Malária,355070,Sao Sebastiao,SP,2014,0
MALA,Malária,355070,Sao Sebastiao,SP,2015,0
MALA,Malária,355070,Sao Sebastiao,SP,2016,2
MALA,Malária,355070,Sao Sebastiao,SP,2017,2
MALA,Malária,355070,Sao Sebastiao,SP,2018,4
MALA,Malária,355070,Sao Sebastiao,SP,2019,2
MALA,Malária,355070,Sao Sebastiao,SP,2020,0
MALA,Malária,355070,Sao Sebastiao,SP,2021,0
MALA,Malária,355070,Sao Sebastiao,SP,2022,0
MALA,Malária,355070,Sao Sebastiao,SP,2023,2
MALA,Malária,355070,Sao Sebastiao,SP,2024,0
MALA,Malária,355100,Sao Vicente,SP,2007,0
MALA,Malária,355100,Sao Vicente,SP,2008,0
MALA,Malária,355100,Sao Vicente,SP,2009,1
MALA,Malária,355100,Sao Vicente,SP,2010,0
MALA,Malária,355100,Sao Vicente,SP,2011,1
MALA,Malária,355100,Sao Vicente,SP,2012,0
MALA,Malária,355100,Sao Vicente,SP,2013,1
MALA,Malária,355100,Sao Vicente,SP,2014,1
MALA,Malária,355100,Sao Vicente,SP,2015,2
MALA,Malária,355100,Sao Vicente,SP,2016,0
MALA,Malária,355100,Sao Vicente,SP,2017,0
MALA,Malária,355100,Sao Vicente,SP,2018,0
MALA,Malária,355100,Sao Vicente,SP,2019,0
MALA,Malária,355100,Sao Vicente,SP,2020,0
MALA,Malária,355100,Sao Vicente,SP,2021,0
MALA,Malária,355100,Sao Vicente,SP,2022,0
MALA,Malária,355100,Sao Vicente,SP,2023,0
MALA,Malária,355100,Sao Vicente,SP,2024,1
MALA,Malária,355180,Sete Barras,SP,2007,1
MALA,Malária,355180,Sete Barras,SP,2008,0
MALA,Malária,355180,Sete Barras,SP,2009,0
MALA,Malária,355180,Sete Barras,SP,2010,0
MALA,Malária,355180,Sete Barras,SP,2011,0
MALA,Malária,355180,Sete Barras,SP,2012,0
MALA,Malária,355180,Sete Barras,SP,2013,0
MALA,Malária,355180,Sete Barras,SP,2014,0
MALA,Malária,355180,Sete Barras,SP,2015,0
MALA,Malária,355180,Sete Barras,SP,2016,0
MALA,Malária,355180,Sete Barras,SP,2017,0
MALA,Malária,355180,Sete Barras,SP,2018,0
MALA,Malária,355180,Sete Barras,SP,2019,0
MALA,Malária,355180,Sete Barras,SP,2020,0
MALA,Malária,355180,Sete Barras,SP,2021,0
MALA,Malária,355180,Sete Barras,SP,2022,0
MALA,Malária,355180,Sete Barras,SP,2023,0
MALA,Malária,355180,Sete Barras,SP,2024,0
MALA,Malária,355220,Sorocaba,SP,2007,2
MALA,Malária,355220,Sorocaba,SP,2008,5
MALA,Malária,355220,Sorocaba,SP,2009,0
MALA,Malária,355220,Sorocaba,SP,2010,3
MALA,Malária,355220,Sorocaba,SP,2011,3
MALA,Malária,355220,Sorocaba,SP,2012,4
MALA,Malária,355220,Sorocaba,SP,2013,5
MALA,Malária,355220,Sorocaba,SP,2014,3
MALA,Malária,355220,Sorocaba,SP,2015,0
MALA,Malária,355220,Sorocaba,SP,2016,0
MALA,Malária,355220,Sorocaba,SP,2017,0
MALA,Malária,355220,Sorocaba,SP,2018,2
MALA,Malária,355220,Sorocaba,SP,2019,1
MALA,Malária,355220,Sorocaba,SP,2020,1
MALA,Malária,355220,Sorocaba,SP,2021,0
MALA,Malária,355220,Sorocaba,SP,2022,4
MALA,Malária,355220,Sorocaba,SP,2023,1
MALA,Malária,355220,Sorocaba,SP,2024,6
MALA,Malária,355250,Suzano,SP,2007,1
MALA,Malária,355250,Suzano,SP,2008,0
MALA,Malária,355250,Suzano,SP,2009,0
MALA,Malária,355250,Suzano,SP,2010,0
MALA,Malária,355250,Suzano,SP,2011,0
MALA,Malária,355250,Suzano,SP,2012,0
MALA,Malária,355250,Suzano,SP,2013,0
MALA,Malária,355250,Suzano,SP,2014,0
MALA,Malária,355250,Suzano,SP,2015,0
MALA,Malária,355250,Suzano,SP,2016,0
MALA,Malária,355250,Suzano,SP,2017,0
MALA,Malária,355250,Suzano,SP,2018,1
MALA,Malária,355250,Suzano,SP,2019,0
MALA,Malária,355250,Suzano,SP,2020,1
MALA,Malária,355250,Suzano,SP,2021,0
MALA,Malária,355250,Suzano,SP,2022,0
MALA,Malária,355250,Suzano,SP,2023,1
MALA,Malária,355250,Suzano,SP,2024,0
MALA,Malária,355280,Taboao da Serra,SP,2007,0
MALA,Malária,355280,Taboao da Serra,SP,2008,0
MALA,Malária,355280,Taboao da Serra,SP,2009,0
MALA,Malária,355280,Taboao da Serra,SP,2010,0
MALA,Malária,355280,Taboao da Serra,SP,2011,0
MALA,Malária,355280,Taboao da Serra,SP,2012,0
MALA,Malária,355280,Taboao da Serra,SP,2013,0
MALA,Malária,355280,Taboao da Serra,SP,2014,0
MALA,Malária,355280,Taboao da Serra,SP,2015,0
MALA,Malária,355280,Taboao da Serra,SP,2016,0
MALA,Malária,355280,Taboao da Serra,SP,2017,0
MALA,Malária,355280,Taboao da Serra,SP,2018,1
MALA,Malária,355280,Taboao da Serra,SP,2019,0
MALA,Malária,355280,Taboao da Serra,SP,2020,0
MALA,Malária,355280,Taboao da Serra,SP,2021,0
MALA,Malária,355280,Taboao da Serra,SP,2022,0
MALA,Malária,355280,Taboao da Serra,SP,2023,0
MALA,Malária,355280,Taboao da Serra,SP,2024,1
MALA,Malária,355350,Tapirai,SP,2007,0
MALA,Malária,355350,Tapirai,SP,2008,0
MALA,Malária,355350,Tapirai,SP,2009,0
MALA,Malária,355350,Tapirai,SP,2010,0
MALA,Malária,355350,Tapirai,SP,2011,0
MALA,Malária,355350,Tapirai,SP,2012,0
MALA,Malária,355350,Tapirai,SP,2013,2
MALA,Malária,355350,Tapirai,SP,2014,0
MALA,Malária,355350,Tapirai,SP,2015,0
MALA,Malária,355350,Tapirai,SP,2016,0
MALA,Malária,355350,Tapirai,SP,2017,0
MALA,Malária,355350,Tapirai,SP,2018,0
MALA,Malária,355350,Tapirai,SP,2019,0
MALA,Malária,355350,Tapirai,SP,2020,0
MALA,Malária,355350,Tapirai,SP,2021,0
MALA,Malária,355350,Tapirai,SP,2022,0
MALA,Malária,355350,Tapirai,SP,2023,0
MALA,Malária,355350,Tapirai,SP,2024,0
MALA,Malária,355400,Tatui,SP,2007,0
MALA,Malária,355400,Tatui,SP,2008,0
MALA,Malária,355400,Tatui,SP,2009,0
MALA,Malária,355400,Tatui,SP,2010,0
MALA,Malária,355400,Tatui,SP,2011,0
MALA,Malária,355400,Tatui,SP,2012,0
MALA,Malária,355400,Tatui,SP,2013,0
MALA,Malária,355400,Tatui,SP,2014,0
MALA,Malária,355400,Tatui,SP,2015,0
MALA,Malária,355400,Tatui,SP,2016,1
MALA,Malária,355400,Tatui,SP,2017,0
MALA,Malária,355400,Tatui,SP,2018,0
MALA,Malária,355400,Tatui,SP,2019,0
MALA,Malária,355400,Tatui,SP,2020,0
MALA,Malária,355400,Tatui,SP,2021,0
MALA,Malária,355400,Tatui,SP,2022,0
MALA,Malária,355400,Tatui,SP,2023,0
MALA,Malária,355400,Tatui,SP,2024,0
MALA,Malária,355410,Taubate,SP,2007,0
MALA,Malária,355410,Taubate,SP,2008,0
MALA,Malária,355410,Taubate,SP,2009,0
MALA,Malária,355410,Taubate,SP,2010,0
MALA,Malária,355410,Taubate,SP,2011,0
MALA,Malária,355410,Taubate,SP,2012,1
MALA,Malária,355410,Taubate,SP,2013,0
MALA,Malária,355410,Taubate,SP,2014,0
MALA,Malária,355410,Taubate,SP,2015,1
MALA,Malária,355410,Taubate,SP,2016,0
MALA,Malária,355410,Taubate,SP,2017,1
MALA,Malária,355410,Taubate,SP,2018,0
MALA,Malária,355410,Taubate,SP,2019,0
MALA,Malária,355410,Taubate,SP,2020,0
MALA,Malária,355410,Taubate,SP,2021,3
MALA,Malária,355410,Taubate,SP,2022,0
MALA,Malária,355410,Taubate,SP,2023,0
MALA,Malária,355410,Taubate,SP,2024,0
MALA,Malária,355480,Tremembe,SP,2007,0
MALA,Malária,355480,Tremembe,SP,2008,0
MALA,Malária,355480,Tremembe,SP,2009,0
MALA,Malária,355480,Tremembe,SP,2010,1
MALA,Malária,355480,Tremembe,SP,2011,0
MALA,Malária,355480,Tremembe,SP,2012,0
MALA,Malária,355480,Tremembe,SP,2013,0
MALA,Malária,355480,Tremembe,SP,2014,0
MALA,Malária,355480,Tremembe,SP,2015,0
MALA,Malária,355480,Tremembe,SP,2016,0
MALA,Malária,355480,Tremembe,SP,2017,0
MALA,Malária,355480,Tremembe,SP,2018,0
MALA,Malária,355480,Tremembe,SP,2019,0
MALA,Malária,355480,Tremembe,SP,2020,0
MALA,Malária,355480,Tremembe,SP,2021,1
MALA,Malária,355480,Tremembe,SP,2022,0
MALA,Malária,355480,Tremembe,SP,2023,0
MALA,Malária,355480,Tremembe,SP,2024,0
MALA,Malária,355535,Ubarana,SP,2007,0
MALA,Malária,355535,Ubarana,SP,2008,0
MALA,Malária,355535,Ubarana,SP,2009,0
MALA,Malária,355535,Ubarana,SP,2010,0
MALA,Malária,355535,Ubarana,SP,2011,0
MALA,Malária,355535,Ubarana,SP,2012,0
MALA,Malária,355535,Ubarana,SP,2013,0
MALA,Malária,355535,Ubarana,SP,2014,0
MALA,Malária,355535,Ubarana,SP,2015,0
MALA,Malária,355535,Ubarana,SP,2016,0
MALA,Malária,355535,Ubarana,SP,2017,0
MALA,Malária,355535,Ubarana,SP,2018,0
MALA,Malária,355535,Ubarana,SP,2019,1
MALA,Malária,355535,Ubarana,SP,2020,0
MALA,Malária,355535,Ubarana,SP,2021,0
MALA,Malária,355535,Ubarana,SP,2022,0
MALA,Malária,355535,Ubarana,SP,2023,0
MALA,Malária,355535,Ubarana,SP,2024,0
MALA,Malária,355540,Ubatuba,SP,2007,0
MALA,Malária,355540,Ubatuba,SP,2008,0
MALA,Malária,355540,Ubatuba,SP,2009,0
MALA,Malária,355540,Ubatuba,SP,2010,1
MALA,Malária,355540,Ubatuba,SP,2011,0
MALA,Malária,355540,Ubatuba,SP,2012,0
MALA,Malária,355540,Ubatuba,SP,2013,1
MALA,Malária,355540,Ubatuba,SP,2014,1
MALA,Malária,355540,Ubatuba,SP,2015,0
MALA,Malária,355540,Ubatuba,SP,2016,2
MALA,Malária,355540,Ubatuba,SP,2017,1
MALA,Malária,355540,Ubatuba,SP,2018,0
MALA,Malária,355540,Ubatuba,SP,2019,0
MALA,Malária,355540,Ubatuba,SP,2020,0
MALA,Malária,355540,Ubatuba,SP,2021,0
MALA,Malária,355540,Ubatuba,SP,2022,1
MALA,Malária,355540,Ubatuba,SP,2023,0
MALA,Malária,355540,Ubatuba,SP,2024,0
MALA,Malária,355580,Urania,SP,2007,0
MALA,Malária,355580,Urania,SP,2008,0
MALA,Malária,355580,Urania,SP,2009,0
MALA,Malária,355580,Urania,SP,2010,0
MALA,Malária,355580,Urania,SP,2011,0
MALA,Malária,355580,Urania,SP,2012,0
MALA,Malária,355580,Urania,SP,2013,0
MALA,Malária,355580,Urania,SP,2014,1
MALA,Malária,355580,Urania,SP,2015,0
MALA,Malária,355580,Urania,SP,2016,0
MALA,Malária,355580,Urania,SP,2017,1
MALA,Malária,355580,Urania,SP,2018,0
MALA,Malária,355580,Urania,SP,2019,0
MALA,Malária,355580,Urania,SP,2020,0
MALA,Malária,355580,Urania,SP,2021,0
MALA,Malária,355580,Urania,SP,2022,0
MALA,Malária,355580,Urania,SP,2023,0
MALA,Malária,355580,Urania,SP,2024,0
MALA,Malária,355670,Vinhedo,SP,2007,1
MALA,Malária,355670,Vinhedo,SP,2008,0
MALA,Malária,355670,Vinhedo,SP,2009,0
MALA,Malária,355670,Vinhedo,SP,2010,0
MALA,Malária,355670,Vinhedo,SP,2011,0
MALA,Malária,355670,Vinhedo,SP,2012,0
MALA,Malária,355670,Vinhedo,SP,2013,0
MALA,Malária,355670,Vinhedo,SP,2014,0
MALA,Malária,355670,Vinhedo,SP,2015,0
MALA,Malária,355670,Vinhedo,SP,2016,0
MALA,Malária,355670,Vinhedo,SP,2017,0
MALA,Malária,355670,Vinhedo,SP,2018,0
MALA,Malária,355670,Vinhedo,SP,2019,0
MALA,Malária,355670,Vinhedo,SP,2020,0
MALA,Malária,355670,Vinhedo,SP,2021,0
MALA,Malária,355670,Vinhedo,SP,2022,0
MALA,Malária,355670,Vinhedo,SP,2023,0
MALA,Malária,355670,Vinhedo,SP,2024,0
MALA,Malária,355700,Votorantim,SP,2007,0
MALA,Malária,355700,Votorantim,SP,2008,0
MALA,Malária,355700,Votorantim,SP,2009,0
MALA,Malária,355700,Votorantim,SP,2010,0
MALA,Malária,355700,Votorantim,SP,2011,1
MALA,Malária,355700,Votorantim,SP,2012,0
MALA,Malária,355700,Votorantim,SP,2013,0
MALA,Malária,355700,Votorantim,SP,2014,0
MALA,Malária,355700,Votorantim,SP,2015,0
MALA,Malária,355700,Votorantim,SP,2016,0
MALA,Malária,355700,Votorantim,SP,2017,0
MALA,Malária,355700,Votorantim,SP,2018,0
MALA,Malária,355700,Votorantim,SP,2019,0
MALA,Malária,355700,Votorantim,SP,2020,0
MALA,Malária,355700,Votorantim,SP,2021,0
MALA,Malária,355700,Votorantim,SP,2022,0
MALA,Malária,355700,Votorantim,SP,2023,0
MALA,Malária,355700,Votorantim,SP,2024,0
MALA,Malária,355710,Votuporanga,SP,2007,0
MALA,Malária,355710,Votuporanga,SP,2008,0
MALA,Malária,355710,Votuporanga,SP,2009,0
MALA,Malária,355710,Votuporanga,SP,2010,1
MALA,Malária,355710,Votuporanga,SP,2011,0
MALA,Malária,355710,Votuporanga,SP,2012,0
MALA,Malária,355710,Votuporanga,SP,2013,0
MALA,Malária,355710,Votuporanga,SP,2014,0
MALA,Malária,355710,Votuporanga,SP,2015,0
MALA,Malária,355710,Votuporanga,SP,2016,0
MALA,Malária,355710,Votuporanga,SP,2017,0
MALA,Malária,355710,Votuporanga,SP,2018,1
MALA,Malária,355710,Votuporanga,SP,2019,0
MALA,Malária,355710,Votuporanga,SP,2020,1
MALA,Malária,355710,Votuporanga,SP,2021,0
MALA,Malária,355710,Votuporanga,SP,2022,0
MALA,Malária,355710,Votuporanga,SP,2023,0
MALA,Malária,355710,Votuporanga,SP,2024,0
